{
  "diagnostics": {
    "excess_kurt_x_obs": -0.020350522190633935,
    "imag_frac_nonzero_eps1e-12": 0.9896907216494846,
    "imag_max_abs": 0.015016788367547673,
    "skew_x_obs": 0.07893658029301254,
    "v1_delta_bandwidth_dnu": 0.10000000000000009,
    "v1_symmetry_corr": 0.9988831346840681,
    "verify_l2_from_curves": {
      "D0_match": true,
      "D0_recomputed": 0.0032479044279819444,
      "D0_reported": 0.0032479044279819444,
      "D1_match": true,
      "D1_recomputed": 14.18528552010875,
      "D1_reported": 14.18528552010875,
      "tol_abs": 1e-12,
      "tol_rel": 1e-10,
      "verify_dnu": 0.10000000000000009
    }
  },
  "hint": "This script compares observed morphology against phase-randomized surrogates that preserve |a_lm|. V0(nu) is excursion-set area fraction; V1(nu) is a perimeter proxy estimated from |\u2207x| in a nu-band. Distances D0 and D1 are L2 distances (sqrt(sum((a-b)^2)*dnu)) to surrogate-mean curves. D_mf combines them as sqrt(D0^2 + D1^2). Z_mf is the scale-free combined z-distance.",
  "kind": "planck_pr3_lensing_phi_topology_mf_v0_v1",
  "lmax": 192,
  "metric": "Minkowski-style morphology: V0(area) + V1(perimeter proxy) vs phase-random surrogates",
  "n_sims": 2000,
  "nside": 256,
  "observed": {
    "D0_L2": 0.0032479044279819444,
    "D0_sum_sq_legacy": 0.00010548883173304712,
    "D1_L2": 14.18528552010875,
    "D1_sum_sq_legacy": 2012.2232528700679,
    "D_mf": 14.18528589193359,
    "Z0": -0.4758627949569883,
    "Z1": -0.4503316932271734,
    "Z_mf": 0.6551671798473498,
    "map_mean": -1.562978712687374e-08,
    "map_std": 0.039312853758902436,
    "v0_curve": [
      0.9990615844726562,
      0.9986712137858073,
      0.9981040954589844,
      0.9972928365071615,
      0.9962921142578125,
      0.9949633280436198,
      0.9932200113932291,
      0.9910469055175781,
      0.9880040486653646,
      0.9842923482259115,
      0.979620615641276,
      0.9738807678222656,
      0.9668312072753906,
      0.9582506815592448,
      0.9478899637858073,
      0.9357528686523438,
      0.9216957092285156,
      0.90533447265625,
      0.8865089416503906,
      0.8652572631835938,
      0.841821034749349,
      0.8153305053710938,
      0.7866172790527344,
      0.7555643717447916,
      0.722405751546224,
      0.6873868306477865,
      0.6506093343098959,
      0.6124013264973959,
      0.5732765197753906,
      0.5336354573567709,
      0.4936014811197917,
      0.45390574137369794,
      0.41465123494466144,
      0.37686920166015625,
      0.33987172444661456,
      0.3041839599609375,
      0.27064259847005206,
      0.23940404256184897,
      0.2106959025065104,
      0.1840031941731771,
      0.15958658854166666,
      0.13729731241861978,
      0.11716969807942708,
      0.09942372639973958,
      0.08373641967773438,
      0.0698534647623698,
      0.057774861653645836,
      0.04747136433919271,
      0.03870519002278646,
      0.031406402587890625,
      0.025262196858723957,
      0.020163218180338543,
      0.015869140625,
      0.012341817220052084,
      0.009623209635416666,
      0.007422129313151042,
      0.0056304931640625,
      0.004193623860677083,
      0.003040313720703125,
      0.0022176106770833335,
      0.0016021728515625
    ],
    "v1_curve": [
      4.775494780426047,
      6.659902082488471,
      9.388181149468613,
      12.182420554815543,
      16.01436525287049,
      21.37366960390631,
      27.465971321091132,
      36.289367255138615,
      45.593517637154186,
      59.61595773577205,
      73.86227173054635,
      89.21937408330241,
      107.58273374685957,
      135.33908215443753,
      159.1321872097553,
      187.83153758815388,
      213.22818390255043,
      254.60421970234287,
      288.4582453398221,
      323.5401283811376,
      365.08985069605325,
      405.51367973752,
      445.08610220069,
      479.5014729524609,
      511.7703879976643,
      540.2889453224657,
      567.7553973594684,
      585.1714383418029,
      609.7077836507135,
      623.4800395991173,
      614.3690312938216,
      633.3174278827049,
      608.1027202500151,
      594.1155278048911,
      576.611512340163,
      569.950952221151,
      522.8325142933105,
      488.3865175126018,
      450.73565271097027,
      431.5608562013984,
      394.1035970166711,
      346.1268359538558,
      321.4627421944462,
      282.83232493372986,
      245.44102330639103,
      219.3100271708234,
      180.05550114894402,
      162.54958031054719,
      136.98136045079593,
      112.68336534403619,
      93.01347484083294,
      78.171101366701,
      62.56398669951803,
      54.2340217432397,
      38.59429651928158,
      31.289686675732327,
      23.866836413197312,
      20.145827339079272,
      14.177869071979561,
      10.38954310730541,
      7.820317436950366
    ]
  },
  "p_high": 0.6091954022988506,
  "p_high_mf": 0.6096951524237881,
  "p_low": 0.391304347826087,
  "p_low_mf": 0.39080459770114945,
  "p_two_sided": 0.782608695652174,
  "p_two_sided_mf": 0.7816091954022989,
  "provenance": {
    "dat_url": "GAUSSIAN_CONTROL_FROM: https://github.com/gradient-pulse/phi-mesh/releases/download/data-2026-02-15-planck-lensing-R3/planck_pr3_lensing_mv_dat_klm.fits",
    "mf_url": "GAUSSIAN_CONTROL_MF_ZERO_FROM: https://github.com/gradient-pulse/phi-mesh/releases/download/data-2026-02-15-planck-lensing-R3/planck_pr3_lensing_mv_mf_klm.fits"
  },
  "seed": 731,
  "surrogate": {
    "D0_mean": 0.004556521446074992,
    "D0_std": 0.002749988088922416,
    "D1_mean": 16.56514259025782,
    "D1_std": 5.2846759531724405,
    "D_mf_mean": 16.56514330579997,
    "D_mf_std": 5.28467638997625,
    "v0_mean_curve": [
      0.9989942715962729,
      0.9985667928059899,
      0.9979804585774732,
      0.9971876430511464,
      0.9961246166229255,
      0.994719955444335,
      0.9928838144938144,
      0.9905103244781486,
      0.9874787534077955,
      0.9836502215067571,
      0.9788744881947836,
      0.9729836146036777,
      0.9657956193288146,
      0.9571304728190094,
      0.9468014074961346,
      0.9346216176350908,
      0.9204220918019622,
      0.9040478858947759,
      0.8853748957316072,
      0.8643036073048911,
      0.8407912483215334,
      0.8148306280771893,
      0.7864718704223628,
      0.7558204669952395,
      0.7230220877329518,
      0.6883061129252098,
      0.6519188429514557,
      0.6141710173288981,
      0.5754074993133539,
      0.5359799766540525,
      0.4962788384755451,
      0.4567033958435058,
      0.41762468973795586,
      0.3794150873819987,
      0.34243093808492,
      0.3069452788035078,
      0.2732297471364337,
      0.2415005213419599,
      0.21190943781534805,
      0.1845759836832683,
      0.15957262547810883,
      0.13690617752075201,
      0.11655110613505022,
      0.09844551404317224,
      0.08248910586039222,
      0.06856490389506034,
      0.056520865122477296,
      0.04620802625020345,
      0.03745889218648286,
      0.030103199005126927,
      0.023983316421508808,
      0.01893913968404128,
      0.014823216756184901,
      0.01149642753601075,
      0.00883389472961427,
      0.006726103464762367,
      0.005071401596069338,
      0.0037862243652343735,
      0.0028009936014811217,
      0.0020514526367187485,
      0.0014872525533040381
    ],