{
  "diagnostics": {
    "excess_kurt_x_obs": -0.06885743676426292,
    "imag_frac_nonzero_eps1e-12": 0.9922480620155039,
    "imag_max_abs": 0.044316418996396115,
    "skew_x_obs": 0.017427517378157342,
    "v1_delta_bandwidth_dnu": 0.10000000000000009,
    "v1_symmetry_corr": 0.9956276041127016,
    "verify_l2_from_curves": {
      "D0_match": true,
      "D0_recomputed": 0.0022037096130422098,
      "D0_reported": 0.0022037096130422098,
      "D1_match": true,
      "D1_recomputed": 12.488254580092079,
      "D1_reported": 12.488254580092079,
      "tol_abs": 1e-12,
      "tol_rel": 1e-10,
      "verify_dnu": 0.10000000000000009
    }
  },
  "hint": "This script compares observed morphology against phase-randomized surrogates that preserve |a_lm|. V0(nu) is excursion-set area fraction; V1(nu) is a perimeter proxy estimated from |\u2207x| in a nu-band. Distances D0 and D1 are L2 distances (sqrt(sum((a-b)^2)*dnu)) to surrogate-mean curves. D_mf combines them as sqrt(D0^2 + D1^2). Z_mf is the scale-free combined z-distance.",
  "kind": "planck_pr3_lensing_phi_topology_mf_v0_v1",
  "lmax": 256,
  "metric": "Minkowski-style morphology: V0(area) + V1(perimeter proxy) vs phase-random surrogates",
  "n_sims": 2000,
  "nside": 256,
  "observed": {
    "D0_L2": 0.0022037096130422098,
    "D0_sum_sq_legacy": 4.8563360586146414e-05,
    "D1_L2": 12.488254580092079,
    "D1_sum_sq_legacy": 1559.5650245719064,
    "D_mf": 12.488254774528219,
    "Z0": -1.059141743224388,
    "Z1": -1.2920462669651882,
    "Z_mf": 1.6706779426984346,
    "map_mean": 3.4065246617744536e-08,
    "map_std": 0.05377476462818277,
    "v0_curve": [
      0.9989738464355469,
      0.9985733032226562,
      0.9979387919108073,
      0.9970690409342448,
      0.9959513346354166,
      0.9944928487141927,
      0.9926554361979166,
      0.9901631673177084,
      0.9870529174804688,
      0.9831136067708334,
      0.9782931009928385,
      0.9723167419433594,
      0.9649747212727865,
      0.9561068216959635,
      0.9453709920247396,
      0.9331576029459635,
      0.9187545776367188,
      0.9023526509602865,
      0.8836542765299479,
      0.862664540608724,
      0.8393732706705729,
      0.8137715657552084,
      0.7862447102864584,
      0.7560831705729166,
      0.7237269083658854,
      0.6895713806152344,
      0.6535682678222656,
      0.6162300109863281,
      0.5778719584147135,
      0.538476308186849,
      0.49886322021484375,
      0.45940272013346356,
      0.42035675048828125,
      0.3820991516113281,
      0.34482701619466144,
      0.3092486063639323,
      0.2754465738932292,
      0.24326197306315103,
      0.21302413940429688,
      0.18519083658854166,
      0.15985870361328125,
      0.13696416219075522,
      0.1162249247233073,
      0.09801228841145833,
      0.08177566528320312,
      0.0674298604329427,
      0.0555419921875,
      0.045115152994791664,
      0.03636932373046875,
      0.029046376546223957,
      0.022939046223958332,
      0.018010457356770832,
      0.0139007568359375,
      0.010607401529947916,
      0.008087158203125,
      0.006043752034505208,
      0.00452423095703125,
      0.0033467610677083335,
      0.0024541219075520835,
      0.0017229715983072917,
      0.0012219746907552083
    ],
    "v1_curve": [
      8.051076027520013,
      10.80002956333075,
      17.559894673200237,
      23.997873393064843,
      27.536017496357626,
      35.53999334398193,
      50.0542511369661,
      63.38605012703656,
      81.57892738421941,
      101.2984386891462,
      124.54702771426385,
      150.52301825907614,
      182.62319205184022,
      222.6542838886469,
      271.45295779430455,
      312.82540178493696,
      361.4836821594348,
      402.42745215098006,
      470.5274743973513,
      527.578220983651,
      582.9726615663712,
      621.7568229723546,
      670.7779654069235,
      728.1489821777795,
      773.5082532865272,
      816.3567962658851,
      830.5998715586064,
      845.8931470014172,
      864.77670581256,
      869.6265945025968,
      858.9449429059495,
      848.8000524305972,
      832.6825167547673,
      791.3771916463154,
      758.9093702442254,
      720.2204410928637,
      672.504500111497,
      642.7138913217,
      578.539512428432,
      528.0479936815997,
      466.5469820769562,
      424.6246011510258,
      375.05110391175623,
      323.8238034674705,
      283.3960105486204,
      244.8360689285144,
      207.5065675670517,
      173.66897132931032,
      143.7290121515741,
      119.82934419831868,
      99.68943477548245,
      77.93200383632079,
      65.35974197621759,
      52.94364244844426,
      37.50255343085066,
      32.002757898058185,
      23.439778697267,
      18.019234417623974,
      13.535068089124604,
      10.685431684752935,
      7.738667376605441
    ]
  },
  "p_high": 0.8545727136431784,
  "p_high_mf": 0.9710144927536232,
  "p_low": 0.14592703648175911,
  "p_low_mf": 0.02948525737131434,
  "p_two_sided": 0.29185407296351823,
  "p_two_sided_mf": 0.05897051474262868,
  "provenance": {
    "dat_url": "GAUSSIAN_CONTROL_FROM: https://github.com/gradient-pulse/phi-mesh/releases/download/data-2026-02-15-planck-lensing-R3/planck_pr3_lensing_mv_dat_klm.fits",
    "mf_url": "GAUSSIAN_CONTROL_MF_ZERO_FROM: https://github.com/gradient-pulse/phi-mesh/releases/download/data-2026-02-15-planck-lensing-R3/planck_pr3_lensing_mv_mf_klm.fits"
  },
  "seed": 731,
  "surrogate": {
    "D0_mean": 0.0057504826823934,
    "D0_std": 0.0033487237114775644,
    "D1_mean": 23.823198396762454,
    "D1_std": 8.772862169475061,
    "D_mf_mean": 23.823199142741355,
    "D_mf_std": 8.77286266746282,
    "v0_mean_curve": [
      0.9990401757558187,
      0.9986220658620198,
      0.9980449860890694,
      0.9972584196726484,
      0.9961996657053616,
      0.9947949206034358,
      0.9929504489898694,
      0.9905619481404624,
      0.9875023676554374,
      0.9836340827941905,
      0.9788014869689943,
      0.9728368390401206,
      0.9655680872599299,
      0.9568013559977205,
      0.9463582172393796,
      0.9340548572540271,
      0.9197279408772792,
      0.9032284119923907,
      0.8844365507761623,
      0.8632804539998371,
      0.839718908945721,
      0.813746033986409,
      0.785420150121054,
      0.7548508256276457,
      0.7221987768809008,
      0.6876766204833982,
      0.6515345382690427,
      0.6140705000559479,
      0.5756154143015546,
      0.5365203959147145,
      0.4971604785919197,
      0.45790142440795983,
      0.4190915298461908,
      0.3810999507904055,
      0.34425200907389364,
      0.3088410809834799,
      0.2751157760620112,
      0.24330041821797652,
      0.21356051254272485,
      0.18603885650634747,
      0.16079543685913084,
      0.13785741933186849,
      0.11722133954366039,
      0.09883861986796061,
      0.08261985715230319,
      0.06845179684956858,
      0.05620001920064294,
      0.04571939023335777,
      0.03684281285603843,
      0.02940321604410812,
      0.023236735026041636,
      0.01818076133728028,
      0.01407762781778972,
      0.010790042877197273,
      0.008182191848754893,
      0.006141025543212895,
      0.004556028366088868,
      0.0033435249328613273,
      0.002427078247070313,
      0.001742410659790042,
      0.0012370249430338545
    ],