{
  "diagnostics": {
    "excess_kurt_x_obs": 0.10936444624916186,
    "imag_frac_nonzero_eps1e-12": 0.9846153846153847,
    "imag_max_abs": 0.027393078118833167,
    "skew_x_obs": -0.230017875838202,
    "v1_delta_bandwidth_dnu": 0.10000000000000009,
    "v1_symmetry_corr": 0.9702436080507897,
    "verify_l2_from_curves": {
      "D0_match": true,
      "D0_recomputed": 0.020727802276364737,
      "D0_reported": 0.020727802276364737,
      "D1_match": true,
      "D1_recomputed": 30.71480487690519,
      "D1_reported": 30.71480487690519,
      "tol_abs": 1e-12,
      "tol_rel": 1e-10,
      "verify_dnu": 0.10000000000000009
    }
  },
  "hint": "This script compares observed morphology against phase-randomized surrogates that preserve |a_lm|. V0(nu) is excursion-set area fraction; V1(nu) is a perimeter proxy estimated from |\u2207x| in a nu-band. Distances D0 and D1 are L2 distances (sqrt(sum((a-b)^2)*dnu)) to surrogate-mean curves. D_mf combines them as sqrt(D0^2 + D1^2). Z_mf is the scale-free combined z-distance.",
  "kind": "planck_pr3_lensing_phi_topology_mf_v0_v1",
  "lmax": 128,
  "metric": "Minkowski-style morphology: V0(area) + V1(perimeter proxy) vs phase-random surrogates",
  "n_sims": 2000,
  "nside": 256,
  "observed": {
    "D0_L2": 0.020727802276364737,
    "D0_sum_sq_legacy": 0.004296417872080707,
    "D1_L2": 30.71480487690519,
    "D1_sum_sq_legacy": 9433.99238626358,
    "D_mf": 30.714811870954804,
    "Z0": 2.1339491613581143,
    "Z1": 2.4013476226245505,
    "Z_mf": 3.2125082767123856,
    "map_mean": -2.4543699046232492e-08,
    "map_std": 0.0324760066790512,
    "v0_curve": [
      0.9976018269856771,
      0.9966100056966146,
      0.9952710469563802,
      0.9935391743977865,
      0.9915580749511719,
      0.9891446431477865,
      0.9862314860026041,
      0.9829533894856771,
      0.9789505004882812,
      0.9742393493652344,
      0.9688250223795573,
      0.9622942606608073,
      0.9550043741861979,
      0.9465344746907552,
      0.9367815653483073,
      0.92572021484375,
      0.9133160909016927,
      0.898827870686849,
      0.8823674519856771,
      0.8642552693684896,
      0.8436991373697916,
      0.8208020528157552,
      0.7961807250976562,
      0.7690264383951823,
      0.7397473653157552,
      0.7078297932942709,
      0.6730842590332031,
      0.6367085774739584,
      0.5982386271158854,
      0.5579503377278646,
      0.5169334411621094,
      0.4758110046386719,
      0.43439356486002606,
      0.39354578653971356,
      0.3538831075032552,
      0.31535593668619794,
      0.27916717529296875,
      0.2446619669596354,
      0.21250152587890625,
      0.18280919392903647,
      0.15535481770833334,
      0.1310602823893229,
      0.1092999776204427,
      0.08983866373697917,
      0.07300694783528645,
      0.05878448486328125,
      0.046848297119140625,
      0.03668848673502604,
      0.028525034586588543,
      0.021846771240234375,
      0.016384124755859375,
      0.012137095133463541,
      0.008965810139973959,
      0.006520589192708333,
      0.004772186279296875,
      0.003528594970703125,
      0.0026092529296875,
      0.0019213358561197917,
      0.0013910929361979167,
      0.0009816487630208333,
      0.000732421875
    ],
    "v1_curve": [
      4.933577860463881,
      7.2948984249020565,
      9.047363678081,
      11.944121853894908,
      13.845983751720064,
      17.58021624157868,
      20.935287822092498,
      23.90380468286169,
      28.88266692973834,
      33.31861222146404,
      40.44784849455957,
      46.17182545387481,
      52.37329693699216,
      62.05677736746023,
      71.74024700947002,
      79.2892846771809,
      91.40676949655631,
      106.45888643217535,
      119.83305734683563,
      133.88699279726185,
      150.84272346715593,
      171.1464893548116,
      187.1932951788824,
      202.92034544046308,
      223.60030174226475,
      243.48181215480662,
      265.20554028001754,
      279.6739859507639,
      300.25645393275835,
      316.5636752700112,
      326.5716006795908,
      336.1581723915026,
      343.5093088689499,
      344.6310754957168,
      338.4850219526409,
      334.2202537005788,
      325.52798732742394,
      308.8628195201956,
      289.5038209152063,
      273.80769941339616,
      251.32501277158227,
      228.55428608634293,
      211.14394135768103,
      183.90521791732573,
      164.09684220100007,
      142.88241470830027,
      119.66943027388047,
      102.99160010753901,
      83.96905645508824,
      74.4305544493096,
      55.26850370784705,
      42.915289178921235,
      30.804277636072523,
      23.110574698208755,
      17.92072144839382,
      12.128197496979826,
      11.690347217427034,
      7.19679127423482,
      5.950733508349546,
      4.192059280148731,
      2.9664317595940717
    ]
  },
  "p_high": 0.04097951024487756,
  "p_high_mf": 0.02448775612193903,
  "p_low": 0.95952023988006,
  "p_low_mf": 0.9760119940029985,
  "p_two_sided": 0.08195902048975512,
  "p_two_sided_mf": 0.04897551224387806,
  "provenance": {
    "dat_url": "GAUSSIAN_CONTROL_FROM: https://github.com/gradient-pulse/phi-mesh/releases/download/data-2026-02-15-planck-lensing-R3/planck_pr3_lensing_mv_dat_klm.fits",
    "mf_url": "GAUSSIAN_CONTROL_MF_ZERO_FROM: https://github.com/gradient-pulse/phi-mesh/releases/download/data-2026-02-15-planck-lensing-R3/planck_pr3_lensing_mv_mf_klm.fits"
  },
  "seed": 731,
  "surrogate": {
    "D0_mean": 0.009496354613107914,
    "D0_std": 0.005263221761154219,
    "D1_mean": 15.099250713125373,
    "D1_std": 6.502829501508329,
    "D_mf_mean": 15.099253912499076,
    "D_mf_std": 6.502831136391313,
    "v0_mean_curve": [
      0.9988233668009437,
      0.9983347288767489,
      0.9976709690093982,
      0.9967800089518236,
      0.9955989678700768,
      0.9940544961293551,
      0.9920552126566592,
      0.9894996484120675,
      0.9862716833750422,
      0.9822376823425292,
      0.9772552598317478,
      0.9711646664937337,
      0.9638026669820163,
      0.9549959017435693,
      0.9445799179077171,
      0.9323703333536761,
      0.9182241573333764,
      0.9019956951141355,
      0.8835583616892507,
      0.8628347492218015,
      0.8397668018341059,
      0.8143411509195967,
      0.7865954971313476,
      0.7566105518341065,
      0.7245062630971288,
      0.690475200017294,
      0.6547431805928559,
      0.6175987548828112,
      0.5793376242319739,
      0.5403104286193858,
      0.5008831132253018,
      0.4614313373565668,
      0.422327473958333,
      0.38393883768717507,
      0.3466276887257893,
      0.3107161115010587,
      0.27647343889872195,
      0.24413661893208802,
      0.21390908114115442,
      0.18592201741536432,
      0.16027630424499537,
      0.1369996039072671,
      0.11608785756429044,
      0.09749832407633474,
      0.08114621607462576,
      0.06690453465779621,
      0.05463806025187175,
      0.0441842867533366,
      0.03537400054931643,
      0.02803187433878583,
      0.02198063850402836,
      0.0170472838083903,
      0.013076288223266608,
      0.009918907801310231,
      0.007436764399210609,
      0.005512831370035806,
      0.0040351676940917946,
      0.0029186096191406302,
      0.00208517456054688,
      0.001471061070760093,
      0.0010251064300537112
    ],