{
  "diagnostics": {
    "excess_kurt_x_obs": 0.08928696872184316,
    "imag_frac_nonzero_eps1e-12": 0.9896907216494846,
    "imag_max_abs": 0.015495210901834169,
    "skew_x_obs": -0.02646291435195194,
    "v1_delta_bandwidth_dnu": 0.10000000000000009,
    "v1_symmetry_corr": 0.9995925426895326,
    "verify_l2_from_curves": {
      "D0_match": true,
      "D0_recomputed": 0.004566580047921095,
      "D0_reported": 0.004566580047921095,
      "D1_match": true,
      "D1_recomputed": 13.868010933963824,
      "D1_reported": 13.868010933963824,
      "tol_abs": 1e-12,
      "tol_rel": 1e-10,
      "verify_dnu": 0.10000000000000009
    }
  },
  "hint": "This script compares observed morphology against phase-randomized surrogates that preserve |a_lm|. V0(nu) is excursion-set area fraction; V1(nu) is a perimeter proxy estimated from |\u2207x| in a nu-band. Distances D0 and D1 are L2 distances (sqrt(sum((a-b)^2)*dnu)) to surrogate-mean curves. D_mf combines them as sqrt(D0^2 + D1^2). Z_mf is the scale-free combined z-distance.",
  "kind": "planck_pr3_lensing_phi_topology_mf_v0_v1",
  "lmax": 192,
  "metric": "Minkowski-style morphology: V0(area) + V1(perimeter proxy) vs phase-random surrogates",
  "n_sims": 2000,
  "nside": 256,
  "observed": {
    "D0_L2": 0.004566580047921095,
    "D0_sum_sq_legacy": 0.00020853653334071013,
    "D1_L2": 13.868010933963824,
    "D1_sum_sq_legacy": 1923.2172726453998,
    "D_mf": 13.86801168582553,
    "Z0": 2.2554306649262523,
    "Z1": 0.682591417580714,
    "Z_mf": 2.3564588958105177,
    "map_mean": 3.4141899648166413e-09,
    "map_std": 0.03491332408538943,
    "v0_curve": [
      0.9983164469401041,
      0.9976882934570312,
      0.996880849202474,
      0.995880126953125,
      0.9944992065429688,
      0.9927660624186198,
      0.9906806945800781,
      0.9879430135091146,
      0.9846420288085938,
      0.9805768330891927,
      0.9755961100260416,
      0.9695879618326823,
      0.9624824523925781,
      0.9541130065917969,
      0.9440701802571615,
      0.9323158264160156,
      0.9189707438151041,
      0.9035466512044271,
      0.8857612609863281,
      0.8657175699869791,
      0.8433252970377604,
      0.8184382120768229,
      0.7910435994466146,
      0.7612202962239584,
      0.72894287109375,
      0.6948585510253906,
      0.6588020324707031,
      0.621209462483724,
      0.5823478698730469,
      0.5427080790201823,
      0.5026448567708334,
      0.46230189005533856,
      0.42247263590494794,
      0.38348388671875,
      0.34547678629557294,
      0.30850982666015625,
      0.2734324137369792,
      0.24064254760742188,
      0.20961761474609375,
      0.18165079752604166,
      0.15611139933268228,
      0.13301722208658853,
      0.11222330729166667,
      0.094482421875,
      0.07861836751302083,
      0.06499099731445312,
      0.05331548055013021,
      0.043703715006510414,
      0.035228729248046875,
      0.028142293294270832,
      0.02239990234375,
      0.017681121826171875,
      0.013894399007161459,
      0.010641733805338541,
      0.008196512858072916,
      0.006354014078776042,
      0.004851023356119792,
      0.0036481221516927085,
      0.0027478535970052085,
      0.0020535786946614585,
      0.0015614827473958333
    ],
    "v1_curve": [
      8.02122408135564,
      11.225632036496112,
      12.891263198150213,
      19.48142188812593,
      24.652414484104145,
      31.313213472104437,
      39.36597905901884,
      51.701168833108966,
      59.54079605359776,
      74.42134663070061,
      92.7867913735342,
      108.0707629688803,
      132.30074478359137,
      162.86439145011605,
      194.00345962070904,
      215.91488559506394,
      249.7164910509672,
      295.7693328421318,
      334.5578144554,
      375.1049847653336,
      408.68692318967743,
      463.8165865761368,
      498.3592898876644,
      535.2307890625232,
      579.5603344571263,
      609.9413224550868,
      646.8763667815672,
      671.6231043905085,
      684.9441268001636,
      702.4732081995371,
      707.6292717290854,
      710.7644629677374,
      692.7534620869064,
      675.680456351407,
      655.3054504096706,
      627.0119732369454,
      577.8315443334875,
      555.9110126910316,
      509.88889599695494,
      468.70551950939415,
      442.64242863776155,
      376.4843383706589,
      332.64675643795454,
      293.4705311520605,
      252.98432958410308,
      219.78905855704804,
      190.09605558858507,
      157.00617485126193,
      136.7674561378959,
      109.14225747430825,
      88.3412725205413,
      69.56634960294971,
      59.676528578606536,
      45.70075226201912,
      35.635920097575216,
      25.58575826106319,
      21.59011739174441,
      16.635720522242945,
      12.649246880500304,
      9.986169615608983,
      6.832394658830084
    ]
  },
  "p_high": 0.031484257871064465,
  "p_high_mf": 0.22788605697151423,
  "p_low": 0.9690154922538731,
  "p_low_mf": 0.7726136931534233,
  "p_two_sided": 0.06296851574212893,
  "p_two_sided_mf": 0.45577211394302847,
  "provenance": {
    "dat_url": "GAUSSIAN_CONTROL_FROM: https://github.com/gradient-pulse/phi-mesh/releases/download/data-2026-02-15-planck-lensing-R3/planck_pr3_lensing_mv_dat_klm.fits",
    "mf_url": "GAUSSIAN_CONTROL_MF_ZERO_FROM: https://github.com/gradient-pulse/phi-mesh/releases/download/data-2026-02-15-planck-lensing-R3/planck_pr3_lensing_mv_mf_klm.fits"
  },
  "seed": 731,
  "surrogate": {
    "D0_mean": 0.002079399147044855,
    "D0_std": 0.00110275209943444,
    "D1_mean": 12.44491316849471,
    "D1_std": 2.084845676075085,
    "D_mf_mean": 12.444913379156896,
    "D_mf_std": 2.084845747101397,
    "v0_mean_curve": [
      0.9986838715871177,
      0.9981748561859133,
      0.997493596394857,
      0.9965907967885319,
      0.9954061279296865,
      0.9938660322825101,
      0.991888331095378,
      0.9893686854044595,
      0.9861963456471763,
      0.9822417297363282,
      0.9773561236063634,
      0.9713866685231527,
      0.9641615346272803,
      0.9555159117380789,
      0.9452654622395822,
      0.9332373593648261,
      0.9192671604156496,
      0.9031981569925944,
      0.8848966096242272,
      0.8642645759582535,
      0.8412446231842019,
      0.8158130817413322,
      0.7879877529144292,
      0.7578564669291179,
      0.7255411529541018,
      0.6912461026509606,
      0.6551903978983555,
      0.6176777483622241,
      0.5790229701995854,
      0.5396052665710444,
      0.4997948665618898,
      0.4599884662628182,
      0.42058644549052,
      0.3819685630798345,
      0.3444975166320798,
      0.30849701499938903,
      0.2742496776580807,
      0.24199233945210732,
      0.21191579945882144,
      0.18413994852701804,
      0.158759947458903,
      0.13578067207336414,
      0.11519088109334279,
      0.09692400741577152,
      0.08087788200378426,
      0.06692302513122549,
      0.05490391921997066,
      0.04466309801737465,
      0.03601350529988612,
      0.028786319096883166,
      0.022806973139444933,
      0.017910796483357742,
      0.013938097000122053,
      0.010751242319742838,
      0.008217675526936852,
      0.0062233142852783285,
      0.004671206792195633,
      0.0034737415313720738,
      0.0025602404276529934,
      0.0018696905771891264,
      0.001352428436279299
    ],