{
  "diagnostics": {
    "excess_kurt_x_obs": -0.014342817967936128,
    "imag_frac_nonzero_eps1e-12": 0.9937888198757764,
    "imag_max_abs": 0.02618892691282362,
    "skew_x_obs": 0.010404532574893946,
    "v1_delta_bandwidth_dnu": 0.10000000000000009,
    "v1_symmetry_corr": 0.999049972777326,
    "verify_l2_from_curves": {
      "D0_match": true,
      "D0_recomputed": 0.0008473335564721629,
      "D0_reported": 0.0008473335564721629,
      "D1_match": true,
      "D1_recomputed": 20.443234383521688,
      "D1_reported": 20.443234383521688,
      "tol_abs": 1e-12,
      "tol_rel": 1e-10,
      "verify_dnu": 0.10000000000000009
    }
  },
  "hint": "This script compares observed morphology against phase-randomized surrogates that preserve |a_lm|. V0(nu) is excursion-set area fraction; V1(nu) is a perimeter proxy estimated from |\u2207x| in a nu-band. Distances D0 and D1 are L2 distances (sqrt(sum((a-b)^2)*dnu)) to surrogate-mean curves. D_mf combines them as sqrt(D0^2 + D1^2). Z_mf is the scale-free combined z-distance.",
  "kind": "planck_pr3_lensing_phi_topology_mf_v0_v1",
  "lmax": 320,
  "metric": "Minkowski-style morphology: V0(area) + V1(perimeter proxy) vs phase-random surrogates",
  "n_sims": 2000,
  "nside": 256,
  "observed": {
    "D0_L2": 0.0008473335564721629,
    "D0_sum_sq_legacy": 7.179741559237633e-06,
    "D1_L2": 20.443234383521688,
    "D1_sum_sq_legacy": 4179.25832059603,
    "D_mf": 20.443234401081877,
    "Z0": -0.42722596494920373,
    "Z1": 0.04373251547409538,
    "Z_mf": 0.4294584473921432,
    "map_mean": -1.8195263094388653e-08,
    "map_std": 0.0600409676216626,
    "v0_curve": [
      0.998687744140625,
      0.9982096354166666,
      0.99755859375,
      0.9967269897460938,
      0.9955851236979166,
      0.9940452575683594,
      0.99212646484375,
      0.9896341959635416,
      0.9864234924316406,
      0.9825019836425781,
      0.9776522318522135,
      0.9718615214029948,
      0.964508056640625,
      0.9560152689615885,
      0.945868174235026,
      0.9335543314615885,
      0.9194628397623698,
      0.9031944274902344,
      0.8849563598632812,
      0.8642896016438802,
      0.8410784403483073,
      0.8154996236165365,
      0.7875086466471354,
      0.7571551005045573,
      0.7247645060221354,
      0.6903940836588541,
      0.6544481913248698,
      0.6168797810872396,
      0.5782903035481771,
      0.538934071858724,
      0.4995320638020833,
      0.4596850077311198,
      0.42016347249348956,
      0.38170496622721356,
      0.3440195719401042,
      0.30828094482421875,
      0.27409617106119794,
      0.2417627970377604,
      0.21181742350260416,
      0.18422698974609375,
      0.15886433919270834,
      0.13605499267578125,
      0.11553192138671875,
      0.0974260965983073,
      0.08149337768554688,
      0.06750869750976562,
      0.055285135904947914,
      0.045078277587890625,
      0.036402384440104164,
      0.029143015543619793,
      0.022988637288411457,
      0.018034617106119793,
      0.013963063557942709,
      0.010804494222005209,
      0.008202870686848959,
      0.006234486897786458,
      0.004708607991536458,
      0.003505706787109375,
      0.00258636474609375,
      0.0018819173177083333,
      0.0013669331868489583
    ],
    "v1_curve": [
      13.955276261221695,
      19.278513001959986,
      25.854632039318087,
      33.06649603500072,
      43.24229615914001,
      59.934662066056916,
      76.7946354107291,
      94.99211934206393,
      120.21893794154288,
      152.89613182303654,
      184.8624306249468,
      223.7024187650962,
      282.1201846593021,
      319.7730342500569,
      372.151003219151,
      454.2669767789808,
      519.2092218935824,
      587.1734246894835,
      648.5603128412578,
      750.0420709361773,
      831.3675121823222,
      890.8199639843432,
      986.3082438498312,
      1056.1139930027898,
      1107.2121689522648,
      1178.7156763886123,
      1253.2483631178454,
      1274.453062355543,
      1295.027764514066,
      1306.4186070388782,
      1288.016502593205,
      1282.8397247249447,
      1282.6763038064337,
      1235.7571268732875,
      1205.0573014280353,
      1104.9554961535082,
      1067.7673310641565,
      992.8540298484462,
      917.515074871691,
      829.1179009991941,
      747.7148171511407,
      685.3341641482508,
      598.8435780081085,
      518.9255040152573,
      463.78438978727047,
      400.4522466744149,
      349.5430414134336,
      285.1558608481018,
      240.81070682616104,
      202.1138748636636,
      162.41050140051277,
      130.3067123633591,
      104.46999971601753,
      84.41320174432441,
      63.85598286786134,
      50.566565297389175,
      38.07515389660985,
      31.346227741281858,
      23.001278053612495,
      17.226539447129515,
      12.941875402113363
    ]
  },
  "p_high": 0.5902048975512244,
  "p_high_mf": 0.4587706146926537,
  "p_low": 0.4102948525737131,
  "p_low_mf": 0.5417291354322838,
  "p_two_sided": 0.8205897051474262,
  "p_two_sided_mf": 0.9175412293853074,
  "provenance": {
    "dat_url": "GAUSSIAN_CONTROL_FROM: https://github.com/gradient-pulse/phi-mesh/releases/download/data-2026-02-15-planck-lensing-R3/planck_pr3_lensing_mv_dat_klm.fits",
    "mf_url": "GAUSSIAN_CONTROL_MF_ZERO_FROM: https://github.com/gradient-pulse/phi-mesh/releases/download/data-2026-02-15-planck-lensing-R3/planck_pr3_lensing_mv_mf_klm.fits"
  },
  "seed": 731,
  "surrogate": {
    "D0_mean": 0.0010635111153011135,
    "D0_std": 0.0005060028569533543,
    "D1_mean": 20.322162848841923,
    "D1_std": 2.7684557672306767,
    "D_mf_mean": 20.322162882604488,
    "D_mf_std": 2.7684557698887486,
    "v0_mean_curve": [
      0.9986881033579503,
      0.9981809279123957,
      0.9975009352366143,
      0.9965984783172631,
      0.9954143994649274,
      0.9938767089843754,
      0.9918977273305251,
      0.9893829104105616,
      0.9862127119700115,
      0.9822593555450418,
      0.9773776499430342,
      0.9714134610493984,
      0.9641961987813289,
      0.9555530052185057,
      0.945308197021484,
      0.9332838770548486,
      0.91931114323934,
      0.9032409477233899,
      0.8849387308756514,
      0.8642987016042074,
      0.8412611052195238,
      0.8158067277272545,
      0.7879716771443683,
      0.7578206958770747,
      0.7254951763153084,
      0.691181639353434,
      0.6551217823028562,
      0.6175985240936285,
      0.5789474220275881,
      0.5395256716410329,
      0.49971493911743226,
      0.45992453829447466,
      0.42053031031290744,
      0.38191781743367587,
      0.34444392522176115,
      0.30844959322611387,
      0.2742124436696369,
      0.24196309153238935,
      0.21189740053812664,
      0.18413381958007818,
      0.15875798161824517,
      0.13579122289021822,
      0.11520725886027014,
      0.09693944676717119,
      0.08089436594645177,
      0.06694879086812347,
      0.05493434397379562,
      0.04468869336446127,
      0.03604319890340177,
      0.028813425699869805,
      0.02283484967549643,
      0.017938173294067352,
      0.013965850830078107,
      0.010773825963338235,
      0.008236647288004557,
      0.006242693583170568,
      0.004686990737915047,
      0.003488219579060871,
      0.0025708948771158866,
      0.0018769187927246084,
      0.0013586533864339203
    ],