{
  "diagnostics": {
    "excess_kurt_x_obs": 0.0022005701304550485,
    "imag_frac_nonzero_eps1e-12": 0.9937888198757764,
    "imag_max_abs": 0.01859911857497347,
    "skew_x_obs": -0.002302121235956004,
    "v1_delta_bandwidth_dnu": 0.10000000000000009,
    "v1_symmetry_corr": 0.9995735627739163,
    "verify_l2_from_curves": {
      "D0_match": true,
      "D0_recomputed": 0.0005230395319301346,
      "D0_reported": 0.0005230395319301346,
      "D1_match": true,
      "D1_recomputed": 26.201769368166342,
      "D1_reported": 26.201769368166342,
      "tol_abs": 1e-12,
      "tol_rel": 1e-10,
      "verify_dnu": 0.10000000000000009
    }
  },
  "hint": "This script compares observed morphology against phase-randomized surrogates that preserve |a_lm|. V0(nu) is excursion-set area fraction; V1(nu) is a perimeter proxy estimated from |\u2207x| in a nu-band. Distances D0 and D1 are L2 distances (sqrt(sum((a-b)^2)*dnu)) to surrogate-mean curves. D_mf combines them as sqrt(D0^2 + D1^2). Z_mf is the scale-free combined z-distance.",
  "kind": "planck_pr3_lensing_phi_topology_mf_v0_v1",
  "lmax": 320,
  "metric": "Minkowski-style morphology: V0(area) + V1(perimeter proxy) vs phase-random surrogates",
  "n_sims": 2000,
  "nside": 256,
  "observed": {
    "D0_L2": 0.0005230395319301346,
    "D0_sum_sq_legacy": 2.73570351961694e-06,
    "D1_L2": 26.201769368166342,
    "D1_sum_sq_legacy": 6865.327180225795,
    "D_mf": 26.2017693733868,
    "Z0": -0.9929090294994821,
    "Z1": 2.0693221757507176,
    "Z_mf": 2.2952042627869282,
    "map_mean": -4.086599195614789e-10,
    "map_std": 0.05954677747870792,
    "v0_curve": [
      0.9986012776692709,
      0.9980901082356771,
      0.9974314371744791,
      0.9965387980143229,
      0.9953346252441406,
      0.9937553405761719,
      0.9916572570800781,
      0.9891242980957031,
      0.985815684000651,
      0.9818700154622396,
      0.9770240783691406,
      0.971154530843099,
      0.9639701843261719,
      0.9553248087565104,
      0.945336659749349,
      0.9333470662434896,
      0.9194081624348959,
      0.9035110473632812,
      0.885107676188151,
      0.8645985921223959,
      0.8413569132486979,
      0.8159052530924479,
      0.7880732218424479,
      0.7577692667643229,
      0.7254918416341146,
      0.6912651062011719,
      0.6554705301920573,
      0.6178919474283854,
      0.5794843037923177,
      0.5401178995768229,
      0.5003534952799479,
      0.4606285095214844,
      0.42138926188151044,
      0.38269678751627606,
      0.34471893310546875,
      0.30869420369466144,
      0.2742970784505208,
      0.2420806884765625,
      0.2118708292643229,
      0.18410110473632812,
      0.15872701009114584,
      0.13555018107096353,
      0.1150652567545573,
      0.09656651814778645,
      0.08029556274414062,
      0.06642913818359375,
      0.054622650146484375,
      0.04441070556640625,
      0.03581110636393229,
      0.028622945149739582,
      0.022631327311197918,
      0.017804463704427082,
      0.013928731282552084,
      0.010692596435546875,
      0.00821685791015625,
      0.006184895833333333,
      0.00467681884765625,
      0.0035260518391927085,
      0.00261688232421875,
      0.00191497802734375,
      0.0014101664225260417
    ],
    "v1_curve": [
      13.829323124279615,
      15.923209714571373,
      24.340499592675716,
      33.68530606763058,
      40.25015857556022,
      58.900975074407526,
      68.5040015960835,
      91.98311397583768,
      116.24214781228318,
      135.38874011970216,
      166.03727232422546,
      203.1185473039362,
      255.76358057471893,
      295.22376260919367,
      353.5605109560889,
      414.21637892830114,
      474.07395697435135,
      558.6375765501488,
      632.7127645902807,
      696.2459152726004,
      777.2052701258718,
      875.974062631558,
      943.7163298561983,
      1027.4576734656973,
      1085.4714561894561,
      1171.6466822591144,
      1231.9780302118866,
      1256.6943891006795,
      1299.5613170531617,
      1328.0923856257439,
      1305.252394832993,
      1335.238108913869,
      1315.3104301257076,
      1319.9040305093267,
      1244.695466027912,
      1201.3840067813023,
      1099.6316600081252,
      1050.1745868248593,
      968.0763131675632,
      888.049348649004,
      833.6428046562584,
      724.8251767449565,
      655.7533176962546,
      586.3646242640812,
      513.6923191029958,
      448.1609267477232,
      378.247559623901,
      316.88151609018695,
      268.434241866843,
      221.7013919262381,
      177.24523809448857,
      155.99721132838582,
      118.1533809958393,
      94.90593609476475,
      75.05742901273175,
      58.58706809196483,
      44.86415182121331,
      32.64390034469867,
      26.708162911708353,
      19.22929978551759,
      15.425119967890007
    ]
  },
  "p_high": 0.8765617191404298,
  "p_high_mf": 0.02948525737131434,
  "p_low": 0.12393803098450774,
  "p_low_mf": 0.9710144927536232,
  "p_two_sided": 0.2478760619690155,
  "p_two_sided_mf": 0.05897051474262868,
  "provenance": {
    "dat_url": "GAUSSIAN_CONTROL_FROM: https://github.com/gradient-pulse/phi-mesh/releases/download/data-2026-02-15-planck-lensing-R3/planck_pr3_lensing_mv_dat_klm.fits",
    "mf_url": "GAUSSIAN_CONTROL_MF_ZERO_FROM: https://github.com/gradient-pulse/phi-mesh/releases/download/data-2026-02-15-planck-lensing-R3/planck_pr3_lensing_mv_mf_klm.fits"
  },
  "seed": 731,
  "surrogate": {
    "D0_mean": 0.0009474423262325236,
    "D0_std": 0.00042743371416042737,
    "D1_mean": 20.45308239563544,
    "D1_std": 2.7780531421818684,
    "D_mf_mean": 20.453082421931708,
    "D_mf_std": 2.778053143005826,
    "v0_mean_curve": [
      0.9986549409230547,
      0.9981399796803793,
      0.9974520804087333,
      0.9965417849222825,
      0.995348391850789,
      0.9938008594512947,
      0.99181521097819,
      0.9892876389821381,
      0.9861073271433507,
      0.9821457017262777,
      0.9772600847880056,
      0.9712930113474523,
      0.964076908111573,
      0.9554405263264967,
      0.9452005087534584,
      0.9331889559427913,
      0.9192387530008954,
      0.903192024230956,
      0.8849221719106038,
      0.8643217023213713,
      0.8413291174570732,
      0.8159198697408045,
      0.7881217384338376,
      0.7580156828562411,
      0.7257258179982515,
      0.6914438896179206,
      0.6553993854522698,
      0.617887676239014,
      0.5792292079925551,
      0.539800502777099,
      0.4999787044525143,
      0.46015825080871603,
      0.420729545593263,
      0.3820833892822262,
      0.3445792744954427,
      0.30853918457031254,
      0.27426125081380165,
      0.24197322209676142,
      0.21187096659342414,
      0.18408194796244326,
      0.15867997550964347,
      0.13568800290425612,
      0.1150894934336344,
      0.09681598091125508,
      0.08076974042256702,
      0.06681747690836584,
      0.05480581347147631,
      0.04457348378499355,
      0.03593414115905757,
      0.02871781857808428,
      0.0227504641215007,
      0.01786466852823898,
      0.013903022766113285,
      0.010723978042602557,
      0.008197777430216463,
      0.0062089309692382865,
      0.004659585316975908,
      0.003464574813842775,
      0.0025539639790852866,
      0.0018641726175944015,
      0.0013483022054036453
    ],