{
  "diagnostics": {
    "excess_kurt_x_obs": -0.09500773135426277,
    "imag_frac_nonzero_eps1e-12": 0.9846153846153847,
    "imag_max_abs": 0.0175460348782174,
    "skew_x_obs": -0.0070176890217869175,
    "v1_delta_bandwidth_dnu": 0.10000000000000009,
    "v1_symmetry_corr": 0.9927769277668014,
    "verify_l2_from_curves": {
      "D0_match": true,
      "D0_recomputed": 0.003451668420574982,
      "D0_reported": 0.003451668420574982,
      "D1_match": true,
      "D1_recomputed": 17.86620076421309,
      "D1_reported": 17.86620076421309,
      "tol_abs": 1e-12,
      "tol_rel": 1e-10,
      "verify_dnu": 0.10000000000000009
    }
  },
  "hint": "This script compares observed morphology against phase-randomized surrogates that preserve |a_lm|. V0(nu) is excursion-set area fraction; V1(nu) is a perimeter proxy estimated from |\u2207x| in a nu-band. Distances D0 and D1 are L2 distances (sqrt(sum((a-b)^2)*dnu)) to surrogate-mean curves. D_mf combines them as sqrt(D0^2 + D1^2). Z_mf is the scale-free combined z-distance.",
  "kind": "planck_pr3_lensing_phi_topology_mf_v0_v1",
  "lmax": 128,
  "metric": "Minkowski-style morphology: V0(area) + V1(perimeter proxy) vs phase-random surrogates",
  "n_sims": 2000,
  "nside": 256,
  "observed": {
    "D0_L2": 0.003451668420574982,
    "D0_sum_sq_legacy": 0.00011914014885594581,
    "D1_L2": 17.86620076421309,
    "D1_sum_sq_legacy": 3192.0112974716817,
    "D_mf": 17.866201097636377,
    "Z0": -0.893109134649035,
    "Z1": 0.7128777733465298,
    "Z_mf": 1.1427329723627713,
    "map_mean": -4.3366056230745874e-08,
    "map_std": 0.02974812443680895,
    "v0_curve": [
      0.9988492329915365,
      0.9983609517415365,
      0.9977238972981771,
      0.9968579610188802,
      0.9957059224446615,
      0.9941991170247396,
      0.992272694905599,
      0.9897905985514323,
      0.9865620930989584,
      0.9824129740397135,
      0.9774119059244791,
      0.9711418151855469,
      0.9635976155598959,
      0.9545364379882812,
      0.9440345764160156,
      0.9316660563151041,
      0.9175300598144531,
      0.9017664591471354,
      0.8838488260904948,
      0.863427480061849,
      0.8404070536295573,
      0.8149820963541666,
      0.7872467041015625,
      0.7571271260579427,
      0.7251447041829427,
      0.6913159688313802,
      0.6561253865559896,
      0.6188850402832031,
      0.5797233581542969,
      0.5397542317708334,
      0.4993896484375,
      0.45925267537434894,
      0.4198315938313802,
      0.38161341349283856,
      0.34442392985026044,
      0.3086051940917969,
      0.27505747477213544,
      0.24338658650716147,
      0.2134577433268229,
      0.1861750284830729,
      0.16066869099934897,
      0.13778305053710938,
      0.11699930826822917,
      0.09856669108072917,
      0.08215967814127605,
      0.0679639180501302,
      0.055689493815104164,
      0.04506810506184896,
      0.03629175821940104,
      0.028886159261067707,
      0.022764841715494793,
      0.017688751220703125,
      0.013483683268229166,
      0.010158538818359375,
      0.0074005126953125,
      0.005433400472005208,
      0.0038859049479166665,
      0.0027173360188802085,
      0.0018717447916666667,
      0.0012639363606770833,
      0.0008176167805989584
    ],
    "v1_curve": [
      3.1788990159002823,
      4.262596108805063,
      5.401711794423926,
      7.192645165742725,
      10.793297397368645,
      12.885731130587416,
      16.732607464182248,
      21.5937288628601,
      28.012060243700333,
      34.1339242786992,
      41.86905391797083,
      53.88999588450003,
      61.95853898415629,
      76.75171701066704,
      89.28091672441808,
      106.20991619865194,
      121.22827278390196,
      137.47698340666386,
      158.42707814079182,
      179.50621249868416,
      203.40091307006387,
      221.75484117968844,
      249.62616009265452,
      265.36008188239094,
      289.0355106490472,
      307.1560837875387,
      318.4369414362196,
      341.71578086859756,
      350.1503121414871,
      360.1152446720743,
      359.52349105314534,
      362.678368897735,
      356.9332103301447,
      355.08845546617965,
      346.0971680392396,
      324.726312068218,
      308.50369610615326,
      296.919842576871,
      279.3961073027542,
      261.8550171490125,
      238.53624113428648,
      234.43418234216247,
      202.98896769909578,
      181.7740255134643,
      166.76710807005026,
      142.17842727780953,
      128.2120540518685,
      111.51113975816844,
      93.01860223876672,
      81.30023997020105,
      69.54914718577712,
      60.570000716989334,
      49.55043067414903,
      36.852761539020584,
      30.182422287663115,
      20.620427368013562,
      16.2910507946215,
      12.257112783920263,
      7.816332516545075,
      5.651315380063859,
      3.7134486995606735
    ]
  },
  "p_high": 0.8170914542728636,
  "p_high_mf": 0.2143928035982009,
  "p_low": 0.18340829585207397,
  "p_low_mf": 0.7861069465267366,
  "p_two_sided": 0.36681659170414793,
  "p_two_sided_mf": 0.4287856071964018,
  "provenance": {
    "dat_url": "GAUSSIAN_CONTROL_FROM: https://github.com/gradient-pulse/phi-mesh/releases/download/data-2026-02-15-planck-lensing-R3/planck_pr3_lensing_mv_dat_klm.fits",
    "mf_url": "GAUSSIAN_CONTROL_MF_ZERO_FROM: https://github.com/gradient-pulse/phi-mesh/releases/download/data-2026-02-15-planck-lensing-R3/planck_pr3_lensing_mv_mf_klm.fits"
  },
  "seed": 731,
  "surrogate": {
    "D0_mean": 0.007559812754971632,
    "D0_std": 0.004599823442642346,
    "D1_mean": 13.652029018161581,
    "D1_std": 5.911492690070168,
    "D_mf_mean": 13.652031314973737,
    "D_mf_std": 5.9114940090317045,
    "v0_mean_curve": [
      0.9986994794209793,
      0.9981807905832947,
      0.9974799925486243,
      0.9965485464731867,
      0.9953229586283349,
      0.9937275886535649,
      0.9916745675404888,
      0.9890655841827376,
      0.9857852751413976,
      0.981699924468993,
      0.9766661618550612,
      0.9705394954681409,
      0.9631543884277356,
      0.9543459733327214,
      0.9439352048238115,
      0.9317713750203442,
      0.9177026030222559,
      0.9015733432769781,
      0.8832732162475593,
      0.8627093537648529,
      0.8398257884979242,
      0.8146007849375412,
      0.7870728747049962,
      0.7573152987162273,
      0.7254466183980315,
      0.6916335233052561,
      0.6560863971710217,
      0.619078363418579,
      0.5809096387227366,
      0.5419236672719318,
      0.5024850273132327,
      0.4629716752370198,
      0.423766791025797,
      0.38522652498881005,
      0.3477085952758794,
      0.3115398928324378,
      0.27702340761820476,
      0.24441730690002397,
      0.21392311541239378,
      0.18570061365763288,
      0.15983901023864722,
      0.13639328765869108,
      0.11535656293233229,
      0.09668110656738288,
      0.08028283627827959,
      0.06604178555806478,
      0.05381037394205733,
      0.04341556612650552,
      0.034681716918945255,
      0.02742907015482577,
      0.021467326482137034,
      0.01662230936686201,
      0.012734210332234692,
      0.009647476196289072,
      0.007230128606160494,
      0.005360708872477211,
      0.003928774515787766,
      0.002846483866373693,
      0.002038821538289387,
      0.001444002787272135,
      0.0010106258392334002
    ],