{
  "diagnostics": {
    "excess_kurt_x_obs": -0.0954981928595271,
    "imag_frac_nonzero_eps1e-12": 0.9896907216494846,
    "imag_max_abs": 0.02248282175323196,
    "skew_x_obs": -0.00016876549489068063,
    "v1_delta_bandwidth_dnu": 0.10000000000000009,
    "v1_symmetry_corr": 0.988522269388763,
    "verify_l2_from_curves": {
      "D0_match": true,
      "D0_recomputed": 0.002048812207748777,
      "D0_reported": 0.002048812207748777,
      "D1_match": true,
      "D1_recomputed": 9.499530094783898,
      "D1_reported": 9.499530094783898,
      "tol_abs": 1e-12,
      "tol_rel": 1e-10,
      "verify_dnu": 0.10000000000000009
    }
  },
  "hint": "This script compares observed morphology against phase-randomized surrogates that preserve |a_lm|. V0(nu) is excursion-set area fraction; V1(nu) is a perimeter proxy estimated from |\u2207x| in a nu-band. Distances D0 and D1 are L2 distances (sqrt(sum((a-b)^2)*dnu)) to surrogate-mean curves. D_mf combines them as sqrt(D0^2 + D1^2). Z_mf is the scale-free combined z-distance.",
  "kind": "planck_pr3_lensing_phi_topology_mf_v0_v1",
  "lmax": 192,
  "metric": "Minkowski-style morphology: V0(area) + V1(perimeter proxy) vs phase-random surrogates",
  "n_sims": 2000,
  "nside": 256,
  "observed": {
    "D0_L2": 0.002048812207748777,
    "D0_sum_sq_legacy": 4.197631462620414e-05,
    "D1_L2": 9.499530094783898,
    "D1_sum_sq_legacy": 902.410720217049,
    "D_mf": 9.499530315722795,
    "Z0": -0.8432311981575062,
    "Z1": -1.1087940609338776,
    "Z_mf": 1.393005069304625,
    "map_mean": -4.138369013011872e-08,
    "map_std": 0.03932980030121308,
    "v0_curve": [
      0.9990056355794271,
      0.9985631306966146,
      0.9978955586751302,
      0.9969520568847656,
      0.995794932047526,
      0.9943656921386719,
      0.9924507141113281,
      0.9899813334147135,
      0.9869092305501302,
      0.982885996500651,
      0.9779078165690104,
      0.9717445373535156,
      0.9643211364746094,
      0.955267588297526,
      0.9446538289388021,
      0.9324048360188802,
      0.9182561238606771,
      0.9016990661621094,
      0.8832295735677084,
      0.8625818888346354,
      0.8392359415690104,
      0.8139203389485677,
      0.7858912150065104,
      0.7557932535807291,
      0.7234369913736979,
      0.6889788309733073,
      0.6528841654459635,
      0.6153742472330729,
      0.5775362650553385,
      0.5388870239257812,
      0.4998029073079427,
      0.46076202392578125,
      0.42221705118815106,
      0.38454437255859375,
      0.34782663981119794,
      0.31166839599609375,
      0.27771759033203125,
      0.24499638875325522,
      0.21480814615885416,
      0.18674341837565103,
      0.16084798177083334,
      0.1373875935872396,
      0.11590576171875,
      0.09744771321614583,
      0.08097585042317708,
      0.0668169657389323,
      0.05460230509440104,
      0.04415003458658854,
      0.0354156494140625,
      0.028041839599609375,
      0.022029876708984375,
      0.01715087890625,
      0.013200124104817709,
      0.010101318359375,
      0.007616678873697917,
      0.005673726399739583,
      0.004137674967447917,
      0.0029894510904947915,
      0.0021870930989583335,
      0.0015932718912760417,
      0.0011011759440104167
    ],
    "v1_curve": [
      4.582544230286644,
      6.455591126099811,
      9.819008543542585,
      12.967158770958997,
      15.776187277129377,
      21.556609432754517,
      28.914721753555945,
      34.624869135979274,
      45.41999632861311,
      56.11867677099719,
      69.12722186725912,
      85.91218133304092,
      105.61771274177134,
      124.12319956869526,
      147.54428432490434,
      171.5702759350947,
      199.21755494521082,
      232.00737456837666,
      262.06292545115207,
      293.82079407096705,
      327.0046856643649,
      357.0165232643877,
      395.54934275165493,
      425.8993849843222,
      456.90984932169175,
      492.75117976388856,
      514.4123129511044,
      540.4203350392497,
      554.2182782346281,
      580.6255579167322,
      583.6697247338187,
      589.7374653941516,
      593.5660204961872,
      598.3187068807416,
      581.6484310746041,
      570.3427985282344,
      551.6849546135826,
      527.083969171246,
      500.75911594334076,
      465.591061686209,
      440.8394280393211,
      407.84648443506507,
      366.6605561959724,
      331.95341375881793,
      288.9739040430818,
      248.06844498624258,
      228.0638221798176,
      191.7413430007614,
      155.60332907887653,
      135.62819639172483,
      110.79766721163506,
      90.02506589040541,
      67.3410150244773,
      55.02759990005312,
      45.35441194015855,
      32.491146237734995,
      25.74896121900039,
      17.779086652618616,
      12.329829290633914,
      8.288170092301705,
      7.4106269434729
    ]
  },
  "p_high": 0.7981009495252374,
  "p_high_mf": 0.9335332333833083,
  "p_low": 0.20239880059970014,
  "p_low_mf": 0.06696651674162919,
  "p_two_sided": 0.4047976011994003,
  "p_two_sided_mf": 0.13393303348325838,
  "provenance": {
    "dat_url": "GAUSSIAN_CONTROL_FROM: https://github.com/gradient-pulse/phi-mesh/releases/download/data-2026-02-15-planck-lensing-R3/planck_pr3_lensing_mv_dat_klm.fits",
    "mf_url": "GAUSSIAN_CONTROL_MF_ZERO_FROM: https://github.com/gradient-pulse/phi-mesh/releases/download/data-2026-02-15-planck-lensing-R3/planck_pr3_lensing_mv_mf_klm.fits"
  },
  "seed": 731,
  "surrogate": {
    "D0_mean": 0.00401873542444352,
    "D0_std": 0.002336160261858318,
    "D1_mean": 14.289580594751872,
    "D1_std": 4.3200542541989915,
    "D_mf_mean": 14.289581232797303,
    "D_mf_std": 4.320054644475639,
    "v0_mean_curve": [
      0.9987665646870943,
      0.9982700214385992,
      0.9975994650522878,
      0.9967054818471254,
      0.9955257129669192,
      0.9939862028757718,
      0.9919965337117517,
      0.9894584261576319,
      0.9862529532114672,
      0.9822487208048487,
      0.9773042507171635,
      0.9712561397552506,
      0.9639390226999919,
      0.9551878089904786,
      0.944819442749023,
      0.9326692269643145,
      0.9185665213267011,
      0.902376925786338,
      0.8839673900604254,
      0.8632590134938556,
      0.8401901149749761,
      0.8147441495259594,
      0.7869387416839592,
      0.7568880589803065,
      0.7247151800791414,
      0.6906113268534346,
      0.6547948671976735,
      0.6175507666269928,
      0.5792005290985106,
      0.5400874500274643,
      0.5005787239074706,
      0.46106634140014724,
      0.421911735534668,
      0.3834929370880128,
      0.3461511948903403,
      0.3101996631622308,
      0.27595049730936677,
      0.24362448310852028,
      0.2134249699910481,
      0.18548061434427882,
      0.15987849744160992,
      0.13666352208455382,
      0.11582539876302086,
      0.09730450566609708,
      0.08101769638061529,
      0.06684818649291992,
      0.05464427566528337,
      0.044248579661051494,
      0.03548604838053386,
      0.028181634902954115,
      0.02216115252176924,
      0.017251160939534493,
      0.01329347419738769,
      0.010138016382853192,
      0.007651186625162753,
      0.005713463465372731,
      0.00422013409932454,
      0.0030824928283691455,
      0.0022279720306396457,
      0.00159320704142253,
      0.0011267528533935559
    ],