{
  "diagnostics": {
    "excess_kurt_x_obs": -0.01908913876127505,
    "imag_frac_nonzero_eps1e-12": 0.9937888198757764,
    "imag_max_abs": 0.02294501470054465,
    "skew_x_obs": -0.012374076391734648,
    "v1_delta_bandwidth_dnu": 0.10000000000000009,
    "v1_symmetry_corr": 0.9993463361077423,
    "verify_l2_from_curves": {
      "D0_match": true,
      "D0_recomputed": 0.0010369270778005687,
      "D0_reported": 0.0010369270778005687,
      "D1_match": true,
      "D1_recomputed": 19.571785558058004,
      "D1_reported": 19.571785558058004,
      "tol_abs": 1e-12,
      "tol_rel": 1e-10,
      "verify_dnu": 0.10000000000000009
    }
  },
  "hint": "This script compares observed morphology against phase-randomized surrogates that preserve |a_lm|. V0(nu) is excursion-set area fraction; V1(nu) is a perimeter proxy estimated from |\u2207x| in a nu-band. Distances D0 and D1 are L2 distances (sqrt(sum((a-b)^2)*dnu)) to surrogate-mean curves. D_mf combines them as sqrt(D0^2 + D1^2). Z_mf is the scale-free combined z-distance.",
  "kind": "planck_pr3_lensing_phi_topology_mf_v0_v1",
  "lmax": 320,
  "metric": "Minkowski-style morphology: V0(area) + V1(perimeter proxy) vs phase-random surrogates",
  "n_sims": 2000,
  "nside": 256,
  "observed": {
    "D0_L2": 0.0010369270778005687,
    "D0_sum_sq_legacy": 1.0752177646760254e-05,
    "D1_L2": 19.571785558058004,
    "D1_sum_sq_legacy": 3830.5478993060747,
    "D_mf": 19.57178558552657,
    "Z0": 0.017753853683063727,
    "Z1": -0.19612472802510633,
    "Z_mf": 0.19692665706684193,
    "map_mean": -9.535831385776526e-08,
    "map_std": 0.06035932900537376,
    "v0_curve": [
      0.9986852010091146,
      0.9981676737467448,
      0.9974797566731771,
      0.9964650472005209,
      0.9952570597330729,
      0.9936815897623698,
      0.991675059000651,
      0.9890785217285156,
      0.9859110514322916,
      0.9819908142089844,
      0.9770355224609375,
      0.9709027608235677,
      0.9637718200683594,
      0.9550704956054688,
      0.9450963338216146,
      0.9328409830729166,
      0.9188321431477865,
      0.9026743570963541,
      0.8843701680501302,
      0.8637466430664062,
      0.8408737182617188,
      0.8157539367675781,
      0.788445790608724,
      0.758111317952474,
      0.725799560546875,
      0.691314697265625,
      0.6552327473958334,
      0.6175944010416666,
      0.5795631408691406,
      0.5405832926432291,
      0.500616709391276,
      0.4609171549479167,
      0.42169952392578125,
      0.3831062316894531,
      0.3456980387369792,
      0.30980809529622394,
      0.2753092447916667,
      0.24302037556966147,
      0.21275965372721353,
      0.18461736043294272,
      0.1591466267903646,
      0.13594818115234375,
      0.11524073282877605,
      0.0966351826985677,
      0.08057022094726562,
      0.06629562377929688,
      0.054248809814453125,
      0.04419581095377604,
      0.035619099934895836,
      0.028341929117838543,
      0.022326151529947918,
      0.017508188883463543,
      0.013559977213541666,
      0.010411580403645834,
      0.007884979248046875,
      0.005889892578125,
      0.004309336344401042,
      0.0031878153483072915,
      0.0023015340169270835,
      0.00171661376953125,
      0.0012537638346354167
    ],
    "v1_curve": [
      12.157757475884,
      16.823607182057856,
      24.304693329118376,
      35.90859871487343,
      40.85786386071978,
      53.64520340172325,
      71.43802283686924,
      88.32486673219238,
      108.60804098847905,
      131.5682065059332,
      167.92699163149115,
      203.86608996558525,
      240.065467489186,
      289.59232566249295,
      341.30425312371386,
      418.57179511459725,
      465.77455291525456,
      543.9119353495855,
      626.0180260933015,
      682.2816896333633,
      767.4113092003147,
      833.2796854700936,
      921.6671427023697,
      1003.1713898507718,
      1073.3164292076676,
      1147.9544190254915,
      1188.3977772720943,
      1236.3776891311109,
      1247.4068158918392,
      1282.6113676422688,
      1300.5780342028609,
      1310.7334748423546,
      1284.5827590425142,
      1238.298882471602,
      1203.9634200650437,
      1165.6934088628905,
      1113.1867050196213,
      1036.3358862853875,
      978.4771886355265,
      895.619190344081,
      828.6007849469254,
      728.6844178429142,
      673.2316665057582,
      568.1019702207249,
      502.64649764847445,
      437.5143179398938,
      381.4869611698025,
      309.5231836745833,
      269.9382686325377,
      222.0614374882256,
      197.73509922823663,
      144.73248490344045,
      116.81482679335964,
      89.03585126064,
      73.52653130928363,
      59.94546969176812,
      42.83715786878351,
      33.64784320004349,
      24.062531594231864,
      16.507535808315943,
      17.325250986718906
    ]
  },
  "p_high": 0.41629185407296354,
  "p_high_mf": 0.5492253873063468,
  "p_low": 0.584207896051974,
  "p_low_mf": 0.4512743628185907,
  "p_two_sided": 0.8325837081459271,
  "p_two_sided_mf": 0.9025487256371814,
  "provenance": {
    "dat_url": "GAUSSIAN_CONTROL_FROM: https://github.com/gradient-pulse/phi-mesh/releases/download/data-2026-02-15-planck-lensing-R3/planck_pr3_lensing_mv_dat_klm.fits",
    "mf_url": "GAUSSIAN_CONTROL_MF_ZERO_FROM: https://github.com/gradient-pulse/phi-mesh/releases/download/data-2026-02-15-planck-lensing-R3/planck_pr3_lensing_mv_mf_klm.fits"
  },
  "seed": 731,
  "surrogate": {
    "D0_mean": 0.0010283312383199989,
    "D0_std": 0.00048416752971045484,
    "D1_mean": 20.06333127345516,
    "D1_std": 2.5062913807290603,
    "D_mf_mean": 20.06333130556804,
    "D_mf_std": 2.5062913813644907,
    "v0_mean_curve": [
      0.9986482563018797,
      0.9981313501993795,
      0.9974407164255761,
      0.9965267340342211,
      0.9953286368052163,
      0.9937748222351078,
      0.9917823333740238,
      0.9892500483194971,
      0.986065244674683,
      0.9820961335500074,
      0.9772029431660997,
      0.9712265663146975,
      0.9640061658223452,
      0.9553648605346692,
      0.9451244157155361,
      0.9331148573557532,
      0.9191600564320869,
      0.9031168282826724,
      0.8848555469512938,
      0.8642628440856951,
      0.8412879994710285,
      0.8159012076059977,
      0.7881210651397706,
      0.7580304654439278,
      0.7257646783192945,
      0.6915017592112236,
      0.6554899673461935,
      0.6180031770070401,
      0.5793730036417637,
      0.5399582805633543,
      0.5001507059733071,
      0.460336377461751,
      0.42090451494852693,
      0.38225467618306425,
      0.3447366129557292,
      0.3086835886637375,
      0.2743854745229089,
      0.2420785217285156,
      0.21195060984293634,
      0.1841275793711346,
      0.15870600509643557,
      0.13569577980041506,
      0.11507985941569004,
      0.09679150199890132,
      0.08073041534423825,
      0.06676099332173666,
      0.0547435792287189,
      0.044503286997477146,
      0.03586242167154952,
      0.028645107269287137,
      0.0226806259155273,
      0.017797803878784175,
      0.013839344660441077,
      0.01066523742675781,
      0.008144301732381185,
      0.0061629606882731116,
      0.004620264689127604,
      0.0034310290018717444,
      0.002526166915893558,
      0.001840523401896157,
      0.0013296909332275392
    ],