{
  "diagnostics": {
    "excess_kurt_x_obs": 0.010753285511577726,
    "imag_frac_nonzero_eps1e-12": 0.9922480620155039,
    "imag_max_abs": 0.01449658843960036,
    "skew_x_obs": 0.07602157156502111,
    "v1_delta_bandwidth_dnu": 0.10000000000000009,
    "v1_symmetry_corr": 0.9953358496567202,
    "verify_l2_from_curves": {
      "D0_match": true,
      "D0_recomputed": 0.005167599373820088,
      "D0_reported": 0.005167599373820088,
      "D1_match": true,
      "D1_recomputed": 19.775516968262103,
      "D1_reported": 19.775516968262103,
      "tol_abs": 1e-12,
      "tol_rel": 1e-10,
      "verify_dnu": 0.10000000000000009
    }
  },
  "hint": "This script compares observed morphology against phase-randomized surrogates that preserve |a_lm|. V0(nu) is excursion-set area fraction; V1(nu) is a perimeter proxy estimated from |\u2207x| in a nu-band. Distances D0 and D1 are L2 distances (sqrt(sum((a-b)^2)*dnu)) to surrogate-mean curves. D_mf combines them as sqrt(D0^2 + D1^2). Z_mf is the scale-free combined z-distance.",
  "kind": "planck_pr3_lensing_phi_topology_mf_v0_v1",
  "lmax": 256,
  "metric": "Minkowski-style morphology: V0(area) + V1(perimeter proxy) vs phase-random surrogates",
  "n_sims": 2000,
  "nside": 256,
  "observed": {
    "D0_L2": 0.005167599373820088,
    "D0_sum_sq_legacy": 0.0002670408328830574,
    "D1_L2": 19.775516968262103,
    "D1_sum_sq_legacy": 3910.71071362022,
    "D_mf": 19.775517643442498,
    "Z0": 2.369837545965439,
    "Z1": 0.8924916029865166,
    "Z_mf": 2.532325266562125,
    "map_mean": 8.960584938107197e-09,
    "map_std": 0.04837183480464915,
    "v0_curve": [
      0.9990043640136719,
      0.998572031656901,
      0.9979832967122396,
      0.997198740641276,
      0.9961840311686198,
      0.9947547912597656,
      0.9929707845052084,
      0.9906183878580729,
      0.9876848856608073,
      0.9839375813802084,
      0.9792327880859375,
      0.9734319051106771,
      0.9663124084472656,
      0.95770263671875,
      0.94757080078125,
      0.9353993733723959,
      0.9213307698567709,
      0.9050687154134115,
      0.8866602579752604,
      0.8654925028483073,
      0.8422088623046875,
      0.8158887227376302,
      0.7874425252278646,
      0.7566095987955729,
      0.7237078348795573,
      0.6885414123535156,
      0.6516215006510416,
      0.6133689880371094,
      0.5741793314615885,
      0.5341199239095052,
      0.4943122863769531,
      0.45419565836588544,
      0.41487884521484375,
      0.3763847351074219,
      0.3399213155110677,
      0.30448277791341144,
      0.2710838317871094,
      0.23974100748697916,
      0.21060943603515625,
      0.18371963500976562,
      0.15891520182291666,
      0.1365839640299479,
      0.11644236246744792,
      0.0984052022298177,
      0.0825513203938802,
      0.06870651245117188,
      0.05693181355794271,
      0.046596527099609375,
      0.037990570068359375,
      0.030853271484375,
      0.024815877278645832,
      0.019827524820963543,
      0.01580810546875,
      0.012514750162760416,
      0.009830474853515625,
      0.007564544677734375,
      0.005858103434244792,
      0.004468282063802083,
      0.003360748291015625,
      0.0024884541829427085,
      0.0018450419108072917
    ],
    "v1_curve": [
      12.099306774482296,
      14.417080537439231,
      18.74979388728552,
      22.81593518851825,
      34.66232587398701,
      41.42500043652849,
      54.13605598012699,
      68.99884943434279,
      90.3326779846957,
      111.37159106219494,
      136.9079558732233,
      171.69971651000333,
      208.4504014340418,
      247.53065405288868,
      291.69822663390414,
      343.17736997495075,
      386.3593326430083,
      450.6231479323121,
      499.09636767795695,
      565.1590268778557,
      634.7420479462563,
      715.550651565492,
      754.5239736980758,
      804.7906384557767,
      841.234343123062,
      896.1777987981369,
      930.5406849427454,
      947.4844754225892,
      965.8225322153226,
      954.480901648497,
      969.9879805756586,
      959.202473699677,
      912.1096501020924,
      882.0349179943803,
      837.4723255816726,
      794.7486129463082,
      757.4794013568792,
      686.2791335872329,
      631.1025569880359,
      585.8600693983874,
      523.5540974780737,
      468.0721433961449,
      421.69407707679073,
      359.9075161350576,
      317.7884475645525,
      270.05970923610164,
      232.29575692718274,
      196.56572042333875,
      160.92948917152725,
      132.19755115309798,
      115.11605824019745,
      91.43595124877449,
      72.11114588040722,
      60.250551833712116,
      49.53338729703799,
      41.26014322925275,
      30.66210517932558,
      24.541274950624025,
      19.67380688222103,
      14.062351955333519,
      10.919173149349588
    ]
  },
  "p_high": 0.030484757621189407,
  "p_high_mf": 0.15542228885557222,
  "p_low": 0.9700149925037481,
  "p_low_mf": 0.8450774612693653,
  "p_two_sided": 0.06096951524237881,
  "p_two_sided_mf": 0.31084457771114443,
  "provenance": {
    "dat_url": "GAUSSIAN_CONTROL_FROM: https://github.com/gradient-pulse/phi-mesh/releases/download/data-2026-02-15-planck-lensing-R3/planck_pr3_lensing_mv_dat_klm.fits",
    "mf_url": "GAUSSIAN_CONTROL_MF_ZERO_FROM: https://github.com/gradient-pulse/phi-mesh/releases/download/data-2026-02-15-planck-lensing-R3/planck_pr3_lensing_mv_mf_klm.fits"
  },
  "seed": 731,
  "surrogate": {
    "D0_mean": 0.0021258583291168206,
    "D0_std": 0.0012835230203360223,
    "D1_mean": 16.837398745088308,
    "D1_std": 3.2920401865317976,
    "D_mf_mean": 16.83739890751749,
    "D_mf_std": 3.292040292311124,
    "v0_mean_curve": [
      0.9987786629994703,
      0.9982948163350418,
      0.9976414394378669,
      0.996769452412921,
      0.9956191768646243,
      0.9941159470876055,
      0.9921746908823644,
      0.9896938527425136,
      0.9865563125610349,
      0.9826311308542901,
      0.9777697614034017,
      0.9718149522145589,
      0.9646001440684006,
      0.9559419504801431,
      0.9456622676849373,
      0.9335902500152601,
      0.919543859481811,
      0.9033816420237211,
      0.8849677162170395,
      0.8642160358428954,
      0.8410582065582279,
      0.8154773209889732,
      0.7874986324310284,
      0.7572202192942306,
      0.7247834993998201,
      0.6903777612050377,
      0.654246636072794,
      0.6166854476928708,
      0.5780191268920902,
      0.5386180305480955,
      0.49886308987935474,
      0.459137852350871,
      0.41983707618713384,
      0.3813505770365404,
      0.34401051394144666,
      0.30815461031595837,
      0.2740580024719247,
      0.24194325637817343,
      0.21199477450052923,
      0.18433723449707057,
      0.15905084037780784,
      0.13615212504068994,
      0.11562052218119317,
      0.0973837140401206,
      0.08135255432128896,
      0.06738946851094557,
      0.055351270675659155,
      0.04507541084289552,
      0.03639144070943198,
      0.029121361414591485,
      0.02310040156046545,
      0.01816088867187502,
      0.014150640487670892,
      0.010926627477010066,
      0.00835992876688638,
      0.006336506525675459,
      0.004757193247477206,
      0.003538934707641599,
      0.0026062157948811863,
      0.0019015763600667317,
      0.0013742593129475937
    ],