{
  "diagnostics": {
    "excess_kurt_x_obs": -0.018130832769213345,
    "imag_frac_nonzero_eps1e-12": 0.9922480620155039,
    "imag_max_abs": 0.023425396082230418,
    "skew_x_obs": 0.0013503006127238149,
    "v1_delta_bandwidth_dnu": 0.10000000000000009,
    "v1_symmetry_corr": 0.9971928214554455,
    "verify_l2_from_curves": {
      "D0_match": true,
      "D0_recomputed": 0.0006244195764009537,
      "D0_reported": 0.0006244195764009537,
      "D1_match": true,
      "D1_recomputed": 14.313117819731236,
      "D1_reported": 14.313117819731236,
      "tol_abs": 1e-12,
      "tol_rel": 1e-10,
      "verify_dnu": 0.10000000000000009
    }
  },
  "hint": "This script compares observed morphology against phase-randomized surrogates that preserve |a_lm|. V0(nu) is excursion-set area fraction; V1(nu) is a perimeter proxy estimated from |\u2207x| in a nu-band. Distances D0 and D1 are L2 distances (sqrt(sum((a-b)^2)*dnu)) to surrogate-mean curves. D_mf combines them as sqrt(D0^2 + D1^2). Z_mf is the scale-free combined z-distance.",
  "kind": "planck_pr3_lensing_phi_topology_mf_v0_v1",
  "lmax": 256,
  "metric": "Minkowski-style morphology: V0(area) + V1(perimeter proxy) vs phase-random surrogates",
  "n_sims": 2000,
  "nside": 256,
  "observed": {
    "D0_L2": 0.0006244195764009537,
    "D0_sum_sq_legacy": 3.898998073927462e-06,
    "D1_L2": 14.313117819731236,
    "D1_sum_sq_legacy": 2048.653417215077,
    "D_mf": 14.313117833351603,
    "Z0": -1.1824052310235913,
    "Z1": -0.7927704748529458,
    "Z_mf": 1.423575483123574,
    "map_mean": 5.318017195635067e-08,
    "map_std": 0.04871526270847674,
    "v0_curve": [
      0.9987983703613281,
      0.9983202616373698,
      0.9976577758789062,
      0.9967447916666666,
      0.9955952962239584,
      0.9940058390299479,
      0.9919967651367188,
      0.9894396464029948,
      0.9862111409505209,
      0.9822731018066406,
      0.9772211710611979,
      0.9712079366048177,
      0.963812510172526,
      0.9551862080891927,
      0.9448432922363281,
      0.9327430725097656,
      0.9185892740885416,
      0.9025128682454427,
      0.8843549092610677,
      0.8639424641927084,
      0.8410453796386719,
      0.8156255086263021,
      0.787872314453125,
      0.7578214009602865,
      0.7256075541178385,
      0.6912727355957031,
      0.6550242106119791,
      0.6177215576171875,
      0.5793037414550781,
      0.5402119954427084,
      0.5004361470540365,
      0.46093114217122394,
      0.4213307698567708,
      0.38299306233723956,
      0.3451703389485677,
      0.30913416544596356,
      0.2743937174479167,
      0.24199422200520834,
      0.2117640177408854,
      0.183929443359375,
      0.15858840942382812,
      0.13555908203125,
      0.11487960815429688,
      0.0966784159342448,
      0.0808728535970052,
      0.06699371337890625,
      0.05493291219075521,
      0.044498443603515625,
      0.03597259521484375,
      0.028722127278645832,
      0.022780100504557293,
      0.017800649007161457,
      0.013867696126302084,
      0.010690053304036459,
      0.008177439371744791,
      0.006055196126302083,
      0.004498799641927083,
      0.003326416015625,
      0.00246429443359375,
      0.001781463623046875,
      0.001300811767578125
    ],
    "v1_curve": [
      11.44302804777397,
      14.41101498146814,
      21.64682655517293,
      26.37220099193593,
      37.85110370123443,
      50.1348649922126,
      61.50888742643621,
      74.84666177619208,
      101.62341952874225,
      121.659550194149,
      154.43046334171436,
      179.20923989024328,
      214.8665753652128,
      252.0722850941977,
      312.6913568549052,
      354.9828770164657,
      396.8611668377533,
      438.1406219364879,
      491.58284538931383,
      567.4577194942412,
      625.34652358709,
      665.3704575947719,
      740.9631916064125,
      772.3842107773366,
      821.4331692656809,
      855.3749990278201,
      876.9074546776275,
      914.1708692779569,
      926.2885162628711,
      921.6189309759152,
      940.051735526028,
      920.3387235195087,
      893.4002849685776,
      882.064642853215,
      841.4301983598199,
      800.7081103525103,
      759.7036287960802,
      709.7316783676091,
      654.1208795597488,
      596.8192714500659,
      540.322987804652,
      477.81591787130645,
      435.4552827828222,
      373.2041607110352,
      329.3531672018002,
      282.39591519811256,
      248.142745846732,
      206.94790948059142,
      176.18284176241394,
      139.10818266092787,
      119.05562673691763,
      96.43908177884092,
      75.01270935181488,
      61.548664313603325,
      50.47738789541368,
      38.6814546875665,
      30.036974895738485,
      20.016180410335718,
      15.580797869405025,
      12.838597972098372,
      8.89693344083616
    ]
  },
  "p_high": 0.9650174912543729,
  "p_high_mf": 0.7981009495252374,
  "p_low": 0.03548225887056472,
  "p_low_mf": 0.20239880059970014,
  "p_two_sided": 0.07096451774112944,
  "p_two_sided_mf": 0.4047976011994003,
  "provenance": {
    "dat_url": "GAUSSIAN_CONTROL_FROM: https://github.com/gradient-pulse/phi-mesh/releases/download/data-2026-02-15-planck-lensing-R3/planck_pr3_lensing_mv_dat_klm.fits",
    "mf_url": "GAUSSIAN_CONTROL_MF_ZERO_FROM: https://github.com/gradient-pulse/phi-mesh/releases/download/data-2026-02-15-planck-lensing-R3/planck_pr3_lensing_mv_mf_klm.fits"
  },
  "seed": 731,
  "surrogate": {
    "D0_mean": 0.002245751177427876,
    "D0_std": 0.0013712148411449084,
    "D1_mean": 16.975653486040645,
    "D1_std": 3.358520215833333,
    "D_mf_mean": 16.97565366768498,
    "D_mf_std": 3.3585203283834852,
    "v0_mean_curve": [
      0.998658985773722,
      0.998141567230224,
      0.9974494101206459,
      0.9965316632588711,
      0.9953294798533113,
      0.9937699635823543,
      0.9917636807759611,
      0.9892174301147477,
      0.9860123863220219,
      0.982024079640707,
      0.9771049187978119,
      0.97109938430786,
      0.9638507741292334,
      0.9551732006072985,
      0.9449018363952633,
      0.9328575795491538,
      0.9188789583841961,
      0.9028160762786877,
      0.8845373770395915,
      0.8639532782236725,
      0.840991702397665,
      0.8156314093271878,
      0.7879098129272459,
      0.7578814322153742,
      0.7256899998982741,
      0.6915197671254469,
      0.6555937684377031,
      0.6181984869639066,
      0.5796574033101414,
      0.5403337306976315,
      0.5005940666198729,
      0.4608319924672437,
      0.42144706662496023,
      0.3828232269287103,
      0.34531310208638505,
      0.309241505304972,
      0.2748992856343586,
      0.2425381437937417,
      0.21234373728434203,
      0.18445214653015138,
      0.15894114303588855,
      0.1358419443766276,
      0.11513870557149244,
      0.0967747631072997,
      0.08065060488382969,
      0.06663823954264332,
      0.054573610305786106,
      0.04430301856994637,
      0.03564507039388019,
      0.02841786193847652,
      0.022452290217081703,
      0.017575067520141593,
      0.013630125045776358,
      0.01046964772542317,
      0.007968079884846995,
      0.0060065021514892685,
      0.004482637405395507,
      0.0033144009908040437,
      0.0024254595438639296,
      0.0017584540049235015,
      0.0012620061238606739
    ],