{
  "diagnostics": {
    "excess_kurt_x_obs": -0.02562329948830744,
    "imag_frac_nonzero_eps1e-12": 0.9937888198757764,
    "imag_max_abs": 0.010212087676626605,
    "skew_x_obs": 0.016985154594322815,
    "v1_delta_bandwidth_dnu": 0.10000000000000009,
    "v1_symmetry_corr": 0.9985061420887021,
    "verify_l2_from_curves": {
      "D0_match": true,
      "D0_recomputed": 0.0025191882511835847,
      "D0_reported": 0.0025191882511835847,
      "D1_match": true,
      "D1_recomputed": 18.173724904119286,
      "D1_reported": 18.173724904119286,
      "tol_abs": 1e-12,
      "tol_rel": 1e-10,
      "verify_dnu": 0.10000000000000009
    }
  },
  "hint": "This script compares observed morphology against phase-randomized surrogates that preserve |a_lm|. V0(nu) is excursion-set area fraction; V1(nu) is a perimeter proxy estimated from |\u2207x| in a nu-band. Distances D0 and D1 are L2 distances (sqrt(sum((a-b)^2)*dnu)) to surrogate-mean curves. D_mf combines them as sqrt(D0^2 + D1^2). Z_mf is the scale-free combined z-distance.",
  "kind": "planck_pr3_lensing_phi_topology_mf_v0_v1",
  "lmax": 320,
  "metric": "Minkowski-style morphology: V0(area) + V1(perimeter proxy) vs phase-random surrogates",
  "n_sims": 2000,
  "nside": 256,
  "observed": {
    "D0_L2": 0.0025191882511835847,
    "D0_sum_sq_legacy": 6.346309444901401e-05,
    "D1_L2": 18.173724904119286,
    "D1_sum_sq_legacy": 3302.8427689060522,
    "D_mf": 18.173725078720516,
    "Z0": 0.14433092454011395,
    "Z1": -0.9683040488880864,
    "Z_mf": 0.9790016071854355,
    "map_mean": -9.958686203445065e-08,
    "map_std": 0.06297920702857746,
    "v0_curve": [
      0.9987945556640625,
      0.9983291625976562,
      0.9976603190104166,
      0.9968070983886719,
      0.9956652323404948,
      0.994146982828776,
      0.9922396341959635,
      0.9897715250651041,
      0.9865709940592448,
      0.9826164245605469,
      0.9777717590332031,
      0.9719492594401041,
      0.9647649129231771,
      0.9560712178548177,
      0.9458872477213541,
      0.9337895711263021,
      0.9196090698242188,
      0.9034500122070312,
      0.8850326538085938,
      0.8643786112467448,
      0.8412450154622396,
      0.8155415852864584,
      0.7874844868977865,
      0.7571029663085938,
      0.7242863972981771,
      0.6898816426595052,
      0.6533966064453125,
      0.6159947713216146,
      0.5779495239257812,
      0.5385869344075521,
      0.4988199869791667,
      0.4590441385904948,
      0.41975657145182294,
      0.38121668497721356,
      0.3440895080566406,
      0.30824915568033856,
      0.27391815185546875,
      0.24191792805989584,
      0.21181869506835938,
      0.18408711751302084,
      0.15906651814778647,
      0.13631184895833334,
      0.1158739725748698,
      0.09784571329752605,
      0.0818328857421875,
      0.06795756022135417,
      0.05571873982747396,
      0.04534784952799479,
      0.03648503621419271,
      0.029187520345052082,
      0.023167928059895832,
      0.018309275309244793,
      0.014237721761067709,
      0.010813395182291666,
      0.008286794026692709,
      0.006285349527994792,
      0.00467681884765625,
      0.0034586588541666665,
      0.0025431315104166665,
      0.0018475850423177083,
      0.0012982686360677083
    ],
    "v1_curve": [
      11.753471290396645,
      15.78377284872731,
      20.478930018856417,
      26.890293014072313,
      37.89108318545905,
      49.227264350905635,
      61.7664027140717,
      80.41616060468765,
      97.6969292808935,
      125.15338096908708,
      151.02133368632838,
      185.09897190590527,
      222.33807702072963,
      267.82780784263997,
      316.6245702759694,
      385.3960626443942,
      433.5820398235874,
      499.8623421999961,
      563.6607917779285,
      639.5914830507586,
      716.0044953884219,
      782.9683995676022,
      881.3834367373956,
      947.0082926787269,
      1011.2823349316587,
      1083.659687899521,
      1118.099975914231,
      1158.8824359994467,
      1196.6735034392048,
      1228.404812353918,
      1234.7695808313001,
      1242.6737678980123,
      1243.3118591364416,
      1209.410761460748,
      1164.4796755814289,
      1120.966090915436,
      1062.4790835371052,
      1015.0453533954477,
      942.4702539944782,
      868.4701359217629,
      796.3860407238814,
      743.0470096531699,
      636.1954384185988,
      568.4568389849076,
      508.97898879798305,
      437.9489457719196,
      372.54566615799234,
      314.3726014475052,
      282.8253057722646,
      224.12049928106407,
      201.3382967347471,
      141.8011957157185,
      125.34480073442555,
      98.48034236801652,
      78.79114382688553,
      58.41529633705768,
      50.37064431051339,
      32.42898376820067,
      27.401729398399162,
      19.369334556523782,
      15.672563991642367
    ]
  },
  "p_high": 0.34832583708145926,
  "p_high_mf": 0.8570714642678661,
  "p_low": 0.6521739130434783,
  "p_low_mf": 0.14342828585707146,
  "p_two_sided": 0.6966516741629185,
  "p_two_sided_mf": 0.2868565717141429,
  "provenance": {
    "dat_url": "GAUSSIAN_CONTROL_FROM: https://github.com/gradient-pulse/phi-mesh/releases/download/data-2026-02-15-planck-lensing-R3/planck_pr3_lensing_mv_dat_klm.fits",
    "mf_url": "GAUSSIAN_CONTROL_MF_ZERO_FROM: https://github.com/gradient-pulse/phi-mesh/releases/download/data-2026-02-15-planck-lensing-R3/planck_pr3_lensing_mv_mf_klm.fits"
  },
  "seed": 731,
  "surrogate": {
    "D0_mean": 0.0023052016536067588,
    "D0_std": 0.001482610869837202,
    "D1_mean": 22.53213434940984,
    "D1_std": 4.50107530821064,
    "D_mf_mean": 22.532134493672057,
    "D_mf_std": 4.501075420453226,
    "v0_mean_curve": [
      0.9986414082845039,
      0.9981191361745195,
      0.9974214274088552,
      0.9964977741241451,
      0.9952884445190426,
      0.9937217725118006,
      0.9917123057047516,
      0.9891584892272942,
      0.9859477958679208,
      0.981951595306394,
      0.9770308100382477,
      0.9710225359598796,
      0.9637688528696685,
      0.9550949935913089,
      0.9448333441416433,
      0.9327987035115552,
      0.9188407052357987,
      0.9027968915303554,
      0.8845477949778234,
      0.8639801851908365,
      0.8410430456797293,
      0.815707364400227,
      0.7880010019938145,
      0.7579979769388844,
      0.7258185927073141,
      0.6916590398152673,
      0.6557443720499669,
      0.6183579591115305,
      0.579813960393269,
      0.5404777596791577,
      0.5007300847371421,
      0.460960762023926,
      0.42156014188130714,
      0.3829061749776202,
      0.34537424023946195,
      0.3092927786509192,
      0.27493741607666,
      0.24255723508199056,
      0.21234367179870642,
      0.1844262440999345,
      0.15890307998657224,
      0.13580433400472014,
      0.11510366058349611,
      0.09673392677307133,
      0.08060111554463702,
      0.0665827204386394,
      0.05452081743876145,
      0.044244416554768844,
      0.035583712259928346,
      0.02835956255594892,
      0.022397860844930024,
      0.017525787989298495,
      0.013584723790486645,
      0.010430789311726885,
      0.007931856155395507,
      0.005973502477010105,
      0.004456521352132153,
      0.0032924092610677044,
      0.0024082902272542285,
      0.0017452570597330712,
      0.0012518062591552722
    ],