{
  "diagnostics": {
    "excess_kurt_x_obs": 0.01942149652601266,
    "imag_frac_nonzero_eps1e-12": 0.9937888198757764,
    "imag_max_abs": 0.0586738624819196,
    "skew_x_obs": -0.060046103439645636,
    "v1_delta_bandwidth_dnu": 0.10000000000000009,
    "v1_symmetry_corr": 0.9995616093120261,
    "verify_l2_from_curves": {
      "D0_match": true,
      "D0_recomputed": 0.005635302552226226,
      "D0_reported": 0.005635302552226226,
      "D1_match": true,
      "D1_recomputed": 30.31342417200077,
      "D1_reported": 30.31342417200077,
      "tol_abs": 1e-12,
      "tol_rel": 1e-10,
      "verify_dnu": 0.10000000000000009
    }
  },
  "hint": "This script compares observed morphology against phase-randomized surrogates that preserve |a_lm|. V0(nu) is excursion-set area fraction; V1(nu) is a perimeter proxy estimated from |\u2207x| in a nu-band. Distances D0 and D1 are L2 distances (sqrt(sum((a-b)^2)*dnu)) to surrogate-mean curves. D_mf combines them as sqrt(D0^2 + D1^2). Z_mf is the scale-free combined z-distance.",
  "kind": "planck_pr3_lensing_phi_topology_mf_v0_v1",
  "lmax": 320,
  "metric": "Minkowski-style morphology: V0(area) + V1(perimeter proxy) vs phase-random surrogates",
  "n_sims": 2000,
  "nside": 256,
  "observed": {
    "D0_L2": 0.005635302552226226,
    "D0_sum_sq_legacy": 0.0003175663485512738,
    "D1_L2": 30.31342417200077,
    "D1_sum_sq_legacy": 9189.036850316395,
    "D_mf": 30.313424695805576,
    "Z0": 0.47582929213956354,
    "Z1": 0.35695985161055954,
    "Z_mf": 0.5948393488328347,
    "map_mean": 6.886766043198711e-08,
    "map_std": 0.0670338252597341,
    "v0_curve": [
      0.9983202616373698,
      0.9976590474446615,
      0.9968681335449219,
      0.9958597819010416,
      0.9945030212402344,
      0.9928169250488281,
      0.9906400044759115,
      0.9880091349283854,
      0.9845657348632812,
      0.9804039001464844,
      0.9753506978352865,
      0.9692484537760416,
      0.9619623819986979,
      0.9532648722330729,
      0.9429842631022135,
      0.9312159220377604,
      0.9174092610677084,
      0.9016799926757812,
      0.8839975992838541,
      0.8641331990559896,
      0.8417396545410156,
      0.8172047932942709,
      0.7898368835449219,
      0.7603200276692709,
      0.728979746500651,
      0.6952667236328125,
      0.659637451171875,
      0.6223564147949219,
      0.5842361450195312,
      0.5446891784667969,
      0.5044682820638021,
      0.46407445271809894,
      0.4248758951822917,
      0.3855234781901042,
      0.3471031188964844,
      0.3103040059407552,
      0.2752545674641927,
      0.24260711669921875,
      0.21190897623697916,
      0.1837336222330729,
      0.15792973836263022,
      0.13445154825846353,
      0.1135241190592448,
      0.09496815999348958,
      0.07889429728190105,
      0.06488800048828125,
      0.052898406982421875,
      0.042877197265625,
      0.03441747029622396,
      0.027303059895833332,
      0.021441141764322918,
      0.016726175944010418,
      0.012849171956380209,
      0.00984954833984375,
      0.007353464762369792,
      0.005542755126953125,
      0.004027048746744792,
      0.0029436747233072915,
      0.0021451314290364585,
      0.0015246073404947917,
      0.0010553995768229167
    ],
    "v1_curve": [
      14.647402084717688,
      19.25621807893729,
      22.528895043866303,
      38.61809662773389,
      41.96536732400748,
      54.71664219073891,
      64.65735393115995,
      89.94190016906973,
      117.90261407711132,
      130.62399037047277,
      158.12136495831183,
      184.48839954171572,
      230.21591847469307,
      273.8952814591951,
      318.1943363854785,
      375.16790348036375,
      430.7553392572304,
      510.9557379313623,
      556.1051514388633,
      627.584745426636,
      702.0516508585408,
      786.912793456661,
      853.8006460753458,
      904.58082680712,
      960.4757220057486,
      1029.2336818360038,
      1116.2155888767072,
      1114.9160382116222,
      1182.4727395460673,
      1190.6893176545566,
      1212.9250681427668,
      1172.0201682171592,
      1175.1942809406044,
      1137.5525120440202,
      1107.6082115033673,
      1057.668842072905,
      990.4286950763722,
      922.9243049310099,
      864.3098769970603,
      777.8583904809245,
      708.7048092461671,
      633.122748955713,
      572.3109111662502,
      490.46051429968963,
      432.82835888793903,
      366.2487425909102,
      309.83694134650165,
      259.6001813599317,
      215.04826451449597,
      180.0446304015568,
      149.01579415119502,
      116.13030662385577,
      91.10066044906662,
      72.82548689466539,
      59.5988047357121,
      45.45367831311359,
      33.606385507259915,
      23.8605317244081,
      19.014111384600383,
      13.6894958899332,
      11.25667997796928
    ]
  },
  "p_high": 0.2893553223388306,
  "p_high_mf": 0.3023488255872064,
  "p_low": 0.711144427786107,
  "p_low_mf": 0.6981509245377311,
  "p_two_sided": 0.5787106446776612,
  "p_two_sided_mf": 0.6046976511744128,
  "provenance": {
    "dat_url": "GAUSSIAN_CONTROL_FROM: https://github.com/gradient-pulse/phi-mesh/releases/download/data-2026-02-15-planck-lensing-R3/planck_pr3_lensing_mv_dat_klm.fits",
    "mf_url": "GAUSSIAN_CONTROL_MF_ZERO_FROM: https://github.com/gradient-pulse/phi-mesh/releases/download/data-2026-02-15-planck-lensing-R3/planck_pr3_lensing_mv_mf_klm.fits"
  },
  "seed": 731,
  "surrogate": {
    "D0_mean": 0.004380091690618443,
    "D0_std": 0.002637943654043943,
    "D1_mean": 27.323594776243624,
    "D1_std": 8.375814205063671,
    "D_mf_mean": 27.32359516520187,
    "D_mf_std": 8.375814496822708,
    "v0_mean_curve": [
      0.9987974077860515,
      0.9983099028269449,
      0.9976504122416174,
      0.9967699508666982,
      0.9956042277018221,
      0.9940813096364347,
      0.9921089185078918,
      0.9895868841807048,
      0.9863986492156983,
      0.9824142087300612,
      0.977485551834108,
      0.9714521427154532,
      0.9641448758443195,
      0.9553942972819,
      0.9450168158213315,
      0.9328475367228198,
      0.9187277940114315,
      0.9025071404774985,
      0.8840631148020412,
      0.8633169587453197,
      0.8401979611714687,
      0.8146974347432457,
      0.7868681818644212,
      0.7567725836435969,
      0.7245523662567142,
      0.6903989041646317,
      0.6545412228902177,
      0.617258929570516,
      0.5788707962036125,
      0.539734476725261,
      0.5002015088399256,
      0.46066763877868605,
      0.4215030657450355,
      0.38308588027954044,
      0.34576310729980475,
      0.30985133616129523,
      0.2756383590698239,
      0.2433583749135334,
      0.21319430478413906,
      0.1852947241465247,
      0.15974903043111163,
      0.1365918261210124,
      0.11580663617451965,
      0.09734223302205387,
      0.08110256958007812,
      0.06697470283508307,
      0.05480644925435378,
      0.04443704350789384,
      0.03569033432006841,
      0.028397462844848682,
      0.02237677955627436,
      0.01745865313212077,
      0.01348964500427248,
      0.01031714757283527,
      0.007813299814860026,
      0.005857243220011394,
      0.0043431262969970685,
      0.0031881618499755796,
      0.0023170541127522743,
      0.0016650390625,
      0.0011838315327962214
    ],