{
  "diagnostics": {
    "excess_kurt_x_obs": 0.13121047907295358,
    "imag_frac_nonzero_eps1e-12": 0.9846153846153847,
    "imag_max_abs": 0.03866783334279546,
    "skew_x_obs": -0.10024550578806823,
    "v1_delta_bandwidth_dnu": 0.10000000000000009,
    "v1_symmetry_corr": 0.9969482381754244,
    "verify_l2_from_curves": {
      "D0_match": true,
      "D0_recomputed": 0.018644899718802396,
      "D0_reported": 0.018644899718802396,
      "D1_match": true,
      "D1_recomputed": 39.428608676180026,
      "D1_reported": 39.428608676180026,
      "tol_abs": 1e-12,
      "tol_rel": 1e-10,
      "verify_dnu": 0.10000000000000009
    }
  },
  "hint": "This script compares observed morphology against phase-randomized surrogates that preserve |a_lm|. V0(nu) is excursion-set area fraction; V1(nu) is a perimeter proxy estimated from |\u2207x| in a nu-band. Distances D0 and D1 are L2 distances (sqrt(sum((a-b)^2)*dnu)) to surrogate-mean curves. D_mf combines them as sqrt(D0^2 + D1^2). Z_mf is the scale-free combined z-distance.",
  "kind": "planck_pr3_lensing_phi_topology_mf_v0_v1",
  "lmax": 128,
  "metric": "Minkowski-style morphology: V0(area) + V1(perimeter proxy) vs phase-random surrogates",
  "n_sims": 2000,
  "nside": 256,
  "observed": {
    "D0_L2": 0.018644899718802396,
    "D0_sum_sq_legacy": 0.0034763228552419736,
    "D1_L2": 39.428608676180026,
    "D1_sum_sq_legacy": 15546.151821393376,
    "D_mf": 39.42861308455605,
    "Z0": -0.17842375505903757,
    "Z1": 1.0749650173040017,
    "Z_mf": 1.0896718885961774,
    "map_mean": -1.2582344898331526e-09,
    "map_std": 0.039999857273530795,
    "v0_curve": [
      0.9980392456054688,
      0.9972012837727865,
      0.9960772196451823,
      0.9945220947265625,
      0.9926414489746094,
      0.9904734293619791,
      0.987847646077474,
      0.984625498453776,
      0.9810676574707031,
      0.9769935607910156,
      0.9722518920898438,
      0.9665476481119791,
      0.9596532185872396,
      0.9516563415527344,
      0.9421768188476562,
      0.9308344523111979,
      0.9179547627766927,
      0.9030189514160156,
      0.8860969543457031,
      0.8669662475585938,
      0.8455340067545573,
      0.8214251200358073,
      0.7948010762532552,
      0.7656364440917969,
      0.7343393961588541,
      0.7015291849772135,
      0.6668078104654948,
      0.6300404866536459,
      0.5907859802246094,
      0.5503794352213541,
      0.5088310241699219,
      0.46691258748372394,
      0.4252510070800781,
      0.3843828837076823,
      0.3448600769042969,
      0.3067614237467448,
      0.2709554036458333,
      0.23735809326171875,
      0.20635986328125,
      0.17779922485351562,
      0.15203221638997397,
      0.12933985392252603,
      0.10951868693033855,
      0.09246190388997395,
      0.07748667399088542,
      0.0644060770670573,
      0.053057352701822914,
      0.043271382649739586,
      0.03517278035481771,
      0.028163909912109375,
      0.022260030110677082,
      0.017627716064453125,
      0.013713836669921875,
      0.010547637939453125,
      0.008052825927734375,
      0.005977630615234375,
      0.004364013671875,
      0.0030263264973958335,
      0.0020294189453125,
      0.0013720194498697917,
      0.00091552734375
    ],
    "v1_curve": [
      3.9882282809426175,
      5.499135291583369,
      7.231210138867986,
      9.555124349597705,
      11.723239296815576,
      13.942328792737435,
      16.848633568304706,
      19.367663498207094,
      22.17531379157676,
      25.887075067367622,
      29.633257641630095,
      35.908617779946795,
      42.546115573502135,
      50.11257943951403,
      59.72223601765454,
      70.58518984482093,
      81.25967592945338,
      94.51070701858389,
      107.53149757661221,
      123.63166834193342,
      142.6961122886566,
      159.00558343975857,
      179.9474492578836,
      195.10877287501245,
      219.0767478712525,
      232.72724890534988,
      262.75326559379727,
      276.17384966219225,
      288.8935230480229,
      305.6360882243359,
      315.40402227664504,
      311.08799141217423,
      316.80262458387267,
      303.3128350552908,
      292.7429544453366,
      278.1346235812362,
      257.1324538395101,
      235.2819049692712,
      212.64890913919373,
      187.9259540680102,
      162.80255046146294,
      139.5340917466158,
      120.16912686893022,
      103.93287091410868,
      88.61500534189116,
      75.9806602774681,
      63.938539185826365,
      53.89009622796197,
      44.69571414346268,
      37.200730039695266,
      30.569619903796536,
      24.764901752287173,
      19.908088740985118,
      16.200966637457178,
      12.831275042237802,
      10.274643614503544,
      8.071666376708237,
      6.164935933641146,
      4.130383914045233,
      3.035040209189345,
      2.1938118247766587
    ]
  },
  "p_high": 0.52023988005997,
  "p_high_mf": 0.14442778610694654,
  "p_low": 0.4802598700649675,
  "p_low_mf": 0.856071964017991,
  "p_two_sided": 0.960519740129935,
  "p_two_sided_mf": 0.2888555722138931,
  "provenance": {
    "dat_url": "GAUSSIAN_CONTROL_FROM: https://github.com/gradient-pulse/phi-mesh/releases/download/data-2026-02-15-planck-lensing-R3/planck_pr3_lensing_mv_dat_klm.fits",
    "mf_url": "GAUSSIAN_CONTROL_MF_ZERO_FROM: https://github.com/gradient-pulse/phi-mesh/releases/download/data-2026-02-15-planck-lensing-R3/planck_pr3_lensing_mv_mf_klm.fits"
  },
  "seed": 731,
  "surrogate": {
    "D0_mean": 0.020520357090952304,
    "D0_std": 0.010511253793136176,
    "D1_mean": 27.25316582332872,
    "D1_std": 11.326361934444302,
    "D_mf_mean": 27.25317408109527,
    "D_mf_std": 11.32636553031885,
    "v0_mean_curve": [
      0.9992702770233148,
      0.9989005502065015,
      0.9983717912038166,
      0.9976293398539234,
      0.9966067606608063,
      0.9952154394785567,
      0.9933558934529615,
      0.9909130776723224,
      0.9877531426747643,
      0.9837211907704686,
      0.9786537488301594,
      0.9723936519622789,
      0.9647599970499664,
      0.9555711561838789,
      0.9446591657002757,
      0.931870953877768,
      0.9170608952840168,
      0.9001230360666894,
      0.8809720916748063,
      0.8595506884257016,
      0.8358663870493578,
      0.8099422823588047,
      0.7818516972859706,
      0.7517160021464034,
      0.719699043909709,
      0.6859831504821772,
      0.6508007583618168,
      0.6143852481842047,
      0.5770265115102149,
      0.539010168075562,
      0.500649493535358,
      0.46228592809041474,
      0.42422145716349224,
      0.3867774906158448,
      0.35023872566223113,
      0.3148907260894778,
      0.28100898170471156,
      0.24880964469909678,
      0.2184956309000649,
      0.19022545433044466,
      0.1641218573252364,
      0.14027101643880194,
      0.11871305147806824,
      0.09943496386210121,
      0.0824012603759767,
      0.0675327008565267,
      0.05470050366719561,
      0.043771555582682246,
      0.03459008725484208,
      0.02698406918843593,
      0.020769079208374015,
      0.015766733169555663,
      0.011796584447224938,
      0.008697137196858738,
      0.006315974553426103,
      0.004512847900390622,
      0.0031733226776123028,
      0.0021956926981608056,
      0.0014946403503417994,
      0.001001023610432943,
      0.0006592235565185551
    ],