{
  "diagnostics": {
    "excess_kurt_x_obs": -0.0083100477208915,
    "imag_frac_nonzero_eps1e-12": 0.9896907216494846,
    "imag_max_abs": 0.02101804100853161,
    "skew_x_obs": 0.010098532349470982,
    "v1_delta_bandwidth_dnu": 0.10000000000000009,
    "v1_symmetry_corr": 0.9970475773333698,
    "verify_l2_from_curves": {
      "D0_match": true,
      "D0_recomputed": 0.005926828158180999,
      "D0_reported": 0.005926828158180999,
      "D1_match": true,
      "D1_recomputed": 14.908011327071554,
      "D1_reported": 14.908011327071554,
      "tol_abs": 1e-12,
      "tol_rel": 1e-10,
      "verify_dnu": 0.10000000000000009
    }
  },
  "hint": "This script compares observed morphology against phase-randomized surrogates that preserve |a_lm|. V0(nu) is excursion-set area fraction; V1(nu) is a perimeter proxy estimated from |\u2207x| in a nu-band. Distances D0 and D1 are L2 distances (sqrt(sum((a-b)^2)*dnu)) to surrogate-mean curves. D_mf combines them as sqrt(D0^2 + D1^2). Z_mf is the scale-free combined z-distance.",
  "kind": "planck_pr3_lensing_phi_topology_mf_v0_v1",
  "lmax": 192,
  "metric": "Minkowski-style morphology: V0(area) + V1(perimeter proxy) vs phase-random surrogates",
  "n_sims": 2000,
  "nside": 256,
  "observed": {
    "D0_L2": 0.005926828158180999,
    "D0_sum_sq_legacy": 0.0003512729201660714,
    "D1_L2": 14.908011327071554,
    "D1_sum_sq_legacy": 2222.4880172809358,
    "D_mf": 14.908012505206244,
    "Z0": -0.02682509206737193,
    "Z1": -0.3521701797420167,
    "Z_mf": 0.3531903467876031,
    "map_mean": -6.872897319118674e-09,
    "map_std": 0.0391057898188767,
    "v0_curve": [
      0.9986699422200521,
      0.9981587727864584,
      0.9975140889485677,
      0.9966888427734375,
      0.995581309000651,
      0.9941050211588541,
      0.99224853515625,
      0.9897944132486979,
      0.9866663614908854,
      0.9826482137044271,
      0.9778607686360677,
      0.9718640645345052,
      0.964440663655599,
      0.9558372497558594,
      0.9455235799153646,
      0.9332962036132812,
      0.9191424051920573,
      0.9031206766764323,
      0.8846549987792969,
      0.8640276590983073,
      0.8411725362141927,
      0.8157844543457031,
      0.7877044677734375,
      0.7577260335286459,
      0.7253595987955729,
      0.6906216939290365,
      0.6545384724934896,
      0.6172650655110677,
      0.5786272684733073,
      0.5393880208333334,
      0.4992561340332031,
      0.4594472249348958,
      0.4202677408854167,
      0.38162867228190106,
      0.34405263264973956,
      0.30846532185872394,
      0.2739143371582031,
      0.24168014526367188,
      0.21120071411132812,
      0.18346786499023438,
      0.15825398763020834,
      0.13557561238606772,
      0.11520640055338542,
      0.09755961100260417,
      0.08175023396809895,
      0.06768544514973958,
      0.055722554524739586,
      0.0454254150390625,
      0.036603291829427086,
      0.029267628987630207,
      0.023242950439453125,
      0.018198649088541668,
      0.0140380859375,
      0.010786692301432291,
      0.008263905843098959,
      0.006261189778645833,
      0.004688262939453125,
      0.0034612019856770835,
      0.0024846394856770835,
      0.0017903645833333333,
      0.0012753804524739583
    ],
    "v1_curve": [
      5.58165438264292,
      8.058335211524085,
      8.790004939648336,
      12.283263092139794,
      17.416298380052705,
      20.299003682660835,
      27.600108625983577,
      34.538211847201715,
      45.16447350166843,
      57.14211393380754,
      66.51763144972233,
      83.97649573001654,
      104.54919700912421,
      119.73117068333138,
      147.01455496397543,
      174.64450396733832,
      202.94222337807722,
      234.32365461342457,
      271.325608676756,
      300.3224302810808,
      344.9640048972882,
      381.8661442833671,
      415.5410903415839,
      457.89121749377966,
      497.139697634663,
      530.8243040662584,
      566.29428142528,
      577.9730247805448,
      606.2217268201243,
      612.9358548781404,
      629.600254996579,
      632.1780319190888,
      626.0737461779751,
      625.428234894651,
      600.8310607184432,
      567.8687098219236,
      546.908761319832,
      520.8236261327002,
      475.7591317146483,
      446.4522420002331,
      406.43057915952676,
      366.0730511050338,
      322.808850288839,
      284.92887754940807,
      250.93648160683358,
      216.27291084867753,
      187.29071874061447,
      164.4031238997903,
      134.3215657473766,
      110.96721911880194,
      91.28096207957724,
      73.87423990427962,
      64.13626993296991,
      44.09062072772923,
      34.78745417487895,
      27.72547935877226,
      24.524451731779386,
      18.4647342260181,
      13.6840611885245,
      8.198143267339946,
      6.459055381532474
    ]
  },
  "p_high": 0.45827086456771615,
  "p_high_mf": 0.5477261369315343,
  "p_low": 0.5422288855572214,
  "p_low_mf": 0.4527736131934033,
  "p_two_sided": 0.9165417291354323,
  "p_two_sided_mf": 0.9055472263868066,
  "provenance": {
    "dat_url": "GAUSSIAN_CONTROL_FROM: https://github.com/gradient-pulse/phi-mesh/releases/download/data-2026-02-15-planck-lensing-R3/planck_pr3_lensing_mv_dat_klm.fits",
    "mf_url": "GAUSSIAN_CONTROL_MF_ZERO_FROM: https://github.com/gradient-pulse/phi-mesh/releases/download/data-2026-02-15-planck-lensing-R3/planck_pr3_lensing_mv_mf_klm.fits"
  },
  "seed": 731,
  "surrogate": {
    "D0_mean": 0.006018143819182745,
    "D0_std": 0.003404113610212576,
    "D1_mean": 17.088919404983827,
    "D1_std": 6.192767597500457,
    "D_mf_mean": 17.088920560031646,
    "D_mf_std": 6.192768269847198,
    "v0_mean_curve": [
      0.9984407374064114,
      0.9978568649292001,
      0.9970847657521567,
      0.9960708605448397,
      0.9947590573628741,
      0.9930748062133782,
      0.9909320125579814,
      0.9882373631795243,
      0.9848794682820636,
      0.9807348912556951,
      0.975672475179036,
      0.9695468196868896,
      0.9621978581746422,
      0.9534691607157395,
      0.9431922098795574,
      0.9312060712178548,
      0.917350833257037,
      0.9014875011444087,
      0.883486411412557,
      0.8632463455200182,
      0.8407031307220465,
      0.8158153076171877,
      0.7886091912587481,
      0.7591159572601314,
      0.7274656073252372,
      0.6938088041941332,
      0.6583488992055245,
      0.6213604405721047,
      0.5831362832387288,
      0.5440203851064057,
      0.5043674589792888,
      0.4645811634063719,
      0.4250340105692541,
      0.386131907780965,
      0.3482471618652343,
      0.31173771731058725,
      0.2769017518361411,
      0.24400459353129056,
      0.2132696240742999,
      0.18484718831380237,
      0.15885318438212062,
      0.13532376670837387,
      0.11424775250752771,
      0.09558275604248044,
      0.07922724024454733,
      0.06505359776814788,
      0.052908809661865314,
      0.04261946996053053,
      0.03399072583516437,
      0.026841706593831362,
      0.020984869003295895,
      0.016239610036214172,
      0.01243704795837404,
      0.009424874623616538,
      0.007068785349528004,
      0.005247238159179693,
      0.0038525918324788374,
      0.0027978833516438804,
      0.0020106264750162726,
      0.0014281603495279955,
      0.0010030015309651689
    ],