{
  "diagnostics": {
    "excess_kurt_x_obs": -0.020236953060080776,
    "imag_frac_nonzero_eps1e-12": 0.9922480620155039,
    "imag_max_abs": 0.0414728632956145,
    "skew_x_obs": 0.020623969823808274,
    "v1_delta_bandwidth_dnu": 0.10000000000000009,
    "v1_symmetry_corr": 0.9994644000262736,
    "verify_l2_from_curves": {
      "D0_match": true,
      "D0_recomputed": 0.0014971164160286169,
      "D0_reported": 0.0014971164160286169,
      "D1_match": true,
      "D1_recomputed": 15.620391377729431,
      "D1_reported": 15.620391377729431,
      "tol_abs": 1e-12,
      "tol_rel": 1e-10,
      "verify_dnu": 0.10000000000000009
    }
  },
  "hint": "This script compares observed morphology against phase-randomized surrogates that preserve |a_lm|. V0(nu) is excursion-set area fraction; V1(nu) is a perimeter proxy estimated from |\u2207x| in a nu-band. Distances D0 and D1 are L2 distances (sqrt(sum((a-b)^2)*dnu)) to surrogate-mean curves. D_mf combines them as sqrt(D0^2 + D1^2). Z_mf is the scale-free combined z-distance.",
  "kind": "planck_pr3_lensing_phi_topology_mf_v0_v1",
  "lmax": 256,
  "metric": "Minkowski-style morphology: V0(area) + V1(perimeter proxy) vs phase-random surrogates",
  "n_sims": 2000,
  "nside": 256,
  "observed": {
    "D0_L2": 0.0014971164160286169,
    "D0_sum_sq_legacy": 2.241357563142369e-05,
    "D1_L2": 15.620391377729431,
    "D1_sum_sq_legacy": 2439.9662679344374,
    "D_mf": 15.620391449474035,
    "Z0": -0.6868945404998092,
    "Z1": -0.5510296059829428,
    "Z_mf": 0.8806007815339261,
    "map_mean": 1.491300867286401e-08,
    "map_std": 0.049026880775474665,
    "v0_curve": [
      0.9988047281901041,
      0.9982897440592448,
      0.9976628621419271,
      0.996795654296875,
      0.995635986328125,
      0.9942220052083334,
      0.9923235575358073,
      0.9899037679036459,
      0.9868545532226562,
      0.9830207824707031,
      0.9780972798665365,
      0.972137451171875,
      0.9649543762207031,
      0.9562149047851562,
      0.9459025065104166,
      0.9338493347167969,
      0.9198455810546875,
      0.9034830729166666,
      0.8848546346028646,
      0.8641217549641927,
      0.8410377502441406,
      0.8152961730957031,
      0.7871081034342448,
      0.7567125956217448,
      0.7240257263183594,
      0.6894912719726562,
      0.653265635172526,
      0.6157341003417969,
      0.5776850382486979,
      0.5385691324869791,
      0.49872461954752606,
      0.4589246114095052,
      0.41965357462565106,
      0.38144175211588544,
      0.34401702880859375,
      0.30825551350911456,
      0.27416229248046875,
      0.24187342325846353,
      0.21215438842773438,
      0.18461227416992188,
      0.15920130411783853,
      0.13642501831054688,
      0.11594645182291667,
      0.09793853759765625,
      0.08172353108723958,
      0.06771214803059895,
      0.05538177490234375,
      0.0449676513671875,
      0.036204020182291664,
      0.029137929280598957,
      0.023073832194010418,
      0.018136342366536457,
      0.014077504475911459,
      0.010883331298828125,
      0.008347829182942709,
      0.0063934326171875,
      0.004788716634114583,
      0.0036036173502604165,
      0.0026753743489583335,
      0.0019849141438802085,
      0.001445770263671875
    ],
    "v1_curve": [
      10.420416806160535,
      13.602037989682913,
      17.463884632365414,
      25.48710677135501,
      29.40819071431533,
      39.62699276264366,
      49.73884071451318,
      67.2381620694329,
      80.61247799794486,
      102.75689621778696,
      132.1272728110308,
      152.1326711429167,
      186.54168552013047,
      225.17154794113222,
      273.87233992521794,
      314.68298203950314,
      360.56966005487374,
      411.63441727340523,
      464.42353833654784,
      543.8920285227491,
      580.464678076255,
      653.8883477870728,
      706.1084848191521,
      753.926935240157,
      823.7942281765457,
      851.8427103219087,
      892.5577012347471,
      921.1972007335793,
      939.734404692975,
      976.6522910827034,
      972.4292456956572,
      948.864631861201,
      943.0636727785185,
      904.6440171055516,
      883.4657480992643,
      829.8745128904246,
      770.9118273250417,
      728.305043652921,
      686.6480557645613,
      623.7387930848867,
      549.2602835125409,
      501.4576159268542,
      446.0678883729908,
      386.0758866781977,
      344.8421161037128,
      295.9084546700897,
      251.7286766601712,
      215.35937801371395,
      170.88931523302327,
      138.93140914223653,
      114.60086580417246,
      93.84807395170111,
      74.9136580532571,
      57.23218958077787,
      44.522021115763636,
      37.26604406599443,
      29.37094480584104,
      20.899337798054166,
      16.604020702082657,
      11.978972568553022,
      9.919709511659594
    ]
  },
  "p_high": 0.7146426786606697,
  "p_high_mf": 0.6816591704147926,
  "p_low": 0.28585707146426786,
  "p_low_mf": 0.3188405797101449,
  "p_two_sided": 0.5717141429285357,
  "p_two_sided_mf": 0.6376811594202898,
  "provenance": {
    "dat_url": "GAUSSIAN_CONTROL_FROM: https://github.com/gradient-pulse/phi-mesh/releases/download/data-2026-02-15-planck-lensing-R3/planck_pr3_lensing_mv_dat_klm.fits",
    "mf_url": "GAUSSIAN_CONTROL_MF_ZERO_FROM: https://github.com/gradient-pulse/phi-mesh/releases/download/data-2026-02-15-planck-lensing-R3/planck_pr3_lensing_mv_mf_klm.fits"
  },
  "seed": 731,
  "surrogate": {
    "D0_mean": 0.0024279791757722676,
    "D0_std": 0.0013551756563188308,
    "D1_mean": 17.31878780473111,
    "D1_std": 3.0822235476295834,
    "D_mf_mean": 17.31878800863664,
    "D_mf_std": 3.082223656026401,
    "v0_mean_curve": [
      0.9987154432932538,
      0.998214348475136,
      0.9975399729410785,
      0.9966443367004403,
      0.9954694328308108,
      0.9939388802846277,
      0.9919695606231685,
      0.9894587249755856,
      0.9862900969187404,
      0.9823377965291336,
      0.9774562740325937,
      0.9714854965209972,
      0.9642555923461916,
      0.9555910180409743,
      0.9453253510793046,
      0.9332695007324208,
      0.919264312108358,
      0.9031552721659337,
      0.8848167934417727,
      0.8641520741780595,
      0.8410835304260272,
      0.8156001008351637,
      0.7877411270141598,
      0.7575750319163,
      0.725246701558431,
      0.6909414316813145,
      0.6548900400797534,
      0.6173968200683594,
      0.5787766977945948,
      0.5393934669494628,
      0.4996310005187985,
      0.4598790346781401,
      0.42053105608622293,
      0.38196850776672325,
      0.3445528647104897,
      0.30860222752889,
      0.27440284347534144,
      0.24218350982666015,
      0.21212512969970657,
      0.18436886533101388,
      0.15899206097920732,
      0.13600091997782393,
      0.11539672724405917,
      0.09710989125569648,
      0.08104323069254572,
      0.06705441411336266,
      0.05500268745422366,
      0.044727029164632136,
      0.03605253601074218,
      0.028803653081258145,
      0.022807938257853176,
      0.017897157669067385,
      0.013916240056355783,
      0.010720370610555025,
      0.008182317733764656,
      0.006186550140380862,
      0.004632923126220704,
      0.003436224619547529,
      0.002525089899698894,
      0.0018369312286376912,
      0.0013241240183512351
    ],