{
  "diagnostics": {
    "excess_kurt_x_obs": 0.012077588320032806,
    "imag_frac_nonzero_eps1e-12": 0.9937888198757764,
    "imag_max_abs": 0.022455860603615152,
    "skew_x_obs": 0.019626447160128336,
    "v1_delta_bandwidth_dnu": 0.10000000000000009,
    "v1_symmetry_corr": 0.9992185237035747,
    "verify_l2_from_curves": {
      "D0_match": true,
      "D0_recomputed": 0.0018221371917885748,
      "D0_reported": 0.0018221371917885748,
      "D1_match": true,
      "D1_recomputed": 17.19982091085107,
      "D1_reported": 17.19982091085107,
      "tol_abs": 1e-12,
      "tol_rel": 1e-10,
      "verify_dnu": 0.10000000000000009
    }
  },
  "hint": "This script compares observed morphology against phase-randomized surrogates that preserve |a_lm|. V0(nu) is excursion-set area fraction; V1(nu) is a perimeter proxy estimated from |\u2207x| in a nu-band. Distances D0 and D1 are L2 distances (sqrt(sum((a-b)^2)*dnu)) to surrogate-mean curves. D_mf combines them as sqrt(D0^2 + D1^2). Z_mf is the scale-free combined z-distance.",
  "kind": "planck_pr3_lensing_phi_topology_mf_v0_v1",
  "lmax": 320,
  "metric": "Minkowski-style morphology: V0(area) + V1(perimeter proxy) vs phase-random surrogates",
  "n_sims": 2000,
  "nside": 256,
  "observed": {
    "D0_L2": 0.0018221371917885748,
    "D0_sum_sq_legacy": 3.32018394569915e-05,
    "D1_L2": 17.19982091085107,
    "D1_sum_sq_legacy": 2958.338393653495,
    "D_mf": 17.19982100736905,
    "Z0": 0.98757932951594,
    "Z1": -1.1615515897526854,
    "Z_mf": 1.5246360312363552,
    "map_mean": -4.0410988027154864e-08,
    "map_std": 0.06020639068944696,
    "v0_curve": [
      0.99871826171875,
      0.998193105061849,
      0.9975204467773438,
      0.9966621398925781,
      0.9955355326334635,
      0.9940923055013021,
      0.9922370910644531,
      0.9897893269856771,
      0.986596425374349,
      0.9827054341634115,
      0.9779065450032552,
      0.9720471700032552,
      0.9647471110026041,
      0.9561347961425781,
      0.9458033243815104,
      0.9336929321289062,
      0.9194552103678385,
      0.9035568237304688,
      0.885101318359375,
      0.8643468221028646,
      0.8414789835611979,
      0.8159523010253906,
      0.7880350748697916,
      0.7574017842610677,
      0.7250467936197916,
      0.6905161539713541,
      0.654198964436849,
      0.6167449951171875,
      0.5782572428385416,
      0.5386530558268229,
      0.498931884765625,
      0.4593505859375,
      0.42002232869466144,
      0.38130950927734375,
      0.3435935974121094,
      0.30773289998372394,
      0.27346165974934894,
      0.2413202921549479,
      0.21117528279622397,
      0.18365605672200522,
      0.15851465861002603,
      0.13555145263671875,
      0.11505508422851562,
      0.09731419881184895,
      0.0812225341796875,
      0.067230224609375,
      0.05516815185546875,
      0.044949849446614586,
      0.03629175821940104,
      0.0291748046875,
      0.023184458414713543,
      0.018416086832682293,
      0.014385223388671875,
      0.011128743489583334,
      0.008524576822916666,
      0.006529490152994792,
      0.004978179931640625,
      0.0037981669108072915,
      0.0027936299641927085,
      0.00202178955078125,
      0.0015284220377604167
    ],
    "v1_curve": [
      13.30502102036583,
      18.098590542580677,
      22.468464601984856,
      28.42110858386375,
      40.81673942879797,
      45.23576839934849,
      61.50034770008916,
      80.98526113113188,
      105.12166955521396,
      128.75625226045725,
      157.35200019806112,
      193.1609617721392,
      240.7112124928474,
      287.2985440513005,
      339.174868243485,
      402.3657464048473,
      467.2573824012349,
      535.1095182906134,
      599.8658998939023,
      680.9937576875237,
      756.779027560169,
      838.7290840391088,
      921.2065350236983,
      990.0350623441957,
      1064.1435288184819,
      1131.8145921209978,
      1166.4559313301306,
      1220.5717883275142,
      1269.7934613354353,
      1290.6738519915489,
      1298.3106363431334,
      1296.4362904210773,
      1303.8859217432,
      1267.6457319989302,
      1225.8743119779645,
      1169.4952669577983,
      1127.823487118619,
      1064.093841080964,
      962.154774300181,
      892.1060329395731,
      816.1981025381045,
      758.0052673701987,
      658.7782783103262,
      572.6243925227444,
      514.3961738546019,
      445.6738843075534,
      389.76294597073706,
      334.57114008932547,
      275.32640259111326,
      240.54440020354437,
      188.62451219269556,
      167.98081422579435,
      123.75415343711406,
      95.6994479768976,
      76.67810604567516,
      63.83757790255731,
      46.76797428297109,
      39.458028095446934,
      31.523460793815794,
      20.825572769178567,
      13.360579806496405
    ]
  },
  "p_high": 0.16241879060469766,
  "p_high_mf": 0.8875562218890555,
  "p_low": 0.8380809595202399,
  "p_low_mf": 0.11294352823588207,
  "p_two_sided": 0.3248375812093953,
  "p_two_sided_mf": 0.22588705647176413,
  "provenance": {
    "dat_url": "GAUSSIAN_CONTROL_FROM: https://github.com/gradient-pulse/phi-mesh/releases/download/data-2026-02-15-planck-lensing-R3/planck_pr3_lensing_mv_dat_klm.fits",
    "mf_url": "GAUSSIAN_CONTROL_MF_ZERO_FROM: https://github.com/gradient-pulse/phi-mesh/releases/download/data-2026-02-15-planck-lensing-R3/planck_pr3_lensing_mv_mf_klm.fits"
  },
  "seed": 731,
  "surrogate": {
    "D0_mean": 0.001199469372750433,
    "D0_std": 0.0006304990398526679,
    "D1_mean": 20.523950702898112,
    "D1_std": 2.861801250476363,
    "D_mf_mean": 20.52395074618479,
    "D_mf_std": 2.861801260829882,
    "v0_mean_curve": [
      0.9986318035125729,
      0.9981091893514001,
      0.9974117768605553,
      0.996491454442344,
      0.9952873446146648,
      0.9937259991963703,
      0.9917238788604733,
      0.9891832186381031,
      0.9859922065734861,
      0.9820134321848543,
      0.9771132666269933,
      0.9711315873463959,
      0.9639119911193851,
      0.9552720883687328,
      0.9450339832305912,
      0.9330231132507332,
      0.9190875600179039,
      0.9030539970397954,
      0.884809443791707,
      0.8642360547383633,
      0.8412848993937179,
      0.8159226055145272,
      0.788168381373088,
      0.7581120020548504,
      0.725873484293621,
      0.6916404514312746,
      0.6556448370615631,
      0.6181767813364671,
      0.5795625228881838,
      0.5401673882802331,
      0.5003633639017742,
      0.4605490748087565,
      0.4211184622446694,
      0.3824500516255697,
      0.3449116700490316,
      0.30883698654174846,
      0.27450938796997054,
      0.24217130025227884,
      0.21201654942830442,
      0.1841654974619547,
      0.15871181488037103,
      0.13567854817708322,
      0.11502918370564762,
      0.09672105534871428,
      0.08064741516113275,
      0.06667261886596679,
      0.054646954218546644,
      0.04439959398905446,
      0.03576339467366534,
      0.028552408218383795,
      0.022591388066609742,
      0.017715376536051455,
      0.01376406097412108,
      0.010598616917928034,
      0.00808732795715332,
      0.006115027745564755,
      0.004578834533691399,
      0.0033963934580485016,
      0.002496566772460936,
      0.0018165906270345058,
      0.00131040064493815
    ],