{
  "diagnostics": {
    "excess_kurt_x_obs": 0.23681418728696357,
    "imag_frac_nonzero_eps1e-12": 0.9896907216494846,
    "imag_max_abs": 0.031785499746864905,
    "skew_x_obs": 0.22580094551314975,
    "v1_delta_bandwidth_dnu": 0.10000000000000009,
    "v1_symmetry_corr": 0.9884950483407026,
    "verify_l2_from_curves": {
      "D0_match": true,
      "D0_recomputed": 0.015631508738092104,
      "D0_reported": 0.015631508738092104,
      "D1_match": true,
      "D1_recomputed": 44.077909682244176,
      "D1_reported": 44.077909682244176,
      "tol_abs": 1e-12,
      "tol_rel": 1e-10,
      "verify_dnu": 0.10000000000000009
    }
  },
  "hint": "This script compares observed morphology against phase-randomized surrogates that preserve |a_lm|. V0(nu) is excursion-set area fraction; V1(nu) is a perimeter proxy estimated from |\u2207x| in a nu-band. Distances D0 and D1 are L2 distances (sqrt(sum((a-b)^2)*dnu)) to surrogate-mean curves. D_mf combines them as sqrt(D0^2 + D1^2). Z_mf is the scale-free combined z-distance.",
  "kind": "planck_pr3_lensing_phi_topology_mf_v0_v1",
  "lmax": 192,
  "metric": "Minkowski-style morphology: V0(area) + V1(perimeter proxy) vs phase-random surrogates",
  "n_sims": 2000,
  "nside": 256,
  "observed": {
    "D0_L2": 0.015631508738092104,
    "D0_sum_sq_legacy": 0.0024434406542904958,
    "D1_L2": 44.077909682244176,
    "D1_sum_sq_legacy": 19428.62121956073,
    "D_mf": 44.07791245397336,
    "Z0": 1.9808750610608334,
    "Z1": 2.6453874601084277,
    "Z_mf": 3.3048359749965925,
    "map_mean": 4.351337379908249e-08,
    "map_std": 0.04131015967500251,
    "v0_curve": [
      0.9992218017578125,
      0.9989026387532552,
      0.9984359741210938,
      0.9977989196777344,
      0.9969317118326823,
      0.995764414469401,
      0.9942398071289062,
      0.9922815958658854,
      0.9896138509114584,
      0.9863077799479166,
      0.9820607503255209,
      0.9766680399576823,
      0.9701563517252604,
      0.9620501200358073,
      0.9522069295247396,
      0.9405428568522135,
      0.9264132181803385,
      0.9102554321289062,
      0.8917325337727865,
      0.8704999287923177,
      0.8463935852050781,
      0.8196563720703125,
      0.790075937906901,
      0.758233388264974,
      0.7235768636067709,
      0.6870867411295573,
      0.6485099792480469,
      0.6089426676432291,
      0.5678914388020834,
      0.5268948872884115,
      0.4855244954427083,
      0.4445139567057292,
      0.40381113688151044,
      0.36517079671223956,
      0.32825469970703125,
      0.29317601521809894,
      0.2602094014485677,
      0.22963460286458334,
      0.20169957478841147,
      0.17647552490234375,
      0.15309778849283853,
      0.13267008463541666,
      0.11464818318684895,
      0.09831873575846355,
      0.08408101399739583,
      0.0715497334798177,
      0.06074396769205729,
      0.05133692423502604,
      0.04305394490559896,
      0.035953521728515625,
      0.030017852783203125,
      0.024861653645833332,
      0.020718892415364582,
      0.017130533854166668,
      0.014026641845703125,
      0.011470794677734375,
      0.009244283040364584,
      0.007380167643229167,
      0.005770365397135417,
      0.0045013427734375,
      0.0034344991048177085
    ],
    "v1_curve": [
      3.901961010439743,
      5.617015779205571,
      9.64467890444549,
      11.920432959561452,
      17.091806233022677,
      21.81680189774954,
      29.424318751128133,
      39.99439643941871,
      45.957610675838126,
      60.504647837382706,
      81.3472240652713,
      96.57798879624751,
      120.52122876959348,
      145.67019999832908,
      182.13614461662178,
      206.3535444016755,
      250.86984543890387,
      272.13347588414786,
      330.17601875566606,
      359.90512180134834,
      403.2950318389697,
      450.78097924475327,
      479.2658230004761,
      529.8468720968851,
      547.8796973228059,
      576.4880650778753,
      593.0191807902816,
      601.3354219272685,
      613.8469307899284,
      607.4174516069708,
      596.8829764082291,
      590.7247559327794,
      565.8379530248637,
      535.0390260223635,
      505.2256103137683,
      476.37041197531573,
      444.0782965154666,
      402.1847955663907,
      363.630436880233,
      331.95411164304744,
      296.34796527637593,
      262.5394168842671,
      232.17196838819956,
      205.84422583924817,
      179.045482598305,
      155.20459249799944,
      133.55720565894714,
      116.78413420641066,
      99.5627260217371,
      82.25007471988575,
      70.61630983511493,
      61.500238228326005,
      50.425867590174605,
      44.13975459644885,
      38.33488791794136,
      30.049471922751668,
      25.888561028015435,
      22.674343389906205,
      18.362212883642545,
      14.748827676491173,
      12.124070492876282
    ]
  },
  "p_high": 0.049475262368815595,
  "p_high_mf": 0.019490254872563718,
  "p_low": 0.9510244877561219,
  "p_low_mf": 0.9810094952523738,
  "p_two_sided": 0.09895052473763119,
  "p_two_sided_mf": 0.038980509745127435,
  "provenance": {
    "dat_url": "GAUSSIAN_CONTROL_FROM: https://github.com/gradient-pulse/phi-mesh/releases/download/data-2026-02-15-planck-lensing-R3/planck_pr3_lensing_mv_dat_klm.fits",
    "mf_url": "GAUSSIAN_CONTROL_MF_ZERO_FROM: https://github.com/gradient-pulse/phi-mesh/releases/download/data-2026-02-15-planck-lensing-R3/planck_pr3_lensing_mv_mf_klm.fits"
  },
  "seed": 731,
  "surrogate": {
    "D0_mean": 0.007142805936066125,
    "D0_std": 0.004285329735778468,
    "D1_mean": 21.209707300585773,
    "D1_std": 8.64455688495669,
    "D_mf_mean": 21.209708615587736,
    "D_mf_std": 8.644557671563208,
    "v0_mean_curve": [
      0.9989436467488602,
      0.9985025501251229,
      0.9979016590118397,
      0.9970914452870699,
      0.9960105018615745,
      0.9945859050750733,
      0.9927317148844411,
      0.9903440589904786,
      0.9873014634450257,
      0.9834687423706058,
      0.9786963882446287,
      0.9728218377431237,
      0.9656576970418274,
      0.9570289045969631,
      0.9467448736826576,
      0.9346241753896094,
      0.9204932066599547,
      0.9041938489278144,
      0.8855999221801748,
      0.8646120478312171,
      0.8411712519327794,
      0.8152654005686447,
      0.7869480756123854,
      0.7563180828094473,
      0.7235197436014812,
      0.6887654959360752,
      0.6523128579457594,
      0.6144888744354251,
      0.5756296946207686,
      0.5361076450347892,
      0.49632361729939767,
      0.45666177113850964,
      0.41749942715962673,
      0.37922600301106807,
      0.3421636168162028,
      0.3066397895812987,
      0.2728964799245194,
      0.24115620613098163,
      0.2115813852945963,
      0.1842821935017905,
      0.1593253803253171,
      0.13670479138692215,
      0.11640042750040705,
      0.09834605407714844,
      0.08243867556254068,
      0.06855569458007811,
      0.05654098574320473,
      0.04624403063456223,
      0.0375037225087484,
      0.030155991872151722,
      0.024033391952514662,
      0.01898872820536294,
      0.014866340001424146,
      0.011533041000366194,
      0.00886459159851073,
      0.006748676935831715,
      0.0050879147847493434,
      0.0037988147735595694,
      0.0028074035644531257,
      0.0020550359090169275,
      0.0014876257578531876
    ],