{
  "diagnostics": {
    "excess_kurt_x_obs": -0.24295226767286637,
    "imag_frac_nonzero_eps1e-12": 0.9846153846153847,
    "imag_max_abs": 0.040766625854587166,
    "skew_x_obs": 0.08905072187209762,
    "v1_delta_bandwidth_dnu": 0.10000000000000009,
    "v1_symmetry_corr": 0.9989035730595105,
    "verify_l2_from_curves": {
      "D0_match": true,
      "D0_recomputed": 0.014386063269356613,
      "D0_reported": 0.014386063269356613,
      "D1_match": true,
      "D1_recomputed": 19.045420281016046,
      "D1_reported": 19.045420281016046,
      "tol_abs": 1e-12,
      "tol_rel": 1e-10,
      "verify_dnu": 0.10000000000000009
    }
  },
  "hint": "This script compares observed morphology against phase-randomized surrogates that preserve |a_lm|. V0(nu) is excursion-set area fraction; V1(nu) is a perimeter proxy estimated from |\u2207x| in a nu-band. Distances D0 and D1 are L2 distances (sqrt(sum((a-b)^2)*dnu)) to surrogate-mean curves. D_mf combines them as sqrt(D0^2 + D1^2). Z_mf is the scale-free combined z-distance.",
  "kind": "planck_pr3_lensing_phi_topology_mf_v0_v1",
  "lmax": 128,
  "metric": "Minkowski-style morphology: V0(area) + V1(perimeter proxy) vs phase-random surrogates",
  "n_sims": 2000,
  "nside": 256,
  "observed": {
    "D0_L2": 0.014386063269356613,
    "D0_sum_sq_legacy": 0.0020695881638993128,
    "D1_L2": 19.045420281016046,
    "D1_sum_sq_legacy": 3627.2803368053696,
    "D_mf": 19.045425714311396,
    "Z0": 0.6452928589104933,
    "Z1": 0.4959759286673029,
    "Z_mf": 0.8138765235453541,
    "map_mean": -2.1840176024750153e-08,
    "map_std": 0.03356870067774587,
    "v0_curve": [
      0.999609629313151,
      0.9993985493977865,
      0.9990717569986979,
      0.9986012776692709,
      0.9978739420572916,
      0.9967664082845052,
      0.9952774047851562,
      0.9932060241699219,
      0.9904657999674479,
      0.986779530843099,
      0.9821739196777344,
      0.9760716756184896,
      0.9686393737792969,
      0.9595019022623698,
      0.948449452718099,
      0.9353345235188802,
      0.9202537536621094,
      0.9025611877441406,
      0.8827781677246094,
      0.8608220418294271,
      0.8361587524414062,
      0.8094927469889323,
      0.7796427408854166,
      0.7484601338704427,
      0.7148551940917969,
      0.6799367268880209,
      0.6435737609863281,
      0.6067403157552084,
      0.5686925252278646,
      0.5304997762044271,
      0.49218495686848956,
      0.4543609619140625,
      0.416961669921875,
      0.38054656982421875,
      0.3452351888020833,
      0.3113594055175781,
      0.27875010172526044,
      0.24779764811197916,
      0.2180608113606771,
      0.1901092529296875,
      0.16453933715820312,
      0.14109039306640625,
      0.12029266357421875,
      0.10144805908203125,
      0.08478291829427083,
      0.07056427001953125,
      0.058199564615885414,
      0.04768244425455729,
      0.03883997599283854,
      0.031155904134114582,
      0.02457427978515625,
      0.019083658854166668,
      0.014368693033854166,
      0.010660807291666666,
      0.007869720458984375,
      0.005753835042317708,
      0.0041351318359375,
      0.0029055277506510415,
      0.001972198486328125,
      0.0012969970703125,
      0.0008379618326822916
    ],
    "v1_curve": [
      1.3719934737216004,
      1.9219490504925276,
      2.6506795240981655,
      4.313117864654946,
      6.229329038953665,
      8.88929053131785,
      12.546920823270428,
      17.64881747941253,
      23.737589163942193,
      29.749687244666188,
      38.31293465760219,
      50.338408966139845,
      61.216565793098425,
      74.03266579998196,
      87.831206935224,
      105.96904210270878,
      123.45755640368381,
      143.82662271121126,
      159.22588293692397,
      184.2209467199134,
      199.3247100081271,
      223.65889331413686,
      238.6462228087066,
      255.82214236296693,
      276.86372166283553,
      288.0937006579006,
      301.3382066157481,
      310.47510929023395,
      323.4468821398513,
      326.43447791369636,
      327.3586475043706,
      328.0077868379899,
      317.44775977544253,
      322.7714566852734,
      302.14838936855284,
      288.9009118005944,
      276.0775773422682,
      258.11490485662455,
      241.94485604477399,
      217.24400516040197,
      193.18729039595237,
      174.05433206541184,
      150.07860417163982,
      132.86433800662564,
      114.20037460495553,
      94.45591286254944,
      83.73452041368887,
      68.94149388429068,
      58.38534206041615,
      49.00015425662719,
      41.215152837222774,
      32.09507271865126,
      26.600278956396924,
      19.422206497565234,
      15.231636881411019,
      11.812835437461006,
      8.389533306432304,
      6.517671873147065,
      4.631564337142892,
      3.4534315135385123,
      2.035188048660842
    ]
  },
  "p_high": 0.22638680659670166,
  "p_high_mf": 0.2783608195902049,
  "p_low": 0.7741129435282359,
  "p_low_mf": 0.7221389305347327,
  "p_two_sided": 0.4527736131934033,
  "p_two_sided_mf": 0.5567216391804098,
  "provenance": {
    "dat_url": "GAUSSIAN_CONTROL_FROM: https://github.com/gradient-pulse/phi-mesh/releases/download/data-2026-02-15-planck-lensing-R3/planck_pr3_lensing_mv_dat_klm.fits",
    "mf_url": "GAUSSIAN_CONTROL_MF_ZERO_FROM: https://github.com/gradient-pulse/phi-mesh/releases/download/data-2026-02-15-planck-lensing-R3/planck_pr3_lensing_mv_mf_klm.fits"
  },
  "seed": 731,
  "surrogate": {
    "D0_mean": 0.010441449917651849,
    "D0_std": 0.006112904082597186,
    "D1_mean": 15.751835281079547,
    "D1_std": 6.6406146136697135,
    "D_mf_mean": 15.75183899946341,
    "D_mf_std": 6.640616815623454,
    "v0_mean_curve": [
      0.998969900131225,
      0.9985048014322907,
      0.9978591995239261,
      0.9969764321645095,
      0.9957908414204916,
      0.9942182718912739,
      0.9921661065419494,
      0.9895178407033295,
      0.9861568768819171,
      0.981943950653076,
      0.9767356643676761,
      0.9703747641245536,
      0.9627027575174963,
      0.9535612589518215,
      0.9427981688181547,
      0.9302621822357178,
      0.9158345502217626,
      0.8993994528452552,
      0.88086488978068,
      0.8601651973724359,
      0.8372626590728743,
      0.812160263697308,
      0.7848829320271815,
      0.7555018825531006,
      0.7241232999165832,
      0.6908974895477289,
      0.6560131924947092,
      0.6196965306599933,
      0.5822104778289799,
      0.543848742802938,
      0.5049387683868408,
      0.46581445630391494,
      0.4268627408345539,
      0.38841493606567407,
      0.3508538672129313,
      0.3145135784149171,
      0.27971365547180177,
      0.24673662122090623,
      0.21581160736084,
      0.18712059593200653,
      0.16079206275939945,
      0.13690496126810742,
      0.11546943791707365,
      0.09645125961303724,
      0.0797810382843017,
      0.06531802368164075,
      0.05292948404947917,
      0.04243034744262693,
      0.03364828491210934,
      0.026393054962158234,
      0.020471544901529908,
      0.01569645945231119,
      0.01189184061686198,
      0.008902460098266592,
      0.006587903976440427,
      0.004816894531250005,
      0.0034771931966145852,
      0.002477437973022465,
      0.0017422739664713553,
      0.0012092094421386728,
      0.0008278388977050775
    ],