{
  "diagnostics": {
    "excess_kurt_x_obs": -0.025525042907664552,
    "imag_frac_nonzero_eps1e-12": 0.9922480620155039,
    "imag_max_abs": 0.023675972115312752,
    "skew_x_obs": 0.014727336339443254,
    "v1_delta_bandwidth_dnu": 0.10000000000000009,
    "v1_symmetry_corr": 0.999716894078659,
    "verify_l2_from_curves": {
      "D0_match": true,
      "D0_recomputed": 0.0012448809640973571,
      "D0_reported": 0.0012448809640973571,
      "D1_match": true,
      "D1_recomputed": 15.94126426415585,
      "D1_reported": 15.94126426415585,
      "tol_abs": 1e-12,
      "tol_rel": 1e-10,
      "verify_dnu": 0.10000000000000009
    }
  },
  "hint": "This script compares observed morphology against phase-randomized surrogates that preserve |a_lm|. V0(nu) is excursion-set area fraction; V1(nu) is a perimeter proxy estimated from |\u2207x| in a nu-band. Distances D0 and D1 are L2 distances (sqrt(sum((a-b)^2)*dnu)) to surrogate-mean curves. D_mf combines them as sqrt(D0^2 + D1^2). Z_mf is the scale-free combined z-distance.",
  "kind": "planck_pr3_lensing_phi_topology_mf_v0_v1",
  "lmax": 256,
  "metric": "Minkowski-style morphology: V0(area) + V1(perimeter proxy) vs phase-random surrogates",
  "n_sims": 2000,
  "nside": 256,
  "observed": {
    "D0_L2": 0.0012448809640973571,
    "D0_sum_sq_legacy": 1.549728614771964e-05,
    "D1_L2": 15.94126426415585,
    "D1_sum_sq_legacy": 2541.2390633965215,
    "D_mf": 15.941264312763305,
    "Z0": -0.7253286314773242,
    "Z1": -0.2838825885822074,
    "Z_mf": 0.7789036832246352,
    "map_mean": 4.9487943944159785e-08,
    "map_std": 0.04788537141584809,
    "v0_curve": [
      0.998864491780599,
      0.998376210530599,
      0.9976666768391927,
      0.9968058268229166,
      0.9956550598144531,
      0.9941050211588541,
      0.9921646118164062,
      0.9896799723307291,
      0.9864489237467448,
      0.9824053446451823,
      0.9774856567382812,
      0.9714736938476562,
      0.9642918904622396,
      0.9555892944335938,
      0.9452616373697916,
      0.9333915710449219,
      0.9194959004720052,
      0.9035364786783854,
      0.8852081298828125,
      0.8645451863606771,
      0.8410962422688802,
      0.8153495788574219,
      0.7875442504882812,
      0.7573649088541666,
      0.725060780843099,
      0.6902618408203125,
      0.6541531880696615,
      0.6167704264322916,
      0.5782572428385416,
      0.5387293497721354,
      0.49928919474283856,
      0.45947519938151044,
      0.41970570882161456,
      0.3815905253092448,
      0.34409840901692706,
      0.3082618713378906,
      0.2739117940266927,
      0.24168904622395834,
      0.21187718709309897,
      0.18430201212565103,
      0.15873209635416666,
      0.13580449422200522,
      0.11542892456054688,
      0.09735361735026042,
      0.08153788248697917,
      0.06776936848958333,
      0.055553436279296875,
      0.045185089111328125,
      0.03643671671549479,
      0.02910614013671875,
      0.023105621337890625,
      0.018305460611979168,
      0.01412200927734375,
      0.0109405517578125,
      0.008299509684244791,
      0.006277720133463542,
      0.00467681884765625,
      0.003498077392578125,
      0.0026232401529947915,
      0.0018742879231770833,
      0.001369476318359375
    ],
    "v1_curve": [
      9.083534293332916,
      12.772640633626693,
      17.502816349012186,
      21.869994505568158,
      33.87339356731121,
      37.359349645323285,
      54.21803463338365,
      63.52468595176737,
      91.34840228248775,
      106.30296404544691,
      125.26511362094922,
      151.4906424511661,
      192.6787093330272,
      219.33334836911672,
      265.39955162502883,
      307.76311768182785,
      362.34335826958653,
      406.6016247782175,
      461.9469073050591,
      522.462605173672,
      590.7177379579624,
      653.3701907347194,
      692.4771402805869,
      772.552824915643,
      816.3043045304722,
      860.0159916207231,
      883.9986825687027,
      936.3709924108417,
      952.7685081335247,
      964.6263571074996,
      953.4282790444037,
      978.8772332953856,
      949.978118588955,
      922.8353471656297,
      890.7634635037595,
      841.6480851911332,
      814.6812845786325,
      746.2727614162666,
      693.3867473853492,
      640.49155258466,
      584.7398516665824,
      531.174365690681,
      469.7936740618781,
      399.7470642094158,
      364.24640173014217,
      310.6621307920709,
      268.99371686237095,
      225.93810115333588,
      194.64068142142477,
      159.34307719618528,
      127.70728389524923,
      102.52328122279333,
      84.68467122125612,
      67.11350671540121,
      53.34267831018953,
      40.69446210708027,
      32.84002809362724,
      23.164492653752596,
      18.227744480036186,
      14.480807048766083,
      10.693151365999054
    ]
  },
  "p_high": 0.7201399300349826,
  "p_high_mf": 0.5622188905547226,
  "p_low": 0.280359820089955,
  "p_low_mf": 0.4382808595702149,
  "p_two_sided": 0.56071964017991,
  "p_two_sided_mf": 0.8765617191404298,
  "provenance": {
    "dat_url": "GAUSSIAN_CONTROL_FROM: https://github.com/gradient-pulse/phi-mesh/releases/download/data-2026-02-15-planck-lensing-R3/planck_pr3_lensing_mv_dat_klm.fits",
    "mf_url": "GAUSSIAN_CONTROL_MF_ZERO_FROM: https://github.com/gradient-pulse/phi-mesh/releases/download/data-2026-02-15-planck-lensing-R3/planck_pr3_lensing_mv_mf_klm.fits"
  },
  "seed": 731,
  "surrogate": {
    "D0_mean": 0.0020700835873174827,
    "D0_std": 0.00113769481502389,
    "D1_mean": 16.737115619998566,
    "D1_std": 2.8034525111858053,
    "D_mf_mean": 16.737115773767254,
    "D_mf_std": 2.8034525882114867,
    "v0_mean_curve": [
      0.9986950569152839,
      0.998187637329102,
      0.9975071169535329,
      0.9966044031778986,
      0.9954175955454506,
      0.9938761552174876,
      0.9918934338887525,
      0.9893694076538068,
      0.9861889375050864,
      0.9822198638915997,
      0.977323296864828,
      0.97133952967326,
      0.9640993315378842,
      0.9554306189219153,
      0.9451548417409242,
      0.9330984878540047,
      0.9190968271891278,
      0.9030037606557207,
      0.8846846650441467,
      0.8640422433217346,
      0.8410184548695908,
      0.815589197794596,
      0.7877797056833883,
      0.7576702632904062,
      0.7253986905415855,
      0.6911436538696301,
      0.6551500511169436,
      0.6177055104573563,
      0.5791335817972812,
      0.5397784678141284,
      0.5000236886342369,
      0.4602780399322504,
      0.4209168287913,
      0.3823356863657636,
      0.34488344701131246,
      0.3088865769704183,
      0.27462692197163885,
      0.24234214337666832,
      0.21222827021280863,
      0.1844202607472736,
      0.15897757212320943,
      0.1359462731679281,
      0.11530278396606464,
      0.09698364384969077,
      0.0808874969482422,
      0.06688596979777017,
      0.05483126004536961,
      0.04455830764770508,
      0.03589102617899578,
      0.02864915466308595,
      0.022663761138916026,
      0.017764415740966787,
      0.013796422322591149,
      0.01061480776468914,
      0.008091694513956704,
      0.006109092076619467,
      0.004567869822184245,
      0.0033849398295084697,
      0.0024827213287353517,
      0.0018042558034261063,
      0.001297257105509439
    ],