{
  "diagnostics": {
    "excess_kurt_x_obs": -0.29083986556271,
    "imag_frac_nonzero_eps1e-12": 0.9846153846153847,
    "imag_max_abs": 0.030688968885446675,
    "skew_x_obs": -0.13477787833603888,
    "v1_delta_bandwidth_dnu": 0.10000000000000009,
    "v1_symmetry_corr": 0.9954943496099405,
    "verify_l2_from_curves": {
      "D0_match": true,
      "D0_recomputed": 0.020635946679547337,
      "D0_reported": 0.020635946679547337,
      "D1_match": true,
      "D1_recomputed": 25.115050280290408,
      "D1_reported": 25.115050280290408,
      "tol_abs": 1e-12,
      "tol_rel": 1e-10,
      "verify_dnu": 0.10000000000000009
    }
  },
  "hint": "This script compares observed morphology against phase-randomized surrogates that preserve |a_lm|. V0(nu) is excursion-set area fraction; V1(nu) is a perimeter proxy estimated from |\u2207x| in a nu-band. Distances D0 and D1 are L2 distances (sqrt(sum((a-b)^2)*dnu)) to surrogate-mean curves. D_mf combines them as sqrt(D0^2 + D1^2). Z_mf is the scale-free combined z-distance.",
  "kind": "planck_pr3_lensing_phi_topology_mf_v0_v1",
  "lmax": 128,
  "metric": "Minkowski-style morphology: V0(area) + V1(perimeter proxy) vs phase-random surrogates",
  "n_sims": 2000,
  "nside": 256,
  "observed": {
    "D0_L2": 0.020635946679547337,
    "D0_sum_sq_legacy": 0.004258422953611204,
    "D1_L2": 25.115050280290408,
    "D1_sum_sq_legacy": 6307.6575058151475,
    "D_mf": 25.11505875811981,
    "Z0": 1.3762990931040806,
    "Z1": 0.8768153705176138,
    "Z_mf": 1.6318714372324357,
    "map_mean": 5.689746637799314e-08,
    "map_std": 0.033941353237437064,
    "v0_curve": [
      0.9994214375813802,
      0.9990132649739584,
      0.9983851114908854,
      0.9974950154622396,
      0.9961942036946615,
      0.9944814046223959,
      0.9921544392903646,
      0.9893061319986979,
      0.9854787190755209,
      0.9807866414388021,
      0.9751154581705729,
      0.9682273864746094,
      0.9598045349121094,
      0.9497273763020834,
      0.9381154378255209,
      0.9245808919270834,
      0.9096349080403646,
      0.8925565083821615,
      0.8740310668945312,
      0.8537114461263021,
      0.8314323425292969,
      0.8070882161458334,
      0.7805964152018229,
      0.7525431315104166,
      0.7225774129231771,
      0.6910451253255209,
      0.6585820515950521,
      0.6243705749511719,
      0.5895678202311198,
      0.5534680684407552,
      0.5157890319824219,
      0.4775733947753906,
      0.4390818277994792,
      0.4005750020345052,
      0.3622144063313802,
      0.3247184753417969,
      0.28878148396809894,
      0.2543296813964844,
      0.22128931681315103,
      0.19101842244466147,
      0.163238525390625,
      0.13806279500325522,
      0.11516316731770833,
      0.09444427490234375,
      0.07637914021809895,
      0.06085077921549479,
      0.048000335693359375,
      0.037326812744140625,
      0.028451283772786457,
      0.021317799886067707,
      0.01563262939453125,
      0.01126861572265625,
      0.008005777994791666,
      0.005535125732421875,
      0.0038668314615885415,
      0.0027097066243489585,
      0.001861572265625,
      0.0012868245442708333,
      0.0008799235026041666,
      0.0005849202473958334,
      0.0004069010416666667
    ],
    "v1_curve": [
      1.9482056762643745,
      2.923894674477703,
      4.509370405264374,
      6.905400470749485,
      9.435726112502548,
      14.532354037830197,
      18.62672976604805,
      26.4031489292685,
      37.33883073173757,
      46.47116074279037,
      58.785585305520065,
      67.17601305797932,
      85.61352693453017,
      98.43512271976807,
      106.16357421750588,
      124.33208720055889,
      141.2982656714522,
      161.53972036396175,
      172.76671703321372,
      188.48562686312147,
      206.43068667393283,
      223.2403329845653,
      240.35874818803256,
      252.983366396546,
      266.4191366657609,
      285.00741460334825,
      285.5634345327604,
      299.75548772360514,
      303.3116697696117,
      308.58721330307765,
      308.6490053429626,
      311.8385141322179,
      311.3927585597604,
      301.8473926816724,
      293.7664544898227,
      282.36513150736346,
      269.045369234976,
      251.91190756162177,
      235.81073165192973,
      213.8100834752851,
      193.91794562409106,
      175.02736675691486,
      156.09562090070267,
      134.42455783232222,
      117.74192244723963,
      97.77989597179854,
      84.08737425409818,
      67.86321509952157,
      54.018668158621686,
      43.36850413874102,
      33.70746255275478,
      25.04684791283698,
      19.109467487743906,
      13.582639698225393,
      9.144248431014494,
      6.696645416610455,
      5.028719134089991,
      3.241309534815002,
      2.3168517132467823,
      1.7036018614002317,
      1.055768172299367
    ]
  },
  "p_high": 0.09795102448775612,
  "p_high_mf": 0.17991004497751126,
  "p_low": 0.9025487256371814,
  "p_low_mf": 0.8205897051474262,
  "p_two_sided": 0.19590204897551225,
  "p_two_sided_mf": 0.3598200899550225,
  "provenance": {
    "dat_url": "GAUSSIAN_CONTROL_FROM: https://github.com/gradient-pulse/phi-mesh/releases/download/data-2026-02-15-planck-lensing-R3/planck_pr3_lensing_mv_dat_klm.fits",
    "mf_url": "GAUSSIAN_CONTROL_MF_ZERO_FROM: https://github.com/gradient-pulse/phi-mesh/releases/download/data-2026-02-15-planck-lensing-R3/planck_pr3_lensing_mv_mf_klm.fits"
  },
  "seed": 731,
  "surrogate": {
    "D0_mean": 0.011517951275827741,
    "D0_std": 0.00662501010819896,
    "D1_mean": 18.164261880367032,
    "D1_std": 7.927311305936722,
    "D_mf_mean": 18.164265853732665,
    "D_mf_std": 7.927313336990313,
    "v0_mean_curve": [
      0.9992009220123298,
      0.9988260059356673,
      0.9982987206776941,
      0.9975675226847329,
      0.9965707410176602,
      0.9952291405995698,
      0.9934463443756101,
      0.9911083380381276,
      0.9880902716318775,
      0.9842405522664371,
      0.9793954741160069,
      0.9733813476562514,
      0.9660150693257656,
      0.9571013272603343,
      0.946469177246094,
      0.9339332434336332,
      0.919330652872722,
      0.9025347239176429,
      0.883436791737875,
      0.8619742520650236,
      0.8381101938883471,
      0.8118886788686114,
      0.7833866526285808,
      0.7527202199300128,
      0.7200574251810704,
      0.6856278184254962,
      0.6496951713562017,
      0.6125444011688238,
      0.5744939746856694,
      0.5358814926147455,
      0.4970234731038414,
      0.4582635218302411,
      0.4199524625142417,
      0.3823926480611156,
      0.3458873786926266,
      0.31073408699035643,
      0.27717510223388664,
      0.2454271831512451,
      0.21565996106465635,
      0.1880001544952392,
      0.16255424880981434,
      0.13935439872741717,
      0.11842531776428217,
      0.0997194557189943,
      0.08318550364176432,
      0.06873246002197259,
      0.05623583920796715,
      0.045548563639322935,
      0.03650309753417963,
      0.028939312616984045,
      0.022695636749267598,
      0.01760118865966799,
      0.013495480855306002,
      0.010228628158569345,
      0.007658720016479485,
      0.005667369842529296,
      0.004145192464192705,
      0.002994052886962893,
      0.0021352055867513023,
      0.0015023155212402375,
      0.0010436216990152996
    ],