{
  "diagnostics": {
    "excess_kurt_x_obs": -0.06838787509832889,
    "imag_frac_nonzero_eps1e-12": 0.9896907216494846,
    "imag_max_abs": 0.021712676777366043,
    "skew_x_obs": -0.004508470084940218,
    "v1_delta_bandwidth_dnu": 0.10000000000000009,
    "v1_symmetry_corr": 0.9990149641393252,
    "verify_l2_from_curves": {
      "D0_match": true,
      "D0_recomputed": 0.0014451636583081384,
      "D0_reported": 0.0014451636583081384,
      "D1_match": true,
      "D1_recomputed": 11.339707777179338,
      "D1_reported": 11.339707777179338,
      "tol_abs": 1e-12,
      "tol_rel": 1e-10,
      "verify_dnu": 0.10000000000000009
    }
  },
  "hint": "This script compares observed morphology against phase-randomized surrogates that preserve |a_lm|. V0(nu) is excursion-set area fraction; V1(nu) is a perimeter proxy estimated from |\u2207x| in a nu-band. Distances D0 and D1 are L2 distances (sqrt(sum((a-b)^2)*dnu)) to surrogate-mean curves. D_mf combines them as sqrt(D0^2 + D1^2). Z_mf is the scale-free combined z-distance.",
  "kind": "planck_pr3_lensing_phi_topology_mf_v0_v1",
  "lmax": 192,
  "metric": "Minkowski-style morphology: V0(area) + V1(perimeter proxy) vs phase-random surrogates",
  "n_sims": 2000,
  "nside": 256,
  "observed": {
    "D0_L2": 0.0014451636583081384,
    "D0_sum_sq_legacy": 2.0884979992945604e-05,
    "D1_L2": 11.339707777179338,
    "D1_sum_sq_legacy": 1285.8897247182144,
    "D_mf": 11.33970786926716,
    "Z0": -1.1512005605031326,
    "Z1": -0.8457298081836865,
    "Z_mf": 1.4284682841957472,
    "map_mean": 2.3976339856076934e-08,
    "map_std": 0.038040546071711326,
    "v0_curve": [
      0.9988695780436198,
      0.9984130859375,
      0.997772216796875,
      0.996911366780599,
      0.9957745869954427,
      0.9941965738932291,
      0.9921213785807291,
      0.9895235697428385,
      0.9862798055013021,
      0.9822540283203125,
      0.9773330688476562,
      0.971289316813151,
      0.9641380310058594,
      0.9552586873372396,
      0.9449602762858073,
      0.9329452514648438,
      0.9186312357584635,
      0.9022979736328125,
      0.8837331136067709,
      0.862982432047526,
      0.8395512898763021,
      0.8139521280924479,
      0.7862536112467448,
      0.7565689086914062,
      0.7245343526204427,
      0.6901626586914062,
      0.6547025044759115,
      0.6173807779947916,
      0.5790723164876302,
      0.5398979187011719,
      0.5006497701009115,
      0.4616101582845052,
      0.4223225911458333,
      0.3834788004557292,
      0.34599049886067706,
      0.3099403381347656,
      0.27541478474934894,
      0.24331283569335938,
      0.21328608194986978,
      0.1856104532877604,
      0.15988794962565103,
      0.13671875,
      0.11586252848307292,
      0.097412109375,
      0.08127339680989583,
      0.06699752807617188,
      0.05491765340169271,
      0.044591267903645836,
      0.035980224609375,
      0.028564453125,
      0.022556304931640625,
      0.017506917317708332,
      0.013393402099609375,
      0.010126749674479166,
      0.007643381754557292,
      0.005658467610677083,
      0.004147847493489583,
      0.0030301411946614585,
      0.0021413167317708335,
      0.0015246073404947917,
      0.001056671142578125
    ],
    "v1_curve": [
      6.281274023616323,
      7.155001538537118,
      10.720877735259288,
      14.509090807213434,
      21.50908094246505,
      29.154387523156103,
      36.29415595091744,
      44.81460998982748,
      60.215270091557976,
      65.9813936219971,
      83.74355618340803,
      102.22039464316177,
      121.73164372191566,
      152.67889195910058,
      184.44338267810906,
      207.7654724510602,
      250.28808092307037,
      287.23728812544334,
      320.4607765283918,
      358.71380782012744,
      409.877631021929,
      447.47217067014486,
      478.67180601440737,
      504.57020118881763,
      553.4023238350085,
      579.489277515825,
      613.4971684376163,
      628.2649103098652,
      629.1424015795158,
      646.4334088495946,
      651.6861603559763,
      644.4080498165846,
      632.7279085207921,
      606.4963776033068,
      588.4404532191598,
      560.5740894315004,
      525.0718769666034,
      483.43662032958997,
      447.39101897906204,
      411.67990145150844,
      374.06953039385417,
      338.521400273794,
      298.76415909183794,
      255.76193542033897,
      227.8829738379097,
      194.31153083357992,
      164.74166745094652,
      136.02597972360775,
      118.79477795104926,
      96.27652906910461,
      78.10483785749842,
      64.31777035735982,
      50.53627558611176,
      39.341965267146236,
      29.396414757460782,
      23.81961291139236,
      19.093078763496703,
      13.226498939989005,
      10.63369376693417,
      6.407270444594195,
      4.899946976481556
    ]
  },
  "p_high": 0.9325337331334332,
  "p_high_mf": 0.823088455772114,
  "p_low": 0.06796601699150424,
  "p_low_mf": 0.1774112943528236,
  "p_two_sided": 0.1359320339830085,
  "p_two_sided_mf": 0.3548225887056472,
  "provenance": {
    "dat_url": "GAUSSIAN_CONTROL_FROM: https://github.com/gradient-pulse/phi-mesh/releases/download/data-2026-02-15-planck-lensing-R3/planck_pr3_lensing_mv_dat_klm.fits",
    "mf_url": "GAUSSIAN_CONTROL_MF_ZERO_FROM: https://github.com/gradient-pulse/phi-mesh/releases/download/data-2026-02-15-planck-lensing-R3/planck_pr3_lensing_mv_mf_klm.fits"
  },
  "seed": 731,
  "surrogate": {
    "D0_mean": 0.005141297319924982,
    "D0_std": 0.0032106774340011158,
    "D1_mean": 16.16228538364663,
    "D1_std": 5.702267508844694,
    "D_mf_mean": 16.162286286517528,
    "D_mf_std": 5.702268171308841,
    "v0_mean_curve": [
      0.9987668304443365,
      0.9982759075164797,
      0.9976122983296709,
      0.9967284590403224,
      0.9955609359741214,
      0.9940371596018497,
      0.9920726699829098,
      0.9895640951792408,
      0.9863946094512934,
      0.9824328937530524,
      0.9775321954091377,
      0.9715358943939215,
      0.9642739791870101,
      0.9555769443511977,
      0.9452652378082264,
      0.933161980311076,
      0.9191062914530447,
      0.9029424730936698,
      0.8845517800649001,
      0.8638310216267914,
      0.8407190551757816,
      0.8152056605021162,
      0.7873300717671707,
      0.7571623789469413,
      0.7248458423614512,
      0.6905731264750162,
      0.6545761547088634,
      0.6171516145070407,
      0.5786246051788325,
      0.5393437080383316,
      0.499687711715699,
      0.4600306688944501,
      0.42077884928385545,
      0.3822965583801273,
      0.3449349390665688,
      0.3090352598826086,
      0.27485335985819465,
      0.2426373856862385,
      0.2125657151540121,
      0.1847718467712407,
      0.15934072240193675,
      0.13630134709676087,
      0.11563505872090668,
      0.09728068161010735,
      0.08114518229166673,
      0.06709481747945135,
      0.055000841776529925,
      0.0446814009348551,
      0.035976629257202165,
      0.028701386133829727,
      0.022691333770751956,
      0.017771308898925767,
      0.013786582946777325,
      0.010592542012532557,
      0.00806058247884113,
      0.006074991861979168,
      0.004532962799072271,
      0.00335120964050292,
      0.0024526958465576195,
      0.0017761001586914095,
      0.0012752005259195958
    ],