{
  "diagnostics": {
    "excess_kurt_x_obs": -0.03555021678952919,
    "imag_frac_nonzero_eps1e-12": 0.9937888198757764,
    "imag_max_abs": 0.04317377398220307,
    "skew_x_obs": 0.011847856033841383,
    "v1_delta_bandwidth_dnu": 0.10000000000000009,
    "v1_symmetry_corr": 0.9995620265177986,
    "verify_l2_from_curves": {
      "D0_match": true,
      "D0_recomputed": 0.0008876146889586151,
      "D0_reported": 0.0008876146889586151,
      "D1_match": true,
      "D1_recomputed": 21.49835941959216,
      "D1_reported": 21.49835941959216,
      "tol_abs": 1e-12,
      "tol_rel": 1e-10,
      "verify_dnu": 0.10000000000000009
    }
  },
  "hint": "This script compares observed morphology against phase-randomized surrogates that preserve |a_lm|. V0(nu) is excursion-set area fraction; V1(nu) is a perimeter proxy estimated from |\u2207x| in a nu-band. Distances D0 and D1 are L2 distances (sqrt(sum((a-b)^2)*dnu)) to surrogate-mean curves. D_mf combines them as sqrt(D0^2 + D1^2). Z_mf is the scale-free combined z-distance.",
  "kind": "planck_pr3_lensing_phi_topology_mf_v0_v1",
  "lmax": 320,
  "metric": "Minkowski-style morphology: V0(area) + V1(perimeter proxy) vs phase-random surrogates",
  "n_sims": 2000,
  "nside": 256,
  "observed": {
    "D0_L2": 0.0008876146889586151,
    "D0_sum_sq_legacy": 7.878598360550984e-06,
    "D1_L2": 21.49835941959216,
    "D1_sum_sq_legacy": 4621.794577339665,
    "D_mf": 21.49835943791588,
    "Z0": -1.2249351940309294,
    "Z1": -0.6794274141074742,
    "Z_mf": 1.4007454588954982,
    "map_mean": 1.699916128925875e-08,
    "map_std": 0.06626517905917442,
    "v0_curve": [
      0.998748779296875,
      0.9982719421386719,
      0.9976285298665365,
      0.9967511494954427,
      0.9956995646158854,
      0.99420166015625,
      0.9923261006673177,
      0.9898656209309896,
      0.9866917928059896,
      0.9828020731608073,
      0.977972666422526,
      0.9718449910481771,
      0.9645462036132812,
      0.9560763041178385,
      0.945672353108724,
      0.9334233601888021,
      0.9192403157552084,
      0.9028841654459635,
      0.8846448262532552,
      0.8640047709147135,
      0.8408101399739584,
      0.8151741027832031,
      0.787041982014974,
      0.7568524678548177,
      0.7246653238932291,
      0.6901105244954427,
      0.6539878845214844,
      0.6162490844726562,
      0.5775934855143229,
      0.538323720296224,
      0.49909083048502606,
      0.4592997233072917,
      0.41979217529296875,
      0.38146718343098956,
      0.3445587158203125,
      0.30855051676432294,
      0.2748705546061198,
      0.24265289306640625,
      0.21274439493815103,
      0.18513107299804688,
      0.15959294637044272,
      0.13648478190104166,
      0.1160125732421875,
      0.09758885701497395,
      0.08152008056640625,
      0.06749216715494792,
      0.05541229248046875,
      0.04489262898763021,
      0.03633880615234375,
      0.029048919677734375,
      0.022953033447265625,
      0.017963409423828125,
      0.013894399007161459,
      0.010813395182291666,
      0.008200327555338541,
      0.006207784016927083,
      0.004589080810546875,
      0.0033594767252604165,
      0.002475738525390625,
      0.0017611185709635417,
      0.0012334187825520833
    ],
    "v1_curve": [
      11.568550099035416,
      14.837732890448128,
      20.867210203081363,
      27.233951550244107,
      33.41874351306174,
      45.50792420305751,
      57.97367086777271,
      76.28202599321115,
      98.44195805354843,
      121.264371171604,
      154.4050297468203,
      189.7409854409321,
      220.85429436160328,
      268.79823098455444,
      319.8925255106061,
      389.41024563628014,
      443.7041978076191,
      498.22171030486237,
      568.3551014759407,
      642.7278907117343,
      725.3064212383882,
      812.1761260978726,
      861.3066699185664,
      935.3327609073704,
      1007.4732136908239,
      1063.4941160134474,
      1103.3427735021437,
      1166.5802552006433,
      1187.3693340194684,
      1189.7803577920656,
      1163.2768491972727,
      1204.5047404184236,
      1158.7026762688297,
      1142.4403645845812,
      1090.399727068674,
      1049.0582520796938,
      957.9080418529842,
      934.9849661180234,
      863.53001457747,
      774.0164372929192,
      702.8918344462602,
      634.799912053866,
      567.2442780300569,
      502.70275947638993,
      421.90238842645505,
      370.1752548342832,
      319.50613424117313,
      274.01316673499167,
      216.7396113390151,
      185.92296191366242,
      157.44732239840155,
      123.1922185013212,
      97.27247776570499,
      75.8117826806622,
      61.180812494223254,
      49.5661068324267,
      35.96186067677317,
      28.154287355818198,
      22.244740583570007,
      15.547386078198402,
      11.738134878343974
    ]
  },
  "p_high": 0.9665167416291854,
  "p_high_mf": 0.6981509245377311,
  "p_low": 0.03398300849575212,
  "p_low_mf": 0.3023488255872064,
  "p_two_sided": 0.06796601699150424,
  "p_two_sided_mf": 0.6046976511744128,
  "provenance": {
    "dat_url": "GAUSSIAN_CONTROL_FROM: https://github.com/gradient-pulse/phi-mesh/releases/download/data-2026-02-15-planck-lensing-R3/planck_pr3_lensing_mv_dat_klm.fits",
    "mf_url": "GAUSSIAN_CONTROL_MF_ZERO_FROM: https://github.com/gradient-pulse/phi-mesh/releases/download/data-2026-02-15-planck-lensing-R3/planck_pr3_lensing_mv_mf_klm.fits"
  },
  "seed": 731,
  "surrogate": {
    "D0_mean": 0.004648027780394037,
    "D0_std": 0.003069887378336255,
    "D1_mean": 28.229265581252513,
    "D1_std": 9.906733260833121,
    "D_mf_mean": 28.229266007137458,
    "D_mf_std": 9.906733613235408,
    "v0_mean_curve": [
      0.998793241500855,
      0.99830626042684,
      0.9976506360371902,
      0.9967726847330733,
      0.9956126181284587,
      0.9940983924865703,
      0.992139838536581,
      0.989634252548218,
      0.9864671478271497,
      0.9825089619954407,
      0.9776031430562335,
      0.9716026242574055,
      0.9643358306884763,
      0.9556230767567941,
      0.9452920118967691,
      0.9331634362538677,
      0.9190811691284168,
      0.9028863569895434,
      0.8844714317321788,
      0.8637210674285893,
      0.8405875384012844,
      0.8150644321441645,
      0.7871722806294741,
      0.7570100148518865,
      0.724698105494181,
      0.6904291305541981,
      0.6544384663899732,
      0.6170345878601085,
      0.5785257256825754,
      0.5392705707550045,
      0.4996428896586109,
      0.460016361872355,
      0.42077315330505394,
      0.3823023325602209,
      0.3449570109049484,
      0.30905509885152166,
      0.27487963549296035,
      0.24266373189290355,
      0.2125909830729166,
      0.1848092861175536,
      0.15938059552510597,
      0.1363441028594969,
      0.11567988650004067,
      0.09731952794392884,
      0.08118441136678058,
      0.06713787206014013,
      0.05503769938151039,
      0.044720477422078436,
      0.03601163482666009,
      0.028732454299926692,
      0.02271722539265951,
      0.0177933801015218,
      0.013807124455769867,
      0.010613588333129892,
      0.008079034805297838,
      0.006091445922851574,
      0.004546508789062495,
      0.0033603998819986903,
      0.0024599901835123707,
      0.0017825031280517567,
      0.0012789402008056639
    ],