{
  "period": 5.039999999999999,
  "bpm": 11.904761904761905,
  "confidence": 0.4974242312166667,
  "main_peak_freq": 0.19841269841269843,
  "peaks": [
    [
      0.19841269841269843,
      7.778749577442803
    ],
    [
      0.07936507936507937,
      3.3873539048364227
    ],
    [
      0.23809523809523814,
      1.413272042642672
    ],
    [
      0.11904761904761907,
      0.6936769524182116
    ],
    [
      0.15873015873015875,
      0.04753288669372572
    ]
  ],
  "divergence_ratio": 0.4297451607511,
  "reset_events": [],
  "n_events": 10,
  "t_min": 0.0,
  "t_max": 22.1
}