{
  "diagnostics": {
    "excess_kurt_x_obs": -0.024624658029483104,
    "imag_frac_nonzero_eps1e-12": 0.9922480620155039,
    "imag_max_abs": 0.022149510528709605,
    "skew_x_obs": -0.011784548626364447,
    "v1_delta_bandwidth_dnu": 0.10000000000000009,
    "v1_symmetry_corr": 0.9941679878271826,
    "verify_l2_from_curves": {
      "D0_match": true,
      "D0_recomputed": 0.0035425468399793627,
      "D0_reported": 0.0035425468399793627,
      "D1_match": true,
      "D1_recomputed": 17.860918041178316,
      "D1_reported": 17.860918041178316,
      "tol_abs": 1e-12,
      "tol_rel": 1e-10,
      "verify_dnu": 0.10000000000000009
    }
  },
  "hint": "This script compares observed morphology against phase-randomized surrogates that preserve |a_lm|. V0(nu) is excursion-set area fraction; V1(nu) is a perimeter proxy estimated from |\u2207x| in a nu-band. Distances D0 and D1 are L2 distances (sqrt(sum((a-b)^2)*dnu)) to surrogate-mean curves. D_mf combines them as sqrt(D0^2 + D1^2). Z_mf is the scale-free combined z-distance.",
  "kind": "planck_pr3_lensing_phi_topology_mf_v0_v1",
  "lmax": 256,
  "metric": "Minkowski-style morphology: V0(area) + V1(perimeter proxy) vs phase-random surrogates",
  "n_sims": 2000,
  "nside": 256,
  "observed": {
    "D0_L2": 0.0035425468399793627,
    "D0_sum_sq_legacy": 0.00012549638113447758,
    "D1_L2": 17.860918041178316,
    "D1_sum_sq_legacy": 3190.1239327368876,
    "D_mf": 17.860918392493907,
    "Z0": -0.08561576961315939,
    "Z1": -0.3451293600151524,
    "Z_mf": 0.3555901224034805,
    "map_mean": 2.9445306126812027e-08,
    "map_std": 0.0516181288390635,
    "v0_curve": [
      0.9987157185872396,
      0.9981880187988281,
      0.9974886576334635,
      0.99658203125,
      0.9954376220703125,
      0.9938087463378906,
      0.9918556213378906,
      0.9892896016438802,
      0.9861056009928385,
      0.9821434020996094,
      0.977258046468099,
      0.9711011250813802,
      0.9635416666666666,
      0.9548136393229166,
      0.9445775349934896,
      0.9324747721354166,
      0.9185943603515625,
      0.9024887084960938,
      0.8841425577799479,
      0.863348642985026,
      0.8404502868652344,
      0.8150126139322916,
      0.7873547871907552,
      0.7573026021321615,
      0.7252108256022135,
      0.6914138793945312,
      0.6556282043457031,
      0.6186027526855469,
      0.5805409749348959,
      0.5410779317220052,
      0.5012690226236979,
      0.46196746826171875,
      0.42225392659505206,
      0.3835029602050781,
      0.3458569844563802,
      0.3097241719563802,
      0.275360107421875,
      0.24307632446289062,
      0.21285120646158853,
      0.18508783976236978,
      0.15951410929361978,
      0.13624445597330728,
      0.11529032389322917,
      0.09673817952473958,
      0.080474853515625,
      0.06624221801757812,
      0.054107666015625,
      0.0438690185546875,
      0.03508758544921875,
      0.027823130289713543,
      0.021938323974609375,
      0.017061869303385418,
      0.013220469156901041,
      0.0102691650390625,
      0.007867177327473959,
      0.005977630615234375,
      0.004559834798177083,
      0.0033505757649739585,
      0.0024401346842447915,
      0.001804351806640625,
      0.0012982686360677083
    ],
    "v1_curve": [
      11.62815353892567,
      17.72383221552728,
      22.428676665361685,
      30.64187679028302,
      42.11662042689785,
      51.536318563229926,
      62.17599659037475,
      80.00318249470375,
      95.06395743040562,
      122.4549277826261,
      158.42183991112117,
      179.18308534205676,
      222.33974021767386,
      255.36938013145323,
      292.4916405609205,
      338.64287085381335,
      391.3881113422979,
      449.9868315625971,
      495.4256510504388,
      555.7308260809634,
      607.0573870234653,
      657.9557316187738,
      707.50271589841,
      749.3054420774972,
      790.1725543233232,
      822.3299111265768,
      846.3828262814264,
      862.4743870688508,
      889.03775365251,
      888.6808466278856,
      869.6885517135793,
      857.8813079114079,
      842.0168568137988,
      813.7938319383614,
      768.4282558566671,
      741.2458735707661,
      686.5104417538237,
      638.980547801617,
      584.6939230227691,
      534.1339812497746,
      484.42745594812686,
      436.8082555616285,
      379.72860075700453,
      339.26119534547325,
      298.07590490627695,
      249.00065445265716,
      213.51079328616734,
      178.74584110327456,
      148.60662513818338,
      122.37572636777955,
      96.00725701446704,
      80.66540826420936,
      62.38686758858255,
      51.36076644606772,
      39.748479477420744,
      29.82950094343206,
      24.190663609013185,
      19.56145770003914,
      13.321347258128338,
      10.714052620975568,
      7.858758156498696
    ]
  },
  "p_high": 0.4542728635682159,
  "p_high_mf": 0.5402298850574713,
  "p_low": 0.5462268865567217,
  "p_low_mf": 0.46026986506746626,
  "p_two_sided": 0.9085457271364318,
  "p_two_sided_mf": 0.9205397301349325,
  "provenance": {
    "dat_url": "GAUSSIAN_CONTROL_FROM: https://github.com/gradient-pulse/phi-mesh/releases/download/data-2026-02-15-planck-lensing-R3/planck_pr3_lensing_mv_dat_klm.fits",
    "mf_url": "GAUSSIAN_CONTROL_MF_ZERO_FROM: https://github.com/gradient-pulse/phi-mesh/releases/download/data-2026-02-15-planck-lensing-R3/planck_pr3_lensing_mv_mf_klm.fits"
  },
  "seed": 731,
  "surrogate": {
    "D0_mean": 0.003735247225939092,
    "D0_std": 0.0022507580884971743,
    "D1_mean": 20.055996653901516,
    "D1_std": 6.360161919075297,
    "D_mf_mean": 20.055997045758684,
    "D_mf_std": 6.360162178418373,
    "v0_mean_curve": [
      0.9988539962768557,
      0.9983861808776825,
      0.9977542107899984,
      0.996905445734659,
      0.9957795886993426,
      0.9943029804229723,
      0.9923928629557279,
      0.9899414412180584,
      0.9868334732055646,
      0.9829329109191873,
      0.9780903943379737,
      0.9721472663879396,
      0.9649312438964857,
      0.9562630952199284,
      0.9459615999857582,
      0.9338469708760574,
      0.9197482624053945,
      0.9035165799458812,
      0.8850277818044028,
      0.8641778182983411,
      0.8409143346150708,
      0.8152297477722171,
      0.7871516011555972,
      0.756774051666261,
      0.7242390333811433,
      0.6897474753061938,
      0.6535559164683021,
      0.6159512036641446,
      0.5772656529744462,
      0.5378660500844321,
      0.4981386400858557,
      0.4584772179921471,
      0.4192460060119627,
      0.3808379364013673,
      0.3436078573862708,
      0.30786122194925925,
      0.27387786356608074,
      0.24187576484680162,
      0.21203442064921063,
      0.18447121493021626,
      0.1592643171946208,
      0.13642171351114893,
      0.11593098958333307,
      0.09773075739542654,
      0.08170975367228182,
      0.06775022951761885,
      0.055704828898112006,
      0.045407361348469975,
      0.036696203867594354,
      0.029396242777506465,
      0.02334137662251791,
      0.018367997487386104,
      0.014322680155436213,
      0.011064754486083992,
      0.008469252268473311,
      0.00642067972819011,
      0.004821891784667978,
      0.0035865904490153086,
      0.002642875035603848,
      0.0019271799723307303,
      0.0013919754028320329
    ],