{
  "diagnostics": {
    "excess_kurt_x_obs": -0.06902434477960995,
    "imag_frac_nonzero_eps1e-12": 0.9896907216494846,
    "imag_max_abs": 0.025691818544078808,
    "skew_x_obs": -0.003032606409331321,
    "v1_delta_bandwidth_dnu": 0.10000000000000009,
    "v1_symmetry_corr": 0.9996168296081603,
    "verify_l2_from_curves": {
      "D0_match": true,
      "D0_recomputed": 0.0021119779255241236,
      "D0_reported": 0.0021119779255241236,
      "D1_match": true,
      "D1_recomputed": 19.496733822982126,
      "D1_reported": 19.496733822982126,
      "tol_abs": 1e-12,
      "tol_rel": 1e-10,
      "verify_dnu": 0.10000000000000009
    }
  },
  "hint": "This script compares observed morphology against phase-randomized surrogates that preserve |a_lm|. V0(nu) is excursion-set area fraction; V1(nu) is a perimeter proxy estimated from |\u2207x| in a nu-band. Distances D0 and D1 are L2 distances (sqrt(sum((a-b)^2)*dnu)) to surrogate-mean curves. D_mf combines them as sqrt(D0^2 + D1^2). Z_mf is the scale-free combined z-distance.",
  "kind": "planck_pr3_lensing_phi_topology_mf_v0_v1",
  "lmax": 192,
  "metric": "Minkowski-style morphology: V0(area) + V1(perimeter proxy) vs phase-random surrogates",
  "n_sims": 2000,
  "nside": 256,
  "observed": {
    "D0_L2": 0.0021119779255241236,
    "D0_sum_sq_legacy": 4.460450757901176e-05,
    "D1_L2": 19.496733822982126,
    "D1_sum_sq_legacy": 3801.2262976421484,
    "D_mf": 19.49673393737182,
    "Z0": -0.9148495455805682,
    "Z1": 0.37177812296777657,
    "Z_mf": 0.9875062854313461,
    "map_mean": 2.887238902214012e-08,
    "map_std": 0.03838614647884449,
    "v0_curve": [
      0.9987805684407552,
      0.9983011881510416,
      0.9976997375488281,
      0.9968490600585938,
      0.9956868489583334,
      0.9942296346028646,
      0.992333730061849,
      0.9898084004720052,
      0.9866282145182291,
      0.9824638366699219,
      0.9773724873860677,
      0.9712944030761719,
      0.9641075134277344,
      0.955468495686849,
      0.9450391133626302,
      0.9328486124674479,
      0.9188728332519531,
      0.9025840759277344,
      0.8842213948567709,
      0.863549550374349,
      0.8406155904134115,
      0.8152631123860677,
      0.7871729532877604,
      0.7566032409667969,
      0.7242609659830729,
      0.6898790995279948,
      0.6533355712890625,
      0.6160291035970052,
      0.577935536702474,
      0.5388221740722656,
      0.4992828369140625,
      0.45966847737630206,
      0.42107899983723956,
      0.3825480143229167,
      0.3453165690104167,
      0.3099835713704427,
      0.2764269510904948,
      0.24429448445638022,
      0.213836669921875,
      0.18583552042643228,
      0.1602325439453125,
      0.13695526123046875,
      0.1164080301920573,
      0.09799957275390625,
      0.08180618286132812,
      0.06760660807291667,
      0.055248260498046875,
      0.04489008585611979,
      0.036008199055989586,
      0.028513590494791668,
      0.022271474202473957,
      0.017317454020182293,
      0.013319651285807291,
      0.010073343912760416,
      0.007634480794270833,
      0.005635579427083333,
      0.004168192545572917,
      0.0030186971028645835,
      0.0021260579427083335,
      0.0014928181966145833,
      0.00103759765625
    ],
    "v1_curve": [
      5.976044117837122,
      7.853465619854881,
      13.128476802924306,
      16.37847194789902,
      21.111820412332758,
      26.970100133330217,
      34.173414392371065,
      45.11937189781202,
      54.65556390491096,
      74.4934197658592,
      87.72630759242128,
      108.11874888641243,
      131.5533850671345,
      152.08745791036912,
      177.90764976006224,
      209.29175752150104,
      242.7694705169677,
      271.161275686585,
      308.38713971956264,
      336.5052611628315,
      375.72634415685155,
      410.9947782127421,
      463.36976961946505,
      480.6827789438569,
      514.2760744571306,
      557.0807389397479,
      567.9400822887865,
      580.3654472665633,
      601.4329035776747,
      620.4300523997214,
      621.1682089181759,
      612.5952134062724,
      610.6145769650241,
      592.5641497443779,
      566.134454055049,
      547.9995383841455,
      515.2766420077671,
      494.2291852529847,
      450.14634063289975,
      417.08210995939754,
      383.4125349359399,
      342.42733323598344,
      305.49544610630153,
      273.9560262785907,
      234.47026239434587,
      203.6319106228602,
      181.299740197211,
      149.0877666510049,
      129.7850281076739,
      107.27906491558987,
      84.73697893188569,
      68.90066995004693,
      58.4354106140439,
      43.245548883272534,
      34.637270883270546,
      27.04348485041378,
      20.630091232030793,
      16.330291605891002,
      11.947875453987207,
      7.716778094434571,
      6.266399367980788
    ]
  },
  "p_high": 0.8415792103948025,
  "p_high_mf": 0.28585707146426786,
  "p_low": 0.15892053973013492,
  "p_low_mf": 0.7146426786606697,
  "p_two_sided": 0.31784107946026985,
  "p_two_sided_mf": 0.5717141429285357,
  "provenance": {
    "dat_url": "GAUSSIAN_CONTROL_FROM: https://github.com/gradient-pulse/phi-mesh/releases/download/data-2026-02-15-planck-lensing-R3/planck_pr3_lensing_mv_dat_klm.fits",
    "mf_url": "GAUSSIAN_CONTROL_MF_ZERO_FROM: https://github.com/gradient-pulse/phi-mesh/releases/download/data-2026-02-15-planck-lensing-R3/planck_pr3_lensing_mv_mf_klm.fits"
  },
  "seed": 731,
  "surrogate": {
    "D0_mean": 0.004848590526935543,
    "D0_std": 0.00299132531095564,
    "D1_mean": 17.305211053526058,
    "D1_std": 5.894706100407138,
    "D_mf_mean": 17.305211822786994,
    "D_mf_std": 5.8947065949909145,
    "v0_mean_curve": [
      0.9986843121846505,
      0.9981709302266435,
      0.9974804515838633,
      0.9965647080739336,
      0.9953632087707526,
      0.9938016910552965,
      0.991794659296672,
      0.9892440166473394,
      0.9860321922302236,
      0.9820327866872129,
      0.9771015790303533,
      0.9710822054545074,
      0.963810824076335,
      0.9551118431091323,
      0.9448187395731589,
      0.932757001241047,
      0.9187611338297521,
      0.9026755555470799,
      0.8843866157531737,
      0.8637926311492927,
      0.840826056798299,
      0.8154732710520425,
      0.7877540842692045,
      0.7577474428812663,
      0.7255722376505545,
      0.6914276860555021,
      0.6555321051279707,
      0.6181913324991876,
      0.5796990521748853,
      0.5404191678365076,
      0.5007162685394287,
      0.4609893334706624,
      0.42162954902648914,
      0.3830240008036295,
      0.3455266532897956,
      0.3094559892018639,
      0.2751080500284833,
      0.24273067410786908,
      0.21251610056559275,
      0.184599283218384,
      0.15906148020426453,
      0.13593262672424294,
      0.115202257792155,
      0.09680745124816897,
      0.08065651321411137,
      0.06662063980102528,
      0.05454417673746743,
      0.044255849838256846,
      0.03558166885375981,
      0.028350994745890312,
      0.022380857467651425,
      0.01750343004862467,
      0.01356118392944338,
      0.01040669250488282,
      0.007908807754516578,
      0.005954156875610342,
      0.004436307271321615,
      0.0032738405863444063,
      0.002392318725585942,
      0.0017319227854410823,
      0.0012405249277750666
    ],