{
  "diagnostics": {
    "excess_kurt_x_obs": 0.0017818566276637249,
    "imag_frac_nonzero_eps1e-12": 0.9896907216494846,
    "imag_max_abs": 0.034937970009290456,
    "skew_x_obs": -0.007954413093298454,
    "v1_delta_bandwidth_dnu": 0.10000000000000009,
    "v1_symmetry_corr": 0.9991196401136342,
    "verify_l2_from_curves": {
      "D0_match": true,
      "D0_recomputed": 0.004301728992602549,
      "D0_reported": 0.004301728992602549,
      "D1_match": true,
      "D1_recomputed": 21.94528881163076,
      "D1_reported": 21.94528881163076,
      "tol_abs": 1e-12,
      "tol_rel": 1e-10,
      "verify_dnu": 0.10000000000000009
    }
  },
  "hint": "This script compares observed morphology against phase-randomized surrogates that preserve |a_lm|. V0(nu) is excursion-set area fraction; V1(nu) is a perimeter proxy estimated from |\u2207x| in a nu-band. Distances D0 and D1 are L2 distances (sqrt(sum((a-b)^2)*dnu)) to surrogate-mean curves. D_mf combines them as sqrt(D0^2 + D1^2). Z_mf is the scale-free combined z-distance.",
  "kind": "planck_pr3_lensing_phi_topology_mf_v0_v1",
  "lmax": 192,
  "metric": "Minkowski-style morphology: V0(area) + V1(perimeter proxy) vs phase-random surrogates",
  "n_sims": 2000,
  "nside": 256,
  "observed": {
    "D0_L2": 0.004301728992602549,
    "D0_sum_sq_legacy": 0.00018504872325797323,
    "D1_L2": 21.94528881163076,
    "D1_sum_sq_legacy": 4815.957010258859,
    "D_mf": 21.945289233244537,
    "Z0": -0.6122430910091874,
    "Z1": -0.09401604959480629,
    "Z_mf": 0.6194195832147198,
    "map_mean": -2.599101281737746e-08,
    "map_std": 0.04018634795737731,
    "v0_curve": [
      0.9985300699869791,
      0.9980074564615885,
      0.9972699483235677,
      0.9963836669921875,
      0.9951883951822916,
      0.9936141967773438,
      0.9916763305664062,
      0.9891192118326823,
      0.9858830769856771,
      0.9818801879882812,
      0.9768651326497396,
      0.9709930419921875,
      0.9637463887532552,
      0.9550895690917969,
      0.9449857076009115,
      0.9332974751790365,
      0.919464111328125,
      0.9037742614746094,
      0.8856900533040365,
      0.8651631673177084,
      0.8422355651855469,
      0.8166414896647135,
      0.7887471516927084,
      0.7584851582845052,
      0.7261225382486979,
      0.6917025248209635,
      0.6553382873535156,
      0.6179313659667969,
      0.5791778564453125,
      0.5393880208333334,
      0.49924596150716144,
      0.45914332071940106,
      0.4195264180501302,
      0.3809712727864583,
      0.3439954121907552,
      0.3084462483723958,
      0.2745819091796875,
      0.24262491861979166,
      0.21296819051106772,
      0.18531926472981772,
      0.1598078409830729,
      0.13650131225585938,
      0.11561330159505208,
      0.09710057576497395,
      0.08095804850260417,
      0.06675338745117188,
      0.054737091064453125,
      0.044406890869140625,
      0.03578948974609375,
      0.028413136800130207,
      0.022459665934244793,
      0.0176239013671875,
      0.013646443684895834,
      0.010500590006510416,
      0.00795745849609375,
      0.005991617838541667,
      0.004492441813151042,
      0.0033632914225260415,
      0.0024655659993489585,
      0.00170135498046875,
      0.00119781494140625
    ],
    "v1_curve": [
      6.533991348044124,
      8.831443376439292,
      11.10292287604318,
      15.603032012932973,
      20.32213907870345,
      24.483199064783296,
      31.82835026072823,
      41.199506824442686,
      53.01264737346646,
      65.67506541244721,
      80.9141656004678,
      96.54187127677103,
      121.58177597815671,
      144.57724335787083,
      165.07550952247445,
      195.42417296904,
      228.18449357969567,
      264.23494468160425,
      304.56468880960864,
      350.936526899344,
      376.2246395160336,
      417.5808238252719,
      464.5319799073934,
      495.47063636555265,
      534.4366280120654,
      556.5360804240945,
      582.7814831247263,
      604.7462691113034,
      614.1861577894643,
      633.7302351508971,
      617.1983924802951,
      610.8226432311357,
      596.3015748429922,
      572.4174510063538,
      544.9712881503152,
      526.7230800260027,
      488.3976527515881,
      453.6297390078113,
      410.3555663688399,
      379.4014192373043,
      344.84115166556023,
      317.0797013006828,
      268.6086578649195,
      239.4039651763444,
      210.1692782003787,
      172.17875527679928,
      144.80606102334679,
      123.16153613039094,
      101.83679639794072,
      88.20324313545217,
      66.68412244809606,
      54.23000661088376,
      42.7085477657213,
      34.634863331305056,
      28.254800359523756,
      21.1871439501824,
      15.450254563553056,
      12.187820949715698,
      10.158131148979857,
      7.866632624519159,
      4.190981110817803
    ]
  },
  "p_high": 0.679160419790105,
  "p_high_mf": 0.46676661669165415,
  "p_low": 0.3213393303348326,
  "p_low_mf": 0.5337331334332833,
  "p_two_sided": 0.6426786606696652,
  "p_two_sided_mf": 0.9335332333833083,
  "provenance": {
    "dat_url": "GAUSSIAN_CONTROL_FROM: https://github.com/gradient-pulse/phi-mesh/releases/download/data-2026-02-15-planck-lensing-R3/planck_pr3_lensing_mv_dat_klm.fits",
    "mf_url": "GAUSSIAN_CONTROL_MF_ZERO_FROM: https://github.com/gradient-pulse/phi-mesh/releases/download/data-2026-02-15-planck-lensing-R3/planck_pr3_lensing_mv_mf_klm.fits"
  },
  "seed": 731,
  "surrogate": {
    "D0_mean": 0.00695040702345934,
    "D0_std": 0.00432618688516494,
    "D1_mean": 22.839549679851565,
    "D1_std": 9.511789445258781,
    "D_mf_mean": 22.839550841573118,
    "D_mf_std": 9.511790178836543,
    "v0_mean_curve": [
      0.9986105861663832,
      0.9980684000651048,
      0.9973425305684404,
      0.9963818442026785,
      0.9951235936482743,
      0.9934948215484624,
      0.9914109884897863,
      0.9887711766560869,
      0.9854618492126458,
      0.9813547185262058,
      0.976308487574258,
      0.9701772613525397,
      0.9628030999501547,
      0.9540164343516022,
      0.9436543649037666,
      0.9315505142211907,
      0.9175595118204771,
      0.9015351492563882,
      0.8833589439392098,
      0.8629287579854329,
      0.8401842778523765,
      0.8151044483184825,
      0.7877027187347432,
      0.758046709060669,
      0.7262478631337493,
      0.692485763549803,
      0.6569704043070469,
      0.6199571895599364,
      0.5817572619120269,
      0.5427054951985678,
      0.5031766471862791,
      0.4635260035196934,
      0.4241662101745606,
      0.3854649264017742,
      0.3478031438191722,
      0.3114931526184086,
      0.2768627618153894,
      0.2441598898569743,
      0.21358113988240543,
      0.18529592768351252,
      0.15939033253987675,
      0.13592904281616222,
      0.1148967138926189,
      0.09624384307861333,
      0.07988549804687502,
      0.06567996533711756,
      0.053491615295410196,
      0.043140263875325546,
      0.034451027552286746,
      0.02723862266540531,
      0.021317556381225622,
      0.016513956069946302,
      0.012661165237426771,
      0.009606699625651038,
      0.007211167653401692,
      0.00535711288452148,
      0.003936277389526363,
      0.002862336476643878,
      0.00205713144938151,
      0.0014641799926757796,
      0.0010300458272298198
    ],