{
  "diagnostics": {
    "excess_kurt_x_obs": 0.04385055562660911,
    "imag_frac_nonzero_eps1e-12": 0.9937888198757764,
    "imag_max_abs": 0.019499333942061485,
    "skew_x_obs": -0.07072085249468342,
    "v1_delta_bandwidth_dnu": 0.10000000000000009,
    "v1_symmetry_corr": 0.9966176774519678,
    "verify_l2_from_curves": {
      "D0_match": true,
      "D0_recomputed": 0.005247158913212785,
      "D0_reported": 0.005247158913212785,
      "D1_match": true,
      "D1_recomputed": 29.411428713408245,
      "D1_reported": 29.411428713408245,
      "tol_abs": 1e-12,
      "tol_rel": 1e-10,
      "verify_dnu": 0.10000000000000009
    }
  },
  "hint": "This script compares observed morphology against phase-randomized surrogates that preserve |a_lm|. V0(nu) is excursion-set area fraction; V1(nu) is a perimeter proxy estimated from |\u2207x| in a nu-band. Distances D0 and D1 are L2 distances (sqrt(sum((a-b)^2)*dnu)) to surrogate-mean curves. D_mf combines them as sqrt(D0^2 + D1^2). Z_mf is the scale-free combined z-distance.",
  "kind": "planck_pr3_lensing_phi_topology_mf_v0_v1",
  "lmax": 320,
  "metric": "Minkowski-style morphology: V0(area) + V1(perimeter proxy) vs phase-random surrogates",
  "n_sims": 2000,
  "nside": 256,
  "observed": {
    "D0_L2": 0.005247158913212785,
    "D0_sum_sq_legacy": 0.00027532676660508345,
    "D1_L2": 29.411428713408245,
    "D1_sum_sq_legacy": 8650.321389638942,
    "D_mf": 29.411429181469092,
    "Z0": 3.238375750744098,
    "Z1": 2.1092213059333873,
    "Z_mf": 3.8646981797303064,
    "map_mean": 2.003865146732453e-08,
    "map_std": 0.062189613113653404,
    "v0_curve": [
      0.9980417887369791,
      0.997473398844401,
      0.996612548828125,
      0.9955088297526041,
      0.9941240946451823,
      0.9923884073893229,
      0.9901949564615885,
      0.9874293009440104,
      0.9841524759928385,
      0.9800580342610677,
      0.9751230875651041,
      0.9690895080566406,
      0.9619471232096354,
      0.9534708658854166,
      0.9433021545410156,
      0.9316444396972656,
      0.9180704752604166,
      0.9024454752604166,
      0.884436289469401,
      0.8646278381347656,
      0.842254638671875,
      0.817572275797526,
      0.7903353373209635,
      0.7609965006510416,
      0.7295697530110677,
      0.6959075927734375,
      0.6600138346354166,
      0.6226170857747396,
      0.5844980875651041,
      0.5447667439778646,
      0.5052337646484375,
      0.46443939208984375,
      0.42424647013346356,
      0.3854103088378906,
      0.3474388122558594,
      0.3105417887369792,
      0.27565638224283856,
      0.24216588338216147,
      0.21164703369140625,
      0.18319066365559897,
      0.15745925903320312,
      0.13436381022135416,
      0.11344273885091145,
      0.09473164876302083,
      0.07868703206380208,
      0.06464004516601562,
      0.052730560302734375,
      0.042650858561197914,
      0.0341796875,
      0.027048746744791668,
      0.021288553873697918,
      0.016592661539713543,
      0.012652079264322916,
      0.009623209635416666,
      0.007203420003255208,
      0.00539398193359375,
      0.003996531168619792,
      0.002941131591796875,
      0.0021222432454427085,
      0.0015322367350260417,
      0.001049041748046875
    ],
    "v1_curve": [
      13.328478685456128,
      18.5538966239331,
      24.920614063639643,
      34.20180890687836,
      41.559039139934214,
      63.54528185963057,
      68.3423329485369,
      98.10316186947092,
      104.54130553338324,
      126.60871452285147,
      150.37809628983675,
      190.38094045289702,
      220.48357107934177,
      262.4203481563657,
      321.47366316280545,
      357.11526053404947,
      433.86781187830087,
      486.75137255989335,
      565.6531140606565,
      612.0614252057226,
      717.4457340413201,
      794.5870503819715,
      879.5579634532002,
      923.1395304707862,
      1013.1505002612768,
      1059.0526237814427,
      1129.6802177646405,
      1178.0240213060267,
      1219.6744184127733,
      1248.13260067648,
      1264.7734830792392,
      1278.4636333600517,
      1255.5965312261749,
      1222.889244410715,
      1213.2481523470976,
      1160.9022494858068,
      1120.5914569642011,
      1063.6045921457646,
      975.4727195042257,
      902.216113934468,
      806.6167266110131,
      752.5031241043698,
      671.3886708241,
      592.7213731250278,
      541.0239838268129,
      458.95276171122975,
      381.7509462058044,
      325.37331401585135,
      274.54019904660964,
      231.725113601966,
      187.6191072930255,
      152.41562505393375,
      129.1628463065323,
      96.02964010744492,
      78.80068270869242,
      58.25072632753162,
      45.55347623955735,
      34.297206796830274,
      30.095294810239626,
      23.677704900834815,
      15.378867259293674
    ]
  },
  "p_high": 0.01249375312343828,
  "p_high_mf": 0.041979010494752625,
  "p_low": 0.9880059970014993,
  "p_low_mf": 0.9585207396301849,
  "p_two_sided": 0.02498750624687656,
  "p_two_sided_mf": 0.08395802098950525,
  "provenance": {
    "dat_url": "GAUSSIAN_CONTROL_FROM: https://github.com/gradient-pulse/phi-mesh/releases/download/data-2026-02-15-planck-lensing-R3/planck_pr3_lensing_mv_dat_klm.fits",
    "mf_url": "GAUSSIAN_CONTROL_MF_ZERO_FROM: https://github.com/gradient-pulse/phi-mesh/releases/download/data-2026-02-15-planck-lensing-R3/planck_pr3_lensing_mv_mf_klm.fits"
  },
  "seed": 731,
  "surrogate": {
    "D0_mean": 0.0017476639251904924,
    "D0_std": 0.0010806327793240781,
    "D1_mean": 21.775263620644548,
    "D1_std": 3.6203716846983434,
    "D_mf_mean": 21.775263709387364,
    "D_mf_std": 3.620371733988142,
    "v0_mean_curve": [
      0.9986421553293866,
      0.9981215508778895,
      0.9974268442789721,
      0.9965069955190007,
      0.9953041559855133,
      0.9937447185516363,
      0.9917442595163981,
      0.989199827829998,
      0.9860001227060956,
      0.9820192451477062,
      0.9771116708119724,
      0.9711213804880761,
      0.963884929656982,
      0.9552339579264308,
      0.944985031763713,
      0.9329643281300869,
      0.9190059089660633,
      0.9029678897857654,
      0.884708555857341,
      0.8641294250488278,
      0.8411733487447112,
      0.8158114763895665,
      0.7880681082407638,
      0.7580235258738209,
      0.7257996934254972,
      0.6915763320922862,
      0.6556095371246345,
      0.6181708653767908,
      0.579591192881266,
      0.5402201042175295,
      0.5004467506408687,
      0.46065464146931906,
      0.4212460091908775,
      0.3825973644256598,
      0.34507156499226854,
      0.30899076398213693,
      0.2746542364756264,
      0.24230386034647594,
      0.21213218561808286,
      0.1842742048899332,
      0.1588040256500244,
      0.13574222183227555,
      0.11508195241292317,
      0.09675758234659823,
      0.08066170374552398,
      0.06666881688435883,
      0.054631338755289666,
      0.04437129275004075,
      0.0357220904032389,
      0.0285040086110433,
      0.02253927739461264,
      0.01765948359171547,
      0.01371167055765787,
      0.010546797434488966,
      0.008037590662638339,
      0.0060688832600911385,
      0.004538511276245129,
      0.003363009770711258,
      0.0024675121307373028,
      0.0017940902709960886,
      0.0012918618520100906
    ],