{
  "diagnostics": {
    "excess_kurt_x_obs": -0.0749612203750405,
    "imag_frac_nonzero_eps1e-12": 0.9922480620155039,
    "imag_max_abs": 0.019481185830933372,
    "skew_x_obs": -0.010946835997833498,
    "v1_delta_bandwidth_dnu": 0.10000000000000009,
    "v1_symmetry_corr": 0.9983034342501728,
    "verify_l2_from_curves": {
      "D0_match": true,
      "D0_recomputed": 0.00224199010816852,
      "D0_reported": 0.00224199010816852,
      "D1_match": true,
      "D1_recomputed": 13.984100227469769,
      "D1_reported": 13.984100227469769,
      "tol_abs": 1e-12,
      "tol_rel": 1e-10,
      "verify_dnu": 0.10000000000000009
    }
  },
  "hint": "This script compares observed morphology against phase-randomized surrogates that preserve |a_lm|. V0(nu) is excursion-set area fraction; V1(nu) is a perimeter proxy estimated from |\u2207x| in a nu-band. Distances D0 and D1 are L2 distances (sqrt(sum((a-b)^2)*dnu)) to surrogate-mean curves. D_mf combines them as sqrt(D0^2 + D1^2). Z_mf is the scale-free combined z-distance.",
  "kind": "planck_pr3_lensing_phi_topology_mf_v0_v1",
  "lmax": 256,
  "metric": "Minkowski-style morphology: V0(area) + V1(perimeter proxy) vs phase-random surrogates",
  "n_sims": 2000,
  "nside": 256,
  "observed": {
    "D0_L2": 0.00224199010816852,
    "D0_sum_sq_legacy": 5.026519645125487e-05,
    "D1_L2": 13.984100227469769,
    "D1_sum_sq_legacy": 1955.5505917191983,
    "D_mf": 13.984100407192438,
    "Z0": -0.6976685902909683,
    "Z1": -1.1180654018768443,
    "Z_mf": 1.3178815215157302,
    "map_mean": 5.5637482141834144e-08,
    "map_std": 0.0509410271983653,
    "v0_curve": [
      0.9988136291503906,
      0.9982782999674479,
      0.9975929260253906,
      0.9966888427734375,
      0.9955253601074219,
      0.99407958984375,
      0.9920539855957031,
      0.9895375569661459,
      0.9862963358561198,
      0.9822336832682291,
      0.9772860209147135,
      0.9712791442871094,
      0.963860829671224,
      0.9552523295084635,
      0.944970448811849,
      0.932806650797526,
      0.9186859130859375,
      0.9025955200195312,
      0.8837674458821615,
      0.8628107706705729,
      0.8395271301269531,
      0.8140678405761719,
      0.7861366271972656,
      0.7560564676920573,
      0.7239990234375,
      0.6899681091308594,
      0.6542638142903646,
      0.6172231038411459,
      0.5788853963216146,
      0.5397389729817709,
      0.5008672078450521,
      0.46170679728190106,
      0.4224230448404948,
      0.38433837890625,
      0.34714508056640625,
      0.3111101786295573,
      0.27667490641276044,
      0.24455642700195312,
      0.21419397989908853,
      0.1858978271484375,
      0.16032028198242188,
      0.13687642415364584,
      0.1161333719889323,
      0.09737014770507812,
      0.0809783935546875,
      0.06658935546875,
      0.054386138916015625,
      0.043894449869791664,
      0.03526941935221354,
      0.027924855550130207,
      0.02213287353515625,
      0.017303466796875,
      0.013266245524088541,
      0.010052998860677084,
      0.007490793863932292,
      0.005594889322916667,
      0.004098256429036458,
      0.0029652913411458335,
      0.00212860107421875,
      0.0015118916829427083,
      0.0010515848795572917
    ],
    "v1_curve": [
      9.916134553739953,
      14.836481652784604,
      16.59794566423157,
      22.616829645902083,
      28.97087387033465,
      40.107550812784375,
      50.86998208696301,
      67.49951111492392,
      87.44631068245982,
      106.52646158574498,
      130.2210856079723,
      158.59947923518422,
      195.38065003977908,
      218.48122412442598,
      279.9336689139297,
      321.2352051306319,
      374.5022594293939,
      417.09427995775127,
      469.75387673252146,
      524.4654299656211,
      601.2989776348173,
      648.6206467817192,
      692.2926998974914,
      739.8538595521939,
      791.4460311303674,
      822.1113733439912,
      860.7895852990295,
      880.4839500988,
      913.0206478100632,
      901.9852806570018,
      891.1838135083334,
      903.2614329797017,
      873.963653015986,
      847.7172468182307,
      825.08897171834,
      778.2817877185029,
      735.5037705976215,
      688.0438079761561,
      643.4875132801864,
      573.1512266513886,
      524.3467474619297,
      470.48139397259257,
      416.3001010460238,
      360.82464805042287,
      323.68662624291824,
      276.5699637855527,
      236.64407163844484,
      193.81730127658133,
      159.64291072110123,
      130.0504201495268,
      107.79029374679354,
      85.29825675091446,
      72.9998830832272,
      54.281692301332185,
      43.63322744202525,
      33.95431641572204,
      24.8240824422645,
      20.156500189532025,
      13.439937739992764,
      9.729172039662025,
      7.931061678478787
    ]
  },
  "p_high": 0.7001499250374813,
  "p_high_mf": 0.9415292353823088,
  "p_low": 0.3003498250874563,
  "p_low_mf": 0.05897051474262868,
  "p_two_sided": 0.6006996501749126,
  "p_two_sided_mf": 0.11794102948525736,
  "provenance": {
    "dat_url": "GAUSSIAN_CONTROL_FROM: https://github.com/gradient-pulse/phi-mesh/releases/download/data-2026-02-15-planck-lensing-R3/planck_pr3_lensing_mv_dat_klm.fits",
    "mf_url": "GAUSSIAN_CONTROL_MF_ZERO_FROM: https://github.com/gradient-pulse/phi-mesh/releases/download/data-2026-02-15-planck-lensing-R3/planck_pr3_lensing_mv_mf_klm.fits"
  },
  "seed": 731,
  "surrogate": {
    "D0_mean": 0.004167606791833421,
    "D0_std": 0.002760073637343781,
    "D1_mean": 22.277138465907793,
    "D1_std": 7.417310494106058,
    "D_mf_mean": 22.277138910322975,
    "D_mf_std": 7.417310843635653,
    "v0_mean_curve": [
      0.998627175013223,
      0.9981016349792462,
      0.9973997402191181,
      0.9964703273773196,
      0.9952547779083241,
      0.9936803690592438,
      0.9916608791351312,
      0.9890960852305082,
      0.9858753986358665,
      0.9818701661427818,
      0.9769347381591792,
      0.9709180418650318,
      0.9636546020507795,
      0.9549746564229327,
      0.944700987497966,
      0.9326652418772392,
      0.9186998513539641,
      0.9026665248870835,
      0.8844188512166326,
      0.8638729597727465,
      0.8409598719278962,
      0.8156584841410328,
      0.7879826501210543,
      0.758016361236571,
      0.7258816909790028,
      0.6917684046427393,
      0.6558893655141188,
      0.6185479628245035,
      0.5800406106313069,
      0.5407366847991941,
      0.5010155887603761,
      0.46126186370849626,
      0.4218676516214993,
      0.3832118727366129,
      0.3456666723887127,
      0.3095637486775708,
      0.27517714246114044,
      0.24276569112141938,
      0.21250888125101758,
      0.18455349349975594,
      0.15898985417683922,
      0.13584231440226244,
      0.11509117762247734,
      0.09668779881795267,
      0.08052799224853517,
      0.0664829800923667,
      0.054401074727376306,
      0.044112456003824976,
      0.035447633743286126,
      0.028223552703857437,
      0.0222618268330892,
      0.017396055857340494,
      0.013463685353597005,
      0.010321311950683608,
      0.00783507410685222,
      0.005889815648396812,
      0.00438310877482097,
      0.0032309786478678473,
      0.002357065836588543,
      0.0017014751434326191,
      0.0012155481974283845
    ],