{
  "diagnostics": {
    "excess_kurt_x_obs": 0.09443732505541158,
    "imag_frac_nonzero_eps1e-12": 0.9846153846153847,
    "imag_max_abs": 0.03497354634962223,
    "skew_x_obs": 0.04734244933622652,
    "v1_delta_bandwidth_dnu": 0.10000000000000009,
    "v1_symmetry_corr": 0.9980451598014153,
    "verify_l2_from_curves": {
      "D0_match": true,
      "D0_recomputed": 0.02252310654909707,
      "D0_reported": 0.02252310654909707,
      "D1_match": true,
      "D1_recomputed": 30.041615316660366,
      "D1_reported": 30.041615316660366,
      "tol_abs": 1e-12,
      "tol_rel": 1e-10,
      "verify_dnu": 0.10000000000000009
    }
  },
  "hint": "This script compares observed morphology against phase-randomized surrogates that preserve |a_lm|. V0(nu) is excursion-set area fraction; V1(nu) is a perimeter proxy estimated from |\u2207x| in a nu-band. Distances D0 and D1 are L2 distances (sqrt(sum((a-b)^2)*dnu)) to surrogate-mean curves. D_mf combines them as sqrt(D0^2 + D1^2). Z_mf is the scale-free combined z-distance.",
  "kind": "planck_pr3_lensing_phi_topology_mf_v0_v1",
  "lmax": 128,
  "metric": "Minkowski-style morphology: V0(area) + V1(perimeter proxy) vs phase-random surrogates",
  "n_sims": 2000,
  "nside": 256,
  "observed": {
    "D0_L2": 0.02252310654909707,
    "D0_sum_sq_legacy": 0.00507290328621979,
    "D1_L2": 30.041615316660366,
    "D1_sum_sq_legacy": 9024.986508342019,
    "D_mf": 30.041623759785875,
    "Z0": 0.28729859645180056,
    "Z1": 0.5347887813189508,
    "Z_mf": 0.607074562263799,
    "map_mean": -1.96204430129848e-08,
    "map_std": 0.03792568746511834,
    "v0_curve": [
      0.998772939046224,
      0.9980761210123698,
      0.9971669514973959,
      0.9960428873697916,
      0.9944839477539062,
      0.9926567077636719,
      0.9904645284016927,
      0.9878412882486979,
      0.9848276774088541,
      0.9810740152994791,
      0.9764595031738281,
      0.9709892272949219,
      0.9644037882486979,
      0.9564781188964844,
      0.9470176696777344,
      0.9358075459798177,
      0.9229660034179688,
      0.9079920450846354,
      0.8909517923990885,
      0.8715375264485677,
      0.8489659627278646,
      0.8236236572265625,
      0.7952143351236979,
      0.7636566162109375,
      0.7299613952636719,
      0.6935755411783854,
      0.6555061340332031,
      0.6157404581705729,
      0.5751736958821615,
      0.5339864095052084,
      0.492645263671875,
      0.45174535115559894,
      0.41164271036783856,
      0.3720855712890625,
      0.33443450927734375,
      0.2983907063802083,
      0.2646802266438802,
      0.23351669311523438,
      0.20520401000976562,
      0.17899195353190103,
      0.15529251098632812,
      0.13425699869791666,
      0.11519495646158855,
      0.09867604573567708,
      0.0841051737467448,
      0.07125218709309895,
      0.06000645955403646,
      0.05005518595377604,
      0.04148228963216146,
      0.03415552775065104,
      0.027670542399088543,
      0.022069295247395832,
      0.017169952392578125,
      0.013081868489583334,
      0.009805043538411459,
      0.007214864095052083,
      0.005130767822265625,
      0.003612518310546875,
      0.0024897257486979165,
      0.001735687255859375,
      0.001132965087890625
    ],
    "v1_curve": [
      2.777399698152567,
      4.301537410862056,
      5.187868625875608,
      6.7644430583017,
      9.672494660206583,
      10.880206900498328,
      14.699829274520036,
      15.931548307880352,
      19.2054257233761,
      23.674176208157306,
      28.439556454212607,
      34.77457920797759,
      41.63467761446562,
      50.870527506521924,
      61.779428269482224,
      72.25283402815322,
      85.07353506288183,
      100.39112173275271,
      115.4014519653993,
      133.43832511259293,
      153.64038265818445,
      172.49671809896327,
      195.26654744790247,
      212.9688952436223,
      234.54146658203288,
      251.00914743787436,
      268.6091451184325,
      279.72155748592223,
      292.9364061437856,
      300.9456482972094,
      300.78584294777914,
      312.51804481934647,
      306.39223276232036,
      301.98793970421644,
      293.07620381854855,
      284.71079037423544,
      259.0138054061326,
      251.43454656727323,
      219.06952104999857,
      200.43879093965484,
      176.0323307191607,
      156.13667323347218,
      138.5181812420433,
      115.29349942890235,
      101.90908884644683,
      85.44252520479066,
      72.15840673098322,
      61.83964829258163,
      52.00559599815712,
      44.83934120455932,
      37.07839850758484,
      30.548610435736776,
      25.090148169797782,
      20.405691635629516,
      16.295275246009194,
      12.61684347787096,
      9.475389052946593,
      6.81882772984235,
      5.247305741964187,
      3.773824594503525,
      2.7626063185278844
    ]
  },
  "p_high": 0.3288355822088955,
  "p_high_mf": 0.2543728135932034,
  "p_low": 0.671664167916042,
  "p_low_mf": 0.7461269365317341,
  "p_two_sided": 0.657671164417791,
  "p_two_sided_mf": 0.5087456271864068,
  "provenance": {
    "dat_url": "GAUSSIAN_CONTROL_FROM: https://github.com/gradient-pulse/phi-mesh/releases/download/data-2026-02-15-planck-lensing-R3/planck_pr3_lensing_mv_dat_klm.fits",
    "mf_url": "GAUSSIAN_CONTROL_MF_ZERO_FROM: https://github.com/gradient-pulse/phi-mesh/releases/download/data-2026-02-15-planck-lensing-R3/planck_pr3_lensing_mv_mf_klm.fits"
  },
  "seed": 731,
  "surrogate": {
    "D0_mean": 0.019301405031920394,
    "D0_std": 0.011213773951440707,
    "D1_mean": 23.64530508162013,
    "D1_std": 11.960442063247852,
    "D_mf_mean": 23.645313287085035,
    "D_mf_std": 11.960446671926968,
    "v0_mean_curve": [
      0.999054101943969,
      0.9986099001566565,
      0.9979861501057962,
      0.9971243292490639,
      0.9959545516967796,
      0.9943932781219488,
      0.9923373483022055,
      0.9896765861511234,
      0.9862769298553453,
      0.9820049928029363,
      0.976703982671102,
      0.9702227268218995,
      0.9624002647399875,
      0.9530737520853682,
      0.9420996100107848,
      0.9293297735850019,
      0.9146416308085138,
      0.8979380823771164,
      0.8791552963256841,
      0.8582540791829427,
      0.8352054131825772,
      0.8100409990946452,
      0.782806751251221,
      0.7535871219635017,
      0.7224994341532393,
      0.689692665735881,
      0.6553288593292225,
      0.6196282812754328,
      0.5828074410756428,
      0.5451342748006186,
      0.50689047686259,
      0.4683702863057457,
      0.42990559196472206,
      0.3918280614217129,
      0.35447632789611855,
      0.318168678283692,
      0.28321568361918126,
      0.24992655690511084,
      0.2185641002655032,
      0.18934220314025815,
      0.16244516372680645,
      0.1379614524841308,
      0.11594731267293285,
      0.09640521876017263,
      0.07927695020039877,
      0.06444888178507492,
      0.0517876605987548,
      0.04111981455485031,
      0.03224543253580735,
      0.02497056070963548,
      0.019089058558146153,
      0.014397529602050792,
      0.01071406745910644,
      0.00786349360148112,
      0.00569129117329915,
      0.00405883153279623,
      0.0028529434204101535,
      0.0019743258158365887,
      0.0013449096679687494,
      0.0009022636413574225,
      0.0005953203837076821
    ],