{
  "diagnostics": {
    "excess_kurt_x_obs": -1.074733052204812,
    "imag_frac_nonzero_eps1e-12": 0.9846153846153847,
    "imag_max_abs": 0.0050463026842661445,
    "skew_x_obs": 0.11949598269739171,
    "v1_delta_bandwidth_dnu": 0.10000000000000009,
    "v1_symmetry_corr": 0.8571541364786706,
    "verify_l2_from_curves": {
      "D0_match": true,
      "D0_recomputed": 0.09346837140279923,
      "D0_reported": 0.09346837140279923,
      "D1_match": true,
      "D1_recomputed": 99.63703649454285,
      "D1_reported": 99.63703649454285,
      "tol_abs": 1e-12,
      "tol_rel": 1e-10,
      "verify_dnu": 0.10000000000000009
    }
  },
  "hint": "This script compares observed morphology against phase-randomized surrogates that preserve |a_lm|. V0(nu) is excursion-set area fraction; V1(nu) is a perimeter proxy estimated from |\u2207x| in a nu-band. Distances D0 and D1 are L2 distances (sqrt(sum((a-b)^2)*dnu)) to surrogate-mean curves. D_mf combines them as sqrt(D0^2 + D1^2). Z_mf is the scale-free combined z-distance.",
  "kind": "planck_pr3_lensing_phi_topology_mf_v0_v1",
  "lmax": 128,
  "metric": "Minkowski-style morphology: V0(area) + V1(perimeter proxy) vs phase-random surrogates",
  "n_sims": 2000,
  "nside": 256,
  "observed": {
    "D0_L2": 0.09346837140279923,
    "D0_sum_sq_legacy": 0.08736336452691609,
    "D1_L2": 99.63703649454285,
    "D1_sum_sq_legacy": 99275.39041414857,
    "D_mf": 99.63708033534161,
    "Z0": 51.77920961030153,
    "Z1": 38.76167800432412,
    "Z_mf": 64.68040066031168,
    "map_mean": 2.281652374154508e-08,
    "map_std": 0.033531809307279684,
    "v0_curve": [
      1.0,
      1.0,
      0.9999961853027344,
      0.999993642171224,
      0.9999860127766927,
      0.999975840250651,
      0.99993896484375,
      0.9998919169108073,
      0.9997914632161459,
      0.9996109008789062,
      0.9993629455566406,
      0.9989522298177084,
      0.9983418782552084,
      0.9971822102864584,
      0.9948259989420573,
      0.9900856018066406,
      0.9750645955403646,
      0.9256490071614584,
      0.8384221394856771,
      0.7586402893066406,
      0.7111053466796875,
      0.6895891825358073,
      0.6773630777994791,
      0.6669222513834635,
      0.6552696228027344,
      0.6417007446289062,
      0.62542724609375,
      0.606597900390625,
      0.5848846435546875,
      0.559930165608724,
      0.5322265625,
      0.5020561218261719,
      0.46832275390625,
      0.43335596720377606,
      0.39640553792317706,
      0.35820770263671875,
      0.31948598225911456,
      0.2812817891438802,
      0.24425506591796875,
      0.20912297566731772,
      0.17641067504882812,
      0.14686711629231772,
      0.12098185221354167,
      0.09796651204427083,
      0.07826995849609375,
      0.061604817708333336,
      0.04778289794921875,
      0.03658294677734375,
      0.02745819091796875,
      0.020311991373697918,
      0.014636993408203125,
      0.010334014892578125,
      0.007258097330729167,
      0.004926045735677083,
      0.003326416015625,
      0.00218963623046875,
      0.0013834635416666667,
      0.000865936279296875,
      0.0005467732747395834,
      0.0003636678059895833,
      0.00023523966471354166
    ],
    "v1_curve": [
      0.0,
      0.0,
      0.02819823493998284,
      0.043237341215027925,
      0.09015504964288097,
      0.10984851189275088,
      0.3269958039483611,
      0.49352989171608963,
      0.9237899189187149,
      1.4763351364088655,
      2.291908756208939,
      3.5156241629294778,
      5.38413574774627,
      8.89874277975732,
      15.217653884811162,
      28.052441807999145,
      61.17483859167544,
      119.60865797463585,
      152.96783183851093,
      128.56558203109643,
      98.11437445060663,
      87.65285540418567,
      90.90720285365141,
      106.17058022738561,
      135.02311924571157,
      153.24425437258046,
      182.1809691497705,
      220.9356741644538,
      241.44912084483974,
      274.9705008583109,
      300.9526425474691,
      327.84266278849253,
      354.5787491650297,
      373.77216885083755,
      387.0433373070123,
      399.78931356689293,
      390.6484896764723,
      390.8780351405144,
      368.204625152394,
      351.891906152336,
      325.52345087360976,
      293.6028490443245,
      260.25942775153356,
      226.25477077123995,
      196.42292432118546,
      164.6495201359561,
      137.12076510046958,
      112.42837607382666,
      90.93608255625524,
      70.85885159528566,
      54.92820851225306,
      39.94947369059703,
      30.653328678413384,
      20.770117470505284,
      15.288677377657159,
      10.16069834073455,
      6.83890069496547,
      5.196688089943153,
      2.2944115142394734,
      1.6824130610548826,
      1.1391848558839919
    ]
  },
  "p_high": 0.0004997501249375312,
  "p_high_mf": 0.0004997501249375312,
  "p_low": 1.0,
  "p_low_mf": 1.0,
  "p_two_sided": 0.0009995002498750624,
  "p_two_sided_mf": 0.0009995002498750624,
  "provenance": {
    "dat_url": "https://github.com/gradient-pulse/phi-mesh/releases/download/data-2026-02-15-planck-lensing-R3/planck_pr3_lensing_mv_dat_klm.fits",
    "mf_url": "https://github.com/gradient-pulse/phi-mesh/releases/download/data-2026-02-15-planck-lensing-R3/planck_pr3_lensing_mv_mf_klm.fits"
  },
  "seed": 731,
  "surrogate": {
    "D0_mean": 0.0038547047574569813,
    "D0_std": 0.0017306881916465853,
    "D1_mean": 8.601011739912297,
    "D1_std": 2.3486089726165855,
    "D_mf_mean": 8.60101271138004,
    "D_mf_std": 2.3486092157161784,
    "v0_mean_curve": [
      0.9994317499796531,
      0.9990934123992928,
      0.9985849641164143,
      0.9978347282409662,
      0.9967534402211509,
      0.9952327823638913,
      0.9931399784088145,
      0.9903213596343984,
      0.986611001332601,
      0.9818399378458648,
      0.9758261483510333,
      0.968408574422201,
      0.9594429632822671,
      0.9488136781056721,
      0.9364469184875485,
      0.9223039639790857,
      0.9064034856160476,
      0.8887755266825362,
      0.869488059997558,
      0.8486151479085288,
      0.8262224623362217,
      0.8023624248504639,
      0.777070754369101,
      0.7503602104187013,
      0.7221967188517268,
      0.6925541826883946,
      0.6613900712331136,
      0.6286675949096694,
      0.5944171492258697,
      0.5587173627217608,
      0.5217307039896644,
      0.48369648361206036,
      0.44493881988525336,
      0.40584438260396355,
      0.3668678220113127,
      0.32847806803385343,
      0.29115736325581915,
      0.2553742758433023,
      0.2215496018727618,
      0.1900395743052162,
      0.16112244987487803,
      0.13496978632609044,
      0.11167268816630042,
      0.09123043568929035,
      0.07358744621276854,
      0.058589610417683936,
      0.04603766568501785,
      0.035694118499755914,
      0.027304660161336286,
      0.020599216461181614,
      0.01532355753580729,
      0.011241209665934218,
      0.008132164001464832,
      0.005796848932902021,
      0.004074526468912761,
      0.0028244539896647163,
      0.00192958831787109,
      0.0013003431955973294,
      0.0008641471862792956,
      0.0005667864481608075,
      0.0003665218353271483
    ],