{
  "diagnostics": {
    "excess_kurt_x_obs": -0.08342649481475028,
    "imag_frac_nonzero_eps1e-12": 0.9846153846153847,
    "imag_max_abs": 0.028679211368800236,
    "skew_x_obs": 0.045757482883678056,
    "v1_delta_bandwidth_dnu": 0.10000000000000009,
    "v1_symmetry_corr": 0.9913541927025376,
    "verify_l2_from_curves": {
      "D0_match": true,
      "D0_recomputed": 0.0049404244397772,
      "D0_reported": 0.0049404244397772,
      "D1_match": true,
      "D1_recomputed": 8.407887693219854,
      "D1_reported": 8.407887693219854,
      "tol_abs": 1e-12,
      "tol_rel": 1e-10,
      "verify_dnu": 0.10000000000000009
    }
  },
  "hint": "This script compares observed morphology against phase-randomized surrogates that preserve |a_lm|. V0(nu) is excursion-set area fraction; V1(nu) is a perimeter proxy estimated from |\u2207x| in a nu-band. Distances D0 and D1 are L2 distances (sqrt(sum((a-b)^2)*dnu)) to surrogate-mean curves. D_mf combines them as sqrt(D0^2 + D1^2). Z_mf is the scale-free combined z-distance.",
  "kind": "planck_pr3_lensing_phi_topology_mf_v0_v1",
  "lmax": 128,
  "metric": "Minkowski-style morphology: V0(area) + V1(perimeter proxy) vs phase-random surrogates",
  "n_sims": 2000,
  "nside": 256,
  "observed": {
    "D0_L2": 0.0049404244397772,
    "D0_sum_sq_legacy": 0.00024407793645147836,
    "D1_L2": 8.407887693219854,
    "D1_sum_sq_legacy": 706.925754617978,
    "D_mf": 8.407889144701631,
    "Z0": -0.7730186254974212,
    "Z1": -1.0301715694887543,
    "Z_mf": 1.2879484686697855,
    "map_mean": -2.241007523431579e-08,
    "map_std": 0.03136693249761455,
    "v0_curve": [
      0.999090830485026,
      0.9987131754557291,
      0.9981981913248698,
      0.9974568684895834,
      0.9963455200195312,
      0.9948997497558594,
      0.9929122924804688,
      0.9904937744140625,
      0.9874343872070312,
      0.983679453531901,
      0.978918711344401,
      0.9733530680338541,
      0.9661954243977865,
      0.9573338826497396,
      0.9470990498860677,
      0.9349263509114584,
      0.9206161499023438,
      0.9037183125813802,
      0.8851394653320312,
      0.8639717102050781,
      0.8402531941731771,
      0.8140525817871094,
      0.7849909464518229,
      0.7540613810221354,
      0.7210769653320312,
      0.6862691243489584,
      0.6501388549804688,
      0.6121953328450521,
      0.5738868713378906,
      0.5352312723795573,
      0.49594879150390625,
      0.45676549275716144,
      0.4185778299967448,
      0.38092931111653644,
      0.3442217508951823,
      0.30866114298502606,
      0.2750104268391927,
      0.24343363444010416,
      0.21358617146809897,
      0.18618138631184897,
      0.16084798177083334,
      0.13802337646484375,
      0.11773300170898438,
      0.09914779663085938,
      0.0831133524576823,
      0.068939208984375,
      0.056546529134114586,
      0.04588190714518229,
      0.037076314290364586,
      0.029649098714192707,
      0.023464202880859375,
      0.018419901529947918,
      0.014296213785807291,
      0.010953267415364584,
      0.008270263671875,
      0.006211598714192708,
      0.004620869954427083,
      0.003467559814453125,
      0.0025800069173177085,
      0.0018463134765625,
      0.0013516743977864583
    ],
    "v1_curve": [
      2.305378393321163,
      3.5430625698841713,
      4.886702500366975,
      6.822187555919446,
      8.902401714144851,
      12.386824914784311,
      16.218795502412505,
      20.611768359526913,
      25.568239221056793,
      32.154244299933296,
      39.18315011286806,
      48.58081728167448,
      58.95087953281866,
      71.07153520428065,
      84.08356256688741,
      98.40630614862583,
      115.96409591278173,
      134.29840989802025,
      152.6624496791742,
      171.70356438955997,
      192.77823220741874,
      211.79938908850227,
      234.20538501787206,
      252.5919826168486,
      270.68809185645694,
      283.10897673213185,
      298.1485024633656,
      309.87380885888075,
      325.9351959062937,
      322.2097016645882,
      333.89652442761013,
      330.51629454393725,
      331.8332015289219,
      338.5933117976541,
      326.34139963490054,
      315.3184130014292,
      303.1636640771912,
      294.8423373581539,
      277.72871090207786,
      268.11253370421645,
      239.49081832475895,
      221.16744623705247,
      200.90335589601295,
      183.72281215530282,
      164.95245504776275,
      145.51985257189614,
      127.39434875249889,
      105.85618952564695,
      90.49315519956546,
      81.00414076690485,
      64.34574851178739,
      55.266132993629135,
      46.46894626619531,
      32.965351568818676,
      29.104294866755037,
      22.05849527043046,
      17.854397344098476,
      12.596377736311927,
      9.97634689167345,
      6.810225540671412,
      4.545344723642838
    ]
  },
  "p_high": 0.743128435782109,
  "p_high_mf": 0.8875562218890555,
  "p_low": 0.25737131434282856,
  "p_low_mf": 0.11294352823588207,
  "p_two_sided": 0.5147426286856571,
  "p_two_sided_mf": 0.22588705647176413,
  "provenance": {
    "dat_url": "GAUSSIAN_CONTROL_FROM: https://github.com/gradient-pulse/phi-mesh/releases/download/data-2026-02-15-planck-lensing-R3/planck_pr3_lensing_mv_dat_klm.fits",
    "mf_url": "GAUSSIAN_CONTROL_MF_ZERO_FROM: https://github.com/gradient-pulse/phi-mesh/releases/download/data-2026-02-15-planck-lensing-R3/planck_pr3_lensing_mv_mf_klm.fits"
  },
  "seed": 731,
  "surrogate": {
    "D0_mean": 0.008842575628563658,
    "D0_std": 0.005047939415787694,
    "D1_mean": 15.435693922410854,
    "D1_std": 6.821976491429195,
    "D_mf_mean": 15.435696674938667,
    "D_mf_std": 6.821977861639108,
    "v0_mean_curve": [
      0.998896072387697,
      0.9984295616149905,
      0.997793341318766,
      0.9969317906697608,
      0.9957850653330491,
      0.9942773437500004,
      0.9923179295857733,
      0.9898028316497787,
      0.9866092637379968,
      0.9826040172576889,
      0.977639494578045,
      0.9715477987925203,
      0.9641706218719481,
      0.9553328272501649,
      0.9448531017303458,
      0.9325709349314356,
      0.9183281764984124,
      0.9019785957336418,
      0.8834136892954506,
      0.862545834859214,
      0.8393440628051765,
      0.8137840201059969,
      0.7859107926686604,
      0.7558283933003747,
      0.7236519762674957,
      0.6895854288736981,
      0.6538608074188241,
      0.6167622884114595,
      0.578578589121501,
      0.539664208094279,
      0.5003534584045415,
      0.46105526288350535,
      0.4221092185974126,
      0.3838912690480552,
      0.34673017692565883,
      0.3109268372853601,
      0.27678579839070605,
      0.24452289517720535,
      0.21434292666117372,
      0.18636844762166357,
      0.1607114340464274,
      0.13741006724039723,
      0.1164658304850261,
      0.09783263333638509,
      0.08141998036702475,
      0.06712511253356938,
      0.054808941523234,
      0.04431289863586423,
      0.03546707789103187,
      0.028091983159383115,
      0.022018169403076118,
      0.017074338912963866,
      0.013097283045450865,
      0.009936679840087892,
      0.00745085080464681,
      0.005522377649943034,
      0.004046362559000659,
      0.002928286870320637,
      0.0020939699808756483,
      0.0014781894683837862,
      0.0010309861501057917
    ],