{
  "diagnostics": {
    "excess_kurt_x_obs": 0.04102888874947519,
    "imag_frac_nonzero_eps1e-12": 0.9896907216494846,
    "imag_max_abs": 0.02030508064930168,
    "skew_x_obs": 0.08475375816929326,
    "v1_delta_bandwidth_dnu": 0.10000000000000009,
    "v1_symmetry_corr": 0.9937627626204011,
    "verify_l2_from_curves": {
      "D0_match": true,
      "D0_recomputed": 0.007046767995011727,
      "D0_reported": 0.007046767995011727,
      "D1_match": true,
      "D1_recomputed": 23.19271290320983,
      "D1_reported": 23.19271290320983,
      "tol_abs": 1e-12,
      "tol_rel": 1e-10,
      "verify_dnu": 0.10000000000000009
    }
  },
  "hint": "This script compares observed morphology against phase-randomized surrogates that preserve |a_lm|. V0(nu) is excursion-set area fraction; V1(nu) is a perimeter proxy estimated from |\u2207x| in a nu-band. Distances D0 and D1 are L2 distances (sqrt(sum((a-b)^2)*dnu)) to surrogate-mean curves. D_mf combines them as sqrt(D0^2 + D1^2). Z_mf is the scale-free combined z-distance.",
  "kind": "planck_pr3_lensing_phi_topology_mf_v0_v1",
  "lmax": 192,
  "metric": "Minkowski-style morphology: V0(area) + V1(perimeter proxy) vs phase-random surrogates",
  "n_sims": 2000,
  "nside": 256,
  "observed": {
    "D0_L2": 0.007046767995011727,
    "D0_sum_sq_legacy": 0.0004965693917552155,
    "D1_L2": 23.19271290320983,
    "D1_sum_sq_legacy": 5379.019318107153,
    "D_mf": 23.192713973738712,
    "Z0": 0.731375194801104,
    "Z1": 1.1199394521705082,
    "Z_mf": 1.3376001091874696,
    "map_mean": -3.326205684495154e-08,
    "map_std": 0.039145820308893964,
    "v0_curve": [
      0.9989395141601562,
      0.9985020955403646,
      0.9979044596354166,
      0.9971135457356771,
      0.9960454305013021,
      0.9946975708007812,
      0.9929377237955729,
      0.9906705220540365,
      0.9878501892089844,
      0.9840583801269531,
      0.9794514973958334,
      0.9737103780110677,
      0.966729482014974,
      0.9582494099934896,
      0.9481150309244791,
      0.936333974202474,
      0.922308603922526,
      0.9061228434244791,
      0.8874320983886719,
      0.866363525390625,
      0.8426513671875,
      0.816314697265625,
      0.7880503336588541,
      0.7566858927408854,
      0.7232373555501302,
      0.6882362365722656,
      0.6513926188151041,
      0.6127675374348959,
      0.5733019510904948,
      0.5330988566080729,
      0.4931081136067708,
      0.4530220031738281,
      0.4140828450520833,
      0.3761494954427083,
      0.33913294474283856,
      0.3042437235514323,
      0.2711931864420573,
      0.2395909627278646,
      0.2101593017578125,
      0.18306096394856772,
      0.1582819620768229,
      0.1357549031575521,
      0.11552937825520833,
      0.09793853759765625,
      0.08237330118815105,
      0.06874847412109375,
      0.05722935994466146,
      0.047304789225260414,
      0.03864161173502604,
      0.031406402587890625,
      0.025295257568359375,
      0.020346323649088543,
      0.016147613525390625,
      0.012807210286458334,
      0.010066986083984375,
      0.007841746012369791,
      0.006078084309895833,
      0.00457000732421875,
      0.003475189208984375,
      0.0026257832845052085,
      0.001983642578125
    ],
    "v1_curve": [
      4.549562996088094,
      7.004541498942361,
      9.294734461098573,
      11.801778342476837,
      16.16791429112362,
      19.827024016855848,
      26.17497198188792,
      33.85636192180302,
      43.10986736434126,
      55.53748158777959,
      67.07004067733322,
      83.04569173455933,
      101.98989022233981,
      122.8949417613785,
      143.83665667400362,
      168.53713861393507,
      198.34139382869407,
      231.77569739563418,
      262.1419237734702,
      302.01241020746414,
      337.8466315959608,
      373.0853027538619,
      416.41799577587346,
      444.04823196247145,
      478.7647569226957,
      509.77992394276004,
      535.3498875028511,
      562.8389823243942,
      586.4509020308395,
      587.4842432457712,
      606.2915826409668,
      591.8630663744068,
      596.0643890136371,
      591.160244292553,
      572.8887056839512,
      559.7769011258135,
      532.9825816543547,
      511.401362731603,
      479.34328534570386,
      440.1484608122089,
      409.04407737952096,
      370.2715753434131,
      352.32446765623587,
      291.82419665000566,
      273.44208797787167,
      239.15904441474424,
      207.32086674928485,
      184.70017163880286,
      160.91244140606238,
      134.8540545868082,
      120.76733764945486,
      96.1623708110843,
      78.03488526062877,
      66.08860015956269,
      52.768437562865216,
      45.43300002374106,
      36.980074940273624,
      28.782200752733026,
      21.548191923102088,
      16.647610987028578,
      13.890398328642014
    ]
  },
  "p_high": 0.2098950524737631,
  "p_high_mf": 0.14442778610694654,
  "p_low": 0.7906046976511744,
  "p_low_mf": 0.856071964017991,
  "p_two_sided": 0.4197901049475262,
  "p_two_sided_mf": 0.2888555722138931,
  "provenance": {
    "dat_url": "GAUSSIAN_CONTROL_FROM: https://github.com/gradient-pulse/phi-mesh/releases/download/data-2026-02-15-planck-lensing-R3/planck_pr3_lensing_mv_dat_klm.fits",
    "mf_url": "GAUSSIAN_CONTROL_MF_ZERO_FROM: https://github.com/gradient-pulse/phi-mesh/releases/download/data-2026-02-15-planck-lensing-R3/planck_pr3_lensing_mv_mf_klm.fits"
  },
  "seed": 731,
  "surrogate": {
    "D0_mean": 0.0049010471746007605,
    "D0_std": 0.002933816781952102,
    "D1_mean": 16.326229797785388,
    "D1_std": 6.131119938775973,
    "D_mf_mean": 16.326230606815635,
    "D_mf_std": 6.131120445169357,
    "v0_mean_curve": [
      0.9988037853240962,
      0.9983213068644191,
      0.9976682440439845,
      0.9967954387664779,
      0.9956438655853266,
      0.9941358407338464,
      0.9921880302429198,
      0.9896966215769443,
      0.986539073944093,
      0.9825859184265147,
      0.9776951675415033,
      0.9717023760477717,
      0.9644375896453848,
      0.9557323188781726,
      0.9453960304260247,
      0.933264677047728,
      0.9191635773976626,
      0.9029481480916345,
      0.8844931882222504,
      0.863708530426025,
      0.8405315411885578,
      0.8149520734151205,
      0.7870027205149337,
      0.7567828521728526,
      0.7244234536488862,
      0.6901200110117592,
      0.6541191018422426,
      0.6167011998494453,
      0.5782055823008231,
      0.5389666245778395,
      0.4993674100240067,
      0.4597879091898607,
      0.42061851755778007,
      0.3822154267628993,
      0.3449429480234777,
      0.3091096477508544,
      0.27499677848815934,
      0.2428364537556966,
      0.21281501897176086,
      0.18505782890319813,
      0.15964385477701842,
      0.1366147594451906,
      0.11593816566467288,
      0.09757230885823555,
      0.08140442848205562,
      0.06733220545450845,
      0.05519334030151374,
      0.04483375422159831,
      0.03608441352844239,
      0.028770899454752627,
      0.02272558911641439,
      0.017776806513468416,
      0.013773547490437828,
      0.010564718882242845,
      0.008022147496541348,
      0.006029404322306321,
      0.004482912063598632,
      0.0033001753489176437,
      0.0024038155873616547,
      0.0017325763702392572,
      0.0012360877990722676
    ],