{
  "diagnostics": {
    "excess_kurt_x_obs": -0.03539961984782636,
    "imag_frac_nonzero_eps1e-12": 0.9922480620155039,
    "imag_max_abs": 0.032679547139096266,
    "skew_x_obs": 0.018471328490857974,
    "v1_delta_bandwidth_dnu": 0.10000000000000009,
    "v1_symmetry_corr": 0.9994411313656716,
    "verify_l2_from_curves": {
      "D0_match": true,
      "D0_recomputed": 0.0033291340270061127,
      "D0_reported": 0.0033291340270061127,
      "D1_match": true,
      "D1_recomputed": 16.170061085247948,
      "D1_reported": 16.170061085247948,
      "tol_abs": 1e-12,
      "tol_rel": 1e-10,
      "verify_dnu": 0.10000000000000009
    }
  },
  "hint": "This script compares observed morphology against phase-randomized surrogates that preserve |a_lm|. V0(nu) is excursion-set area fraction; V1(nu) is a perimeter proxy estimated from |\u2207x| in a nu-band. Distances D0 and D1 are L2 distances (sqrt(sum((a-b)^2)*dnu)) to surrogate-mean curves. D_mf combines them as sqrt(D0^2 + D1^2). Z_mf is the scale-free combined z-distance.",
  "kind": "planck_pr3_lensing_phi_topology_mf_v0_v1",
  "lmax": 256,
  "metric": "Minkowski-style morphology: V0(area) + V1(perimeter proxy) vs phase-random surrogates",
  "n_sims": 2000,
  "nside": 256,
  "observed": {
    "D0_L2": 0.0033291340270061127,
    "D0_sum_sq_legacy": 0.00011083133369769927,
    "D1_L2": 16.170061085247948,
    "D1_sum_sq_legacy": 2614.708755006499,
    "D_mf": 16.170061427953307,
    "Z0": 0.38244052453628835,
    "Z1": -0.5716591415832489,
    "Z_mf": 0.6877898872208638,
    "map_mean": -8.497752739441052e-08,
    "map_std": 0.04899223981014563,
    "v0_curve": [
      0.9988365173339844,
      0.9983062744140625,
      0.9976793924967448,
      0.9968134562174479,
      0.9957313537597656,
      0.9942881266276041,
      0.9923680623372396,
      0.9898567199707031,
      0.9869117736816406,
      0.9829584757486979,
      0.9782231648763021,
      0.9722493489583334,
      0.9651438395182291,
      0.9564412434895834,
      0.9461390177408854,
      0.9337959289550781,
      0.919549306233724,
      0.9031995137532552,
      0.8846511840820312,
      0.8636576334635416,
      0.8402201334635416,
      0.8145751953125,
      0.7866032918294271,
      0.7562650044759115,
      0.7237993876139323,
      0.6892534891764323,
      0.6532554626464844,
      0.615820566813151,
      0.5773671468098959,
      0.5381088256835938,
      0.4985186258951823,
      0.45922088623046875,
      0.41991424560546875,
      0.3815015157063802,
      0.34455108642578125,
      0.30899302164713544,
      0.27502187093098956,
      0.24287923177083334,
      0.21291351318359375,
      0.18513870239257812,
      0.15964126586914062,
      0.13676071166992188,
      0.116302490234375,
      0.09782791137695312,
      0.0814679463704427,
      0.06732940673828125,
      0.0553741455078125,
      0.044954935709635414,
      0.036265055338541664,
      0.028875986735026043,
      0.022867838541666668,
      0.017866770426432293,
      0.013941446940104166,
      0.010779062906901041,
      0.008282979329427084,
      0.006223042805989583,
      0.004656473795572917,
      0.0034586588541666665,
      0.002574920654296875,
      0.00189208984375,
      0.0013834635416666667
    ],
    "v1_curve": [
      9.925828375954577,
      11.412173209442626,
      17.234744955203716,
      20.092737929346747,
      27.649234021941684,
      38.561143565895925,
      48.85161729716354,
      58.213009482191076,
      76.69376118974745,
      93.77975213785191,
      118.58881080427862,
      142.94108879076643,
      173.41849917226003,
      210.72470175553457,
      252.93789966881096,
      298.82274915270676,
      349.05224358635684,
      397.9238492999824,
      446.13943149280243,
      508.3082799380394,
      560.8099153672546,
      626.5461314449609,
      665.5624883571807,
      725.1199696744069,
      787.2545583841711,
      820.9345666694695,
      860.7501555647367,
      896.0332721291807,
      920.8385840472013,
      941.9644465137567,
      952.2281008572554,
      936.0006385663148,
      930.3869871364404,
      919.2532868724645,
      867.6132415431472,
      862.677442892034,
      798.3671150680966,
      755.0205767174358,
      699.3220373443561,
      646.3013878473673,
      586.7596306793652,
      535.4654750181802,
      482.3369975416467,
      429.26185391118236,
      368.0429004986595,
      310.5981531257725,
      276.61215997799576,
      228.4468954906619,
      196.98128675367937,
      159.10362666547212,
      132.59335122307596,
      102.54752998169748,
      90.04513183073345,
      72.62773889959095,
      52.41326628957979,
      44.389259156806226,
      31.910756147734485,
      23.791071797356494,
      16.97423205993885,
      13.11597977708725,
      10.014111439362265
    ]
  },
  "p_high": 0.2893553223388306,
  "p_high_mf": 0.6876561719140429,
  "p_low": 0.711144427786107,
  "p_low_mf": 0.31284357821089454,
  "p_two_sided": 0.5787106446776612,
  "p_two_sided_mf": 0.6256871564217891,
  "provenance": {
    "dat_url": "GAUSSIAN_CONTROL_FROM: https://github.com/gradient-pulse/phi-mesh/releases/download/data-2026-02-15-planck-lensing-R3/planck_pr3_lensing_mv_dat_klm.fits",
    "mf_url": "GAUSSIAN_CONTROL_MF_ZERO_FROM: https://github.com/gradient-pulse/phi-mesh/releases/download/data-2026-02-15-planck-lensing-R3/planck_pr3_lensing_mv_mf_klm.fits"
  },
  "seed": 731,
  "surrogate": {
    "D0_mean": 0.002695278059671149,
    "D0_std": 0.0016573974949530216,
    "D1_mean": 18.439146609675657,
    "D1_std": 3.9692980648281457,
    "D_mf_mean": 18.439146845796824,
    "D_mf_std": 3.969298228965796,
    "v0_mean_curve": [
      0.9985938510894774,
      0.998060069402057,
      0.997348897298179,
      0.9964097639719642,
      0.995182387034097,
      0.9935954392751042,
      0.9915660088857015,
      0.9889936135609926,
      0.9857639764149978,
      0.9817522220611573,
      0.9768151117960612,
      0.9707991930643735,
      0.9635456651051832,
      0.9548724606831862,
      0.9446159884134928,
      0.9326029713948565,
      0.9186742337544739,
      0.9026709785461416,
      0.8844643255869543,
      0.8639540812174501,
      0.8410829035441065,
      0.8158136005401616,
      0.7881823247273757,
      0.7582463493347178,
      0.7261345132191984,
      0.6920350157419841,
      0.6561662756601964,
      0.6188219318389885,
      0.5803039493560794,
      0.5409821383158375,
      0.5012316716512042,
      0.4614488302866614,
      0.422022536595663,
      0.3833262856801353,
      0.34573628807067847,
      0.30957981236775733,
      0.2751548512776687,
      0.24270539728800453,
      0.21242035293579076,
      0.18443787384033206,
      0.1588542251586916,
      0.1356971931457518,
      0.1149406153361003,
      0.09653956095377614,
      0.0803826897939046,
      0.06634660911560068,
      0.05427976989746091,
      0.04401033910115571,
      0.035358694076538064,
      0.02814954312642415,
      0.02220448493957519,
      0.01735046768188476,
      0.013432635625203422,
      0.010299314498901342,
      0.007821165084838863,
      0.005882163365681955,
      0.0043821818033854066,
      0.003230457941691084,
      0.0023594544728597,
      0.0017066389719645157,
      0.00122140375773112
    ],