{
  "diagnostics": {
    "excess_kurt_x_obs": 0.42856607451299444,
    "imag_frac_nonzero_eps1e-12": 0.9937888198757764,
    "imag_max_abs": 0.0050463026842661445,
    "skew_x_obs": 0.6495109897291546,
    "v1_delta_bandwidth_dnu": 0.10000000000000009,
    "v1_symmetry_corr": 0.9541414061949571,
    "verify_l2_from_curves": {
      "D0_match": true,
      "D0_recomputed": 0.10845514911074185,
      "D0_reported": 0.10845514911074185,
      "D1_match": true,
      "D1_recomputed": 267.10396778180245,
      "D1_reported": 267.10396778180245,
      "tol_abs": 1e-12,
      "tol_rel": 1e-10,
      "verify_dnu": 0.10000000000000009
    }
  },
  "hint": "This script compares observed morphology against phase-randomized surrogates that preserve |a_lm|. V0(nu) is excursion-set area fraction; V1(nu) is a perimeter proxy estimated from |\u2207x| in a nu-band. Distances D0 and D1 are L2 distances (sqrt(sum((a-b)^2)*dnu)) to surrogate-mean curves. D_mf combines them as sqrt(D0^2 + D1^2). Z_mf is the scale-free combined z-distance.",
  "kind": "planck_pr3_lensing_phi_topology_mf_v0_v1",
  "lmax": 320,
  "metric": "Minkowski-style morphology: V0(area) + V1(perimeter proxy) vs phase-random surrogates",
  "n_sims": 2000,
  "nside": 256,
  "observed": {
    "D0_L2": 0.10845514911074185,
    "D0_sum_sq_legacy": 0.11762519368633238,
    "D1_L2": 267.10396778180245,
    "D1_sum_sq_legacy": 713445.296047821,
    "D_mf": 267.1039898004175,
    "Z0": 316.7561643396648,
    "Z1": 88.37628797443503,
    "Z_mf": 328.8538215124115,
    "map_mean": 3.8455838473107816e-08,
    "map_std": 0.06207866746564129,
    "v0_curve": [
      0.9991963704427084,
      0.9989229838053385,
      0.998572031656901,
      0.9981104532877604,
      0.9975357055664062,
      0.9967575073242188,
      0.9957682291666666,
      0.9944127400716146,
      0.9928398132324219,
      0.9909006754557291,
      0.9884490966796875,
      0.9854927062988281,
      0.9819018046061198,
      0.9775861104329427,
      0.9725507100423177,
      0.966454823811849,
      0.9591178894042969,
      0.9503440856933594,
      0.9403076171875,
      0.9287490844726562,
      0.9149131774902344,
      0.8965632120768229,
      0.8614069620768229,
      0.7754300435384115,
      0.654974619547526,
      0.5688769022623698,
      0.5249532063802084,
      0.4959818522135417,
      0.4706573486328125,
      0.4450416564941406,
      0.41925684611002606,
      0.3935890197753906,
      0.36760584513346356,
      0.3414268493652344,
      0.3154589335123698,
      0.29008738199869794,
      0.26495107014973956,
      0.24062220255533853,
      0.21742630004882812,
      0.19488398234049478,
      0.1736475626627604,
      0.15403874715169272,
      0.13564682006835938,
      0.11884816487630208,
      0.1034685770670573,
      0.08939234415690105,
      0.07692718505859375,
      0.06582895914713542,
      0.055880228678385414,
      0.047119140625,
      0.039470672607421875,
      0.032862345377604164,
      0.027224222819010418,
      0.022471110026041668,
      0.01833343505859375,
      0.014924367268880209,
      0.012004852294921875,
      0.009627024332682291,
      0.007701873779296875,
      0.006142934163411458,
      0.004849751790364583
    ],
    "v1_curve": [
      10.52668460952999,
      12.171500185460014,
      16.65018301083734,
      18.603318972476057,
      27.7529841682515,
      33.05161673271353,
      47.360037275666386,
      58.228799508140966,
      69.18487774053992,
      84.26389850063839,
      105.7679602078322,
      133.33587554193755,
      157.66299905756938,
      186.7656927602745,
      212.1083452049846,
      270.9896453255094,
      311.36808004581854,
      346.3010388852712,
      406.696049299219,
      470.76773827834546,
      546.9308460239765,
      636.1959633087682,
      794.3895667599821,
      1043.264330970998,
      1090.736855746836,
      1005.3017834006764,
      920.4702422743513,
      950.2927958929632,
      977.2511553265992,
      1013.5493838969923,
      1060.1901053443255,
      1041.734091222742,
      1064.3710157149599,
      1088.8455829067204,
      1045.1017432998678,
      1039.7009193183533,
      994.2020064044062,
      988.4861830026576,
      938.0853606707201,
      905.8880324181318,
      840.5135493981801,
      798.6655748386387,
      737.8662501646123,
      678.5694951540689,
      620.9067627865696,
      548.6803806154082,
      495.91458396214716,
      440.56566092777507,
      399.6991794030975,
      352.9667372373165,
      307.73528721210823,
      255.91840447930443,
      230.39910467713355,
      186.05455896413338,
      161.7026620071636,
      146.83502018673605,
      121.21216249691045,
      90.47263248126596,
      74.75073589490823,
      60.75799513923469,
      51.82077342469188
    ]
  },
  "p_high": 0.0004997501249375312,
  "p_high_mf": 0.0004997501249375312,
  "p_low": 1.0,
  "p_low_mf": 1.0,
  "p_two_sided": 0.0009995002498750624,
  "p_two_sided_mf": 0.0009995002498750624,
  "provenance": {
    "dat_url": "LCDM_RECON_SIM_TARBALL:https://github.com/gradient-pulse/phi-mesh/releases/download/data-2026-02-15-planck-lensing-R3/lcdm_recon_sims__layout_sims.tar.gz",
    "mf_url": "LCDM_RECON_SIM_TARBALL:https://github.com/gradient-pulse/phi-mesh/releases/download/data-2026-02-15-planck-lensing-R3/lcdm_recon_sims__layout_sims.tar.gz"
  },
  "seed": 1400,
  "surrogate": {
    "D0_mean": 0.0008591207269536605,
    "D0_std": 0.0003396809296769061,
    "D1_mean": 20.3730961921395,
    "D1_std": 2.791822074050404,
    "D_mf_mean": 20.373096213131262,
    "D_mf_std": 2.7918220737062756,
    "v0_mean_curve": [
      0.9991159362792963,
      0.9987244110107394,
      0.998180841445921,
      0.9974367008209218,
      0.9964296092987054,
      0.9950821215311684,
      0.9933070335388192,
      0.9909903615315765,
      0.9880140012105298,
      0.9842312221527107,
      0.9794944515228285,
      0.9736203187306712,
      0.9664272340138765,
      0.9577261225382483,
      0.9473259455362943,
      0.9350518875122054,
      0.920719642003377,
      0.904188046773274,
      0.8853302408854173,
      0.8640637989044201,
      0.8403432312011717,
      0.8141713339487704,
      0.7856200002034495,
      0.7547910995483378,
      0.7218629283905028,
      0.6870486106872562,
      0.6506083520253496,
      0.6128638629913324,
      0.5741462427775058,
      0.5348192259470625,
      0.49525151952107743,
      0.4558280111948651,
      0.4169330705006921,
      0.3789184010823557,
      0.342109010060628,
      0.30680103302001943,
      0.2732300052642821,
      0.24163480758667077,
      0.21216066805521633,
      0.18491650454203287,
      0.15997155062357593,
      0.13733617337544757,
      0.11700037638346358,
      0.09889294560750309,
      0.08292455673217779,
      0.0689778029123942,
      0.05691084671020505,
      0.046565418879191064,
      0.03778791109720867,
      0.030402493794759143,
      0.024249357223510768,
      0.019176729202270506,
      0.015032813390096015,
      0.01168334515889486,
      0.009001133600870775,
      0.006873266220092785,
      0.005200718561808262,
      0.003900447845458984,
      0.002898864746093751,
      0.0021337013244628875,
      0.0015572160085042292
    ],