{
  "diagnostics": {
    "excess_kurt_x_obs": -0.3547689393343392,
    "imag_frac_nonzero_eps1e-12": 0.9937888198757764,
    "imag_max_abs": 0.007993837136721808,
    "skew_x_obs": 0.5620836138842126,
    "v1_delta_bandwidth_dnu": 0.10000000000000009,
    "v1_symmetry_corr": 0.937597330692828,
    "verify_l2_from_curves": {
      "D0_match": true,
      "D0_recomputed": 0.10796943665255374,
      "D0_reported": 0.10796943665255374,
      "D1_match": true,
      "D1_recomputed": 253.89639103621803,
      "D1_reported": 253.89639103621803,
      "tol_abs": 1e-12,
      "tol_rel": 1e-10,
      "verify_dnu": 0.10000000000000009
    }
  },
  "hint": "This script compares observed morphology against phase-randomized surrogates that preserve |a_lm|. V0(nu) is excursion-set area fraction; V1(nu) is a perimeter proxy estimated from |\u2207x| in a nu-band. Distances D0 and D1 are L2 distances (sqrt(sum((a-b)^2)*dnu)) to surrogate-mean curves. D_mf combines them as sqrt(D0^2 + D1^2). Z_mf is the scale-free combined z-distance.",
  "kind": "planck_pr3_lensing_phi_topology_mf_v0_v1",
  "lmax": 320,
  "metric": "Minkowski-style morphology: V0(area) + V1(perimeter proxy) vs phase-random surrogates",
  "n_sims": 2000,
  "nside": 256,
  "observed": {
    "D0_L2": 0.10796943665255374,
    "D0_sum_sq_legacy": 0.11657399251069803,
    "D1_L2": 253.89639103621803,
    "D1_sum_sq_legacy": 644633.7738121607,
    "D_mf": 253.8964139932177,
    "Z0": 157.52189192145093,
    "Z1": 83.13293708556091,
    "Z_mf": 178.11297443753247,
    "map_mean": 7.266160438496964e-08,
    "map_std": 0.07750201460287823,
    "v0_curve": [
      0.9998283386230469,
      0.9997736612955729,
      0.9996960957845052,
      0.9995549519856771,
      0.999352773030599,
      0.9990946451822916,
      0.9987564086914062,
      0.9982643127441406,
      0.9976387023925781,
      0.9967689514160156,
      0.9956067403157552,
      0.9940338134765625,
      0.9920628865559896,
      0.9895617167154948,
      0.986175537109375,
      0.9818267822265625,
      0.9764798482259115,
      0.9698079427083334,
      0.96099853515625,
      0.9444834391276041,
      0.8891957600911459,
      0.7809066772460938,
      0.6811319986979166,
      0.6259066263834635,
      0.598663330078125,
      0.5774943033854166,
      0.5563583374023438,
      0.5341746012369791,
      0.5107472737630209,
      0.485870361328125,
      0.4597625732421875,
      0.43242136637369794,
      0.4045867919921875,
      0.3757896423339844,
      0.3465690612792969,
      0.31748199462890625,
      0.2882830301920573,
      0.26018397013346356,
      0.23294448852539062,
      0.2071355183919271,
      0.18258539835611978,
      0.1594263712565104,
      0.1381810506184896,
      0.1185302734375,
      0.10085550944010417,
      0.0853894551595052,
      0.07164891560872395,
      0.05928675333658854,
      0.049023946126302086,
      0.040008544921875,
      0.032567342122395836,
      0.026233673095703125,
      0.020847320556640625,
      0.016421000162760418,
      0.012828826904296875,
      0.009923299153645834,
      0.007723490397135417,
      0.005901336669921875,
      0.004427591959635417,
      0.0034116109212239585,
      0.0025533040364583335
    ],
    "v1_curve": [
      2.127127924891233,
      1.5777946049759597,
      3.355899774871619,
      6.634896808992974,
      8.79029451287469,
      9.392329141838141,
      12.58961372852731,
      19.674664178995496,
      23.72747923625803,
      33.386398712489346,
      44.03946274064338,
      56.19123280008359,
      67.7833562497463,
      93.15092521030769,
      113.60739813164876,
      147.82762749276287,
      179.90033705771398,
      222.9901894194448,
      282.2850349743324,
      373.6118445455689,
      584.5370343968154,
      732.449100666385,
      673.9691913964695,
      613.512387037516,
      616.7483543859098,
      669.2282339210977,
      723.6863465238362,
      790.5188589976331,
      844.5468810044083,
      902.4597002053887,
      935.859726537035,
      968.9042149993371,
      992.6081759743821,
      1035.8048648056313,
      1018.4810561257561,
      1027.3603063795758,
      1017.6377596935598,
      982.5601327926745,
      970.0453661129718,
      928.9628097483085,
      833.6091262300133,
      809.758642017985,
      726.23486586552,
      671.7336928743875,
      596.608404233717,
      534.4903600553223,
      488.96982080145057,
      404.0245384392824,
      343.98592106591684,
      302.45136672499865,
      247.11394688164629,
      220.3080233606818,
      189.53165660513804,
      147.06782909632307,
      122.27300028787144,
      104.52209773365946,
      80.32015017727483,
      60.784993151694096,
      49.91221667098149,
      37.554960978888126,
      29.746564154470217
    ]
  },
  "p_high": 0.0004997501249375312,
  "p_high_mf": 0.0004997501249375312,
  "p_low": 1.0,
  "p_low_mf": 1.0,
  "p_two_sided": 0.0009995002498750624,
  "p_two_sided_mf": 0.0009995002498750624,
  "provenance": {
    "dat_url": "LCDM_RECON_SIM_TARBALL:https://github.com/gradient-pulse/phi-mesh/releases/download/data-2026-02-15-planck-lensing-R3/lcdm_recon_sims__layout_sims.tar.gz",
    "mf_url": "LCDM_RECON_SIM_TARBALL:https://github.com/gradient-pulse/phi-mesh/releases/download/data-2026-02-15-planck-lensing-R3/lcdm_recon_sims__layout_sims.tar.gz"
  },
  "seed": 1401,
  "surrogate": {
    "D0_mean": 0.0014049453150128872,
    "D0_std": 0.0006765059131633574,
    "D1_mean": 18.714879350703654,
    "D1_std": 2.8289811467080033,
    "D_mf_mean": 18.71487941347177,
    "D_mf_std": 2.8289811611917,
    "v0_mean_curve": [
      0.9992109800974533,
      0.9988304983774821,
      0.9982918599446611,
      0.9975418262481686,
      0.9965132465362545,
      0.9951231899261476,
      0.9932738691965749,
      0.9908494122823073,
      0.9877181250254309,
      0.9837310822804771,
      0.978727813084919,
      0.9725368073781325,
      0.9649862848917644,
      0.955898356119792,
      0.9450980733235692,
      0.932423416773477,
      0.9177391529083252,
      0.9009385083516431,
      0.8819142812093108,
      0.860634656270344,
      0.8370703245798738,
      0.8112385005950943,
      0.7832283770243323,
      0.7531229769388847,
      0.7210776297251389,
      0.6872750651041655,
      0.6519215291341162,
      0.6152706069946297,
      0.5776065031687421,
      0.539214419682821,
      0.5004276911417643,
      0.46157879193623913,
      0.4230163059234613,
      0.3850760924021401,
      0.3480870100657147,
      0.31237782986958784,
      0.2782097403208424,
      0.24585926246643078,
      0.2155204658508299,
      0.18735749435424826,
      0.16148845291137698,
      0.13798685646057116,
      0.116852824529012,
      0.09805728085835767,
      0.0815262387593586,
      0.06714053153991695,
      0.05476917648315423,
      0.044241173426310135,
      0.03538654963175457,
      0.028028615951538074,
      0.021977464040120423,
      0.017055994033813485,
      0.013104410807291668,
      0.00996361732482911,
      0.007498203277587884,
      0.005584628423055018,
      0.004115985870361333,
      0.0030014336903889964,
      0.002164786020914714,
      0.0015452111562093084,
      0.001091442108154297
    ],