{
  "diagnostics": {
    "excess_kurt_x_obs": 2.312926471632058,
    "imag_frac_nonzero_eps1e-12": 0.9937888198757764,
    "imag_max_abs": 0.007188754742200203,
    "skew_x_obs": -0.013703106885845825,
    "v1_delta_bandwidth_dnu": 0.10000000000000009,
    "v1_symmetry_corr": 0.9936243046306975,
    "verify_l2_from_curves": {
      "D0_match": true,
      "D0_recomputed": 0.10314623763435597,
      "D0_reported": 0.10314623763435597,
      "D1_match": true,
      "D1_recomputed": 343.094812483352,
      "D1_reported": 343.094812483352,
      "tol_abs": 1e-12,
      "tol_rel": 1e-10,
      "verify_dnu": 0.10000000000000009
    }
  },
  "hint": "This script compares observed morphology against phase-randomized surrogates that preserve |a_lm|. V0(nu) is excursion-set area fraction; V1(nu) is a perimeter proxy estimated from |\u2207x| in a nu-band. Distances D0 and D1 are L2 distances (sqrt(sum((a-b)^2)*dnu)) to surrogate-mean curves. D_mf combines them as sqrt(D0^2 + D1^2). Z_mf is the scale-free combined z-distance.",
  "kind": "planck_pr3_lensing_phi_topology_mf_v0_v1",
  "lmax": 320,
  "metric": "Minkowski-style morphology: V0(area) + V1(perimeter proxy) vs phase-random surrogates",
  "n_sims": 2000,
  "nside": 256,
  "observed": {
    "D0_L2": 0.10314623763435597,
    "D0_sum_sq_legacy": 0.10639146338123022,
    "D1_L2": 343.094812483352,
    "D1_sum_sq_legacy": 1177140.5035298634,
    "D_mf": 343.0948279880255,
    "Z0": 470.37997002665423,
    "Z1": 104.0699450612751,
    "Z_mf": 481.7549892500678,
    "map_mean": -2.2784766985220356e-07,
    "map_std": 0.16832123676779928,
    "v0_curve": [
      0.9936548868815104,
      0.9925015767415365,
      0.9911600748697916,
      0.9895133972167969,
      0.9875920613606771,
      0.9854164123535156,
      0.9827245076497396,
      0.9796829223632812,
      0.9760920206705729,
      0.9720331827799479,
      0.96728515625,
      0.9618784586588541,
      0.955694834391276,
      0.948401133219401,
      0.940338134765625,
      0.9310582478841146,
      0.9208895365397135,
      0.9094429016113281,
      0.8966318766276041,
      0.8825327555338541,
      0.8669357299804688,
      0.8500862121582031,
      0.8315073649088541,
      0.8111750284830729,
      0.7894007364908854,
      0.7660497029622396,
      0.7406578063964844,
      0.7131512959798177,
      0.6805508931477865,
      0.6313832600911459,
      0.5424817403157552,
      0.42471059163411456,
      0.33176294962565106,
      0.2800280253092448,
      0.2476374308268229,
      0.22142664591471353,
      0.1986083984375,
      0.17742792765299478,
      0.1584142049153646,
      0.14110819498697916,
      0.12517674763997397,
      0.11046473185221355,
      0.09745279947916667,
      0.08558273315429688,
      0.07503382364908855,
      0.06557337443033855,
      0.05701573689778646,
      0.04952112833658854,
      0.042935689290364586,
      0.03715642293294271,
      0.031949361165364586,
      0.027537027994791668,
      0.023663838704427082,
      0.020188649495442707,
      0.01726531982421875,
      0.014736175537109375,
      0.012605031331380209,
      0.010753631591796875,
      0.009112040201822916,
      0.007754007975260417,
      0.006520589192708333
    ],
    "v1_curve": [
      59.30097171217124,
      71.99386174535785,
      79.6823722378212,
      97.49681887222997,
      109.95679530002606,
      130.69044495765758,
      160.20102953415872,
      181.41836941133397,
      203.53068138617746,
      230.6414644439364,
      266.9745369454852,
      301.7001370627085,
      334.88504740134067,
      389.7706479788427,
      420.34497224374735,
      481.8649533800483,
      546.4842043911552,
      576.7770821950113,
      660.3590842152914,
      702.6533672766335,
      751.1300975380836,
      819.1820981271533,
      890.767315583574,
      947.6397566345311,
      1007.3830401074091,
      1047.9314567141187,
      1098.0787845809057,
      1147.156768134743,
      1218.3749956081942,
      1349.491855344994,
      1546.0701490779377,
      1534.9351548786365,
      1359.430974197498,
      1200.587966417428,
      1085.7970165446684,
      1000.3930662317142,
      986.102049339901,
      917.5970329900517,
      861.9929569417346,
      790.2980487075604,
      738.1307417652373,
      669.5355127193246,
      589.514675146203,
      576.8966774035408,
      492.4809797681721,
      449.28584423352913,
      406.7939330818623,
      380.319339016976,
      330.4932396497545,
      299.06225088227274,
      257.1220923800686,
      221.94563332372584,
      220.28650734367662,
      168.13654730604077,
      146.73151117027922,
      129.74106143717486,
      111.35774260642404,
      93.8133184555265,
      78.9635528216282,
      78.55082715666894,
      61.7199891431973
    ]
  },
  "p_high": 0.0004997501249375312,
  "p_high_mf": 0.0004997501249375312,
  "p_low": 1.0,
  "p_low_mf": 1.0,
  "p_two_sided": 0.0009995002498750624,
  "p_two_sided_mf": 0.0009995002498750624,
  "provenance": {
    "dat_url": "LCDM_RECON_SIM_TARBALL:https://github.com/gradient-pulse/phi-mesh/releases/download/data-2026-02-15-planck-lensing-R3/lcdm_recon_sims__layout_sims.tar.gz",
    "mf_url": "LCDM_RECON_SIM_TARBALL:https://github.com/gradient-pulse/phi-mesh/releases/download/data-2026-02-15-planck-lensing-R3/lcdm_recon_sims__layout_sims.tar.gz"
  },
  "seed": 1402,
  "surrogate": {
    "D0_mean": 0.000666374935534299,
    "D0_std": 0.0002178661278732056,
    "D1_mean": 23.74391139445782,
    "D1_std": 3.068617946332769,
    "D_mf_mean": 23.74391140489423,
    "D_mf_std": 3.0686179456635587,
    "v0_mean_curve": [
      0.9984477024078361,
      0.997891110102336,
      0.9971578655242912,
      0.9962008088429776,
      0.9949597123463959,
      0.9933647721608476,
      0.9913374061584471,
      0.9887786070505795,
      0.9855795879364025,
      0.9816123313903797,
      0.9767354672749841,
      0.9708031635284425,
      0.9636462707519516,
      0.9550982443491619,
      0.9449792544047042,
      0.9331171436309793,
      0.919332953770956,
      0.9034696515401204,
      0.8853920205434156,
      0.8650009053548177,
      0.8422077318827303,
      0.8169793351491292,
      0.7893396778106679,
      0.7593440818786619,
      0.727132106145223,
      0.6928648185729966,
      0.6567954508463544,
      0.6192067584991459,
      0.5804281692504888,
      0.5408265794118232,
      0.5007956530253098,
      0.46073921521504646,
      0.42106304931640626,
      0.3821638984680178,
      0.34441342099507594,
      0.30815195210774754,
      0.2736826769510901,
      0.24124668629964158,
      0.21103187052408834,
      0.18318099149068234,
      0.1577468922932943,
      0.13477368227640815,
      0.11423147519429513,
      0.09603357696533193,
      0.0800861377716064,
      0.06623252805074048,
      0.05432738622029623,
      0.04420095189412435,
      0.03566205151875809,
      0.02853893216451012,
      0.02264910507202149,
      0.017827821095784537,
      0.01391790644327799,
      0.010775142033894833,
      0.00827132797241209,
      0.0062982145945231155,
      0.00475740496317546,
      0.0035628693898518936,
      0.002646981557210287,
      0.0019509576161702482,
      0.0014266656239827467
    ],