{
  "diagnostics": {
    "excess_kurt_x_obs": -0.0537485570002616,
    "imag_frac_nonzero_eps1e-12": 0.9896907216494846,
    "imag_max_abs": 0.02605298467232112,
    "skew_x_obs": -0.07616454366822674,
    "v1_delta_bandwidth_dnu": 0.10000000000000009,
    "v1_symmetry_corr": 0.998174331130308,
    "verify_l2_from_curves": {
      "D0_match": true,
      "D0_recomputed": 0.0070232538795123095,
      "D0_reported": 0.0070232538795123095,
      "D1_match": true,
      "D1_recomputed": 21.311349904948358,
      "D1_reported": 21.311349904948358,
      "tol_abs": 1e-12,
      "tol_rel": 1e-10,
      "verify_dnu": 0.10000000000000009
    }
  },
  "hint": "This script compares observed morphology against phase-randomized surrogates that preserve |a_lm|. V0(nu) is excursion-set area fraction; V1(nu) is a perimeter proxy estimated from |\u2207x| in a nu-band. Distances D0 and D1 are L2 distances (sqrt(sum((a-b)^2)*dnu)) to surrogate-mean curves. D_mf combines them as sqrt(D0^2 + D1^2). Z_mf is the scale-free combined z-distance.",
  "kind": "planck_pr3_lensing_phi_topology_mf_v0_v1",
  "lmax": 192,
  "metric": "Minkowski-style morphology: V0(area) + V1(perimeter proxy) vs phase-random surrogates",
  "n_sims": 2000,
  "nside": 256,
  "observed": {
    "D0_L2": 0.0070232538795123095,
    "D0_sum_sq_legacy": 0.0004932609505608466,
    "D1_L2": 21.311349904948358,
    "D1_sum_sq_legacy": 4541.7363477114195,
    "D_mf": 21.311351062221217,
    "Z0": 1.1044731312233156,
    "Z1": 1.4715235845488144,
    "Z_mf": 1.839902866315944,
    "map_mean": -5.6703683448619995e-09,
    "map_std": 0.039005201627797866,
    "v0_curve": [
      0.9985186258951823,
      0.997961680094401,
      0.9972063700358073,
      0.9961687723795573,
      0.9948895772298177,
      0.9931742350260416,
      0.9909477233886719,
      0.9881858825683594,
      0.9847602844238281,
      0.9807014465332031,
      0.9754066467285156,
      0.9689458211263021,
      0.9615999857584635,
      0.952789306640625,
      0.9424260457356771,
      0.9303169250488281,
      0.9162584940592448,
      0.9004249572753906,
      0.8821004231770834,
      0.861785888671875,
      0.8392435709635416,
      0.8143335978190104,
      0.7870597839355469,
      0.7578570048014323,
      0.7267901102701823,
      0.6937141418457031,
      0.6591695149739584,
      0.6230443318684896,
      0.5849533081054688,
      0.5462188720703125,
      0.5066235860188802,
      0.4670422871907552,
      0.4279632568359375,
      0.3888359069824219,
      0.35032018025716144,
      0.3136800130208333,
      0.2785835266113281,
      0.2451451619466146,
      0.21402613321940103,
      0.18532943725585938,
      0.15896097819010416,
      0.13558451334635416,
      0.11418406168619792,
      0.0951220194498698,
      0.0786298116048177,
      0.06453450520833333,
      0.052242279052734375,
      0.041927337646484375,
      0.033093770345052086,
      0.025967915852864582,
      0.020150502522786457,
      0.015397389729817709,
      0.011622111002604166,
      0.008701324462890625,
      0.006465911865234375,
      0.004759470621744792,
      0.0034344991048177085,
      0.0025189717610677085,
      0.00183868408203125,
      0.0013020833333333333,
      0.0009091695149739584
    ],
    "v1_curve": [
      6.638758127058582,
      8.985255164023863,
      12.222756983944754,
      16.058796530867273,
      20.2732910300406,
      27.388504483427017,
      35.5754927597008,
      43.4079137359325,
      52.71871304919797,
      66.18772848335249,
      83.25202933796035,
      96.87849517690776,
      115.44061031418265,
      144.44561766604892,
      163.10962583745277,
      190.07735729183943,
      221.42747031771611,
      252.57654595056962,
      290.5762109111451,
      318.31950979209654,
      355.9073163789299,
      404.3984478553041,
      443.6508733745952,
      466.7032586464471,
      505.19352329037173,
      528.6183747962023,
      551.4333765629751,
      585.742009926829,
      610.9311767330838,
      626.3351250611297,
      640.9630546816111,
      640.2939706415038,
      613.8869428680235,
      639.4176227717172,
      597.392141402893,
      579.2913477192078,
      548.073562751167,
      523.3852452426831,
      484.28736797284876,
      437.24218288409776,
      399.37507645824263,
      368.59685648965893,
      322.2500282182686,
      283.49077424585624,
      244.361560805306,
      211.9375780512913,
      178.83310212298846,
      149.4428920285807,
      118.99671450347708,
      100.32366909291919,
      79.027063016081,
      64.20560838749878,
      49.21183135416813,
      35.377610024858704,
      27.879672650686324,
      20.60163987482159,
      16.68153513603156,
      11.127369398612508,
      8.715366321438076,
      6.130691097028054,
      4.656296486951718
    ]
  },
  "p_high": 0.14142928535732133,
  "p_high_mf": 0.08845577211394302,
  "p_low": 0.8590704647676162,
  "p_low_mf": 0.9120439780109945,
  "p_two_sided": 0.28285857071464265,
  "p_two_sided_mf": 0.17691154422788605,
  "provenance": {
    "dat_url": "GAUSSIAN_CONTROL_FROM: https://github.com/gradient-pulse/phi-mesh/releases/download/data-2026-02-15-planck-lensing-R3/planck_pr3_lensing_mv_dat_klm.fits",
    "mf_url": "GAUSSIAN_CONTROL_MF_ZERO_FROM: https://github.com/gradient-pulse/phi-mesh/releases/download/data-2026-02-15-planck-lensing-R3/planck_pr3_lensing_mv_mf_klm.fits"
  },
  "seed": 731,
  "surrogate": {
    "D0_mean": 0.004293614850804438,
    "D0_std": 0.002471439957696862,
    "D1_mean": 15.045766594071331,
    "D1_std": 4.257888474684641,
    "D_mf_mean": 15.045767287165372,
    "D_mf_std": 4.257888907489517,
    "v0_mean_curve": [
      0.9987558606465656,
      0.9982573006947819,
      0.9975852203369133,
      0.996688982009886,
      0.9955085124969495,
      0.993969174067178,
      0.9919840132395423,
      0.9894520772298181,
      0.9862550646464029,
      0.9822654685974128,
      0.9773389561971046,
      0.9713157895406094,
      0.9640316263834623,
      0.9553136170705172,
      0.9449911060333274,
      0.9328815078735335,
      0.9188317254384348,
      0.9026952133178723,
      0.8843440310160329,
      0.8636803194681791,
      0.8406417280832936,
      0.8152262020111088,
      0.7874466762542724,
      0.7573834101359036,
      0.7251663901011154,
      0.6909895846048989,
      0.6550779520670591,
      0.6177133286794028,
      0.579226453145345,
      0.5399477227528897,
      0.5002745259602859,
      0.4605831203460691,
      0.42127704747517863,
      0.3827117513020834,
      0.3452691230773926,
      0.3092642707824712,
      0.27498952611287425,
      0.2426731961568197,
      0.21251526959737116,
      0.18465158843994134,
      0.15916571426391596,
      0.1360853201548259,
      0.11539649200439434,
      0.09703316116333022,
      0.08089353624979659,
      0.06685735511779788,
      0.05477722485860183,
      0.044480066935221385,
      0.03579586791992183,
      0.028542759577433272,
      0.022551872253417996,
      0.017654105504353867,
      0.013690334955851213,
      0.010513945897420227,
      0.007998139063517262,
      0.006027606328328446,
      0.004496715545654295,
      0.0033230985005696626,
      0.0024301904042561802,
      0.0017606925964355467,
      0.0012615019480387364
    ],