{
  "diagnostics": {
    "excess_kurt_x_obs": -0.0445569685969347,
    "imag_frac_nonzero_eps1e-12": 0.9922480620155039,
    "imag_max_abs": 0.0368770084799966,
    "skew_x_obs": -0.042879159217410444,
    "v1_delta_bandwidth_dnu": 0.10000000000000009,
    "v1_symmetry_corr": 0.9979321266861202,
    "verify_l2_from_curves": {
      "D0_match": true,
      "D0_recomputed": 0.003287304832434161,
      "D0_reported": 0.003287304832434161,
      "D1_match": true,
      "D1_recomputed": 17.937640720283564,
      "D1_reported": 17.937640720283564,
      "tol_abs": 1e-12,
      "tol_rel": 1e-10,
      "verify_dnu": 0.10000000000000009
    }
  },
  "hint": "This script compares observed morphology against phase-randomized surrogates that preserve |a_lm|. V0(nu) is excursion-set area fraction; V1(nu) is a perimeter proxy estimated from |\u2207x| in a nu-band. Distances D0 and D1 are L2 distances (sqrt(sum((a-b)^2)*dnu)) to surrogate-mean curves. D_mf combines them as sqrt(D0^2 + D1^2). Z_mf is the scale-free combined z-distance.",
  "kind": "planck_pr3_lensing_phi_topology_mf_v0_v1",
  "lmax": 256,
  "metric": "Minkowski-style morphology: V0(area) + V1(perimeter proxy) vs phase-random surrogates",
  "n_sims": 2000,
  "nside": 256,
  "observed": {
    "D0_L2": 0.003287304832434161,
    "D0_sum_sq_legacy": 0.00010806373061344977,
    "D1_L2": 17.937640720283564,
    "D1_sum_sq_legacy": 3217.589546099748,
    "D_mf": 17.93764102150414,
    "Z0": -0.5078704593979908,
    "Z1": -0.6987437827268957,
    "Z_mf": 0.8638143767202636,
    "map_mean": -2.865918474433994e-08,
    "map_std": 0.051599843976098715,
    "v0_curve": [
      0.998650868733724,
      0.9980570475260416,
      0.9972750345865885,
      0.9962921142578125,
      0.9949658711751302,
      0.9933853149414062,
      0.9913368225097656,
      0.9887110392252604,
      0.9853337605794271,
      0.9811897277832031,
      0.9761950174967448,
      0.9700953165690104,
      0.9626185099283854,
      0.9537480672200521,
      0.9432500203450521,
      0.9314117431640625,
      0.9174016316731771,
      0.9014053344726562,
      0.883080800374349,
      0.8628794352213541,
      0.8401323954264323,
      0.8149286905924479,
      0.7875747680664062,
      0.7578086853027344,
      0.7257525126139323,
      0.6925163269042969,
      0.6571693420410156,
      0.6203486124674479,
      0.5825729370117188,
      0.5436121622721354,
      0.5038070678710938,
      0.46443430582682294,
      0.4252789815266927,
      0.38656361897786456,
      0.34875233968098956,
      0.31225331624348956,
      0.2776285807291667,
      0.24436569213867188,
      0.21319452921549478,
      0.1849644978841146,
      0.15883255004882812,
      0.13496526082356772,
      0.11405054728190105,
      0.09549713134765625,
      0.07941182454427083,
      0.06527328491210938,
      0.05333836873372396,
      0.04313023885091146,
      0.034482320149739586,
      0.027294158935546875,
      0.021312713623046875,
      0.016571044921875,
      0.012700398763020834,
      0.00958251953125,
      0.007152557373046875,
      0.005269368489583333,
      0.0038655598958333335,
      0.0027669270833333335,
      0.002002716064453125,
      0.0014254252115885417,
      0.0010096232096354167
    ],
    "v1_curve": [
      9.186846794238274,
      13.509063048882302,
      15.494531918536623,
      21.802554916799654,
      28.323661365757225,
      35.131891086476934,
      47.498144072424836,
      60.78672138246224,
      73.35267192115785,
      90.78153024748045,
      110.94849424697382,
      134.71053016337677,
      159.16771770192568,
      195.68770664956682,
      230.37052519626542,
      263.60948822010846,
      318.36825648729723,
      354.14588860291155,
      409.7104553536566,
      453.36158558224156,
      509.76884324525577,
      553.961506086416,
      615.4297753065905,
      674.6177775500623,
      712.3419711675344,
      744.2682998120694,
      807.9893514779839,
      848.2949439231028,
      877.5607315832907,
      890.2226527419263,
      899.7927526182626,
      900.4820411768136,
      910.4381813398918,
      874.6698892608562,
      864.1347125902435,
      819.6126805837664,
      795.0499401449598,
      743.2711428195366,
      689.8518904856983,
      636.6669233552648,
      589.4102730630289,
      513.2290635481952,
      462.9308285852086,
      395.3783296181829,
      354.20906873167615,
      298.7691026845874,
      262.78258488619446,
      220.69321214212212,
      185.09107931456782,
      155.05319395856708,
      119.02491097414222,
      94.37202261857321,
      77.37850393461774,
      65.19641741798644,
      46.859524586360756,
      37.60630740707896,
      26.959437198259284,
      18.70780250163568,
      15.512465988597604,
      11.820702333123934,
      8.861755918009862
    ]
  },
  "p_high": 0.6266866566716641,
  "p_high_mf": 0.7351324337831084,
  "p_low": 0.37381309345327335,
  "p_low_mf": 0.2653673163418291,
  "p_two_sided": 0.7476261869065467,
  "p_two_sided_mf": 0.5307346326836582,
  "provenance": {
    "dat_url": "GAUSSIAN_CONTROL_FROM: https://github.com/gradient-pulse/phi-mesh/releases/download/data-2026-02-15-planck-lensing-R3/planck_pr3_lensing_mv_dat_klm.fits",
    "mf_url": "GAUSSIAN_CONTROL_MF_ZERO_FROM: https://github.com/gradient-pulse/phi-mesh/releases/download/data-2026-02-15-planck-lensing-R3/planck_pr3_lensing_mv_mf_klm.fits"
  },
  "seed": 731,
  "surrogate": {
    "D0_mean": 0.0048339731066359025,
    "D0_std": 0.003045399167407964,
    "D1_mean": 23.649304834802415,
    "D1_std": 8.174189532289915,
    "D_mf_mean": 23.649305393032353,
    "D_mf_std": 8.174189913779266,
    "v0_mean_curve": [
      0.99865497970581,
      0.9981337299346922,
      0.9974358107248947,
      0.9965098737080889,
      0.9952978668212865,
      0.9937258860270185,
      0.9917071717580174,
      0.9891447366078683,
      0.9859177392323824,
      0.9819045524597175,
      0.9769606297810874,
      0.9709303703308121,
      0.9636491705576574,
      0.9549474334716795,
      0.9446557998657231,
      0.9325899785359698,
      0.9186044902801496,
      0.9025376071929926,
      0.8842685438791895,
      0.8636995633443196,
      0.8407660579681396,
      0.8154507929484056,
      0.7877751337687183,
      0.7578126608530668,
      0.7256972916920986,
      0.6916087023417148,
      0.6557667865753173,
      0.6184637012481675,
      0.5800132350921634,
      0.5407624969482435,
      0.5010920009613037,
      0.46137938499450687,
      0.42201788139343344,
      0.3833916683197016,
      0.34587982114156113,
      0.3097849909464511,
      0.2754073715209963,
      0.24299131329854373,
      0.21272129758199057,
      0.18475481859842965,
      0.15915857187906915,
      0.13597616958618178,
      0.11519852193196606,
      0.09676364644368517,
      0.08056660397847491,
      0.06649687576293944,
      0.05439218076070153,
      0.04408367347717287,
      0.03540282058715825,
      0.02816593805948893,
      0.022196613311767543,
      0.017324632644653306,
      0.01339208157857258,
      0.010251100540161146,
      0.007769787470499655,
      0.005829163869222002,
      0.004327284495035804,
      0.003182124455769852,
      0.002316367467244466,
      0.0016679585774739582,
      0.0011889266967773453
    ],