{
  "diagnostics": {
    "excess_kurt_x_obs": -0.03275399293852521,
    "imag_frac_nonzero_eps1e-12": 0.9922480620155039,
    "imag_max_abs": 0.016413350520574785,
    "skew_x_obs": -0.040744929937037246,
    "v1_delta_bandwidth_dnu": 0.10000000000000009,
    "v1_symmetry_corr": 0.9985739583481369,
    "verify_l2_from_curves": {
      "D0_match": true,
      "D0_recomputed": 0.0024587735418422963,
      "D0_reported": 0.0024587735418422963,
      "D1_match": true,
      "D1_recomputed": 15.327510754682033,
      "D1_reported": 15.327510754682033,
      "tol_abs": 1e-12,
      "tol_rel": 1e-10,
      "verify_dnu": 0.10000000000000009
    }
  },
  "hint": "This script compares observed morphology against phase-randomized surrogates that preserve |a_lm|. V0(nu) is excursion-set area fraction; V1(nu) is a perimeter proxy estimated from |\u2207x| in a nu-band. Distances D0 and D1 are L2 distances (sqrt(sum((a-b)^2)*dnu)) to surrogate-mean curves. D_mf combines them as sqrt(D0^2 + D1^2). Z_mf is the scale-free combined z-distance.",
  "kind": "planck_pr3_lensing_phi_topology_mf_v0_v1",
  "lmax": 256,
  "metric": "Minkowski-style morphology: V0(area) + V1(perimeter proxy) vs phase-random surrogates",
  "n_sims": 2000,
  "nside": 256,
  "observed": {
    "D0_L2": 0.0024587735418422963,
    "D0_sum_sq_legacy": 6.045567330063706e-05,
    "D1_L2": 15.327510754682033,
    "D1_sum_sq_legacy": 2349.3258593489318,
    "D_mf": 15.327510951894984,
    "Z0": 0.6321756402775427,
    "Z1": -0.536624106278845,
    "Z_mf": 0.8292234147682338,
    "map_mean": -5.2081119648420916e-08,
    "map_std": 0.047888437181532025,
    "v0_curve": [
      0.9985122680664062,
      0.9979731241861979,
      0.9972483317057291,
      0.9963175455729166,
      0.9950701395670573,
      0.993475596110026,
      0.991418202718099,
      0.9888788859049479,
      0.985497792561849,
      0.981421152750651,
      0.9764480590820312,
      0.9702682495117188,
      0.9629224141438802,
      0.9542071024576823,
      0.9438069661458334,
      0.9316838582356771,
      0.9175071716308594,
      0.9014803568522135,
      0.8831647237141927,
      0.8626213073730469,
      0.840142567952474,
      0.815313975016276,
      0.7878545125325521,
      0.7584012349446615,
      0.726647694905599,
      0.6928571065266927,
      0.657080332438151,
      0.6200281778971354,
      0.5818926493326823,
      0.5427169799804688,
      0.5031763712565104,
      0.46370188395182294,
      0.4238853454589844,
      0.38523610432942706,
      0.34739939371744794,
      0.3108558654785156,
      0.2764727274576823,
      0.24406051635742188,
      0.2135442097981771,
      0.18556722005208334,
      0.15958023071289062,
      0.13607279459635416,
      0.1150347391764323,
      0.09628804524739583,
      0.07964197794596355,
      0.06545511881510417,
      0.053173065185546875,
      0.042933146158854164,
      0.034441630045572914,
      0.027262369791666668,
      0.02135467529296875,
      0.016539255777994793,
      0.01267242431640625,
      0.009685516357421875,
      0.007272084554036458,
      0.00540924072265625,
      0.003988901774088542,
      0.0028241475423177085,
      0.0020586649576822915,
      0.0015118916829427083,
      0.0010833740234375
    ],
    "v1_curve": [
      15.113069688990352,
      17.915846669433108,
      23.640912393884424,
      30.21620191922479,
      38.62084814846391,
      50.93133851933185,
      62.15551671465666,
      83.15708719884542,
      102.56526701795246,
      123.02087748357808,
      151.76920834690657,
      181.67704978946747,
      208.0174702967044,
      254.6080428021824,
      304.42392355063464,
      348.33060481862816,
      397.8645587361038,
      441.5569291340446,
      503.76901486401954,
      547.2374303271678,
      609.4676092163752,
      673.8613554725413,
      720.9937191357652,
      774.8741339714664,
      824.7844069402362,
      865.9780538027856,
      903.2235411685544,
      944.1182159866376,
      956.918977614316,
      949.0299682183107,
      953.4951347152657,
      963.7742028554856,
      940.1616276887058,
      904.0341690510386,
      878.8515252422538,
      824.4821805440636,
      789.1926259108282,
      728.0254530428708,
      669.4457195604524,
      628.0707114173977,
      562.9614917905876,
      502.18590479635697,
      446.42982299593984,
      399.7081215383904,
      336.13427990339983,
      292.9538774676262,
      251.10873251752042,
      208.77873555441624,
      171.76360611296377,
      145.35782654482898,
      114.84486760203578,
      98.74644108262768,
      72.09383278634931,
      58.385708143265596,
      45.05804333602602,
      34.614038404762766,
      26.98136108296766,
      19.28095241869957,
      14.057791135863338,
      11.424400717471844,
      8.178895927527803
    ]
  },
  "p_high": 0.21389305347326337,
  "p_high_mf": 0.6781609195402298,
  "p_low": 0.7866066966516742,
  "p_low_mf": 0.32233883058470764,
  "p_two_sided": 0.42778610694652675,
  "p_two_sided_mf": 0.6446776611694153,
  "provenance": {
    "dat_url": "GAUSSIAN_CONTROL_FROM: https://github.com/gradient-pulse/phi-mesh/releases/download/data-2026-02-15-planck-lensing-R3/planck_pr3_lensing_mv_dat_klm.fits",
    "mf_url": "GAUSSIAN_CONTROL_MF_ZERO_FROM: https://github.com/gradient-pulse/phi-mesh/releases/download/data-2026-02-15-planck-lensing-R3/planck_pr3_lensing_mv_mf_klm.fits"
  },
  "seed": 731,
  "surrogate": {
    "D0_mean": 0.0017981228691826142,
    "D0_std": 0.0010450429130259402,
    "D1_mean": 16.937587092702085,
    "D1_std": 3.000380190120291,
    "D_mf_mean": 16.93758720810131,
    "D_mf_std": 3.0003802594204325,
    "v0_mean_curve": [
      0.998561847050985,
      0.9980240567525209,
      0.9973071931203201,
      0.9963619283040352,
      0.9951305828094478,
      0.993542824427286,
      0.9915113302866616,
      0.9889402167002354,
      0.9857122955322265,
      0.9817064965566017,
      0.9767792758941662,
      0.9707746829986581,
      0.9635330619812019,
      0.9548772951761878,
      0.944647403717041,
      0.9326595605214449,
      0.9187540849049891,
      0.9027682272593179,
      0.8845931911468483,
      0.8641080805460617,
      0.8412536137898758,
      0.8159997208913159,
      0.788367181777953,
      0.7584232851664227,
      0.7262993043263742,
      0.6921818110148125,
      0.6562848014831527,
      0.6188992659250883,
      0.5803547382354741,
      0.5409985713958737,
      0.5012063376108813,
      0.4613867918650311,
      0.42192289543151845,
      0.38320154635111586,
      0.3455954507191971,
      0.30942993990580286,
      0.27499583307902,
      0.24254520289103218,
      0.21227255884806293,
      0.18431172561645515,
      0.1587392120361327,
      0.1355983505249025,
      0.11487129847208659,
      0.0964878896077475,
      0.0803464940388997,
      0.06632854970296222,
      0.054277139663696246,
      0.04402442296346039,
      0.03538122685750321,
      0.02817596244812013,
      0.02223529434204102,
      0.01738359959920249,
      0.013462813059488911,
      0.010331322352091459,
      0.007850805918375645,
      0.0059084803263346405,
      0.0044053217569987035,
      0.003252281188964845,
      0.0023779646555582698,
      0.001722096761067711,
      0.0012350152333577464
    ],