{
  "diagnostics": {
    "excess_kurt_x_obs": -0.08534104377096119,
    "imag_frac_nonzero_eps1e-12": 0.9896907216494846,
    "imag_max_abs": 0.037179790275741566,
    "skew_x_obs": 0.1131561001484237,
    "v1_delta_bandwidth_dnu": 0.10000000000000009,
    "v1_symmetry_corr": 0.9984834930282275,
    "verify_l2_from_curves": {
      "D0_match": true,
      "D0_recomputed": 0.00930686863780208,
      "D0_reported": 0.00930686863780208,
      "D1_match": true,
      "D1_recomputed": 22.58273245461674,
      "D1_reported": 22.58273245461674,
      "tol_abs": 1e-12,
      "tol_rel": 1e-10,
      "verify_dnu": 0.10000000000000009
    }
  },
  "hint": "This script compares observed morphology against phase-randomized surrogates that preserve |a_lm|. V0(nu) is excursion-set area fraction; V1(nu) is a perimeter proxy estimated from |\u2207x| in a nu-band. Distances D0 and D1 are L2 distances (sqrt(sum((a-b)^2)*dnu)) to surrogate-mean curves. D_mf combines them as sqrt(D0^2 + D1^2). Z_mf is the scale-free combined z-distance.",
  "kind": "planck_pr3_lensing_phi_topology_mf_v0_v1",
  "lmax": 192,
  "metric": "Minkowski-style morphology: V0(area) + V1(perimeter proxy) vs phase-random surrogates",
  "n_sims": 2000,
  "nside": 256,
  "observed": {
    "D0_L2": 0.00930686863780208,
    "D0_sum_sq_legacy": 0.0008661780384130387,
    "D1_L2": 22.58273245461674,
    "D1_sum_sq_legacy": 5099.798051167997,
    "D_mf": 22.58273437240504,
    "Z0": 1.7299303103089803,
    "Z1": 1.2774549894928127,
    "Z_mf": 2.1504767212657305,
    "map_mean": 3.7775653977647226e-08,
    "map_std": 0.03955896811267761,
    "v0_curve": [
      0.9993247985839844,
      0.9990259806315104,
      0.9985707600911459,
      0.9979565938313802,
      0.9970499674479166,
      0.9958521525065104,
      0.9941965738932291,
      0.9921518961588541,
      0.9892972310384115,
      0.9857406616210938,
      0.9812876383463541,
      0.9753837585449219,
      0.9683202107747396,
      0.9598223368326823,
      0.9496040344238281,
      0.9371058146158854,
      0.9227422078450521,
      0.905920664469401,
      0.8865915934244791,
      0.8650093078613281,
      0.8407236735026041,
      0.813812255859375,
      0.784704844156901,
      0.7532501220703125,
      0.7195485432942709,
      0.6836496988932291,
      0.646521250406901,
      0.6076443990071615,
      0.5690879821777344,
      0.5294418334960938,
      0.4899431864420573,
      0.4503898620605469,
      0.4119415283203125,
      0.37444178263346356,
      0.33842722574869794,
      0.3039538065592448,
      0.2712961832682292,
      0.24056498209635416,
      0.21194966634114584,
      0.18564605712890625,
      0.16145960489908853,
      0.13942082722981772,
      0.1196428934733073,
      0.1020355224609375,
      0.08633804321289062,
      0.07245763142903645,
      0.060100555419921875,
      0.04933802286783854,
      0.04028447469075521,
      0.032489776611328125,
      0.025806427001953125,
      0.020287831624348957,
      0.015828450520833332,
      0.012176513671875,
      0.009256998697916666,
      0.007055918375651042,
      0.005268096923828125,
      0.0038973490397135415,
      0.00283050537109375,
      0.002010345458984375,
      0.001445770263671875
    ],
    "v1_curve": [
      3.6246283559091697,
      4.950402009239842,
      7.27787490288687,
      10.15172190537883,
      14.60140452663427,
      20.25197074664479,
      25.840055571229406,
      34.72896304221231,
      42.43751972229995,
      59.37364121724557,
      76.13900581057321,
      101.7176534635524,
      119.81515878334213,
      141.78985630708772,
      173.52944702771097,
      211.06145557896974,
      237.08328587000406,
      274.9360400074997,
      308.7118532388186,
      356.53399585200174,
      390.7671553575088,
      438.4758197923675,
      466.76156174290014,
      502.51707669430067,
      526.5121725810886,
      566.446372781086,
      590.4663464467774,
      589.7979096654451,
      606.886269711173,
      615.2568769408703,
      624.0385169304785,
      615.3378537895951,
      592.0459423219884,
      569.5499519517273,
      553.3999792454536,
      527.6774970213708,
      487.997864237629,
      461.4218904931035,
      435.70478552605454,
      395.1754012422062,
      362.86694447623796,
      324.87131543512106,
      295.5674850006989,
      260.9817178483943,
      227.94889347707928,
      207.56541837278368,
      175.42294343308825,
      153.5439341203186,
      133.98375729776475,
      108.42521706763935,
      90.14829220582448,
      75.12185336581234,
      60.80513155015189,
      49.3625991696431,
      40.16107115273124,
      29.26522309270229,
      24.962018032466027,
      17.593845394326028,
      14.012968105368353,
      9.425187402860278,
      7.016733097704037
    ]
  },
  "p_high": 0.06946526736631684,
  "p_high_mf": 0.11544227886056972,
  "p_low": 0.9310344827586207,
  "p_low_mf": 0.8850574712643678,
  "p_two_sided": 0.13893053473263367,
  "p_two_sided_mf": 0.23088455772113944,
  "provenance": {
    "dat_url": "GAUSSIAN_CONTROL_FROM: https://github.com/gradient-pulse/phi-mesh/releases/download/data-2026-02-15-planck-lensing-R3/planck_pr3_lensing_mv_dat_klm.fits",
    "mf_url": "GAUSSIAN_CONTROL_MF_ZERO_FROM: https://github.com/gradient-pulse/phi-mesh/releases/download/data-2026-02-15-planck-lensing-R3/planck_pr3_lensing_mv_mf_klm.fits"
  },
  "seed": 731,
  "surrogate": {
    "D0_mean": 0.004647591993462148,
    "D0_std": 0.002693331989487915,
    "D1_mean": 15.948183522374665,
    "D1_std": 5.193567669163973,
    "D_mf_mean": 15.948184271241924,
    "D_mf_std": 5.193568147338081,
    "v0_mean_curve": [
      0.9989279473622645,
      0.9984778111775714,
      0.9978636347452798,
      0.9970350214640304,
      0.9959295997619636,
      0.994474756876629,
      0.9925788752237987,
      0.9901389681498218,
      0.9870325838724762,
      0.9831276683807367,
      0.9782686354319255,
      0.9722968495686873,
      0.9650326487223303,
      0.9562991536458324,
      0.9459215113321944,
      0.9337158158620197,
      0.9195203959147142,
      0.9031812578837068,
      0.8845781853993748,
      0.8636218770345045,
      0.8402628879547134,
      0.814497849782307,
      0.7863737201690684,
      0.7559737224578865,
      0.7234668852488189,
      0.6890351047515882,
      0.6529313144683834,
      0.6154405784606924,
      0.5769104277292907,
      0.5376835810343421,
      0.498135236104329,
      0.458636198679606,
      0.4195969835917153,
      0.3813569469451905,
      0.3442581818898523,
      0.3086196746826173,
      0.2746974232991541,
      0.2427305609385176,
      0.21287493451436346,
      0.18528436851501454,
      0.16000251515706404,
      0.13706596120198583,
      0.11646596272786461,
      0.09814446067810051,
      0.08199932543436678,
      0.06792027854919422,
      0.05575972811381025,
      0.04536817042032882,
      0.03657424736022942,
      0.02921505610148116,
      0.023115357081095383,
      0.018114904403686526,
      0.014060934066772475,
      0.010806230545043946,
      0.008223539352417002,
      0.006194217681884766,
      0.004617979685465496,
      0.0034078896840413386,
      0.002488259633382161,
      0.001797960281372072,
      0.0012852319081624328
    ],