{
  "diagnostics": {
    "excess_kurt_x_obs": -0.08133239278680326,
    "imag_frac_nonzero_eps1e-12": 0.9896907216494846,
    "imag_max_abs": 0.014394598235698641,
    "skew_x_obs": 0.008957761779510853,
    "v1_delta_bandwidth_dnu": 0.10000000000000009,
    "v1_symmetry_corr": 0.9990830921149132,
    "verify_l2_from_curves": {
      "D0_match": true,
      "D0_recomputed": 0.003151172145371983,
      "D0_reported": 0.003151172145371983,
      "D1_match": true,
      "D1_recomputed": 15.346770075645395,
      "D1_reported": 15.346770075645395,
      "tol_abs": 1e-12,
      "tol_rel": 1e-10,
      "verify_dnu": 0.10000000000000009
    }
  },
  "hint": "This script compares observed morphology against phase-randomized surrogates that preserve |a_lm|. V0(nu) is excursion-set area fraction; V1(nu) is a perimeter proxy estimated from |\u2207x| in a nu-band. Distances D0 and D1 are L2 distances (sqrt(sum((a-b)^2)*dnu)) to surrogate-mean curves. D_mf combines them as sqrt(D0^2 + D1^2). Z_mf is the scale-free combined z-distance.",
  "kind": "planck_pr3_lensing_phi_topology_mf_v0_v1",
  "lmax": 192,
  "metric": "Minkowski-style morphology: V0(area) + V1(perimeter proxy) vs phase-random surrogates",
  "n_sims": 2000,
  "nside": 256,
  "observed": {
    "D0_L2": 0.003151172145371983,
    "D0_sum_sq_legacy": 9.929885889768257e-05,
    "D1_L2": 15.346770075645395,
    "D1_sum_sq_legacy": 2355.2335175472476,
    "D_mf": 15.346770399162518,
    "Z0": -0.590358367299453,
    "Z1": -0.28053727926960065,
    "Z_mf": 0.6536238726518989,
    "map_mean": -3.80923853519205e-08,
    "map_std": 0.03889193120083172,
    "v0_curve": [
      0.9988848368326823,
      0.9984169006347656,
      0.9977709452311198,
      0.9969507853190104,
      0.9958229064941406,
      0.994347890218099,
      0.992401123046875,
      0.9899393717447916,
      0.9868850708007812,
      0.9829915364583334,
      0.9781099955240885,
      0.9720115661621094,
      0.9645284016927084,
      0.9558614095052084,
      0.945275624593099,
      0.933135986328125,
      0.9187978108723959,
      0.9026807149251302,
      0.8842048645019531,
      0.8634847005208334,
      0.8402074178059896,
      0.8147468566894531,
      0.7867457071940104,
      0.7562204996744791,
      0.7236913045247396,
      0.6889699300130209,
      0.6530075073242188,
      0.6152763366699219,
      0.5770161946614584,
      0.5377833048502604,
      0.49855295817057294,
      0.4593709309895833,
      0.42009226481119794,
      0.3820648193359375,
      0.3450584411621094,
      0.30935414632161456,
      0.2756512959798177,
      0.24379984537760416,
      0.21403884887695312,
      0.18631617228190103,
      0.16082890828450522,
      0.13759358723958334,
      0.11673736572265625,
      0.09833526611328125,
      0.08204142252604167,
      0.068084716796875,
      0.05574798583984375,
      0.045229593912760414,
      0.03624089558919271,
      0.0287628173828125,
      0.022518157958984375,
      0.0176239013671875,
      0.01348114013671875,
      0.010168711344401041,
      0.007733662923177083,
      0.00580596923828125,
      0.004241943359375,
      0.0030962626139322915,
      0.0022481282552083335,
      0.0015652974446614583,
      0.0010859171549479167
    ],
    "v1_curve": [
      5.5901840815047334,
      7.103257125945473,
      10.330873553695813,
      12.805317667933931,
      17.765617961928175,
      24.316327191742705,
      31.35131770933027,
      39.216463143902594,
      47.989211586762664,
      61.47397485770203,
      76.41514572504057,
      95.31703880483936,
      113.86408556335475,
      136.35767815036485,
      163.47809787465252,
      192.05531440323563,
      228.82195450467032,
      254.36155316730785,
      298.2174267798985,
      328.2272203182533,
      370.16318765800685,
      409.5269513328237,
      445.8013519672483,
      486.54277629424257,
      520.9066243162074,
      552.5705923132745,
      580.2467241577343,
      606.651777867347,
      614.9472490896153,
      627.0019891415258,
      628.50928219999,
      624.1263739737684,
      622.8654781371174,
      613.3446331018323,
      592.9715321019085,
      559.1355999356226,
      541.8982874431183,
      502.8333925176855,
      462.05999720920966,
      440.2693545460405,
      390.2017092618404,
      360.0027569496107,
      321.22376591679085,
      288.44305214008136,
      250.02636077348208,
      215.31690531718118,
      184.42858778439302,
      154.2911654468772,
      127.97888462178801,
      107.46122437957811,
      85.86277466694875,
      71.46745610248261,
      58.53055599139142,
      40.274520371045845,
      36.67057104982861,
      25.722165155027415,
      24.387761993636353,
      15.651505660808553,
      12.495575935815415,
      8.839338942912386,
      7.828939648245072
    ]
  },
  "p_high": 0.6721639180409795,
  "p_high_mf": 0.5377311344327836,
  "p_low": 0.328335832083958,
  "p_low_mf": 0.46276861569215394,
  "p_two_sided": 0.656671664167916,
  "p_two_sided_mf": 0.9255372313843079,
  "provenance": {
    "dat_url": "GAUSSIAN_CONTROL_FROM: https://github.com/gradient-pulse/phi-mesh/releases/download/data-2026-02-15-planck-lensing-R3/planck_pr3_lensing_mv_dat_klm.fits",
    "mf_url": "GAUSSIAN_CONTROL_MF_ZERO_FROM: https://github.com/gradient-pulse/phi-mesh/releases/download/data-2026-02-15-planck-lensing-R3/planck_pr3_lensing_mv_mf_klm.fits"
  },
  "seed": 731,
  "surrogate": {
    "D0_mean": 0.004820469129667352,
    "D0_std": 0.0028275994324115953,
    "D1_mean": 16.91178977698568,
    "D1_std": 5.578651455574568,
    "D_mf_mean": 16.91179054889091,
    "D_mf_std": 5.578651914664542,
    "v0_mean_curve": [
      0.9986703281402579,
      0.9981512845357244,
      0.9974558041890468,
      0.9965326531728098,
      0.9953227348327627,
      0.9937521349589021,
      0.9917354583740239,
      0.9891691869099908,
      0.9859416618347172,
      0.9819232603708926,
      0.9769717451731357,
      0.9709362748463954,
      0.9636507447560616,
      0.9549399642944347,
      0.9446350084940596,
      0.9325644079844153,
      0.9185621922810872,
      0.9024861253102628,
      0.8842076441446923,
      0.8636313056945799,
      0.8406972834269192,
      0.8153730112711572,
      0.787689461390177,
      0.7577262134552003,
      0.7256156431833893,
      0.6915302575429276,
      0.6556996536254888,
      0.6184081827799487,
      0.5799784660339354,
      0.5407591889699302,
      0.5011042963663732,
      0.461423500061035,
      0.42209327697753846,
      0.38349301528930674,
      0.3459853534698494,
      0.30988407707214327,
      0.2754961503346758,
      0.2430683930714924,
      0.21278939946492542,
      0.18480624326070147,
      0.15920545132954872,
      0.1360126031239827,
      0.11522187423706069,
      0.09677034123738615,
      0.08057082430521655,
      0.06648566627502446,
      0.05437161064147948,
      0.04405813153584802,
      0.035377573649088535,
      0.028141413370768236,
      0.02217635917663573,
      0.017306422551472946,
      0.013376619338989254,
      0.010237922668457024,
      0.007758686701456704,
      0.005820079803466801,
      0.004323282877604171,
      0.003178908665974933,
      0.0023130467732747377,
      0.001665541330973309,
      0.0011872851053873694
    ],