{
  "diagnostics": {
    "excess_kurt_x_obs": -0.04318057016518617,
    "imag_frac_nonzero_eps1e-12": 0.9896907216494846,
    "imag_max_abs": 0.024731949483445814,
    "skew_x_obs": 0.03650718781288864,
    "v1_delta_bandwidth_dnu": 0.10000000000000009,
    "v1_symmetry_corr": 0.9990761633623492,
    "verify_l2_from_curves": {
      "D0_match": true,
      "D0_recomputed": 0.0028670199079272375,
      "D0_reported": 0.0028670199079272375,
      "D1_match": true,
      "D1_recomputed": 12.28337325606388,
      "D1_reported": 12.28337325606388,
      "tol_abs": 1e-12,
      "tol_rel": 1e-10,
      "verify_dnu": 0.10000000000000009
    }
  },
  "hint": "This script compares observed morphology against phase-randomized surrogates that preserve |a_lm|. V0(nu) is excursion-set area fraction; V1(nu) is a perimeter proxy estimated from |\u2207x| in a nu-band. Distances D0 and D1 are L2 distances (sqrt(sum((a-b)^2)*dnu)) to surrogate-mean curves. D_mf combines them as sqrt(D0^2 + D1^2). Z_mf is the scale-free combined z-distance.",
  "kind": "planck_pr3_lensing_phi_topology_mf_v0_v1",
  "lmax": 192,
  "metric": "Minkowski-style morphology: V0(area) + V1(perimeter proxy) vs phase-random surrogates",
  "n_sims": 2000,
  "nside": 256,
  "observed": {
    "D0_L2": 0.0028670199079272375,
    "D0_sum_sq_legacy": 8.219803152451096e-05,
    "D1_L2": 12.28337325606388,
    "D1_sum_sq_legacy": 1508.8125854778523,
    "D_mf": 12.283373590654504,
    "Z0": -0.3187786759825084,
    "Z1": -0.44752680802338773,
    "Z_mf": 0.5494543549383909,
    "map_mean": 2.2492080138629644e-08,
    "map_std": 0.03705350262180686,
    "v0_curve": [
      0.9990107218424479,
      0.9985580444335938,
      0.9979515075683594,
      0.997063954671224,
      0.995947519938151,
      0.9945411682128906,
      0.992645263671875,
      0.99029541015625,
      0.9871902465820312,
      0.9832839965820312,
      0.9784660339355469,
      0.9726715087890625,
      0.9653244018554688,
      0.956634521484375,
      0.9463907877604166,
      0.9342117309570312,
      0.9202003479003906,
      0.9040845235188802,
      0.8854713439941406,
      0.8644816080729166,
      0.8409258524576823,
      0.8150189717610677,
      0.7867202758789062,
      0.756097157796224,
      0.7235272725423177,
      0.6885732014973959,
      0.6521886189778646,
      0.6142616271972656,
      0.5754623413085938,
      0.5359039306640625,
      0.4965248107910156,
      0.4571990966796875,
      0.4179840087890625,
      0.3798052469889323,
      0.34333165486653644,
      0.3076019287109375,
      0.27417627970377606,
      0.24198023478190103,
      0.21238199869791666,
      0.1853357950846354,
      0.16011555989583334,
      0.1373443603515625,
      0.11694844563802083,
      0.09867477416992188,
      0.08266321818033855,
      0.06859079996744792,
      0.056368509928385414,
      0.04591242472330729,
      0.037020365397135414,
      0.029483795166015625,
      0.023342132568359375,
      0.018381754557291668,
      0.01424407958984375,
      0.0109710693359375,
      0.00838470458984375,
      0.00630950927734375,
      0.004777272542317708,
      0.0035769144694010415,
      0.00263214111328125,
      0.0019658406575520835,
      0.0014050801595052083
    ],
    "v1_curve": [
      5.958081230869046,
      8.016662270458566,
      10.676676565056926,
      14.94113252785467,
      21.035315638600025,
      27.216103251390848,
      38.726606749741606,
      44.01012223460657,
      54.51278412082039,
      74.6786470271665,
      97.14496500297342,
      110.55440346833431,
      129.21668312668635,
      164.34080050120014,
      183.69811498698476,
      222.62888653548592,
      253.90868988982666,
      289.0082797200781,
      328.8890092251247,
      364.70874235774465,
      417.7778297247032,
      458.4265827786366,
      490.2059092557779,
      524.6526263920971,
      557.4186072472306,
      598.7157833114381,
      630.1212040046549,
      638.0681287636093,
      654.3235566280879,
      651.0421700827096,
      653.9497417158644,
      658.4610157168272,
      646.9760336313989,
      623.4889772652515,
      597.2619589305918,
      570.8120601138635,
      548.0493625053832,
      505.38136482057297,
      469.6305858705224,
      415.27495318439605,
      386.76077180322915,
      347.16825418885975,
      313.6847516090911,
      273.4518014885218,
      239.94262898856263,
      203.2232657831584,
      173.20867239302865,
      148.03184863365922,
      125.9365817662071,
      103.24759842147641,
      83.80075533874204,
      69.5213642544264,
      54.96356837724314,
      42.76276350105968,
      34.23440421952638,
      26.881530862036296,
      20.876909518720524,
      15.568191232479471,
      10.896142161369015,
      9.240535854173087,
      7.206350582030154
    ]
  },
  "p_high": 0.5307346326836582,
  "p_high_mf": 0.6091954022988506,
  "p_low": 0.46976511744127936,
  "p_low_mf": 0.391304347826087,
  "p_two_sided": 0.9395302348825587,
  "p_two_sided_mf": 0.782608695652174,
  "provenance": {
    "dat_url": "GAUSSIAN_CONTROL_FROM: https://github.com/gradient-pulse/phi-mesh/releases/download/data-2026-02-15-planck-lensing-R3/planck_pr3_lensing_mv_dat_klm.fits",
    "mf_url": "GAUSSIAN_CONTROL_MF_ZERO_FROM: https://github.com/gradient-pulse/phi-mesh/releases/download/data-2026-02-15-planck-lensing-R3/planck_pr3_lensing_mv_mf_klm.fits"
  },
  "seed": 731,
  "surrogate": {
    "D0_mean": 0.003519934556893063,
    "D0_std": 0.00204817542124948,
    "D1_mean": 13.882513965022964,
    "D1_std": 3.573284729069264,
    "D_mf_mean": 13.882514479076264,
    "D_mf_std": 3.5732850524853244,
    "v0_mean_curve": [
      0.9987551403045652,
      0.9982644907633457,
      0.9976026363372812,
      0.9967212664286306,
      0.9955605303446465,
      0.9940462341308597,
      0.9920931218465152,
      0.9896019058227535,
      0.9864547087351471,
      0.9825175355275458,
      0.9776501738230375,
      0.9716892890930189,
      0.9644693711598721,
      0.9558167241414404,
      0.9455494397481303,
      0.9334913215637208,
      0.9194708360036238,
      0.9033362032572421,
      0.8849638786315914,
      0.8642511787414541,
      0.841132186253865,
      0.8155908253987624,
      0.7876580721537275,
      0.7574137903849285,
      0.7250011189778637,
      0.6906115277608239,
      0.6544985822041837,
      0.6169430281321202,
      0.5782713279724122,
      0.5388753426869718,
      0.4991048240661622,
      0.45936079152425124,
      0.4200385309855145,
      0.3815152734120687,
      0.3441556994120278,
      0.3082603702545172,
      0.27411514790852903,
      0.24196193822224926,
      0.2119729715983073,
      0.1842771339416502,
      0.15895459493001288,
      0.13602595456441235,
      0.11547549311319986,
      0.09723517227172848,
      0.08119937070210773,
      0.06724979845682788,
      0.05522547403971353,
      0.04496436627705891,
      0.03629624239603677,
      0.029042231241862008,
      0.02303356870015459,
      0.01810735384623208,
      0.014107382456461577,
      0.01089157867431639,
      0.008331403732299826,
      0.00631376775105793,
      0.004740011215209961,
      0.0035264453887939437,
      0.0025975634256998705,
      0.0018937403361002577,
      0.0013675740559895835
    ],