{
  "diagnostics": {
    "excess_kurt_x_obs": -0.024676538024510197,
    "imag_frac_nonzero_eps1e-12": 0.9922480620155039,
    "imag_max_abs": 0.024920092288956728,
    "skew_x_obs": 0.0036696483808338182,
    "v1_delta_bandwidth_dnu": 0.10000000000000009,
    "v1_symmetry_corr": 0.9997715310586034,
    "verify_l2_from_curves": {
      "D0_match": true,
      "D0_recomputed": 0.000982586902729722,
      "D0_reported": 0.000982586902729722,
      "D1_match": true,
      "D1_recomputed": 13.871301920662392,
      "D1_reported": 13.871301920662392,
      "tol_abs": 1e-12,
      "tol_rel": 1e-10,
      "verify_dnu": 0.10000000000000009
    }
  },
  "hint": "This script compares observed morphology against phase-randomized surrogates that preserve |a_lm|. V0(nu) is excursion-set area fraction; V1(nu) is a perimeter proxy estimated from |\u2207x| in a nu-band. Distances D0 and D1 are L2 distances (sqrt(sum((a-b)^2)*dnu)) to surrogate-mean curves. D_mf combines them as sqrt(D0^2 + D1^2). Z_mf is the scale-free combined z-distance.",
  "kind": "planck_pr3_lensing_phi_topology_mf_v0_v1",
  "lmax": 256,
  "metric": "Minkowski-style morphology: V0(area) + V1(perimeter proxy) vs phase-random surrogates",
  "n_sims": 2000,
  "nside": 256,
  "observed": {
    "D0_L2": 0.000982586902729722,
    "D0_sum_sq_legacy": 9.654770214159874e-06,
    "D1_L2": 13.871301920662392,
    "D1_sum_sq_legacy": 1924.1301697417198,
    "D_mf": 13.871301955463633,
    "Z0": -0.6446750379349521,
    "Z1": -1.1964129461277793,
    "Z_mf": 1.3590474024840282,
    "map_mean": -2.200230888758578e-09,
    "map_std": 0.04663959311749735,
    "v0_curve": [
      0.9987106323242188,
      0.9982045491536459,
      0.9975598653157552,
      0.9966405232747396,
      0.995513916015625,
      0.9940185546875,
      0.9920450846354166,
      0.9895540873209635,
      0.9863243103027344,
      0.9824701944986979,
      0.977508544921875,
      0.9715410868326823,
      0.9642817179361979,
      0.9557978312174479,
      0.9453175862630209,
      0.9330088297526041,
      0.9188741048177084,
      0.9025599161783854,
      0.884209950764974,
      0.8633092244466146,
      0.8405659993489584,
      0.8152592976888021,
      0.7873140970865885,
      0.7572848002115885,
      0.7251078287760416,
      0.6910743713378906,
      0.6554946899414062,
      0.6177177429199219,
      0.5790252685546875,
      0.5395978291829427,
      0.4996172587076823,
      0.4602088928222656,
      0.42040252685546875,
      0.3815879821777344,
      0.3446337381998698,
      0.3089447021484375,
      0.27493540445963544,
      0.24269485473632812,
      0.21266301472981772,
      0.1849085489908854,
      0.15926361083984375,
      0.13629786173502603,
      0.11532974243164062,
      0.09707260131835938,
      0.08089574178059895,
      0.06678390502929688,
      0.054637908935546875,
      0.044438680013020836,
      0.03585942586263021,
      0.02852630615234375,
      0.022553761800130207,
      0.017786661783854168,
      0.01385498046875,
      0.010626475016276041,
      0.008150736490885416,
      0.006216684977213542,
      0.004680633544921875,
      0.003448486328125,
      0.0025736490885416665,
      0.0018946329752604167,
      0.0013415018717447917
    ],
    "v1_curve": [
      10.673833505055619,
      11.960937240194053,
      18.350588970637517,
      23.34693565805808,
      30.334880628688357,
      40.91341457136705,
      51.01265463558569,
      69.44388047014695,
      85.08256369859073,
      104.19785008723672,
      130.64284247854889,
      155.46809546297538,
      189.54753024889789,
      226.69180440417335,
      286.657127947896,
      315.67141209820784,
      369.5766098782843,
      426.6746706241483,
      480.68208642984905,
      530.34312892981,
      596.2121337503487,
      656.8338319148934,
      733.2500908431537,
      764.8415481708283,
      826.1014264984232,
      864.6161079983553,
      908.8667270084425,
      956.8629052117238,
      977.5153870398827,
      990.5975096997622,
      997.2950575866572,
      990.2758415032805,
      970.0993082075003,
      941.200438042329,
      917.2469461855459,
      880.4543225792432,
      826.4026516529781,
      778.4594522567662,
      728.617640993282,
      676.1150654730139,
      610.394076715887,
      541.7175057740047,
      481.45295969227897,
      427.3548550235826,
      368.2701629016854,
      314.20005815397036,
      274.25641615156024,
      225.2485381775757,
      193.08422197019053,
      155.75525760486414,
      128.32764967610768,
      104.06386709366174,
      84.79751402172027,
      70.95218870777279,
      50.920874306700384,
      41.1641870189192,
      33.17874784757436,
      24.278393708065515,
      19.817787255490412,
      14.628303308423796,
      10.484761471872163
    ]
  },
  "p_high": 0.6926536731634183,
  "p_high_mf": 0.9015492253873063,
  "p_low": 0.3078460769615192,
  "p_low_mf": 0.09895052473763119,
  "p_two_sided": 0.6156921539230384,
  "p_two_sided_mf": 0.19790104947526238,
  "provenance": {
    "dat_url": "GAUSSIAN_CONTROL_FROM: https://github.com/gradient-pulse/phi-mesh/releases/download/data-2026-02-15-planck-lensing-R3/planck_pr3_lensing_mv_dat_klm.fits",
    "mf_url": "GAUSSIAN_CONTROL_MF_ZERO_FROM: https://github.com/gradient-pulse/phi-mesh/releases/download/data-2026-02-15-planck-lensing-R3/planck_pr3_lensing_mv_mf_klm.fits"
  },
  "seed": 731,
  "surrogate": {
    "D0_mean": 0.0014619973141496332,
    "D0_std": 0.00074364661761308,
    "D1_mean": 16.977689742426307,
    "D1_std": 2.5964177601202145,
    "D_mf_mean": 16.977689819021922,
    "D_mf_std": 2.5964177773326744,
    "v0_mean_curve": [
      0.998640948613484,
      0.9981225770314524,
      0.9974300352732345,
      0.9965130672454837,
      0.9953134969075502,
      0.9937594254811591,
      0.9917631346384674,
      0.989229634602863,
      0.9860435880025233,
      0.9820733941396073,
      0.9771775245666502,
      0.9711983941396092,
      0.9639764944712323,
      0.9553347155253101,
      0.9450896739959714,
      0.9330780118306484,
      0.9191214186350503,
      0.9030720939636254,
      0.8848085803985606,
      0.8642236874898278,
      0.8412512766520166,
      0.8158735307057693,
      0.7881020565032967,
      0.7580276527404793,
      0.7257752037048344,
      0.6915301284790044,
      0.6555319544474274,
      0.6180561002095547,
      0.5794419720967616,
      0.5400462652842211,
      0.5002479597727464,
      0.4604393240610757,
      0.421014651616415,
      0.3823638757069898,
      0.34484548314412417,
      0.30878148396809885,
      0.2744728641510012,
      0.2421602020263673,
      0.21202108256022162,
      0.18418626213073744,
      0.15873595682779945,
      0.1357058003743489,
      0.11507422828674341,
      0.09677380180358894,
      0.08070018259684264,
      0.06672844759623207,
      0.05470371882120765,
      0.044459874471028664,
      0.035816665013631135,
      0.02859998830159502,
      0.022634166717529287,
      0.017754240671793615,
      0.013797264734903966,
      0.010625517527262368,
      0.008110609690348311,
      0.006131594975789398,
      0.00459291648864746,
      0.0034085394541422433,
      0.002505418141682945,
      0.0018233629862467455,
      0.001314441680908204
    ],