{
  "diagnostics": {
    "excess_kurt_x_obs": -0.019183037498927025,
    "imag_frac_nonzero_eps1e-12": 0.9922480620155039,
    "imag_max_abs": 0.017469888282560842,
    "skew_x_obs": -0.017868176036686834,
    "v1_delta_bandwidth_dnu": 0.10000000000000009,
    "v1_symmetry_corr": 0.99955186036276,
    "verify_l2_from_curves": {
      "D0_match": true,
      "D0_recomputed": 0.001121866140498728,
      "D0_reported": 0.001121866140498728,
      "D1_match": true,
      "D1_recomputed": 21.703575926572867,
      "D1_reported": 21.703575926572867,
      "tol_abs": 1e-12,
      "tol_rel": 1e-10,
      "verify_dnu": 0.10000000000000009
    }
  },
  "hint": "This script compares observed morphology against phase-randomized surrogates that preserve |a_lm|. V0(nu) is excursion-set area fraction; V1(nu) is a perimeter proxy estimated from |\u2207x| in a nu-band. Distances D0 and D1 are L2 distances (sqrt(sum((a-b)^2)*dnu)) to surrogate-mean curves. D_mf combines them as sqrt(D0^2 + D1^2). Z_mf is the scale-free combined z-distance.",
  "kind": "planck_pr3_lensing_phi_topology_mf_v0_v1",
  "lmax": 256,
  "metric": "Minkowski-style morphology: V0(area) + V1(perimeter proxy) vs phase-random surrogates",
  "n_sims": 2000,
  "nside": 256,
  "observed": {
    "D0_L2": 0.001121866140498728,
    "D0_sum_sq_legacy": 1.2585836371975102e-05,
    "D1_L2": 21.703575926572867,
    "D1_sum_sq_legacy": 4710.45208000513,
    "D_mf": 21.70357595556771,
    "Z0": -0.6302775747173367,
    "Z1": 1.1393573414268516,
    "Z_mf": 1.3020694960925976,
    "map_mean": -2.7658856351087113e-09,
    "map_std": 0.0478781351226241,
    "v0_curve": [
      0.9986712137858073,
      0.9981129964192709,
      0.9973678588867188,
      0.9963862101236979,
      0.9951566060384115,
      0.9936205546061198,
      0.991644541422526,
      0.9890797932942709,
      0.9857254028320312,
      0.9816424051920573,
      0.9766502380371094,
      0.9707298278808594,
      0.9633700052897135,
      0.9546229044596354,
      0.9444808959960938,
      0.9326883951822916,
      0.9188054402669271,
      0.9029261271158854,
      0.8847007751464844,
      0.864129384358724,
      0.8409919738769531,
      0.8156789143880209,
      0.7880058288574219,
      0.7577667236328125,
      0.7254066467285156,
      0.691741943359375,
      0.6558329264322916,
      0.6186180114746094,
      0.5804087320963541,
      0.5412419637044271,
      0.5013262430826823,
      0.4614206949869792,
      0.4219830830891927,
      0.38357798258463544,
      0.3460197448730469,
      0.3097572326660156,
      0.2756156921386719,
      0.2430852254231771,
      0.21276982625325522,
      0.18481953938802084,
      0.15915807088216147,
      0.13579813639322916,
      0.11495463053385417,
      0.09632619222005208,
      0.08024215698242188,
      0.06631215413411458,
      0.054111480712890625,
      0.043980916341145836,
      0.035396575927734375,
      0.028076171875,
      0.02204132080078125,
      0.017267862955729168,
      0.013448079427083334,
      0.01024627685546875,
      0.007769266764322917,
      0.005799611409505208,
      0.004278818766276042,
      0.0031598409016927085,
      0.0023409525553385415,
      0.0017140706380208333,
      0.001224517822265625
    ],
    "v1_curve": [
      9.654317908668801,
      13.724183525019756,
      21.261211801400492,
      25.306036490320103,
      29.912511920739934,
      40.47456616253743,
      51.19071982557274,
      63.85749992935866,
      83.38807656371856,
      103.93726327771414,
      127.71682057683407,
      154.85190171196697,
      184.43174118181582,
      224.57334675654295,
      256.16965735876414,
      303.30854960912245,
      350.55889137544597,
      405.0426308988727,
      468.59136596302557,
      519.5910524872058,
      585.7847259801413,
      625.0340793405705,
      704.3567506680425,
      758.291011050192,
      796.9104985208803,
      872.1916902784293,
      916.648331363925,
      921.0132037870585,
      960.4464475660685,
      975.4617308892226,
      995.0321500366789,
      979.1486717795659,
      963.1890500166375,
      921.9639381945608,
      912.794301345202,
      860.4876969001999,
      820.1369315321562,
      786.7926024345184,
      704.6955045581844,
      669.5551959880153,
      594.1345819528092,
      522.413941583135,
      476.3296610899945,
      410.13940629869063,
      356.6438240469556,
      310.3043632316591,
      265.79862927664385,
      225.870793201245,
      187.44490969587528,
      156.64356966871685,
      127.32601540995721,
      100.7143467169592,
      80.73956185425209,
      63.95183972644464,
      51.86033409456955,
      39.879579126390496,
      28.214340678943937,
      20.29100779941265,
      16.342984331570264,
      11.996609069734097,
      10.374979453200595
    ]
  },
  "p_high": 0.6866566716641679,
  "p_high_mf": 0.13943028485757122,
  "p_low": 0.31384307846076964,
  "p_low_mf": 0.8610694652673663,
  "p_two_sided": 0.6276861569215393,
  "p_two_sided_mf": 0.27886056971514245,
  "provenance": {
    "dat_url": "GAUSSIAN_CONTROL_FROM: https://github.com/gradient-pulse/phi-mesh/releases/download/data-2026-02-15-planck-lensing-R3/planck_pr3_lensing_mv_dat_klm.fits",
    "mf_url": "GAUSSIAN_CONTROL_MF_ZERO_FROM: https://github.com/gradient-pulse/phi-mesh/releases/download/data-2026-02-15-planck-lensing-R3/planck_pr3_lensing_mv_mf_klm.fits"
  },
  "seed": 731,
  "surrogate": {
    "D0_mean": 0.0017275603304812025,
    "D0_std": 0.0009609959393749855,
    "D1_mean": 17.811237132302622,
    "D1_std": 3.416258141976556,
    "D_mf_mean": 17.81123723554694,
    "D_mf_std": 3.416258175611751,
    "v0_mean_curve": [
      0.998636682510378,
      0.9981155872344968,
      0.9974194221496573,
      0.9964976743062336,
      0.9952912165323895,
      0.9937296129862481,
      0.9917243951161719,
      0.9891776796976728,
      0.9859808228810638,
      0.9819978694915765,
      0.9770904871622721,
      0.9711025473276782,
      0.9638686084747318,
      0.9552167307535816,
      0.9449676361083984,
      0.9329526297251369,
      0.9190047721862779,
      0.9029706204732261,
      0.8847210540771481,
      0.8641479829152434,
      0.8412017949422205,
      0.8158501300811771,
      0.7881102034250911,
      0.7580703646341985,
      0.7258511066436774,
      0.6916451492309582,
      0.6556835219065342,
      0.6182416432698565,
      0.5796545238494872,
      0.5402702388763427,
      0.5004702650705982,
      0.4606584370930992,
      0.421228105545043,
      0.3825647818247479,
      0.34503935559590637,
      0.30896233113606814,
      0.27463019498189223,
      0.24227837562561044,
      0.21211001078287733,
      0.18425562667846646,
      0.15878962961832682,
      0.13573229853312177,
      0.11506665039062502,
      0.09673931566874193,
      0.08064252726236955,
      0.06665364964803056,
      0.05461746788024887,
      0.044362627029418907,
      0.03571509869893397,
      0.028493330637613896,
      0.02252940622965496,
      0.017653467814127636,
      0.013709938685099296,
      0.010549593607584642,
      0.00803869247436524,
      0.006071596781412759,
      0.004540805180867511,
      0.0033640886942545587,
      0.0024690558115641323,
      0.0017955328623453775,
      0.0012925637563069659
    ],