{
  "diagnostics": {
    "excess_kurt_x_obs": -0.08830284763830676,
    "imag_frac_nonzero_eps1e-12": 0.9922480620155039,
    "imag_max_abs": 0.024957189861218664,
    "skew_x_obs": -0.022461375202685725,
    "v1_delta_bandwidth_dnu": 0.10000000000000009,
    "v1_symmetry_corr": 0.9951671261842441,
    "verify_l2_from_curves": {
      "D0_match": true,
      "D0_recomputed": 0.0023783226585845354,
      "D0_reported": 0.0023783226585845354,
      "D1_match": true,
      "D1_recomputed": 12.81343493120251,
      "D1_reported": 12.81343493120251,
      "tol_abs": 1e-12,
      "tol_rel": 1e-10,
      "verify_dnu": 0.10000000000000009
    }
  },
  "hint": "This script compares observed morphology against phase-randomized surrogates that preserve |a_lm|. V0(nu) is excursion-set area fraction; V1(nu) is a perimeter proxy estimated from |\u2207x| in a nu-band. Distances D0 and D1 are L2 distances (sqrt(sum((a-b)^2)*dnu)) to surrogate-mean curves. D_mf combines them as sqrt(D0^2 + D1^2). Z_mf is the scale-free combined z-distance.",
  "kind": "planck_pr3_lensing_phi_topology_mf_v0_v1",
  "lmax": 256,
  "metric": "Minkowski-style morphology: V0(area) + V1(perimeter proxy) vs phase-random surrogates",
  "n_sims": 2000,
  "nside": 256,
  "observed": {
    "D0_L2": 0.0023783226585845354,
    "D0_sum_sq_legacy": 5.656418668336607e-05,
    "D1_L2": 12.81343493120251,
    "D1_sum_sq_legacy": 1641.8411473616052,
    "D_mf": 12.813435151924692,
    "Z0": -0.11740172658976679,
    "Z1": -1.0965700145404536,
    "Z_mf": 1.102836779489834,
    "map_mean": 1.4054937454328897e-08,
    "map_std": 0.050735615668067634,
    "v0_curve": [
      0.9988835652669271,
      0.9983990987141927,
      0.9977467854817709,
      0.9968605041503906,
      0.9956321716308594,
      0.9940541585286459,
      0.9920641581217448,
      0.9894523620605469,
      0.9860420227050781,
      0.9820264180501302,
      0.9769910176595052,
      0.970727284749349,
      0.9632949829101562,
      0.9543876647949219,
      0.944098154703776,
      0.9318428039550781,
      0.9175465901692709,
      0.9012133280436198,
      0.8828722635904948,
      0.8620732625325521,
      0.8392651875813802,
      0.8141072591145834,
      0.7863591512044271,
      0.7564290364583334,
      0.7245254516601562,
      0.6906267801920573,
      0.6556320190429688,
      0.6186625162760416,
      0.5804570515950521,
      0.541296641031901,
      0.502197265625,
      0.4629529317220052,
      0.4235127766927083,
      0.38507080078125,
      0.34761683146158856,
      0.3116722106933594,
      0.27703603108723956,
      0.2442626953125,
      0.21387608846028647,
      0.18570327758789062,
      0.16001510620117188,
      0.13685735066731772,
      0.11572774251302083,
      0.0972747802734375,
      0.08076985677083333,
      0.06651814778645833,
      0.054210662841796875,
      0.043874104817708336,
      0.035051981608072914,
      0.02773284912109375,
      0.021746317545572918,
      0.016754150390625,
      0.012747446695963541,
      0.00969696044921875,
      0.007275899251302083,
      0.005318959554036458,
      0.0038897196451822915,
      0.00276947021484375,
      0.0019467671712239583,
      0.0013860066731770833,
      0.0009511311848958334
    ],
    "v1_curve": [
      7.421358467121142,
      9.81076892485351,
      13.40938782999669,
      18.388434783005103,
      25.68633390089518,
      31.617910046954467,
      42.85210092307513,
      54.451961362932245,
      67.79402832886788,
      82.96325817984352,
      104.15231496431717,
      126.15858976923997,
      155.37041198624544,
      184.23904154522077,
      219.05767618871226,
      254.2060682031945,
      297.9417153352924,
      345.5604712863571,
      390.251534851066,
      440.396646145122,
      493.37428314562004,
      547.7049507208222,
      610.5904779689547,
      660.141078779707,
      697.1119358365524,
      747.221661593907,
      802.8924760736298,
      842.9297696615987,
      878.0786929362911,
      892.3002027023167,
      899.2612100441914,
      906.2654991985019,
      902.7854482692064,
      888.2390333802091,
      875.4032919535778,
      844.4642991213638,
      810.9498613532538,
      769.9496605983647,
      711.3415900989695,
      645.8869825460015,
      607.8348410882643,
      539.426529380706,
      494.9133042440031,
      429.34761939795897,
      374.23958718726675,
      323.7597510886275,
      274.67406510514843,
      237.5537586828933,
      198.6232090245481,
      165.2234628639916,
      132.7419398474192,
      106.6421386026899,
      92.31591308092425,
      68.1419720864056,
      53.75736799311341,
      42.635935499400446,
      31.62430803400606,
      20.334461932496755,
      16.441683233789224,
      14.11951505475527,
      8.921452471684924
    ]
  },
  "p_high": 0.4542728635682159,
  "p_high_mf": 0.9085457271364318,
  "p_low": 0.5462268865567217,
  "p_low_mf": 0.09195402298850575,
  "p_two_sided": 0.9085457271364318,
  "p_two_sided_mf": 0.1839080459770115,
  "provenance": {
    "dat_url": "GAUSSIAN_CONTROL_FROM: https://github.com/gradient-pulse/phi-mesh/releases/download/data-2026-02-15-planck-lensing-R3/planck_pr3_lensing_mv_dat_klm.fits",
    "mf_url": "GAUSSIAN_CONTROL_MF_ZERO_FROM: https://github.com/gradient-pulse/phi-mesh/releases/download/data-2026-02-15-planck-lensing-R3/planck_pr3_lensing_mv_mf_klm.fits"
  },
  "seed": 731,
  "surrogate": {
    "D0_mean": 0.0025552069151152396,
    "D0_std": 0.0015066580506842577,
    "D1_mean": 16.824498912563993,
    "D1_std": 3.6578275241662745,
    "D_mf_mean": 16.824499141814048,
    "D_mf_std": 3.6578276724063516,
    "v0_mean_curve": [
      0.998589867909749,
      0.9980407199859601,
      0.9973058522542328,
      0.9963357969919829,
      0.9950662988026961,
      0.9934237047831217,
      0.9913196430206306,
      0.9886589711507164,
      0.9853242467244484,
      0.9811895726521814,
      0.9761139895121245,
      0.9699539095560721,
      0.9625501734415691,
      0.9537374223073332,
      0.943353304545085,
      0.9312371514638274,
      0.9172260201772046,
      0.9011955420176195,
      0.8830218264261874,
      0.8626193656921389,
      0.8399221630096433,
      0.814909370422361,
      0.7875908355712877,
      0.7580436375935873,
      0.7263725725809721,
      0.6927355524698906,
      0.6573498713175464,
      0.6204641443888351,
      0.5823829784393305,
      0.543420085906982,
      0.5039435933430988,
      0.464340964635214,
      0.4249879124959306,
      0.3862624486287428,
      0.3485346158345545,
      0.31214705975850415,
      0.27740624936421776,
      0.2445796985626223,
      0.2138708413441973,
      0.18546221097310406,
      0.1594410190582276,
      0.13586618677775072,
      0.11474309603373209,
      0.0960091870625813,
      0.07958728345235193,
      0.06534382247924798,
      0.05313767051696781,
      0.04277959887186686,
      0.0341001466115316,
      0.026909022649129217,
      0.021015778223673467,
      0.016241060892740893,
      0.0124224433898926,
      0.009398240407307933,
      0.007035417556762696,
      0.005209913889567055,
      0.003817422866821284,
      0.0027655709584554072,
      0.0019810447692871092,
      0.001402811686197919,
      0.0009830926259358724
    ],