{
  "diagnostics": {
    "excess_kurt_x_obs": -0.08750708025656317,
    "imag_frac_nonzero_eps1e-12": 0.9896907216494846,
    "imag_max_abs": 0.019107272968280863,
    "skew_x_obs": -0.030933761149196475,
    "v1_delta_bandwidth_dnu": 0.10000000000000009,
    "v1_symmetry_corr": 0.9961044247487524,
    "verify_l2_from_curves": {
      "D0_match": true,
      "D0_recomputed": 0.003389255458933557,
      "D0_reported": 0.003389255458933557,
      "D1_match": true,
      "D1_recomputed": 9.894226780418792,
      "D1_reported": 9.894226780418792,
      "tol_abs": 1e-12,
      "tol_rel": 1e-10,
      "verify_dnu": 0.10000000000000009
    }
  },
  "hint": "This script compares observed morphology against phase-randomized surrogates that preserve |a_lm|. V0(nu) is excursion-set area fraction; V1(nu) is a perimeter proxy estimated from |\u2207x| in a nu-band. Distances D0 and D1 are L2 distances (sqrt(sum((a-b)^2)*dnu)) to surrogate-mean curves. D_mf combines them as sqrt(D0^2 + D1^2). Z_mf is the scale-free combined z-distance.",
  "kind": "planck_pr3_lensing_phi_topology_mf_v0_v1",
  "lmax": 192,
  "metric": "Minkowski-style morphology: V0(area) + V1(perimeter proxy) vs phase-random surrogates",
  "n_sims": 2000,
  "nside": 256,
  "observed": {
    "D0_L2": 0.003389255458933557,
    "D0_sum_sq_legacy": 0.00011487052565910904,
    "D1_L2": 9.894226780418792,
    "D1_sum_sq_legacy": 978.9572358235636,
    "D_mf": 9.894227360911461,
    "Z0": -0.7493898127442107,
    "Z1": -1.181171961907675,
    "Z_mf": 1.3988396244893941,
    "map_mean": 1.49778337597134e-08,
    "map_std": 0.040282559037839595,
    "v0_curve": [
      0.998816172281901,
      0.9983011881510416,
      0.9975929260253906,
      0.9966723124186198,
      0.9953943888346354,
      0.993768056233724,
      0.9917500813802084,
      0.9890823364257812,
      0.9857991536458334,
      0.98162841796875,
      0.9764963785807291,
      0.9705772399902344,
      0.9631156921386719,
      0.9543533325195312,
      0.9438896179199219,
      0.9317855834960938,
      0.9176343282063802,
      0.9013519287109375,
      0.8830642700195312,
      0.8623034159342448,
      0.8394940694173177,
      0.8143717447916666,
      0.7866198221842448,
      0.7567024230957031,
      0.7245038350423177,
      0.6906089782714844,
      0.6551170349121094,
      0.6182772318522135,
      0.5808537801106771,
      0.5419883728027344,
      0.5027503967285156,
      0.4633344014485677,
      0.42448170979817706,
      0.38611094156901044,
      0.3486735026041667,
      0.31221771240234375,
      0.2775154113769531,
      0.24468104044596353,
      0.2140960693359375,
      0.1860198974609375,
      0.1602808634440104,
      0.13677851359049478,
      0.1158447265625,
      0.09717686971028645,
      0.08038838704427083,
      0.0660552978515625,
      0.053766886393229164,
      0.04335784912109375,
      0.034603118896484375,
      0.027281443277994793,
      0.021299997965494793,
      0.016470591227213543,
      0.012448628743489584,
      0.009367624918619791,
      0.006999969482421875,
      0.005185445149739583,
      0.0038134256998697915,
      0.002742767333984375,
      0.0019124348958333333,
      0.001369476318359375,
      0.0009663899739583334
    ],
    "v1_curve": [
      6.289498688966564,
      9.226433430856144,
      13.359381492989394,
      17.540422143111943,
      23.99881081966069,
      31.016053304234003,
      38.26838424153591,
      52.16587836722082,
      62.40768314190783,
      75.43188406280271,
      90.6247965260617,
      115.0852861295201,
      136.0531999086682,
      161.58744168214892,
      185.9293979211122,
      219.90497859403388,
      248.2932337987919,
      288.23126273385344,
      324.04413818333694,
      356.87559741953254,
      409.8528950039133,
      436.74807443023064,
      462.89082764299803,
      502.73956106625945,
      524.8383849343774,
      555.4121054999116,
      581.7186075247348,
      596.6200123611733,
      596.1209613931471,
      597.3316941350528,
      602.1288398990168,
      594.3998383071673,
      572.8016117679882,
      557.1368494813257,
      527.731456615979,
      512.0638723209064,
      468.0807152151546,
      444.9547177208417,
      408.3064199261664,
      366.44065130885576,
      329.58051603561813,
      298.978792808585,
      258.8224065632663,
      236.69325661976228,
      200.47031336521036,
      172.6178572104073,
      143.86543610419815,
      122.79620020213792,
      100.08822892398423,
      84.19568971004817,
      65.63017613983381,
      55.20676586047983,
      43.89082919946678,
      32.59996026943911,
      25.59271959399886,
      19.673606312500706,
      15.256668373277053,
      11.021981175935482,
      8.042351632297263,
      5.594633216204634,
      4.3659337590518685
    ]
  },
  "p_high": 0.7386306846576711,
  "p_high_mf": 0.9425287356321839,
  "p_low": 0.26186906546726635,
  "p_low_mf": 0.057971014492753624,
  "p_two_sided": 0.5237381309345327,
  "p_two_sided_mf": 0.11594202898550725,
  "provenance": {
    "dat_url": "GAUSSIAN_CONTROL_FROM: https://github.com/gradient-pulse/phi-mesh/releases/download/data-2026-02-15-planck-lensing-R3/planck_pr3_lensing_mv_dat_klm.fits",
    "mf_url": "GAUSSIAN_CONTROL_MF_ZERO_FROM: https://github.com/gradient-pulse/phi-mesh/releases/download/data-2026-02-15-planck-lensing-R3/planck_pr3_lensing_mv_mf_klm.fits"
  },
  "seed": 731,
  "surrogate": {
    "D0_mean": 0.006210135708190515,
    "D0_std": 0.0037642361842725102,
    "D1_mean": 19.663756882252333,
    "D1_std": 8.271048091977283,
    "D_mf_mean": 19.66375796461155,
    "D_mf_std": 8.27104870657652,
    "v0_mean_curve": [
      0.9987869199117025,
      0.9982970479329426,
      0.9976348559061681,
      0.9967514692942293,
      0.9955852298736586,
      0.9940609353383384,
      0.9920898036956776,
      0.989571723302205,
      0.986389934539795,
      0.9824132843017579,
      0.9774940757751454,
      0.9714771372477204,
      0.9641930179595944,
      0.9554669202168785,
      0.9451248378753656,
      0.932992004394533,
      0.9189114418029777,
      0.902724064509074,
      0.8843128604888902,
      0.8635746072133367,
      0.8404601071675621,
      0.8149512704213472,
      0.7870926297505698,
      0.7569522832234706,
      0.7246831696828204,
      0.6904595572153731,
      0.6545297940572092,
      0.6171731853485103,
      0.5787051060994466,
      0.5394847602844235,
      0.49989100138346315,
      0.4603029467264818,
      0.4211030871073408,
      0.38267156918843587,
      0.34534289169311533,
      0.309445177078247,
      0.2752648086547851,
      0.24303964551289872,
      0.21293725840250655,
      0.18511000251770016,
      0.15963782437642404,
      0.1365467675526938,
      0.11582006009419744,
      0.09740817832946759,
      0.08121658198038754,
      0.06712062454223634,
      0.05497082519531257,
      0.04461213811238607,
      0.03586965179443353,
      0.02857174936930332,
      0.022535179138183613,
      0.01759915224711099,
      0.013609446843465179,
      0.010419113159179693,
      0.007897403081258133,
      0.005925371805826829,
      0.004399329503377275,
      0.00323111788431803,
      0.002346917470296228,
      0.0016877644856770843,
      0.0011990769704182936
    ],