{
  "diagnostics": {
    "excess_kurt_x_obs": -0.011573243692678759,
    "imag_frac_nonzero_eps1e-12": 0.9922480620155039,
    "imag_max_abs": 0.0271136381108242,
    "skew_x_obs": -0.03904102319408533,
    "v1_delta_bandwidth_dnu": 0.10000000000000009,
    "v1_symmetry_corr": 0.9991753262213567,
    "verify_l2_from_curves": {
      "D0_match": true,
      "D0_recomputed": 0.0024419183475934206,
      "D0_reported": 0.0024419183475934206,
      "D1_match": true,
      "D1_recomputed": 17.709934046721518,
      "D1_reported": 17.709934046721518,
      "tol_abs": 1e-12,
      "tol_rel": 1e-10,
      "verify_dnu": 0.10000000000000009
    }
  },
  "hint": "This script compares observed morphology against phase-randomized surrogates that preserve |a_lm|. V0(nu) is excursion-set area fraction; V1(nu) is a perimeter proxy estimated from |\u2207x| in a nu-band. Distances D0 and D1 are L2 distances (sqrt(sum((a-b)^2)*dnu)) to surrogate-mean curves. D_mf combines them as sqrt(D0^2 + D1^2). Z_mf is the scale-free combined z-distance.",
  "kind": "planck_pr3_lensing_phi_topology_mf_v0_v1",
  "lmax": 256,
  "metric": "Minkowski-style morphology: V0(area) + V1(perimeter proxy) vs phase-random surrogates",
  "n_sims": 2000,
  "nside": 256,
  "observed": {
    "D0_L2": 0.0024419183475934206,
    "D0_sum_sq_legacy": 5.962965216313376e-05,
    "D1_L2": 17.709934046721518,
    "D1_sum_sq_legacy": 3136.4176393922576,
    "D_mf": 17.709934215072376,
    "Z0": -0.017526547252498637,
    "Z1": 0.22898571738490775,
    "Z_mf": 0.22965547810769704,
    "map_mean": 1.7480675706139464e-08,
    "map_std": 0.04890556356963707,
    "v0_curve": [
      0.9984715779622396,
      0.9979476928710938,
      0.9971936543782552,
      0.9962081909179688,
      0.9949429829915365,
      0.9933522542317709,
      0.991278330485026,
      0.9885177612304688,
      0.9852943420410156,
      0.9812469482421875,
      0.9761988321940104,
      0.9699490865071615,
      0.9624671936035156,
      0.9538485209147135,
      0.9434305826822916,
      0.9314918518066406,
      0.9177118937174479,
      0.9018783569335938,
      0.8839200337727865,
      0.863824208577474,
      0.841271718343099,
      0.8161048889160156,
      0.788964589436849,
      0.7595303853352865,
      0.7276713053385416,
      0.6937726338704427,
      0.6579627990722656,
      0.6206194559733073,
      0.5819524129231771,
      0.5423940022786459,
      0.5023905436197916,
      0.46259816487630206,
      0.4230295817057292,
      0.38466135660807294,
      0.3464457194010417,
      0.31022389729817706,
      0.2753550211588542,
      0.24268213907877603,
      0.21256383260091147,
      0.18459574381510416,
      0.15893936157226562,
      0.13556671142578125,
      0.11466217041015625,
      0.09639739990234375,
      0.0800488789876302,
      0.06572723388671875,
      0.053698221842447914,
      0.043492635091145836,
      0.03491083780924479,
      0.027697245279947918,
      0.021696726481119793,
      0.016775767008463543,
      0.012821197509765625,
      0.009759267171223959,
      0.00740814208984375,
      0.005510965983072917,
      0.003968556722005208,
      0.0029131571451822915,
      0.00215911865234375,
      0.00154876708984375,
      0.0010897318522135417
    ],
    "v1_curve": [
      9.832219155431645,
      12.158757417251067,
      16.849684305476227,
      22.006460855722974,
      27.856703702156228,
      34.47138577205631,
      49.36161242923146,
      63.784761169781994,
      73.38371443764301,
      91.29897072838095,
      118.5805427195983,
      136.48957377282994,
      168.81658835690496,
      203.41852892472608,
      242.4939396992738,
      282.49572888442634,
      331.3699169888639,
      385.4945502344969,
      437.8910087408737,
      485.4778619826476,
      542.0246321330387,
      592.7261733686383,
      654.2607225482443,
      717.2578148861461,
      773.7450836726684,
      821.9404968542474,
      854.6347457088876,
      890.8915189255548,
      929.0798573309852,
      938.3015994704264,
      946.8789409180762,
      957.841536169556,
      962.5136534074813,
      919.4146504515503,
      911.4480691292533,
      868.9627878217252,
      828.6691316638891,
      767.2845631774701,
      712.055129381911,
      653.9650568876608,
      598.1943025198842,
      530.9708339240874,
      478.8540193368185,
      422.8692025820763,
      373.7302689809168,
      323.954785530512,
      272.10106113615757,
      226.83559345969348,
      190.44791321265805,
      160.63151768020572,
      131.24870409835248,
      109.4236614583813,
      78.44737237265657,
      63.128309453426795,
      50.14590067845254,
      41.220868082482035,
      31.602900222337517,
      22.620939436549627,
      15.550734631203156,
      13.760143723680004,
      8.87049381619074
    ]
  },
  "p_high": 0.41829085457271364,
  "p_high_mf": 0.36231884057971014,
  "p_low": 0.5822088955522239,
  "p_low_mf": 0.6381809095452274,
  "p_two_sided": 0.8365817091454273,
  "p_two_sided_mf": 0.7246376811594203,
  "provenance": {
    "dat_url": "GAUSSIAN_CONTROL_FROM: https://github.com/gradient-pulse/phi-mesh/releases/download/data-2026-02-15-planck-lensing-R3/planck_pr3_lensing_mv_dat_klm.fits",
    "mf_url": "GAUSSIAN_CONTROL_MF_ZERO_FROM: https://github.com/gradient-pulse/phi-mesh/releases/download/data-2026-02-15-planck-lensing-R3/planck_pr3_lensing_mv_mf_klm.fits"
  },
  "seed": 731,
  "surrogate": {
    "D0_mean": 0.0024668782100798013,
    "D0_std": 0.0014241174902730669,
    "D1_mean": 16.956543170612125,
    "D1_std": 3.290121692799727,
    "D_mf_mean": 16.95654338410779,
    "D_mf_std": 3.290121825427656,
    "v0_mean_curve": [
      0.9986378682454429,
      0.9981141777038579,
      0.99741456604004,
      0.9964878927866633,
      0.995277138392131,
      0.9937082494099945,
      0.9916935443878173,
      0.9891396541595467,
      0.9859277903238929,
      0.9819280770619734,
      0.977004423777262,
      0.97099781735738,
      0.9637487335205077,
      0.9550800832112656,
      0.9448154449462896,
      0.9327838694254547,
      0.9188229827880846,
      0.9027798601786299,
      0.8845312398274731,
      0.8639744955698649,
      0.84104538345337,
      0.8157188282012937,
      0.7880210679372154,
      0.7580229822794597,
      0.7258543046315498,
      0.6916944828033444,
      0.6557834224700942,
      0.6184010473887122,
      0.579867819468181,
      0.5405361111958822,
      0.500790716171265,
      0.46101599947611427,
      0.42161151695251436,
      0.38296046511332255,
      0.34541629664103196,
      0.30931617800394695,
      0.2749501864115402,
      0.24255847613016762,
      0.2123357086181642,
      0.18441737810770653,
      0.15889103126525855,
      0.13578277015686038,
      0.11507555325826006,
      0.09670284843444808,
      0.08057553799947097,
      0.06655652618408216,
      0.054493799209594795,
      0.044223202387491875,
      0.03556583849589027,
      0.028344832738240632,
      0.02238246917724611,
      0.017509569803873713,
      0.013568569183349623,
      0.010419621149698893,
      0.007926581700642893,
      0.0059706408182779915,
      0.0044547526041666735,
      0.003291561762491857,
      0.0024071947733561166,
      0.0017430915832519541,
      0.0012502962748209636
    ],