{
  "diagnostics": {
    "excess_kurt_x_obs": -0.08360645809020406,
    "imag_frac_nonzero_eps1e-12": 0.9846153846153847,
    "imag_max_abs": 0.026977716638663655,
    "skew_x_obs": -0.1487414376453903,
    "v1_delta_bandwidth_dnu": 0.10000000000000009,
    "v1_symmetry_corr": 0.9993792571331542,
    "verify_l2_from_curves": {
      "D0_match": true,
      "D0_recomputed": 0.0104296128102921,
      "D0_reported": 0.0104296128102921,
      "D1_match": true,
      "D1_recomputed": 9.087247533203282,
      "D1_reported": 9.087247533203282,
      "tol_abs": 1e-12,
      "tol_rel": 1e-10,
      "verify_dnu": 0.10000000000000009
    }
  },
  "hint": "This script compares observed morphology against phase-randomized surrogates that preserve |a_lm|. V0(nu) is excursion-set area fraction; V1(nu) is a perimeter proxy estimated from |\u2207x| in a nu-band. Distances D0 and D1 are L2 distances (sqrt(sum((a-b)^2)*dnu)) to surrogate-mean curves. D_mf combines them as sqrt(D0^2 + D1^2). Z_mf is the scale-free combined z-distance.",
  "kind": "planck_pr3_lensing_phi_topology_mf_v0_v1",
  "lmax": 128,
  "metric": "Minkowski-style morphology: V0(area) + V1(perimeter proxy) vs phase-random surrogates",
  "n_sims": 2000,
  "nside": 256,
  "observed": {
    "D0_L2": 0.0104296128102921,
    "D0_sum_sq_legacy": 0.00108776823372609,
    "D1_L2": 9.087247533203282,
    "D1_sum_sq_legacy": 825.7806772970905,
    "D_mf": 9.087253518337237,
    "Z0": -0.5724001467985929,
    "Z1": -1.1948915664182755,
    "Z_mf": 1.3249180289937075,
    "map_mean": -1.4414239005803206e-08,
    "map_std": 0.035315328359026885,
    "v0_curve": [
      0.9982147216796875,
      0.9975687662760416,
      0.9966684977213541,
      0.9954071044921875,
      0.993865966796875,
      0.9918950398763021,
      0.9893239339192709,
      0.9863929748535156,
      0.9827982584635416,
      0.9785982767740885,
      0.9736061096191406,
      0.9674148559570312,
      0.960046132405599,
      0.9515279134114584,
      0.9415435791015625,
      0.9295730590820312,
      0.9154218037923177,
      0.8992894490559896,
      0.8807957967122396,
      0.8602574666341146,
      0.8375498453776041,
      0.8129781087239584,
      0.786340077718099,
      0.7579015096028646,
      0.7273813883463541,
      0.6951166788736979,
      0.6611150105794271,
      0.6255938212076823,
      0.5887324015299479,
      0.550818125406901,
      0.5123367309570312,
      0.47256724039713544,
      0.43356959025065106,
      0.3950996398925781,
      0.3565788269042969,
      0.31897735595703125,
      0.2836558024088542,
      0.24935531616210938,
      0.21724828084309897,
      0.18686930338541666,
      0.15938695271809897,
      0.13443501790364584,
      0.11254247029622395,
      0.09337361653645833,
      0.0766754150390625,
      0.0620269775390625,
      0.04971440633138021,
      0.03931427001953125,
      0.030858357747395832,
      0.023668924967447918,
      0.017889658610026043,
      0.013278961181640625,
      0.009619394938151041,
      0.006852467854817708,
      0.0047149658203125,
      0.0032704671223958335,
      0.0022061665852864585,
      0.00152587890625,
      0.0010223388671875,
      0.0006573994954427084,
      0.0004285176595052083
    ],
    "v1_curve": [
      4.542778331136299,
      5.3144054658687265,
      7.796516365345136,
      9.968045268988284,
      12.930787867400973,
      16.87989968967739,
      20.720878524932957,
      25.849561771415924,
      30.818378992213894,
      35.679008435514696,
      45.58771119031709,
      52.37556757275204,
      64.53176268543648,
      72.13965211813127,
      87.04677893741578,
      102.01778881520563,
      118.11540684909785,
      137.2429684653611,
      154.63880726910685,
      174.13851392682105,
      191.83758288480112,
      209.7287109269537,
      225.40592186406377,
      247.53895923997473,
      262.22898169069066,
      280.506223490767,
      291.10162204233416,
      303.49076244940267,
      316.9754773327776,
      312.01052507147386,
      321.37274594488866,
      316.0372050860022,
      320.77388736267983,
      307.5611246349175,
      302.51635190855853,
      281.5641580694528,
      266.9105171267899,
      249.5223884898235,
      229.96942419026178,
      212.43586917114337,
      189.26077420346274,
      166.85561451302323,
      147.36967919983192,
      129.1153774207077,
      108.68273913409543,
      90.8627706015404,
      75.28327852816884,
      61.6901857128689,
      50.09623735930554,
      41.28274814837416,
      32.582588480229255,
      25.594469032698335,
      19.72721791513186,
      15.021609441620633,
      10.989884407722768,
      7.317307843415051,
      5.503899355967336,
      3.8244029040989456,
      2.615027702695392,
      1.8427553490138737,
      1.1913457879359746
    ]
  },
  "p_high": 0.6711644177911045,
  "p_high_mf": 0.9215392303848076,
  "p_low": 0.3293353323338331,
  "p_low_mf": 0.07896051974012994,
  "p_two_sided": 0.6586706646676662,
  "p_two_sided_mf": 0.15792103948025987,
  "provenance": {
    "dat_url": "GAUSSIAN_CONTROL_FROM: https://github.com/gradient-pulse/phi-mesh/releases/download/data-2026-02-15-planck-lensing-R3/planck_pr3_lensing_mv_dat_klm.fits",
    "mf_url": "GAUSSIAN_CONTROL_MF_ZERO_FROM: https://github.com/gradient-pulse/phi-mesh/releases/download/data-2026-02-15-planck-lensing-R3/planck_pr3_lensing_mv_mf_klm.fits"
  },
  "seed": 731,
  "surrogate": {
    "D0_mean": 0.015157203111675344,
    "D0_std": 0.008259240197306787,
    "D1_mean": 20.95664477654887,
    "D1_std": 9.933451349836265,
    "D_mf_mean": 20.956650509348407,
    "D_mf_std": 9.933454252656833,
    "v0_mean_curve": [
      0.998652471542359,
      0.9981147340138761,
      0.997392644882204,
      0.9964352925618466,
      0.9951781139373769,
      0.9935534515380862,
      0.9914703121185289,
      0.988832804361979,
      0.9855253690083818,
      0.9814189650217693,
      0.9763758068084697,
      0.9702482592264822,
      0.9628728059132913,
      0.9540939350128165,
      0.9437433872222917,
      0.9316496391296375,
      0.917661602020263,
      0.9016297868092835,
      0.88342964108785,
      0.8629678522745757,
      0.8401889972686772,
      0.8150652160644538,
      0.7876157334645579,
      0.7579156786600764,
      0.726060660680135,
      0.6922200361887608,
      0.6566380780537926,
      0.619569504419962,
      0.5813258113861086,
      0.5422441571553551,
      0.5026902058919263,
      0.4630629367828365,
      0.42373807462056506,
      0.3850913270314533,
      0.34749593416849733,
      0.3112885710398357,
      0.27675193850199437,
      0.24414891115824372,
      0.2136898924509682,
      0.18551326115926153,
      0.15970518366495792,
      0.1363094927469887,
      0.11531918589274086,
      0.0966886819203695,
      0.08032849184672035,
      0.06610420417785638,
      0.0538728268941244,
      0.04347320938110351,
      0.03472229957580571,
      0.0274392032623291,
      0.02145055262247714,
      0.01658695538838705,
      0.012678338368733711,
      0.009577356338500974,
      0.007148427327473958,
      0.005270968755086262,
      0.00383734957377116,
      0.0027587223052978503,
      0.001957855224609377,
      0.001370716730753582,
      0.0009474264780680323
    ],