{
  "diagnostics": {
    "excess_kurt_x_obs": -0.11982760860439834,
    "imag_frac_nonzero_eps1e-12": 0.9846153846153847,
    "imag_max_abs": 0.016900259597606763,
    "skew_x_obs": -0.10138473987107743,
    "v1_delta_bandwidth_dnu": 0.10000000000000009,
    "v1_symmetry_corr": 0.9944014600085473,
    "verify_l2_from_curves": {
      "D0_match": true,
      "D0_recomputed": 0.008263161929822843,
      "D0_reported": 0.008263161929822843,
      "D1_match": true,
      "D1_recomputed": 11.263716908681292,
      "D1_reported": 11.263716908681292,
      "tol_abs": 1e-12,
      "tol_rel": 1e-10,
      "verify_dnu": 0.10000000000000009
    }
  },
  "hint": "This script compares observed morphology against phase-randomized surrogates that preserve |a_lm|. V0(nu) is excursion-set area fraction; V1(nu) is a perimeter proxy estimated from |\u2207x| in a nu-band. Distances D0 and D1 are L2 distances (sqrt(sum((a-b)^2)*dnu)) to surrogate-mean curves. D_mf combines them as sqrt(D0^2 + D1^2). Z_mf is the scale-free combined z-distance.",
  "kind": "planck_pr3_lensing_phi_topology_mf_v0_v1",
  "lmax": 128,
  "metric": "Minkowski-style morphology: V0(area) + V1(perimeter proxy) vs phase-random surrogates",
  "n_sims": 2000,
  "nside": 256,
  "observed": {
    "D0_L2": 0.008263161929822843,
    "D0_sum_sq_legacy": 0.0006827984507847351,
    "D1_L2": 11.263716908681292,
    "D1_sum_sq_legacy": 1268.7131859891274,
    "D_mf": 11.26371993964507,
    "Z0": -0.20992487684262567,
    "Z1": -0.6673891230137576,
    "Z_mf": 0.6996261111725778,
    "map_mean": 3.048746530766889e-08,
    "map_std": 0.031084955535845726,
    "v0_curve": [
      0.9985567728678385,
      0.9980036417643229,
      0.9972712198893229,
      0.996283213297526,
      0.9950879414876302,
      0.9934234619140625,
      0.9912681579589844,
      0.9883435567220052,
      0.9847920735677084,
      0.9803415934244791,
      0.974951426188151,
      0.9686800638834635,
      0.9611256917317709,
      0.9519666035970052,
      0.9410209655761719,
      0.9282519022623698,
      0.9136238098144531,
      0.8974355061848959,
      0.8793767293294271,
      0.8589935302734375,
      0.8363609313964844,
      0.8117408752441406,
      0.7853673299153646,
      0.7574234008789062,
      0.7273635864257812,
      0.6949081420898438,
      0.6605656941731771,
      0.624518076578776,
      0.5873832702636719,
      0.549139658610026,
      0.5098342895507812,
      0.4704424540201823,
      0.4309069315592448,
      0.39187367757161456,
      0.3536020914713542,
      0.3167381286621094,
      0.2815386454264323,
      0.2477696736653646,
      0.216461181640625,
      0.18741353352864584,
      0.1603062947591146,
      0.1356379191080729,
      0.11385091145833333,
      0.0944671630859375,
      0.0776532491048177,
      0.06305567423502605,
      0.050577799479166664,
      0.040011088053385414,
      0.0315093994140625,
      0.024386088053385418,
      0.018660227457682293,
      0.014329274495442709,
      0.010798136393229166,
      0.008054097493489584,
      0.005925496419270833,
      0.004286448160807292,
      0.0030377705891927085,
      0.0021222432454427085,
      0.00146484375,
      0.000946044921875,
      0.0006383260091145834
    ],
    "v1_curve": [
      4.355865183488076,
      6.347173512855341,
      7.92081717954612,
      9.974938847831568,
      13.123872184190057,
      18.468845908764703,
      22.75593751006825,
      29.27262696319437,
      37.696013871398385,
      47.69056873922517,
      57.255451810198736,
      68.42733088921945,
      84.57298621988468,
      99.10287872667965,
      117.93455947575197,
      136.92104029762004,
      155.6729911887954,
      167.605039434914,
      196.6559412825954,
      220.36642255306452,
      234.83629453245072,
      250.67121520237188,
      267.2907362907414,
      282.51250986791274,
      300.8467426424482,
      306.01486073121197,
      327.4425478260602,
      335.24335584600334,
      337.0335675916506,
      348.32847980707356,
      342.1171274586391,
      344.21508896926866,
      334.24671881118036,
      324.37119586483817,
      308.9274193168113,
      296.8857770449429,
      277.31507684794656,
      261.2836983270904,
      241.01150497470903,
      218.03264755784707,
      201.31831700509906,
      175.4045793262508,
      155.61411247199362,
      136.192327106632,
      116.72233723295017,
      99.75639157936803,
      84.17879178314892,
      70.31885631722392,
      56.64324580881638,
      46.095803805518024,
      36.54279609529367,
      29.364456426562274,
      23.251006003950536,
      17.20680539250952,
      13.877500482862867,
      10.307865828702923,
      7.397166574824572,
      5.593325846055301,
      4.105333263998693,
      2.814629260459927,
      1.9276948363313904
    ]
  },
  "p_high": 0.49325337331334335,
  "p_high_mf": 0.7251374312843578,
  "p_low": 0.5072463768115942,
  "p_low_mf": 0.2753623188405797,
  "p_two_sided": 0.9865067466266867,
  "p_two_sided_mf": 0.5507246376811594,
  "provenance": {
    "dat_url": "GAUSSIAN_CONTROL_FROM: https://github.com/gradient-pulse/phi-mesh/releases/download/data-2026-02-15-planck-lensing-R3/planck_pr3_lensing_mv_dat_klm.fits",
    "mf_url": "GAUSSIAN_CONTROL_MF_ZERO_FROM: https://github.com/gradient-pulse/phi-mesh/releases/download/data-2026-02-15-planck-lensing-R3/planck_pr3_lensing_mv_mf_klm.fits"
  },
  "seed": 731,
  "surrogate": {
    "D0_mean": 0.00946339690244953,
    "D0_std": 0.005717449931036363,
    "D1_mean": 16.313491310420265,
    "D1_std": 7.56646194492276,
    "D_mf_mean": 16.3134942621986,
    "D_mf_std": 7.566463658676513,
    "v0_mean_curve": [
      0.9985751215616862,
      0.9980270500183095,
      0.9972970581054675,
      0.9963318449656182,
      0.9950734990437824,
      0.9934480330149336,
      0.9913714675903326,
      0.9887437121073397,
      0.9854506130218512,
      0.981366317113241,
      0.9763566691080745,
      0.9702614618937169,
      0.9629354400634761,
      0.9542023804982508,
      0.9438925431569402,
      0.9318447545369472,
      0.917890775680543,
      0.9018815600077306,
      0.8836986382802313,
      0.863245491027831,
      0.8404537728627522,
      0.8153036371866861,
      0.7878243134816506,
      0.7580824406941714,
      0.7262070636749269,
      0.6923551286061619,
      0.6567523511250808,
      0.6196500358581538,
      0.5813965702056879,
      0.5422956549326585,
      0.5027222264607741,
      0.4630655829111732,
      0.42370993868509915,
      0.3850422515869141,
      0.3474232559204095,
      0.3111792964935302,
      0.2766166197458906,
      0.24399622154235867,
      0.21351173845926918,
      0.18530665651957212,
      0.15947961298624647,
      0.13606431643168118,
      0.11507540702819843,
      0.09644475809733076,
      0.08008487510681164,
      0.06588650639851895,
      0.05368957964579272,
      0.043328964233398555,
      0.03461638259887698,
      0.02737755139668781,
      0.021432110468546574,
      0.016603858947753913,
      0.012730105717976873,
      0.00965616035461428,
      0.007244459152221678,
      0.005374227523803696,
      0.0039420255025227864,
      0.0028574097951253236,
      0.002046163558959962,
      0.0014483203887939431,
      0.0010143610636393233
    ],