{
  "diagnostics": {
    "excess_kurt_x_obs": -0.006951748280992209,
    "imag_frac_nonzero_eps1e-12": 0.9937888198757764,
    "imag_max_abs": 0.022123463847633206,
    "skew_x_obs": 0.018195556996363937,
    "v1_delta_bandwidth_dnu": 0.10000000000000009,
    "v1_symmetry_corr": 0.9995521582099316,
    "verify_l2_from_curves": {
      "D0_match": true,
      "D0_recomputed": 0.0015139813589486778,
      "D0_reported": 0.0015139813589486778,
      "D1_match": true,
      "D1_recomputed": 22.218304373555583,
      "D1_reported": 22.218304373555583,
      "tol_abs": 1e-12,
      "tol_rel": 1e-10,
      "verify_dnu": 0.10000000000000009
    }
  },
  "hint": "This script compares observed morphology against phase-randomized surrogates that preserve |a_lm|. V0(nu) is excursion-set area fraction; V1(nu) is a perimeter proxy estimated from |\u2207x| in a nu-band. Distances D0 and D1 are L2 distances (sqrt(sum((a-b)^2)*dnu)) to surrogate-mean curves. D_mf combines them as sqrt(D0^2 + D1^2). Z_mf is the scale-free combined z-distance.",
  "kind": "planck_pr3_lensing_phi_topology_mf_v0_v1",
  "lmax": 320,
  "metric": "Minkowski-style morphology: V0(area) + V1(perimeter proxy) vs phase-random surrogates",
  "n_sims": 2000,
  "nside": 256,
  "observed": {
    "D0_L2": 0.0015139813589486778,
    "D0_sum_sq_legacy": 2.292139555244083e-05,
    "D1_L2": 22.218304373555583,
    "D1_sum_sq_legacy": 4936.530492359588,
    "D_mf": 22.218304425137816,
    "Z0": 0.2915658812816525,
    "Z1": 0.5935144150306648,
    "Z_mf": 0.6612639593813796,
    "map_mean": 6.748844109602525e-08,
    "map_std": 0.061524947988142065,
    "v0_curve": [
      0.9987042744954427,
      0.9982147216796875,
      0.9975674947102865,
      0.9967575073242188,
      0.995642344156901,
      0.9941279093424479,
      0.9921951293945312,
      0.9897562662760416,
      0.986602783203125,
      0.9827868143717448,
      0.9779459635416666,
      0.9720649719238281,
      0.964898427327474,
      0.9563318888346354,
      0.9461962381998698,
      0.9341023763020834,
      0.9199905395507812,
      0.9038251241048177,
      0.8851458231608073,
      0.8644269307454427,
      0.841162363688151,
      0.8154284159342448,
      0.7877693176269531,
      0.7573509216308594,
      0.7247479756673177,
      0.6903394063313802,
      0.6540095011393229,
      0.6164385477701823,
      0.5775922139485677,
      0.5381151835123698,
      0.4983024597167969,
      0.4585685729980469,
      0.4190025329589844,
      0.3804283142089844,
      0.34328333536783856,
      0.30770619710286456,
      0.27360280354817706,
      0.2415440877278646,
      0.21191279093424478,
      0.1844914754231771,
      0.15942001342773438,
      0.13660558064778647,
      0.11612574259440105,
      0.097747802734375,
      0.08149337768554688,
      0.06751124064127605,
      0.05551910400390625,
      0.045239766438802086,
      0.03666051228841146,
      0.029318491617838543,
      0.0232086181640625,
      0.018222808837890625,
      0.01422119140625,
      0.010987599690755209,
      0.008443196614583334,
      0.006390889485677083,
      0.0048065185546875,
      0.00360870361328125,
      0.0026448567708333335,
      0.0019238789876302083,
      0.00138092041015625
    ],
    "v1_curve": [
      14.51264373607372,
      16.71799836688541,
      21.453165669339075,
      29.442158368087746,
      39.429326414643754,
      52.867993987804994,
      66.49994641650399,
      86.08192420568183,
      106.53662705299385,
      136.2512138103541,
      166.85897111494864,
      200.92226773154405,
      247.70043507923288,
      303.9888213426906,
      361.2410403543959,
      413.72659810073765,
      481.26752987796857,
      546.7468138581277,
      624.3407053855764,
      702.4345319822961,
      785.511004391702,
      885.1649169919606,
      925.9308376519543,
      1004.3385827033424,
      1094.9804123162965,
      1122.4290991794644,
      1168.6162833470175,
      1225.1699889125782,
      1262.2537007457938,
      1292.511783366754,
      1262.3474002198764,
      1280.9477833957287,
      1264.162085131704,
      1206.6638224613705,
      1165.467667444158,
      1118.3943594922246,
      1042.0124665472615,
      990.185843240126,
      904.0810226122085,
      835.3768397686613,
      752.1761380356153,
      694.2335589832905,
      613.6701018381689,
      562.9417871252882,
      468.5074812276735,
      404.1944826245195,
      350.8383393218857,
      291.0376712201468,
      251.70423448207254,
      206.07143372417025,
      171.48154867704963,
      141.1205564675323,
      110.33852360927295,
      94.11478948117288,
      72.37112337421233,
      58.211357468979536,
      40.977434460109464,
      35.06670519628056,
      27.48047849100757,
      18.456608194091647,
      15.274238133889808
    ]
  },
  "p_high": 0.3103448275862069,
  "p_high_mf": 0.26486756621689156,
  "p_low": 0.6901549225387307,
  "p_low_mf": 0.735632183908046,
  "p_two_sided": 0.6206896551724138,
  "p_two_sided_mf": 0.5297351324337831,
  "provenance": {
    "dat_url": "GAUSSIAN_CONTROL_FROM: https://github.com/gradient-pulse/phi-mesh/releases/download/data-2026-02-15-planck-lensing-R3/planck_pr3_lensing_mv_dat_klm.fits",
    "mf_url": "GAUSSIAN_CONTROL_MF_ZERO_FROM: https://github.com/gradient-pulse/phi-mesh/releases/download/data-2026-02-15-planck-lensing-R3/planck_pr3_lensing_mv_mf_klm.fits"
  },
  "seed": 731,
  "surrogate": {
    "D0_mean": 0.00130687068406633,
    "D0_std": 0.0007103392000872661,
    "D1_mean": 20.53721057509479,
    "D1_std": 2.8324397114667166,
    "D_mf_mean": 20.537210626802896,
    "D_mf_std": 2.832439727072391,
    "v0_mean_curve": [
      0.9986970882415767,
      0.9981917088826496,
      0.9975138537089041,
      0.9966163444519042,
      0.9954381764729828,
      0.9939067668914786,
      0.9919362163543703,
      0.9894288228352871,
      0.9862642072041815,
      0.9823140741984054,
      0.9774395281473814,
      0.9714824752807624,
      0.9642724393208797,
      0.9556350625356018,
      0.9453870550791422,
      0.9333638432820637,
      0.9193872744242358,
      0.9033092861175549,
      0.884990307490031,
      0.8643423671722407,
      0.8412974662780756,
      0.8158256149291988,
      0.7879656791687011,
      0.7578022136688238,
      0.7254516143798835,
      0.6911170838673903,
      0.6550351003011071,
      0.6174811515808099,
      0.5788062788645427,
      0.5393583431243899,
      0.4995370966593421,
      0.4597303918202712,
      0.4203264605204273,
      0.3817139161427813,
      0.3442630106608072,
      0.30828314717610683,
      0.2740701351165769,
      0.24185010528564468,
      0.21180582237243661,
      0.1840747661590574,
      0.15873271433512387,
      0.13578604062398272,
      0.11522800000508623,
      0.09698944218953445,
      0.08096018155415856,
      0.0670207951863607,
      0.05501374626159667,
      0.04477205340067545,
      0.03612922541300456,
      0.028903238932291683,
      0.02291829490661623,
      0.01801306533813477,
      0.01403212292989096,
      0.010836867650349923,
      0.008294382095336903,
      0.006290249506632484,
      0.004727503458658848,
      0.0035211842854817746,
      0.0025989259084065745,
      0.0018996969858805321,
      0.0013763389587402332
    ],