{
  "diagnostics": {
    "excess_kurt_x_obs": -0.021670668938160276,
    "imag_frac_nonzero_eps1e-12": 0.9922480620155039,
    "imag_max_abs": 0.01866783214212722,
    "skew_x_obs": -0.04917673261846969,
    "v1_delta_bandwidth_dnu": 0.10000000000000009,
    "v1_symmetry_corr": 0.9933394679123064,
    "verify_l2_from_curves": {
      "D0_match": true,
      "D0_recomputed": 0.0024574187144910226,
      "D0_reported": 0.0024574187144910226,
      "D1_match": true,
      "D1_recomputed": 16.193227458707856,
      "D1_reported": 16.193227458707856,
      "tol_abs": 1e-12,
      "tol_rel": 1e-10,
      "verify_dnu": 0.10000000000000009
    }
  },
  "hint": "This script compares observed morphology against phase-randomized surrogates that preserve |a_lm|. V0(nu) is excursion-set area fraction; V1(nu) is a perimeter proxy estimated from |\u2207x| in a nu-band. Distances D0 and D1 are L2 distances (sqrt(sum((a-b)^2)*dnu)) to surrogate-mean curves. D_mf combines them as sqrt(D0^2 + D1^2). Z_mf is the scale-free combined z-distance.",
  "kind": "planck_pr3_lensing_phi_topology_mf_v0_v1",
  "lmax": 256,
  "metric": "Minkowski-style morphology: V0(area) + V1(perimeter proxy) vs phase-random surrogates",
  "n_sims": 2000,
  "nside": 256,
  "observed": {
    "D0_L2": 0.0024574187144910226,
    "D0_sum_sq_legacy": 6.038906738330705e-05,
    "D1_L2": 16.193227458707856,
    "D1_sum_sq_legacy": 2622.2061552944992,
    "D_mf": 16.193227645171817,
    "Z0": -0.11566346702192591,
    "Z1": -0.3017824169205276,
    "Z_mf": 0.32318828067540956,
    "map_mean": -5.4075928971787875e-08,
    "map_std": 0.04985534723095024,
    "v0_curve": [
      0.998504638671875,
      0.9979426066080729,
      0.9971834818522135,
      0.9961840311686198,
      0.9948170979817709,
      0.9930686950683594,
      0.9909566243489584,
      0.9882418314615885,
      0.984832763671875,
      0.9805742899576823,
      0.975470225016276,
      0.9693196614583334,
      0.9620488484700521,
      0.9533983866373698,
      0.9431686401367188,
      0.9312973022460938,
      0.9177093505859375,
      0.9020462036132812,
      0.8841031392415365,
      0.8639869689941406,
      0.8413060506184896,
      0.8163935343424479,
      0.7890981038411459,
      0.7594006856282552,
      0.727820078531901,
      0.6940116882324219,
      0.658257802327474,
      0.6207529703776041,
      0.5820439656575521,
      0.5427513122558594,
      0.5028889973958334,
      0.46272913614908856,
      0.42349878946940106,
      0.3848381042480469,
      0.3472913106282552,
      0.31126658121744794,
      0.27691650390625,
      0.24444580078125,
      0.21357599894205728,
      0.18520482381184897,
      0.15917841593424478,
      0.13582229614257812,
      0.1145617167154948,
      0.09567006429036458,
      0.07926177978515625,
      0.06509780883789062,
      0.05310948689778646,
      0.04282251993815104,
      0.03419367472330729,
      0.027001698811848957,
      0.02127838134765625,
      0.016611735026041668,
      0.012701670328776041,
      0.009588877360026041,
      0.007230122884114583,
      0.005396525065104167,
      0.003963470458984375,
      0.0028813680013020835,
      0.0020434061686197915,
      0.001468658447265625,
      0.0010312398274739583
    ],
    "v1_curve": [
      8.81444150965887,
      12.139439775427396,
      17.705282837095126,
      22.690202459945844,
      28.813672448250756,
      37.93151059536539,
      46.76193005591925,
      60.25828235453115,
      72.8170859241714,
      92.93042079390919,
      111.73793934555232,
      134.32998839668124,
      161.06370144176597,
      193.1704201249207,
      222.4293694198204,
      255.1810989606813,
      298.49472409873766,
      341.8726286476741,
      385.3461323202763,
      442.30643285828097,
      495.33766864081423,
      546.9129976431723,
      601.8179686594468,
      654.5896095987997,
      695.453135977104,
      755.4665618413974,
      792.0035685396527,
      836.6728803431826,
      874.6699348975206,
      876.5254940194837,
      909.1777921075694,
      921.8957917122844,
      906.2853716976397,
      906.806924717676,
      886.109859823011,
      860.620789080822,
      803.5709643766418,
      783.6180592062021,
      734.641228965291,
      687.485561420279,
      622.4019831757576,
      577.916540162866,
      514.2055137181856,
      458.9584392192567,
      413.3819273049589,
      346.7288394315419,
      309.08423366555627,
      268.30239105635206,
      230.35962331598284,
      178.9670047043314,
      152.71563516457223,
      119.54131551020886,
      113.2586984672114,
      79.26212449509902,
      64.58608668187675,
      51.632021139606486,
      40.330083786610494,
      49.72153426453613,
      27.193118278443496,
      19.262446910098863,
      13.821320382760062
    ]
  },
  "p_high": 0.45327336331834084,
  "p_high_mf": 0.5537231384307846,
  "p_low": 0.5472263868065967,
  "p_low_mf": 0.44677661169415295,
  "p_two_sided": 0.9065467266366817,
  "p_two_sided_mf": 0.8935532233883059,
  "provenance": {
    "dat_url": "GAUSSIAN_CONTROL_FROM: https://github.com/gradient-pulse/phi-mesh/releases/download/data-2026-02-15-planck-lensing-R3/planck_pr3_lensing_mv_dat_klm.fits",
    "mf_url": "GAUSSIAN_CONTROL_MF_ZERO_FROM: https://github.com/gradient-pulse/phi-mesh/releases/download/data-2026-02-15-planck-lensing-R3/planck_pr3_lensing_mv_mf_klm.fits"
  },
  "seed": 731,
  "surrogate": {
    "D0_mean": 0.0026445104828429606,
    "D0_std": 0.0016175528295072777,
    "D1_mean": 17.335466532822675,
    "D1_std": 3.7849755654108246,
    "D_mf_mean": 17.3354667731974,
    "D_mf_std": 3.784975733869807,
    "v0_mean_curve": [
      0.998638517379761,
      0.9981107241312647,
      0.9974048315683998,
      0.9964698696136465,
      0.9952471663157136,
      0.993662217458091,
      0.991628419876098,
      0.9890468966166179,
      0.9858028068542484,
      0.9817656548817972,
      0.9767967141469309,
      0.9707466748555493,
      0.9634383843739813,
      0.9547150115966817,
      0.944400602340699,
      0.9323240750630691,
      0.9183308067321775,
      0.9022732315063474,
      0.8840224418640139,
      0.8634836463928235,
      0.8405934810638443,
      0.8153309523264546,
      0.7877305749257398,
      0.757844872156778,
      0.7258103733062742,
      0.691807123819987,
      0.6560609626770009,
      0.6188415514628095,
      0.5804633420308438,
      0.5412790482838952,
      0.5016505292256674,
      0.46196328798929953,
      0.4226203384399405,
      0.3839894975026445,
      0.34642402903238895,
      0.31027305666605665,
      0.27583106994628864,
      0.24333224105834958,
      0.21297631835937525,
      0.18492641512552882,
      0.15924752298990905,
      0.13599258677164724,
      0.11514050547281884,
      0.09664082018534347,
      0.08039754803975419,
      0.06627970949808755,
      0.05414711634318031,
      0.04382284355163573,
      0.0351331958770752,
      0.027902889887491882,
      0.021942569096883174,
      0.0170915126800537,
      0.01318135197957355,
      0.010065248489379893,
      0.007608908335367835,
      0.005691991170247395,
      0.004214668909708657,
      0.0030899079640706434,
      0.0022412974039713583,
      0.0016075083414713567,
      0.0011416517893473315
    ],