{
  "diagnostics": {
    "excess_kurt_x_obs": -0.004974618043288359,
    "imag_frac_nonzero_eps1e-12": 0.9922480620155039,
    "imag_max_abs": 0.040276089728551026,
    "skew_x_obs": 0.022376022341326258,
    "v1_delta_bandwidth_dnu": 0.10000000000000009,
    "v1_symmetry_corr": 0.9992535477720741,
    "verify_l2_from_curves": {
      "D0_match": true,
      "D0_recomputed": 0.0012289106222104205,
      "D0_reported": 0.0012289106222104205,
      "D1_match": true,
      "D1_recomputed": 30.5555944389646,
      "D1_reported": 30.5555944389646,
      "tol_abs": 1e-12,
      "tol_rel": 1e-10,
      "verify_dnu": 0.10000000000000009
    }
  },
  "hint": "This script compares observed morphology against phase-randomized surrogates that preserve |a_lm|. V0(nu) is excursion-set area fraction; V1(nu) is a perimeter proxy estimated from |\u2207x| in a nu-band. Distances D0 and D1 are L2 distances (sqrt(sum((a-b)^2)*dnu)) to surrogate-mean curves. D_mf combines them as sqrt(D0^2 + D1^2). Z_mf is the scale-free combined z-distance.",
  "kind": "planck_pr3_lensing_phi_topology_mf_v0_v1",
  "lmax": 256,
  "metric": "Minkowski-style morphology: V0(area) + V1(perimeter proxy) vs phase-random surrogates",
  "n_sims": 2000,
  "nside": 256,
  "observed": {
    "D0_L2": 0.0012289106222104205,
    "D0_sum_sq_legacy": 1.5102213173816016e-05,
    "D1_L2": 30.5555944389646,
    "D1_sum_sq_legacy": 9336.443515184837,
    "D_mf": 30.55559446367728,
    "Z0": -0.8768772855671929,
    "Z1": 2.374876464260855,
    "Z_mf": 2.531590803120407,
    "map_mean": -1.6676234968013987e-08,
    "map_std": 0.04873301056364049,
    "v0_curve": [
      0.9987538655598959,
      0.998315175374349,
      0.997674306233724,
      0.9968439737955729,
      0.9957249959309896,
      0.9943122863769531,
      0.9923820495605469,
      0.9899648030598959,
      0.9868850708007812,
      0.982855478922526,
      0.9779535929361979,
      0.9719721476236979,
      0.964684804280599,
      0.9561208089192709,
      0.9458045959472656,
      0.9338722229003906,
      0.9199396769205729,
      0.9036229451497396,
      0.8851051330566406,
      0.8644142150878906,
      0.8410987854003906,
      0.8154284159342448,
      0.7875963846842448,
      0.7570444742838541,
      0.724603017171224,
      0.6902478535970052,
      0.653954823811849,
      0.6165440877278646,
      0.5776354471842448,
      0.5380032857259115,
      0.4982554117838542,
      0.4584617614746094,
      0.41921361287434894,
      0.3807182312011719,
      0.3433367411295573,
      0.3078358968098958,
      0.27377065022786456,
      0.2420221964518229,
      0.2120997111002604,
      0.18436559041341147,
      0.15891647338867188,
      0.13601303100585938,
      0.11531956990559895,
      0.0974744160970052,
      0.08146031697591145,
      0.06750742594401042,
      0.05535761515299479,
      0.045008341471354164,
      0.036465962727864586,
      0.0292510986328125,
      0.0232391357421875,
      0.018300374348958332,
      0.014311472574869791,
      0.011080423990885416,
      0.008534749348958334,
      0.006543477376302083,
      0.004970550537109375,
      0.00371551513671875,
      0.0027949015299479165,
      0.0020345052083333335,
      0.0014801025390625
    ],
    "v1_curve": [
      9.431297464679524,
      13.810155043878815,
      17.99330429656122,
      23.298174586468548,
      30.453794458616724,
      39.84880343704832,
      51.324269051225265,
      67.12641712902379,
      84.85549547468653,
      103.30638903818397,
      125.53316415366614,
      156.50900909008033,
      186.2566032798582,
      226.28720689949697,
      260.4783032703322,
      299.394060749354,
      356.0933995188837,
      409.3913137151728,
      464.8624700886505,
      506.990959930055,
      576.2233491340781,
      618.3510465989837,
      675.3912420615317,
      729.9028062362962,
      787.2318173363493,
      833.7069247260384,
      861.4159169090249,
      886.6541509790521,
      903.9436815867775,
      928.7559398426383,
      924.6403019904764,
      938.7639742957127,
      929.0349355926649,
      882.615127523177,
      855.9952799968523,
      809.8357888171582,
      788.235211159432,
      742.1894171455773,
      698.4314575826388,
      660.151652096839,
      597.9142777521423,
      541.0666937524579,
      481.39791760131396,
      416.69939138350304,
      378.47544872978403,
      328.1762261284243,
      286.09325052715064,
      247.0109538707649,
      208.53518388459855,
      172.2107769211887,
      145.17877837360663,
      117.23624425050488,
      98.98203799097102,
      81.00588872641853,
      63.377083972348565,
      53.72201222379243,
      39.20198868898669,
      30.687862331989685,
      25.124874462098017,
      18.17548524688775,
      14.665960892536354
    ]
  },
  "p_high": 0.7926036981509246,
  "p_high_mf": 0.025987006496751622,
  "p_low": 0.20789605197401298,
  "p_low_mf": 0.974512743628186,
  "p_two_sided": 0.41579210394802596,
  "p_two_sided_mf": 0.051974012993503245,
  "provenance": {
    "dat_url": "GAUSSIAN_CONTROL_FROM: https://github.com/gradient-pulse/phi-mesh/releases/download/data-2026-02-15-planck-lensing-R3/planck_pr3_lensing_mv_dat_klm.fits",
    "mf_url": "GAUSSIAN_CONTROL_MF_ZERO_FROM: https://github.com/gradient-pulse/phi-mesh/releases/download/data-2026-02-15-planck-lensing-R3/planck_pr3_lensing_mv_mf_klm.fits"
  },
  "seed": 731,
  "surrogate": {
    "D0_mean": 0.002561405879670033,
    "D0_std": 0.001519591486051222,
    "D1_mean": 19.62336262510434,
    "D1_std": 4.6032844143170015,
    "D_mf_mean": 19.62336282489893,
    "D_mf_std": 4.6032845259801425,
    "v0_mean_curve": [
      0.9987263425191247,
      0.9982276484171544,
      0.997559025446576,
      0.9966685969034825,
      0.9954982134501139,
      0.9939712829589845,
      0.9920072994232193,
      0.9895045547485362,
      0.9863466402689605,
      0.982403139750163,
      0.9775276603698725,
      0.9715653190612784,
      0.9643437709808343,
      0.9556893939971919,
      0.9454269307454445,
      0.933378985087076,
      0.9193748830159507,
      0.9032736148834245,
      0.8849311714172368,
      0.8642500654856371,
      0.8411744817097987,
      0.8156712169647212,
      0.7877875582377122,
      0.7576054655710873,
      0.725239788691203,
      0.6909013525644941,
      0.6548088715871183,
      0.6172838293711328,
      0.5786317679087327,
      0.5392142143249519,
      0.4994180450439453,
      0.45964030202229794,
      0.42027341715494865,
      0.3816975739796956,
      0.34427166430155437,
      0.3083317286173503,
      0.2741436570485432,
      0.2419436264038087,
      0.21191445922851562,
      0.18419617652893033,
      0.15885179201761884,
      0.1359048411051433,
      0.11534605216979955,
      0.09709810638427732,
      0.0810636520385742,
      0.06710649617513036,
      0.055085268656412896,
      0.044835203806559344,
      0.036176228841145824,
      0.02893811416625975,
      0.02294130961100263,
      0.018028468449910504,
      0.014041688283284545,
      0.010836694081624342,
      0.008289300918579115,
      0.0062833690643310566,
      0.004719483057657869,
      0.0035117670694986957,
      0.002588193893432618,
      0.00188921292622884,
      0.00136618423461914
    ],