{
  "diagnostics": {
    "excess_kurt_x_obs": -0.19508276642964795,
    "imag_frac_nonzero_eps1e-12": 0.9896907216494846,
    "imag_max_abs": 0.028111928932682453,
    "skew_x_obs": 0.0099410872439649,
    "v1_delta_bandwidth_dnu": 0.10000000000000009,
    "v1_symmetry_corr": 0.9931788403108268,
    "verify_l2_from_curves": {
      "D0_match": true,
      "D0_recomputed": 0.004174053190113803,
      "D0_reported": 0.004174053190113803,
      "D1_match": true,
      "D1_recomputed": 13.125350717974941,
      "D1_reported": 13.125350717974941,
      "tol_abs": 1e-12,
      "tol_rel": 1e-10,
      "verify_dnu": 0.10000000000000009
    }
  },
  "hint": "This script compares observed morphology against phase-randomized surrogates that preserve |a_lm|. V0(nu) is excursion-set area fraction; V1(nu) is a perimeter proxy estimated from |\u2207x| in a nu-band. Distances D0 and D1 are L2 distances (sqrt(sum((a-b)^2)*dnu)) to surrogate-mean curves. D_mf combines them as sqrt(D0^2 + D1^2). Z_mf is the scale-free combined z-distance.",
  "kind": "planck_pr3_lensing_phi_topology_mf_v0_v1",
  "lmax": 192,
  "metric": "Minkowski-style morphology: V0(area) + V1(perimeter proxy) vs phase-random surrogates",
  "n_sims": 2000,
  "nside": 256,
  "observed": {
    "D0_L2": 0.004174053190113803,
    "D0_sum_sq_legacy": 0.00017422720033899198,
    "D1_L2": 13.125350717974941,
    "D1_sum_sq_legacy": 1722.7483146984512,
    "D_mf": 13.125351381679858,
    "Z0": -0.743886845904843,
    "Z1": -1.1113651763414991,
    "Z_mf": 1.3373481950093726,
    "map_mean": 5.212586809808598e-08,
    "map_std": 0.043237355591769826,
    "v0_curve": [
      0.9993718465169271,
      0.9990107218424479,
      0.9984486897786459,
      0.9976679484049479,
      0.9966405232747396,
      0.9951794942220052,
      0.9932212829589844,
      0.9907417297363281,
      0.987463633219401,
      0.9836845397949219,
      0.9788564046223959,
      0.9727745056152344,
      0.9653269449869791,
      0.95648193359375,
      0.9458440144856771,
      0.9334157307942709,
      0.9185066223144531,
      0.9017079671223959,
      0.8824437459309896,
      0.8605422973632812,
      0.8363482157389323,
      0.80987548828125,
      0.7810389200846354,
      0.7505938212076823,
      0.7185198465983073,
      0.6848119099934896,
      0.6501363118489584,
      0.6138890584309896,
      0.5765914916992188,
      0.5383440653483073,
      0.4998626708984375,
      0.4615516662597656,
      0.4234428405761719,
      0.38586680094401044,
      0.3493207295735677,
      0.3138313293457031,
      0.28006744384765625,
      0.24763107299804688,
      0.21698506673177084,
      0.18870671590169272,
      0.16288121541341147,
      0.13933944702148438,
      0.11811192830403645,
      0.09879175821940105,
      0.08221054077148438,
      0.06775538126627605,
      0.055005391438802086,
      0.044347127278645836,
      0.035326639811197914,
      0.027884165445963543,
      0.02182769775390625,
      0.016913096110026043,
      0.012900034586588541,
      0.009672800699869791,
      0.007047017415364583,
      0.005125681559244792,
      0.0036519368489583335,
      0.0025494893391927085,
      0.00173187255859375,
      0.0011647542317708333,
      0.0007794698079427084
    ],
    "v1_curve": [
      4.282341909794255,
      6.467364663906842,
      10.15709800564486,
      14.249028841026748,
      21.907906712684706,
      27.591044088469573,
      36.56576755039627,
      48.56618054933684,
      57.74801397933789,
      74.38583328417178,
      101.03785506485006,
      109.23351189886934,
      141.6913811283646,
      162.75280049940233,
      191.29057273038893,
      232.21775988808548,
      260.45930779138246,
      297.509535278578,
      321.8536058737371,
      359.3741507960383,
      398.0061928592287,
      432.21487925822527,
      454.7319313202321,
      481.75430578474044,
      498.36008634573733,
      509.62574981353015,
      529.8930968080437,
      538.8970317506569,
      552.294023941571,
      545.3256843981345,
      540.6824671888521,
      532.4043453148789,
      516.7978351929313,
      503.94496688936624,
      485.7723490741985,
      465.252945558769,
      436.6559078920216,
      413.14948910431553,
      377.83750271385935,
      345.158968771211,
      316.50453185536855,
      280.06980036509987,
      255.22303326210812,
      224.3806761807725,
      188.64676844500642,
      166.7911890303549,
      144.04657714919875,
      117.941914343123,
      99.1330146203672,
      80.33366288110145,
      65.64372519594379,
      52.67372850040261,
      42.22219958540818,
      34.21332383396724,
      25.549751979537415,
      19.104151844726662,
      13.950652681210512,
      10.625849206502545,
      7.898909851973371,
      5.4409349409141665,
      3.643509269430936
    ]
  },
  "p_high": 0.751624187906047,
  "p_high_mf": 0.904047976011994,
  "p_low": 0.24887556221889057,
  "p_low_mf": 0.09645177411294353,
  "p_two_sided": 0.49775112443778113,
  "p_two_sided_mf": 0.19290354822588707,
  "provenance": {
    "dat_url": "GAUSSIAN_CONTROL_FROM: https://github.com/gradient-pulse/phi-mesh/releases/download/data-2026-02-15-planck-lensing-R3/planck_pr3_lensing_mv_dat_klm.fits",
    "mf_url": "GAUSSIAN_CONTROL_MF_ZERO_FROM: https://github.com/gradient-pulse/phi-mesh/releases/download/data-2026-02-15-planck-lensing-R3/planck_pr3_lensing_mv_mf_klm.fits"
  },
  "seed": 731,
  "surrogate": {
    "D0_mean": 0.007220371747500613,
    "D0_std": 0.004095137014664313,
    "D1_mean": 24.275494621407358,
    "D1_std": 10.032835417911468,
    "D_mf_mean": 24.27549582007189,
    "D_mf_std": 10.032835951386383,
    "v0_mean_curve": [
      0.9989569060007715,
      0.9985063044230145,
      0.9978858197530104,
      0.9970433870951333,
      0.9959150485992434,
      0.994424479166668,
      0.9924802525838211,
      0.9899748897552499,
      0.9867877464294444,
      0.9827823931376148,
      0.9778060868581148,
      0.9716977214813244,
      0.9642918275197335,
      0.955408538182578,
      0.9448774579366037,
      0.9325264918009442,
      0.9182007611592614,
      0.9017690518697098,
      0.8831127700805644,
      0.8621595122019453,
      0.8388726692199698,
      0.813240983963011,
      0.7853230234781888,
      0.7552101014455151,
      0.7230350793202717,
      0.6889971828460699,
      0.6533328475952149,
      0.6163204511006666,
      0.5782519143422451,
      0.5394645341237382,
      0.5003136940002442,
      0.46116028086344435,
      0.42234821128845207,
      0.38424267005920393,
      0.34717183176676414,
      0.311453694661458,
      0.2773503774007158,
      0.24509954134623227,
      0.21490469360351588,
      0.1868933010101316,
      0.16117409642537434,
      0.1378091983795167,
      0.11677655283610035,
      0.0980489444732666,
      0.08156190808614094,
      0.06719608497619635,
      0.05481379063924141,
      0.04426443799336758,
      0.035378272374471054,
      0.027976655960083002,
      0.02188222058614093,
      0.016927000681559258,
      0.012946404139200878,
      0.009792161305745447,
      0.0073209005991617835,
      0.005410024007161453,
      0.003949691136678058,
      0.0028497797648111924,
      0.0020309677124023436,
      0.0014289499918619753,
      0.0009924189249674495
    ],