{
  "diagnostics": {
    "excess_kurt_x_obs": 0.3713037311878331,
    "imag_frac_nonzero_eps1e-12": 0.9846153846153847,
    "imag_max_abs": 0.04494987708892596,
    "skew_x_obs": 0.49631640904520885,
    "v1_delta_bandwidth_dnu": 0.10000000000000009,
    "v1_symmetry_corr": 0.986534711144859,
    "verify_l2_from_curves": {
      "D0_match": true,
      "D0_recomputed": 0.03637887227792455,
      "D0_reported": 0.03637887227792455,
      "D1_match": true,
      "D1_recomputed": 41.98972634694134,
      "D1_reported": 41.98972634694134,
      "tol_abs": 1e-12,
      "tol_rel": 1e-10,
      "verify_dnu": 0.10000000000000009
    }
  },
  "hint": "This script compares observed morphology against phase-randomized surrogates that preserve |a_lm|. V0(nu) is excursion-set area fraction; V1(nu) is a perimeter proxy estimated from |\u2207x| in a nu-band. Distances D0 and D1 are L2 distances (sqrt(sum((a-b)^2)*dnu)) to surrogate-mean curves. D_mf combines them as sqrt(D0^2 + D1^2). Z_mf is the scale-free combined z-distance.",
  "kind": "planck_pr3_lensing_phi_topology_mf_v0_v1",
  "lmax": 128,
  "metric": "Minkowski-style morphology: V0(area) + V1(perimeter proxy) vs phase-random surrogates",
  "n_sims": 2000,
  "nside": 256,
  "observed": {
    "D0_L2": 0.03637887227792455,
    "D0_sum_sq_legacy": 0.013234223482135463,
    "D1_L2": 41.98972634694134,
    "D1_sum_sq_legacy": 17631.371186910183,
    "D_mf": 41.98974210582113,
    "Z0": 2.7922903637220413,
    "Z1": 2.931289234019497,
    "Z_mf": 4.048375235673391,
    "map_mean": 7.459906339937298e-09,
    "map_std": 0.033483321200272906,
    "v0_curve": [
      0.9997634887695312,
      0.9996744791666666,
      0.9995346069335938,
      0.9992993672688802,
      0.998925526936849,
      0.9983685811360677,
      0.9975878397623698,
      0.9964701334635416,
      0.9948145548502604,
      0.9924151102701823,
      0.9892489115397135,
      0.984991709391276,
      0.979468027750651,
      0.9723587036132812,
      0.9631017049153646,
      0.9515965779622396,
      0.9378013610839844,
      0.9211476643880209,
      0.9012273152669271,
      0.8780937194824219,
      0.8520901997884115,
      0.8229751586914062,
      0.7905604044596354,
      0.7550977071126302,
      0.7173487345377604,
      0.6767679850260416,
      0.6349945068359375,
      0.591925303141276,
      0.5483182271321615,
      0.5053456624348959,
      0.4629923502604167,
      0.42123158772786456,
      0.38121287027994794,
      0.34335072835286456,
      0.30777613321940106,
      0.2744547526041667,
      0.24425888061523438,
      0.21623865763346353,
      0.19195683797200522,
      0.16985448201497397,
      0.15027745564778647,
      0.13287734985351562,
      0.11725107828776042,
      0.10339864095052083,
      0.09141159057617188,
      0.08083724975585938,
      0.07137552897135417,
      0.06286239624023438,
      0.054967244466145836,
      0.047665913899739586,
      0.04114659627278646,
      0.03526941935221354,
      0.029736836751302082,
      0.02480316162109375,
      0.020481109619140625,
      0.016737620035807293,
      0.013329823811848959,
      0.010545094807942709,
      0.008275349934895834,
      0.00634765625,
      0.004773457845052083
    ],
    "v1_curve": [
      0.5937049993051097,
      0.8090882445262042,
      1.3484960299031126,
      1.8714003217875985,
      2.83495494906231,
      4.4898209548212895,
      6.522305673066269,
      9.070927914499286,
      13.824852151197936,
      18.24445069109043,
      25.017531092540786,
      34.524277516659886,
      43.0468939762501,
      57.41329741187563,
      73.0665712795228,
      90.49698898224368,
      115.74272025027145,
      135.95363424016028,
      163.60091944690265,
      186.90299068202418,
      210.35194990620403,
      241.2484259575654,
      263.2220296932663,
      290.6310520880254,
      310.5743154191839,
      329.6775846548412,
      340.08440757790424,
      355.51303824069043,
      354.37316540077416,
      355.6168675632046,
      354.3395508217986,
      346.1493997509525,
      335.26958875056675,
      312.6330448155899,
      299.6501970197269,
      270.2338831438451,
      258.6747482534175,
      220.6660842907431,
      199.9499819517751,
      177.42820609507226,
      157.77709428011366,
      137.57380882116766,
      120.90683591508642,
      103.11359949729707,
      88.41863861727533,
      77.12729028844274,
      68.38491000659525,
      59.913085386836585,
      54.24619915422953,
      48.14122461313776,
      42.82212779571813,
      37.904927772633975,
      35.00810594491101,
      29.74756922400624,
      26.18858043661408,
      23.1641242418366,
      18.993260964941665,
      16.308018250492335,
      13.187834108410751,
      10.515404664579137,
      9.057085208029093
    ]
  },
  "p_high": 0.005497251374312844,
  "p_high_mf": 0.004997501249375313,
  "p_low": 0.9950024987506247,
  "p_low_mf": 0.9955022488755623,
  "p_two_sided": 0.010994502748625687,
  "p_two_sided_mf": 0.009995002498750625,
  "provenance": {
    "dat_url": "GAUSSIAN_CONTROL_FROM: https://github.com/gradient-pulse/phi-mesh/releases/download/data-2026-02-15-planck-lensing-R3/planck_pr3_lensing_mv_dat_klm.fits",
    "mf_url": "GAUSSIAN_CONTROL_MF_ZERO_FROM: https://github.com/gradient-pulse/phi-mesh/releases/download/data-2026-02-15-planck-lensing-R3/planck_pr3_lensing_mv_mf_klm.fits"
  },
  "seed": 731,
  "surrogate": {
    "D0_mean": 0.01487716223467968,
    "D0_std": 0.007700384717362891,
    "D1_mean": 18.450705897491613,
    "D1_std": 8.030261966736088,
    "D_mf_mean": 18.45071211959361,
    "D_mf_std": 8.03026514330399,
    "v0_mean_curve": [
      0.9992580769856769,
      0.998908952077228,
      0.998416385014853,
      0.9977317148844417,
      0.9967953993479416,
      0.9955300979614254,
      0.9938475379943854,
      0.9916360225677502,
      0.9887717202504479,
      0.9851112378438317,
      0.9804964605967196,
      0.9747478485107415,
      0.9676775995890292,
      0.9590950444539409,
      0.9487994817097973,
      0.9366023597717281,
      0.9223131306966155,
      0.9057736555735276,
      0.8868477458953863,
      0.8654460665384939,
      0.8415239397684733,
      0.815070241292319,
      0.7861546033223478,
      0.7548893470764149,
      0.7214510402679446,
      0.6860544567108148,
      0.6490083827972408,
      0.6106416638692231,
      0.5713245321909594,
      0.5314475377400721,
      0.491433705012003,
      0.4517013174692788,
      0.41263512293497745,
      0.3746202348073327,
      0.33797289848327616,
      0.30298669306437165,
      0.2699090595245359,
      0.23891746711730974,
      0.21011833635965982,
      0.18360226186116516,
      0.15938375790913867,
      0.13744868596394855,
      0.11773823610941543,
      0.10016972605387366,
      0.08462310727437339,
      0.07096976153055817,
      0.05907884852091464,
      0.048797094345092724,
      0.039977973302205407,
      0.03248137601216631,
      0.026161460240681986,
      0.020882776896158847,
      0.016508482615152982,
      0.01292162259419758,
      0.01000913365681968,
      0.007668781916300469,
      0.005811649958292649,
      0.00435245323181152,
      0.0032216097513834657,
      0.002355693181355797,
      0.0017025680541992141
    ],