{
  "diagnostics": {
    "excess_kurt_x_obs": -0.03198723997507713,
    "imag_frac_nonzero_eps1e-12": 0.9937888198757764,
    "imag_max_abs": 0.029980455623306135,
    "skew_x_obs": 0.026170548585740194,
    "v1_delta_bandwidth_dnu": 0.10000000000000009,
    "v1_symmetry_corr": 0.9996295000467283,
    "verify_l2_from_curves": {
      "D0_match": true,
      "D0_recomputed": 0.00225167262055769,
      "D0_reported": 0.00225167262055769,
      "D1_match": true,
      "D1_recomputed": 23.339493015315984,
      "D1_reported": 23.339493015315984,
      "tol_abs": 1e-12,
      "tol_rel": 1e-10,
      "verify_dnu": 0.10000000000000009
    }
  },
  "hint": "This script compares observed morphology against phase-randomized surrogates that preserve |a_lm|. V0(nu) is excursion-set area fraction; V1(nu) is a perimeter proxy estimated from |\u2207x| in a nu-band. Distances D0 and D1 are L2 distances (sqrt(sum((a-b)^2)*dnu)) to surrogate-mean curves. D_mf combines them as sqrt(D0^2 + D1^2). Z_mf is the scale-free combined z-distance.",
  "kind": "planck_pr3_lensing_phi_topology_mf_v0_v1",
  "lmax": 320,
  "metric": "Minkowski-style morphology: V0(area) + V1(perimeter proxy) vs phase-random surrogates",
  "n_sims": 2000,
  "nside": 256,
  "observed": {
    "D0_L2": 0.00225167262055769,
    "D0_sum_sq_legacy": 5.07002959016913e-05,
    "D1_L2": 23.339493015315984,
    "D1_sum_sq_legacy": 5447.319342119831,
    "D_mf": 23.3394931239308,
    "Z0": -0.41707666762575685,
    "Z1": -0.167428008816963,
    "Z_mf": 0.4494275078521775,
    "map_mean": 2.344338216392003e-08,
    "map_std": 0.0644946965789515,
    "v0_curve": [
      0.9988276163736979,
      0.9983558654785156,
      0.9977696736653646,
      0.9969164530436198,
      0.9958051045735677,
      0.9942512512207031,
      0.9923820495605469,
      0.9899991353352865,
      0.9868431091308594,
      0.9829991658528646,
      0.9783210754394531,
      0.9724629720052084,
      0.9652493794759115,
      0.9565925598144531,
      0.9461237589518229,
      0.934118906656901,
      0.9199956258138021,
      0.9036102294921875,
      0.8849296569824219,
      0.8642654418945312,
      0.840857187906901,
      0.8151295979817709,
      0.7867940266927084,
      0.7561162312825521,
      0.7234319051106771,
      0.6891148885091146,
      0.6529668172200521,
      0.6150945027669271,
      0.576745351155599,
      0.5376103719075521,
      0.4980735778808594,
      0.45868810017903644,
      0.4194831848144531,
      0.3810323079427083,
      0.3436724344889323,
      0.30783335367838544,
      0.2739753723144531,
      0.24185053507486978,
      0.2120997111002604,
      0.18472162882486978,
      0.15961329142252603,
      0.13690312703450522,
      0.11638514200846355,
      0.09814198811848958,
      0.0821367899576823,
      0.06798044840494792,
      0.05583953857421875,
      0.04547119140625,
      0.03668085734049479,
      0.029385884602864582,
      0.023245493570963543,
      0.018278757731119793,
      0.014165242513020834,
      0.010962168375651041,
      0.00832366943359375,
      0.006345113118489583,
      0.004727681477864583,
      0.0035654703776041665,
      0.0026652018229166665,
      0.001918792724609375,
      0.001415252685546875
    ],
    "v1_curve": [
      11.645680647440425,
      14.37678913253677,
      21.41637154324557,
      26.240459797291013,
      37.52290747103408,
      49.95859735866507,
      61.82146549731633,
      78.08985078935767,
      99.08715985974806,
      120.89955176934501,
      155.6793538579148,
      192.1552627033692,
      229.5125457028404,
      284.3896087052399,
      320.4479528050005,
      388.3914134045844,
      443.0252400437576,
      523.0705957740726,
      583.4521172890713,
      654.9784796744802,
      731.1170183004781,
      811.4281658248785,
      889.2328399407227,
      971.2872836699843,
      1015.8891195811971,
      1067.8182065591348,
      1130.1382436528568,
      1155.752968381933,
      1202.042511072232,
      1211.7461073805052,
      1217.3993231745221,
      1221.3987546767057,
      1176.186912366834,
      1151.0610883779589,
      1109.305858832834,
      1065.317558518304,
      1026.4568533249628,
      950.5126425342235,
      898.7771729903909,
      805.7787263633289,
      749.5826843382456,
      667.5424398431176,
      597.2706448053864,
      535.2751208617788,
      469.23650123370254,
      409.763169592737,
      351.011273209594,
      307.35388130556726,
      249.0248486894778,
      209.12720923300532,
      174.32655416171613,
      140.8708948450386,
      110.51424837720785,
      95.6297554517197,
      71.70448091407594,
      57.26445916413473,
      44.788081431284766,
      32.38744955515443,
      25.43093542125893,
      19.785152791121586,
      13.520650476484867
    ]
  },
  "p_high": 0.5762118940529735,
  "p_high_mf": 0.49375312343828087,
  "p_low": 0.424287856071964,
  "p_low_mf": 0.5067466266866567,
  "p_two_sided": 0.848575712143928,
  "p_two_sided_mf": 0.9875062468765617,
  "provenance": {
    "dat_url": "GAUSSIAN_CONTROL_FROM: https://github.com/gradient-pulse/phi-mesh/releases/download/data-2026-02-15-planck-lensing-R3/planck_pr3_lensing_mv_dat_klm.fits",
    "mf_url": "GAUSSIAN_CONTROL_MF_ZERO_FROM: https://github.com/gradient-pulse/phi-mesh/releases/download/data-2026-02-15-planck-lensing-R3/planck_pr3_lensing_mv_mf_klm.fits"
  },
  "seed": 731,
  "surrogate": {
    "D0_mean": 0.0030130080127370932,
    "D0_std": 0.0018254087348337355,
    "D1_mean": 24.318519576865803,
    "D1_std": 5.847447917869696,
    "D_mf_mean": 24.3185197929449,
    "D_mf_std": 5.8474480803483235,
    "v0_mean_curve": [
      0.9987436536153167,
      0.9982472070058201,
      0.9975789852142323,
      0.9966895058949786,
      0.9955175170898438,
      0.9939889335632313,
      0.9920164756774907,
      0.9895009651184092,
      0.9863293781280511,
      0.9823696416219071,
      0.977471801757812,
      0.9714791539510098,
      0.9642279669443753,
      0.9555460255940753,
      0.945247041066487,
      0.9331642316182455,
      0.9191297410329191,
      0.9029911677042628,
      0.8846183516184506,
      0.863929367701212,
      0.8408486836751319,
      0.8153704140981034,
      0.7875169340769457,
      0.7573694070180248,
      0.7250656197865781,
      0.6908003158569335,
      0.654791833877563,
      0.6173393656412758,
      0.5787683912913005,
      0.5394476451873775,
      0.499745414098103,
      0.46004795773824053,
      0.4207596956888836,
      0.38223954645792574,
      0.34484541066487673,
      0.30890547879536945,
      0.2746921609242764,
      0.24245313262939447,
      0.21236447525024424,
      0.18457703336079934,
      0.15916333452860534,
      0.13613632265726744,
      0.11549201838175444,
      0.09717049853007015,
      0.08106130218505865,
      0.06704487164815254,
      0.05497039540608726,
      0.04467493883768728,
      0.03598393503824872,
      0.028724440256754552,
      0.022720408121744775,
      0.017805194218953505,
      0.013824138641357418,
      0.010634019851684582,
      0.008101395289103164,
      0.006113580067952473,
      0.004570668538411453,
      0.0033826700846354167,
      0.002479157765706376,
      0.0017984129587809226,
      0.0012920932769775386
    ],