{
  "diagnostics": {
    "excess_kurt_x_obs": -0.10138339605739688,
    "imag_frac_nonzero_eps1e-12": 0.9922480620155039,
    "imag_max_abs": 0.0050463026842661445,
    "skew_x_obs": 0.6147597297950048,
    "v1_delta_bandwidth_dnu": 0.10000000000000009,
    "v1_symmetry_corr": 0.9462372685430928,
    "verify_l2_from_curves": {
      "D0_match": true,
      "D0_recomputed": 0.10783411969661158,
      "D0_reported": 0.10783411969661158,
      "D1_match": true,
      "D1_recomputed": 198.3168987355055,
      "D1_reported": 198.3168987355055,
      "tol_abs": 1e-12,
      "tol_rel": 1e-10,
      "verify_dnu": 0.10000000000000009
    }
  },
  "hint": "This script compares observed morphology against phase-randomized surrogates that preserve |a_lm|. V0(nu) is excursion-set area fraction; V1(nu) is a perimeter proxy estimated from |\u2207x| in a nu-band. Distances D0 and D1 are L2 distances (sqrt(sum((a-b)^2)*dnu)) to surrogate-mean curves. D_mf combines them as sqrt(D0^2 + D1^2). Z_mf is the scale-free combined z-distance.",
  "kind": "planck_pr3_lensing_phi_topology_mf_v0_v1",
  "lmax": 256,
  "metric": "Minkowski-style morphology: V0(area) + V1(perimeter proxy) vs phase-random surrogates",
  "n_sims": 2000,
  "nside": 256,
  "observed": {
    "D0_L2": 0.10783411969661158,
    "D0_sum_sq_legacy": 0.11628197370743144,
    "D1_L2": 198.3168987355055,
    "D1_sum_sq_legacy": 393295.9232406871,
    "D_mf": 198.31692805271595,
    "Z0": 188.07441952946053,
    "Z1": 85.69757411751195,
    "Z_mf": 206.67864304511477,
    "map_mean": 3.564947803682642e-08,
    "map_std": 0.04985962839451119,
    "v0_curve": [
      0.9996757507324219,
      0.9995460510253906,
      0.9993883768717448,
      0.9991722106933594,
      0.9988581339518229,
      0.9984779357910156,
      0.9979235331217448,
      0.9971593221028646,
      0.9961865743001302,
      0.9949518839518229,
      0.9933662414550781,
      0.9913431803385416,
      0.9887542724609375,
      0.9855232238769531,
      0.9815025329589844,
      0.9763755798339844,
      0.9701131184895834,
      0.9625193277994791,
      0.9530029296875,
      0.9400787353515625,
      0.9167900085449219,
      0.8571955362955729,
      0.7515029907226562,
      0.6532300313313802,
      0.5963490804036459,
      0.5650253295898438,
      0.5406595865885416,
      0.5172284444173177,
      0.49313990275065106,
      0.4679908752441406,
      0.4425201416015625,
      0.41620508829752606,
      0.3894666035970052,
      0.3619537353515625,
      0.33424123128255206,
      0.30705515543619794,
      0.28026580810546875,
      0.2541847229003906,
      0.22872416178385416,
      0.2043635050455729,
      0.18114852905273438,
      0.159332275390625,
      0.13883463541666666,
      0.12044906616210938,
      0.1036542256673177,
      0.0883941650390625,
      0.0747693379720052,
      0.06263987223307292,
      0.05242029825846354,
      0.043230692545572914,
      0.03555933634440104,
      0.029066721598307293,
      0.023508707682291668,
      0.018816630045572918,
      0.015033721923828125,
      0.011870066324869791,
      0.009278615315755209,
      0.007283528645833333,
      0.005682627360026042,
      0.004403432210286458,
      0.0033671061197916665
    ],
    "v1_curve": [
      2.8644456825541624,
      4.0523751271185215,
      5.142487915501998,
      8.021109331899694,
      10.476108517188692,
      13.526302508560372,
      18.8615596303298,
      24.861169913983773,
      33.998841118561785,
      39.98151769846259,
      50.6662906233744,
      64.84093207776795,
      79.94773755481947,
      99.33120041547781,
      127.94253896989592,
      152.2911576478739,
      184.77133169899656,
      218.45513405490183,
      272.8887887434578,
      321.4481645518182,
      449.3732683049109,
      593.6275224523831,
      724.4893178217835,
      686.4484126610114,
      625.2167472284639,
      627.5800166451269,
      643.7207172797974,
      692.6625219400544,
      731.3424612987999,
      750.6578355086956,
      781.5864351711473,
      793.9657008495333,
      813.4526856946927,
      851.6957298486395,
      840.7312499732786,
      815.2989110586371,
      789.279765588361,
      792.7043067375239,
      757.0837842410799,
      729.9088081547062,
      684.2319244010754,
      640.694827537684,
      590.9456819937528,
      546.7391496188885,
      501.9046631081027,
      452.99256690866,
      387.3209657054155,
      346.84267135552017,
      288.98469460240676,
      260.60336208392397,
      219.12568350579102,
      189.23621728517878,
      164.9032558245531,
      134.1812547372487,
      109.00144723892372,
      88.18624986639234,
      73.3948032942292,
      54.29096151289345,
      46.112053529689184,
      36.11166941300858,
      30.41929221860043
    ]
  },
  "p_high": 0.0004997501249375312,
  "p_high_mf": 0.0004997501249375312,
  "p_low": 1.0,
  "p_low_mf": 1.0,
  "p_two_sided": 0.0009995002498750624,
  "p_two_sided_mf": 0.0009995002498750624,
  "provenance": {
    "dat_url": "https://github.com/gradient-pulse/phi-mesh/releases/download/data-2026-02-15-planck-lensing-R3/planck_pr3_lensing_mv_dat_klm.fits",
    "mf_url": "https://github.com/gradient-pulse/phi-mesh/releases/download/data-2026-02-15-planck-lensing-R3/planck_pr3_lensing_mv_mf_klm.fits"
  },
  "seed": 2400,
  "surrogate": {
    "D0_mean": 0.0012607021528465245,
    "D0_std": 0.0005666555707596965,
    "D1_mean": 15.396870121853823,
    "D1_std": 2.134483157747551,
    "D_mf_mean": 15.396870183422621,
    "D_mf_std": 2.1344831611164006,
    "v0_mean_curve": [
      0.9991744677225756,
      0.9987906843821216,
      0.9982534287770595,
      0.9975098940531403,
      0.9964966907501223,
      0.9951339702606196,
      0.993327981948852,
      0.9909684422810865,
      0.9879226760864248,
      0.9840477911631264,
      0.9791811618804932,
      0.9731546694437664,
      0.9657844136555991,
      0.9568875172932934,
      0.9462877610524487,
      0.9338061745961488,
      0.9192838179270432,
      0.902595482508342,
      0.8836264953613276,
      0.8623130404154469,
      0.8386283976236988,
      0.8125892162323007,
      0.7842647902170816,
      0.7537593256632495,
      0.7212375952402739,
      0.6869013404846191,
      0.6509942537943522,
      0.6137860641479497,
      0.575599157969157,
      0.5367776978810631,
      0.49764152081807567,
      0.4585647417704262,
      0.41989388974507674,
      0.38198960177103675,
      0.3451522242228185,
      0.30969222768147797,
      0.2758842754364016,
      0.24394712638854957,
      0.214057986577352,
      0.18636894416809088,
      0.1609660549163816,
      0.13788802337646455,
      0.11712594985961912,
      0.09864982668558767,
      0.08236800257364893,
      0.0681720943450927,
      0.055917347590128466,
      0.04545162137349446,
      0.03660990969340009,
      0.029218021392822275,
      0.02309725443522136,
      0.018089778264363632,
      0.01403022829691569,
      0.010778317769368509,
      0.008199818929036455,
      0.00617889658610026,
      0.004610800425211585,
      0.0034063968658447335,
      0.002491899490356446,
      0.00180431874593099,
      0.001293632507324218
    ],