{
  "diagnostics": {
    "excess_kurt_x_obs": 0.01173212098133547,
    "imag_frac_nonzero_eps1e-12": 0.9896907216494846,
    "imag_max_abs": 0.013052015571576175,
    "skew_x_obs": 0.042998629573057945,
    "v1_delta_bandwidth_dnu": 0.10000000000000009,
    "v1_symmetry_corr": 0.9988444574271508,
    "verify_l2_from_curves": {
      "D0_match": true,
      "D0_recomputed": 0.002942834017013668,
      "D0_reported": 0.002942834017013668,
      "D1_match": true,
      "D1_recomputed": 14.592867418929591,
      "D1_reported": 14.592867418929591,
      "tol_abs": 1e-12,
      "tol_rel": 1e-10,
      "verify_dnu": 0.10000000000000009
    }
  },
  "hint": "This script compares observed morphology against phase-randomized surrogates that preserve |a_lm|. V0(nu) is excursion-set area fraction; V1(nu) is a perimeter proxy estimated from |\u2207x| in a nu-band. Distances D0 and D1 are L2 distances (sqrt(sum((a-b)^2)*dnu)) to surrogate-mean curves. D_mf combines them as sqrt(D0^2 + D1^2). Z_mf is the scale-free combined z-distance.",
  "kind": "planck_pr3_lensing_phi_topology_mf_v0_v1",
  "lmax": 192,
  "metric": "Minkowski-style morphology: V0(area) + V1(perimeter proxy) vs phase-random surrogates",
  "n_sims": 2000,
  "nside": 256,
  "observed": {
    "D0_L2": 0.002942834017013668,
    "D0_sum_sq_legacy": 8.660272051692792e-05,
    "D1_L2": 14.592867418929591,
    "D1_sum_sq_legacy": 2129.517795064566,
    "D_mf": 14.59286771565921,
    "Z0": 1.1415377767517128,
    "Z1": 1.3148165439451993,
    "Z_mf": 1.74122113471645,
    "map_mean": -1.457806464592292e-08,
    "map_std": 0.03478964530282051,
    "v0_curve": [
      0.998895009358724,
      0.9984092712402344,
      0.997772216796875,
      0.996911366780599,
      0.9957847595214844,
      0.9943072001139323,
      0.9924799601236979,
      0.9901606241861979,
      0.9871775309244791,
      0.9832420349121094,
      0.9784278869628906,
      0.9725303649902344,
      0.9653752644856771,
      0.9568926493326823,
      0.9465484619140625,
      0.9344685872395834,
      0.9205042521158854,
      0.9042180379231771,
      0.8857828776041666,
      0.864990234375,
      0.8416608174641927,
      0.8159764607747396,
      0.7875010172526041,
      0.7571080525716146,
      0.7239240010579427,
      0.6893335978190104,
      0.6532618204752604,
      0.6154429117838541,
      0.5764605204264323,
      0.5368995666503906,
      0.49643580118815106,
      0.45663706461588544,
      0.41733423868815106,
      0.37912877400716144,
      0.3422253926595052,
      0.30675506591796875,
      0.2730827331542969,
      0.24098587036132812,
      0.21139907836914062,
      0.18399175008138022,
      0.1588261922200521,
      0.13625971476236978,
      0.1158447265625,
      0.0979016621907552,
      0.08181254069010417,
      0.06793975830078125,
      0.056058247884114586,
      0.04586664835611979,
      0.0369415283203125,
      0.029707590738932293,
      0.023614247639973957,
      0.018578847249348957,
      0.014612833658854166,
      0.011383056640625,
      0.008800506591796875,
      0.006809234619140625,
      0.005245208740234375,
      0.00402069091796875,
      0.0030721028645833335,
      0.0023523966471354165,
      0.001800537109375
    ],
    "v1_curve": [
      6.964035313105746,
      9.900396723479991,
      13.20334541947354,
      18.348585321420384,
      25.38122152624349,
      30.521512409454147,
      40.96624104739696,
      50.213370134631546,
      66.37103765646148,
      81.84952760348742,
      93.46655810779221,
      122.37631577258549,
      141.24315402612052,
      171.14279584914846,
      209.80418263739153,
      234.22225452639708,
      269.838054057139,
      313.6427808986919,
      350.7562743372939,
      387.72523463361523,
      442.88710633927957,
      480.5263437348262,
      533.490799081978,
      567.9044322752756,
      611.9468088124306,
      638.1273374115543,
      661.5317399324384,
      681.3108343211771,
      709.600854303126,
      704.4428222081322,
      714.0061189211731,
      700.7728289337088,
      678.5624951463893,
      657.5426814538804,
      632.6449692868636,
      601.0144597746189,
      583.3446655603489,
      537.7366932670132,
      486.5634340811523,
      434.19008127137977,
      401.37494053338287,
      350.5079484751369,
      312.24798409305725,
      274.96429119515125,
      243.49126174486142,
      206.05284031665076,
      170.99626199995492,
      151.24534711038774,
      125.21598056056239,
      104.14574525862822,
      81.94730169781681,
      68.72475727328228,
      53.33771236926997,
      43.57868603617033,
      33.66719225212008,
      26.464786536549813,
      21.540957418525597,
      15.791901890266407,
      13.171872412015881,
      9.681644492913827,
      6.984920905163757
    ]
  },
  "p_high": 0.12643678160919541,
  "p_high_mf": 0.09795102448775612,
  "p_low": 0.8740629685157422,
  "p_low_mf": 0.9025487256371814,
  "p_two_sided": 0.25287356321839083,
  "p_two_sided_mf": 0.19590204897551225,
  "provenance": {
    "dat_url": "GAUSSIAN_CONTROL_FROM: https://github.com/gradient-pulse/phi-mesh/releases/download/data-2026-02-15-planck-lensing-R3/planck_pr3_lensing_mv_dat_klm.fits",
    "mf_url": "GAUSSIAN_CONTROL_MF_ZERO_FROM: https://github.com/gradient-pulse/phi-mesh/releases/download/data-2026-02-15-planck-lensing-R3/planck_pr3_lensing_mv_mf_klm.fits"
  },
  "seed": 731,
  "surrogate": {
    "D0_mean": 0.0018797787195283194,
    "D0_std": 0.0009312484607476688,
    "D1_mean": 12.006001755174157,
    "D1_std": 1.967472706111046,
    "D_mf_mean": 12.006001931691495,
    "D_mf_std": 1.9674727472562383,
    "v0_mean_curve": [
      0.9987073332468674,
      0.9982042223612467,
      0.9975283578236896,
      0.9966344610850016,
      0.9954590682983397,
      0.9939303754170743,
      0.9919623845418298,
      0.9894587879180895,
      0.9863011525471986,
      0.9823556855519611,
      0.9774860070546455,
      0.9715301812489835,
      0.9643196652730313,
      0.9556795787811265,
      0.9454302686055494,
      0.9333957366943338,
      0.919406788508099,
      0.9033174527486161,
      0.8849924049377452,
      0.8643318812052396,
      0.8412698001861586,
      0.8157902177174894,
      0.7879095102945967,
      0.7577279777526856,
      0.7253657881418865,
      0.6910225989023843,
      0.6549384695688873,
      0.6173881670633942,
      0.5787105077107751,
      0.5392696139017741,
      0.4994611129760739,
      0.4596635729471843,
      0.42027537027994777,
      0.3816798712412513,
      0.34424426778157546,
      0.3082784398396811,
      0.2740702482859293,
      0.2418578815460205,
      0.21182247352600098,
      0.18409702364603658,
      0.15874134063720688,
      0.13579997889200854,
      0.11524506568908685,
      0.09700993474324555,
      0.08098492558797192,
      0.06704796409606936,
      0.05504457855224607,
      0.04480354754130043,
      0.03615726788838708,
      0.028926104227701803,
      0.022942344029744443,
      0.018034520467122443,
      0.014055988311767588,
      0.010857467015584325,
      0.00831157938639322,
      0.006306653976440426,
      0.004742784500122081,
      0.0035330549875895153,
      0.002608135223388671,
      0.001907569885253906,
      0.001382805506388347
    ],