{
  "diagnostics": {
    "excess_kurt_x_obs": 0.01402210076212329,
    "imag_frac_nonzero_eps1e-12": 0.9922480620155039,
    "imag_max_abs": 0.025792865631929115,
    "skew_x_obs": -0.005380892460558451,
    "v1_delta_bandwidth_dnu": 0.10000000000000009,
    "v1_symmetry_corr": 0.9923162828196695,
    "verify_l2_from_curves": {
      "D0_match": true,
      "D0_recomputed": 0.0020898730002867254,
      "D0_reported": 0.0020898730002867254,
      "D1_match": true,
      "D1_recomputed": 14.073713252129242,
      "D1_reported": 14.073713252129242,
      "tol_abs": 1e-12,
      "tol_rel": 1e-10,
      "verify_dnu": 0.10000000000000009
    }
  },
  "hint": "This script compares observed morphology against phase-randomized surrogates that preserve |a_lm|. V0(nu) is excursion-set area fraction; V1(nu) is a perimeter proxy estimated from |\u2207x| in a nu-band. Distances D0 and D1 are L2 distances (sqrt(sum((a-b)^2)*dnu)) to surrogate-mean curves. D_mf combines them as sqrt(D0^2 + D1^2). Z_mf is the scale-free combined z-distance.",
  "kind": "planck_pr3_lensing_phi_topology_mf_v0_v1",
  "lmax": 256,
  "metric": "Minkowski-style morphology: V0(area) + V1(perimeter proxy) vs phase-random surrogates",
  "n_sims": 2000,
  "nside": 256,
  "observed": {
    "D0_L2": 0.0020898730002867254,
    "D0_sum_sq_legacy": 4.367569157327435e-05,
    "D1_L2": 14.073713252129242,
    "D1_sum_sq_legacy": 1980.6940470315806,
    "D_mf": 14.073713407296859,
    "Z0": -0.14895338601154123,
    "Z1": -0.9796735711636838,
    "Z_mf": 0.9909325997467783,
    "map_mean": 4.0941666810262456e-10,
    "map_std": 0.04952555144393896,
    "v0_curve": [
      0.9985733032226562,
      0.9980074564615885,
      0.9972991943359375,
      0.9963188171386719,
      0.995171864827474,
      0.9935900370279948,
      0.9915911356608073,
      0.9891217549641927,
      0.9858525594075521,
      0.9818216959635416,
      0.9769376118977865,
      0.9710731506347656,
      0.9639027913411459,
      0.9552319844563802,
      0.9449564615885416,
      0.9330635070800781,
      0.9193878173828125,
      0.9035911560058594,
      0.8854408264160156,
      0.8649113972981771,
      0.8418998718261719,
      0.8166351318359375,
      0.7888463338216146,
      0.7586860656738281,
      0.7261263529459635,
      0.6916669209798177,
      0.6558952331542969,
      0.6182352701822916,
      0.5792719523111979,
      0.5401191711425781,
      0.5000470479329427,
      0.4603157043457031,
      0.42085520426432294,
      0.3821220397949219,
      0.3446146647135417,
      0.3085467020670573,
      0.2740465799967448,
      0.2419306437174479,
      0.21161015828450522,
      0.1836369832356771,
      0.15825271606445312,
      0.13550949096679688,
      0.11488850911458333,
      0.09653854370117188,
      0.08045196533203125,
      0.06657791137695312,
      0.0545196533203125,
      0.0444488525390625,
      0.035893758138020836,
      0.028778076171875,
      0.022722880045572918,
      0.017808278401692707,
      0.013853708902994791,
      0.01065826416015625,
      0.008177439371744791,
      0.006290435791015625,
      0.004809061686197917,
      0.0035730997721354165,
      0.0026156107584635415,
      0.0019048055013020833,
      0.0013605753580729167
    ],
    "v1_curve": [
      20.89447655085754,
      29.055764042344904,
      32.153090605864584,
      45.89800781044497,
      55.566492545343905,
      69.80768580550277,
      83.78418546713567,
      103.20119071909738,
      122.15844634385996,
      148.58558738141468,
      181.5052137322352,
      210.94518314760202,
      256.90227115480906,
      297.85280619655055,
      324.57784043214053,
      366.83270075938873,
      423.60367689905314,
      474.44987367203106,
      541.0217185069687,
      575.2694898629609,
      629.2357945357245,
      678.9225634483842,
      734.2369115379576,
      767.584612772115,
      803.6252372229211,
      844.5991362398009,
      857.1501463836321,
      885.8395655605672,
      896.5915484219952,
      916.4054840859869,
      894.3749680809045,
      886.1759790387206,
      858.4313207180821,
      831.8409448045818,
      778.1066957997465,
      753.7511576358795,
      708.8151847777481,
      653.384672432005,
      609.3661055943443,
      555.5664505912141,
      498.49635714053824,
      439.56180591103254,
      397.99532039064843,
      344.23174257685537,
      300.3106371138376,
      257.92312230454,
      217.51123545945856,
      184.03824025903552,
      154.5526815772043,
      129.2588377452492,
      107.96682381726123,
      85.29679850060155,
      71.46748202874736,
      54.34314232948287,
      41.94243528134414,
      32.66441817806339,
      26.655083781669443,
      20.19476138585716,
      15.493166132982656,
      13.357129071097678,
      9.050978725950142
    ]
  },
  "p_high": 0.4737631184407796,
  "p_high_mf": 0.8650674662668666,
  "p_low": 0.526736631684158,
  "p_low_mf": 0.13543228385807096,
  "p_two_sided": 0.9475262368815592,
  "p_two_sided_mf": 0.2708645677161419,
  "provenance": {
    "dat_url": "GAUSSIAN_CONTROL_FROM: https://github.com/gradient-pulse/phi-mesh/releases/download/data-2026-02-15-planck-lensing-R3/planck_pr3_lensing_mv_dat_klm.fits",
    "mf_url": "GAUSSIAN_CONTROL_MF_ZERO_FROM: https://github.com/gradient-pulse/phi-mesh/releases/download/data-2026-02-15-planck-lensing-R3/planck_pr3_lensing_mv_mf_klm.fits"
  },
  "seed": 731,
  "surrogate": {
    "D0_mean": 0.0022801605363862196,
    "D0_std": 0.0012774972170471522,
    "D1_mean": 17.749120877678656,
    "D1_std": 3.7516655891652384,
    "D_mf_mean": 17.74912104931021,
    "D_mf_std": 3.751665687530329,
    "v0_mean_curve": [
      0.9985407492319759,
      0.9979938863118485,
      0.9972658252716061,
      0.9963073488871251,
      0.9950603923797603,
      0.9934508476257321,
      0.9913961664835628,
      0.9887973397572822,
      0.9855430469512928,
      0.9815040206909172,
      0.9765427233378073,
      0.9705108261108378,
      0.9632419789632165,
      0.9545725625356042,
      0.9443295644124338,
      0.9323345966339108,
      0.9184345328013102,
      0.9024727001190193,
      0.8843326454162611,
      0.8638930282592785,
      0.841103535970052,
      0.815932362874351,
      0.7883875439961724,
      0.7585445022583012,
      0.7265281531016037,
      0.6925147870381679,
      0.6567239882151292,
      0.6194285526275632,
      0.5809648844401041,
      0.5416523774464921,
      0.50189831161499,
      0.4620849685668945,
      0.4226065413157144,
      0.38384894688924154,
      0.34618356959025076,
      0.3099405504862468,
      0.27542424964904777,
      0.2428726507822669,
      0.21250069173177064,
      0.1844400329589845,
      0.15877910995483405,
      0.13554902267456054,
      0.11473733075459776,
      0.0962919807434081,
      0.08011191622416175,
      0.06606030146280932,
      0.0539907137552897,
      0.04372312227884932,
      0.03508570671081547,
      0.027896237691243473,
      0.021971509933471644,
      0.01714270083109538,
      0.013244874318440736,
      0.010135302861531588,
      0.007680037816365555,
      0.0057652848561604705,
      0.004284985224405922,
      0.003151925404866545,
      0.0022948417663574234,
      0.0016543184916178357,
      0.0011807899475097677
    ],