{
  "diagnostics": {
    "excess_kurt_x_obs": -0.025515773035113654,
    "imag_frac_nonzero_eps1e-12": 0.9937888198757764,
    "imag_max_abs": 0.02019075342116947,
    "skew_x_obs": 0.005407911311550338,
    "v1_delta_bandwidth_dnu": 0.10000000000000009,
    "v1_symmetry_corr": 0.9986391162552968,
    "verify_l2_from_curves": {
      "D0_match": true,
      "D0_recomputed": 0.0007511721887046901,
      "D0_reported": 0.0007511721887046901,
      "D1_match": true,
      "D1_recomputed": 20.69686470678367,
      "D1_reported": 20.69686470678367,
      "tol_abs": 1e-12,
      "tol_rel": 1e-10,
      "verify_dnu": 0.10000000000000009
    }
  },
  "hint": "This script compares observed morphology against phase-randomized surrogates that preserve |a_lm|. V0(nu) is excursion-set area fraction; V1(nu) is a perimeter proxy estimated from |\u2207x| in a nu-band. Distances D0 and D1 are L2 distances (sqrt(sum((a-b)^2)*dnu)) to surrogate-mean curves. D_mf combines them as sqrt(D0^2 + D1^2). Z_mf is the scale-free combined z-distance.",
  "kind": "planck_pr3_lensing_phi_topology_mf_v0_v1",
  "lmax": 320,
  "metric": "Minkowski-style morphology: V0(area) + V1(perimeter proxy) vs phase-random surrogates",
  "n_sims": 2000,
  "nside": 256,
  "observed": {
    "D0_L2": 0.0007511721887046901,
    "D0_sum_sq_legacy": 5.642596570833941e-06,
    "D1_L2": 20.69686470678367,
    "D1_sum_sq_legacy": 4283.602086909072,
    "D_mf": 20.696864720415196,
    "Z0": -0.8808340116712133,
    "Z1": -0.1594458501447143,
    "Z_mf": 0.8951488899871204,
    "map_mean": 4.687232287329743e-08,
    "map_std": 0.06159424016725403,
    "v0_curve": [
      0.9988174438476562,
      0.9983062744140625,
      0.997625986735026,
      0.9967638651529948,
      0.9956219991048177,
      0.9940172831217448,
      0.9920539855957031,
      0.9895528157552084,
      0.9863446553548177,
      0.9822972615559896,
      0.9773966471354166,
      0.971435546875,
      0.9641240437825521,
      0.9554570515950521,
      0.9450543721516927,
      0.9330787658691406,
      0.9191640218098959,
      0.9029871622721354,
      0.8847529093424479,
      0.8640632629394531,
      0.840844472249349,
      0.8152949015299479,
      0.7875073750813802,
      0.7574348449707031,
      0.7249336242675781,
      0.6908009847005209,
      0.6548779805501302,
      0.6173133850097656,
      0.5789807637532552,
      0.5395558675130209,
      0.4997240702311198,
      0.46018091837565106,
      0.4206949869791667,
      0.3818041483561198,
      0.3442878723144531,
      0.3086407979329427,
      0.2744738260904948,
      0.24276097615559897,
      0.21227391560872397,
      0.18464279174804688,
      0.1593017578125,
      0.13628133138020834,
      0.1157391866048177,
      0.0973498026529948,
      0.08111572265625,
      0.0670153299967448,
      0.054941813151041664,
      0.044469197591145836,
      0.03588104248046875,
      0.028415679931640625,
      0.022469838460286457,
      0.01770782470703125,
      0.013907114664713541,
      0.010730743408203125,
      0.008143107096354166,
      0.006214141845703125,
      0.004731496175130208,
      0.0035451253255208335,
      0.0025723775227864585,
      0.0018323262532552083,
      0.0013478597005208333
    ],
    "v1_curve": [
      11.322951947501528,
      18.866870281232842,
      23.365683581738473,
      29.664483850135795,
      42.47637885085705,
      53.0925098778828,
      72.64723971999014,
      88.02516876685408,
      115.88109756239739,
      147.03535943922884,
      173.83111549702946,
      217.80280945309133,
      258.7000603106325,
      335.92525278107337,
      364.95032150617953,
      438.9648842631858,
      513.4569421878599,
      569.132143910578,
      631.6042452628948,
      730.9326076462485,
      813.072108887946,
      898.7165983439487,
      948.0306660378426,
      1035.7825333930457,
      1095.970024555514,
      1146.6506437963797,
      1207.2889811635105,
      1208.983684679321,
      1258.7307916693449,
      1272.8336315774845,
      1260.9194952646722,
      1235.8733203889524,
      1232.686502646074,
      1201.5417348573797,
      1145.5505878591478,
      1075.8236001694522,
      1018.6431812956705,
      962.0280193669271,
      893.4326509479591,
      798.3192749850703,
      730.1242912056787,
      663.0048851347909,
      578.2552317770725,
      512.3195441289955,
      449.9393612195794,
      380.0021130320124,
      329.753813398988,
      277.2309394073559,
      233.30424549940406,
      193.17157876681816,
      153.116473973574,
      121.61315985943666,
      101.28718312704387,
      80.40648825049266,
      63.38837619117367,
      48.63525711159431,
      37.79540076216332,
      31.497831958337933,
      24.876323310154383,
      15.556684418463487,
      12.775479431631064
    ]
  },
  "p_high": 0.8250874562718641,
  "p_high_mf": 0.5307346326836582,
  "p_low": 0.17541229385307347,
  "p_low_mf": 0.46976511744127936,
  "p_two_sided": 0.35082458770614694,
  "p_two_sided_mf": 0.9395302348825587,
  "provenance": {
    "dat_url": "GAUSSIAN_CONTROL_FROM: https://github.com/gradient-pulse/phi-mesh/releases/download/data-2026-02-15-planck-lensing-R3/planck_pr3_lensing_mv_dat_klm.fits",
    "mf_url": "GAUSSIAN_CONTROL_MF_ZERO_FROM: https://github.com/gradient-pulse/phi-mesh/releases/download/data-2026-02-15-planck-lensing-R3/planck_pr3_lensing_mv_mf_klm.fits"
  },
  "seed": 731,
  "surrogate": {
    "D0_mean": 0.0016552494303655651,
    "D0_std": 0.0010263877526091006,
    "D1_mean": 21.208002493243956,
    "D1_std": 3.2057139523943237,
    "D_mf_mean": 21.208002575734135,
    "D_mf_std": 3.205713998255975,
    "v0_mean_curve": [
      0.9986683127085392,
      0.9981536432902004,
      0.997466095606486,
      0.9965544147491451,
      0.9953593152364089,
      0.9938090655008956,
      0.9918172632853205,
      0.9892828006744392,
      0.9860945320129376,
      0.9821220887502037,
      0.9772248738606756,
      0.9712417233784975,
      0.9640039507548029,
      0.9553494809468585,
      0.9450942598978682,
      0.9330622253417968,
      0.9190910739898669,
      0.9030297139485681,
      0.8847444826761862,
      0.8641379508972163,
      0.841146383285522,
      0.8157492510477706,
      0.7879622408549005,
      0.7578790162404382,
      0.7256147098541255,
      0.6913697052001945,
      0.6553771966298424,
      0.6179093640645328,
      0.5793146654764812,
      0.5399347171783444,
      0.5001605555216472,
      0.4603886210123699,
      0.4209999930063884,
      0.3823763777414959,
      0.34489813423156757,
      0.3088718509674071,
      0.27458160273234034,
      0.24227528889973982,
      0.21214152971903488,
      0.18431878026326487,
      0.15886483383178687,
      0.13583249092102045,
      0.11518957328796388,
      0.09687124506632476,
      0.08078509457906087,
      0.06679362805684398,
      0.05475518099466963,
      0.04448851712544756,
      0.03582933044433595,
      0.028598723729451513,
      0.02262646865844727,
      0.01773582712809247,
      0.013776790618896482,
      0.010605145136515313,
      0.008085897445678706,
      0.006107282638549802,
      0.004569207509358713,
      0.003387817382812496,
      0.0024876295725504587,
      0.0018094329833984357,
      0.0013028818766276037
    ],