{
  "diagnostics": {
    "excess_kurt_x_obs": -0.06008816522444915,
    "imag_frac_nonzero_eps1e-12": 0.9937888198757764,
    "imag_max_abs": 0.058271284144441805,
    "skew_x_obs": -0.03387910555525892,
    "v1_delta_bandwidth_dnu": 0.10000000000000009,
    "v1_symmetry_corr": 0.9978844050612652,
    "verify_l2_from_curves": {
      "D0_match": true,
      "D0_recomputed": 0.002185813709695138,
      "D0_reported": 0.002185813709695138,
      "D1_match": true,
      "D1_recomputed": 20.700593486399676,
      "D1_reported": 20.700593486399676,
      "tol_abs": 1e-12,
      "tol_rel": 1e-10,
      "verify_dnu": 0.10000000000000009
    }
  },
  "hint": "This script compares observed morphology against phase-randomized surrogates that preserve |a_lm|. V0(nu) is excursion-set area fraction; V1(nu) is a perimeter proxy estimated from |\u2207x| in a nu-band. Distances D0 and D1 are L2 distances (sqrt(sum((a-b)^2)*dnu)) to surrogate-mean curves. D_mf combines them as sqrt(D0^2 + D1^2). Z_mf is the scale-free combined z-distance.",
  "kind": "planck_pr3_lensing_phi_topology_mf_v0_v1",
  "lmax": 320,
  "metric": "Minkowski-style morphology: V0(area) + V1(perimeter proxy) vs phase-random surrogates",
  "n_sims": 2000,
  "nside": 256,
  "observed": {
    "D0_L2": 0.002185813709695138,
    "D0_sum_sq_legacy": 4.777781573491217e-05,
    "D1_L2": 20.700593486399676,
    "D1_sum_sq_legacy": 4285.145706891723,
    "D_mf": 20.700593601801717,
    "Z0": -0.8313106806095211,
    "Z1": -0.7754019522838669,
    "Z_mf": 1.1368050119968232,
    "map_mean": -5.6078859644523305e-08,
    "map_std": 0.06647299492679948,
    "v0_curve": [
      0.9987195332845052,
      0.9981981913248698,
      0.99749755859375,
      0.9965642293294271,
      0.9952952067057291,
      0.9936752319335938,
      0.9916216532389323,
      0.9889678955078125,
      0.9856707255045573,
      0.9816436767578125,
      0.9765243530273438,
      0.9703509012858073,
      0.9629224141438802,
      0.9539972941080729,
      0.9433326721191406,
      0.93121337890625,
      0.9172515869140625,
      0.9011751810709635,
      0.8830299377441406,
      0.86260986328125,
      0.8396898905436198,
      0.8145434061686198,
      0.7871373494466146,
      0.75762939453125,
      0.726043701171875,
      0.6922442118326823,
      0.6568120320638021,
      0.619805653889974,
      0.5815035502115885,
      0.5427945454915365,
      0.5032577514648438,
      0.463714599609375,
      0.4240455627441406,
      0.38549168904622394,
      0.34765370686848956,
      0.31156158447265625,
      0.2769927978515625,
      0.24447250366210938,
      0.21373875935872397,
      0.18543370564778647,
      0.15932337443033853,
      0.13593037923177084,
      0.11504236857096355,
      0.09624608357747395,
      0.0798632303873698,
      0.06560516357421875,
      0.05350367228190104,
      0.04313786824544271,
      0.03450139363606771,
      0.027300516764322918,
      0.021397908528645832,
      0.016574859619140625,
      0.012744903564453125,
      0.009632110595703125,
      0.007288614908854167,
      0.005413055419921875,
      0.004015604654947917,
      0.0029500325520833335,
      0.0021464029947916665,
      0.001483917236328125,
      0.00104522705078125
    ],
    "v1_curve": [
      10.205062016764973,
      14.354404958901304,
      20.321310189211967,
      26.811583489354305,
      35.56680729939832,
      47.47158215667866,
      59.03045581407814,
      74.32791098506652,
      95.86993976805182,
      114.68889422392827,
      147.6496825009424,
      175.6977254329143,
      216.51444084765953,
      254.61885924530293,
      305.7689779433742,
      344.6558428598817,
      413.626759340739,
      469.9240132732891,
      532.3061710647207,
      601.6348963372193,
      679.3911129532019,
      747.1542254884071,
      805.5954680165743,
      877.8711888162499,
      940.9602787038191,
      1016.1218672429101,
      1074.6845733798762,
      1119.1845229232201,
      1165.2934731227797,
      1196.9242663525808,
      1196.3647059382322,
      1205.5476930537675,
      1226.3881073991884,
      1185.6709585577562,
      1129.4187571270645,
      1080.3273771186182,
      1048.6867796741797,
      992.024534852365,
      918.872325938284,
      860.5140888801734,
      757.9060440877628,
      674.4061938742614,
      616.7657858160718,
      543.2784109111152,
      483.2085017809001,
      403.3634277104069,
      353.4293728378085,
      282.2829845111352,
      235.70869667110853,
      199.19504936758133,
      159.51416715360364,
      128.08232521331786,
      107.30008035466058,
      81.00581147580405,
      66.52100300237026,
      45.74819049750536,
      34.41307706710504,
      27.72797682188453,
      20.83140198470877,
      16.260599567849326,
      10.493939102848449
    ]
  },
  "p_high": 0.7511244377811095,
  "p_high_mf": 0.7681159420289855,
  "p_low": 0.2493753123438281,
  "p_low_mf": 0.23238380809595202,
  "p_two_sided": 0.4987506246876562,
  "p_two_sided_mf": 0.46476761619190404,
  "provenance": {
    "dat_url": "GAUSSIAN_CONTROL_FROM: https://github.com/gradient-pulse/phi-mesh/releases/download/data-2026-02-15-planck-lensing-R3/planck_pr3_lensing_mv_dat_klm.fits",
    "mf_url": "GAUSSIAN_CONTROL_MF_ZERO_FROM: https://github.com/gradient-pulse/phi-mesh/releases/download/data-2026-02-15-planck-lensing-R3/planck_pr3_lensing_mv_mf_klm.fits"
  },
  "seed": 731,
  "surrogate": {
    "D0_mean": 0.004116818160907734,
    "D0_std": 0.0023228433078674913,
    "D1_mean": 25.950869399974913,
    "D1_std": 6.771037779968297,
    "D_mf_mean": 25.950869766526278,
    "D_mf_std": 6.771038024989868,
    "v0_mean_curve": [
      0.9986269925435391,
      0.9980977191925059,
      0.9973888886769624,
      0.9964522113800056,
      0.9952254416147869,
      0.9936368668874095,
      0.9916001440683996,
      0.9890184783935551,
      0.9857754929860431,
      0.9817427139282221,
      0.9767801685333278,
      0.9707379614512132,
      0.9634504706064871,
      0.954751518885295,
      0.9444689490000401,
      0.9324228274027503,
      0.9184591623942066,
      0.9024351698557544,
      0.8842124811808278,
      0.8637047176361093,
      0.8408320846557626,
      0.8155767008463545,
      0.7879751230875659,
      0.7580841420491546,
      0.7260306129455575,
      0.6919868965148923,
      0.6561885827382393,
      0.6189061667124431,
      0.5804544315338137,
      0.5411896177927655,
      0.5014942353566492,
      0.4617467765808099,
      0.42235151863098197,
      0.3836762339274087,
      0.3460799153645831,
      0.3099119936625167,
      0.2754641017913815,
      0.24297285016377737,
      0.21264328956604014,
      0.18462355613708514,
      0.15898401769002274,
      0.13577843093872033,
      0.1149791297912597,
      0.09653597068786633,
      0.0803474038441977,
      0.06628166516621897,
      0.05419047864278144,
      0.04390823618570964,
      0.03525022951761881,
      0.02803752962748208,
      0.02208659553527832,
      0.017236244837443026,
      0.013323685328165712,
      0.010201012929280589,
      0.007735816319783538,
      0.005806149164835606,
      0.0043159001668294315,
      0.003174841562906889,
      0.0023119029998779285,
      0.0016678600311279279,
      0.0011895217895507792
    ],