{
  "diagnostics": {
    "excess_kurt_x_obs": 0.11950565461934914,
    "imag_frac_nonzero_eps1e-12": 0.9846153846153847,
    "imag_max_abs": 0.018695134062123676,
    "skew_x_obs": -0.33463459924906896,
    "v1_delta_bandwidth_dnu": 0.10000000000000009,
    "v1_symmetry_corr": 0.9784557694262755,
    "verify_l2_from_curves": {
      "D0_match": true,
      "D0_recomputed": 0.02735931809791974,
      "D0_reported": 0.02735931809791974,
      "D1_match": true,
      "D1_recomputed": 38.7804428209905,
      "D1_reported": 38.7804428209905,
      "tol_abs": 1e-12,
      "tol_rel": 1e-10,
      "verify_dnu": 0.10000000000000009
    }
  },
  "hint": "This script compares observed morphology against phase-randomized surrogates that preserve |a_lm|. V0(nu) is excursion-set area fraction; V1(nu) is a perimeter proxy estimated from |\u2207x| in a nu-band. Distances D0 and D1 are L2 distances (sqrt(sum((a-b)^2)*dnu)) to surrogate-mean curves. D_mf combines them as sqrt(D0^2 + D1^2). Z_mf is the scale-free combined z-distance.",
  "kind": "planck_pr3_lensing_phi_topology_mf_v0_v1",
  "lmax": 128,
  "metric": "Minkowski-style morphology: V0(area) + V1(perimeter proxy) vs phase-random surrogates",
  "n_sims": 2000,
  "nside": 256,
  "observed": {
    "D0_L2": 0.02735931809791974,
    "D0_sum_sq_legacy": 0.007485322867831578,
    "D1_L2": 38.7804428209905,
    "D1_sum_sq_legacy": 15039.227453921123,
    "D_mf": 38.78045247188847,
    "Z0": 2.7238477801697503,
    "Z1": 3.203490388866004,
    "Z_mf": 4.204961046322848,
    "map_mean": -3.3610645134695555e-08,
    "map_std": 0.03218287020470641,
    "v0_curve": [
      0.9971148173014323,
      0.9959538777669271,
      0.9945691426595052,
      0.9927864074707031,
      0.9906209309895834,
      0.9880879720052084,
      0.9849815368652344,
      0.9809900919596354,
      0.9764277140299479,
      0.970971425374349,
      0.964874267578125,
      0.9578844706217448,
      0.950171152750651,
      0.9417457580566406,
      0.9317194620768229,
      0.920599619547526,
      0.908270517985026,
      0.8945147196451823,
      0.8793525695800781,
      0.86248779296875,
      0.8433481852213541,
      0.8221359252929688,
      0.7988700866699219,
      0.77301025390625,
      0.7447764078776041,
      0.714318593343099,
      0.6812159220377604,
      0.6454340616861979,
      0.6077651977539062,
      0.5682156880696615,
      0.5276590983072916,
      0.48662694295247394,
      0.4444465637207031,
      0.40240224202473956,
      0.36099497477213544,
      0.32090123494466144,
      0.2825660705566406,
      0.24605305989583334,
      0.21197382609049478,
      0.1806640625,
      0.15246963500976562,
      0.126708984375,
      0.10413360595703125,
      0.08459726969401042,
      0.0677642822265625,
      0.053684234619140625,
      0.042308807373046875,
      0.032910664876302086,
      0.0252838134765625,
      0.019194285074869793,
      0.014404296875,
      0.010637919108072916,
      0.007680257161458333,
      0.005420684814453125,
      0.0037549336751302085,
      0.0025583902994791665,
      0.0016937255859375,
      0.0011011759440104167,
      0.0006891886393229166,
      0.0004323323567708333,
      0.0002657572428385417
    ],
    "v1_curve": [
      6.743680975906757,
      8.977567195205715,
      10.686757798442107,
      14.33636563975307,
      16.032973122297545,
      20.213357049753228,
      23.954824184521506,
      30.2833489134644,
      34.19184203273585,
      39.80404094969801,
      46.880938140474484,
      52.36548413113,
      58.79906637729511,
      67.12219182874108,
      75.32287625986892,
      86.90289295693235,
      97.41456140320417,
      108.39454790741931,
      121.87977100512579,
      136.3889862982457,
      153.72712221478494,
      173.90663095204408,
      194.2124588769676,
      215.5158906695438,
      242.9060223849409,
      264.8287652677351,
      290.65468133214944,
      308.39336525683166,
      331.1889880563599,
      346.02089118693505,
      353.95511382046965,
      363.62294366330605,
      370.68379870644407,
      371.72426753498047,
      360.77010220652414,
      353.67416947263484,
      330.337050478471,
      314.610537983034,
      291.35414143137194,
      264.17259581105316,
      238.25825628823299,
      210.8572342725949,
      184.57847773368,
      164.4076623001809,
      135.99300314370518,
      115.1853000906119,
      91.56014559692541,
      76.00450447230894,
      56.6624646497314,
      43.907289326514096,
      33.6967486373193,
      26.39688169422938,
      19.707242517134624,
      14.544561765811288,
      9.317468570299015,
      7.318825106630594,
      4.678227664731349,
      3.2747714517492588,
      2.067111851823207,
      1.361891520128069,
      0.825306959648697
    ]
  },
  "p_high": 0.01699150424787606,
  "p_high_mf": 0.009995002498750625,
  "p_low": 0.9835082458770614,
  "p_low_mf": 0.9905047476261869,
  "p_two_sided": 0.03398300849575212,
  "p_two_sided_mf": 0.01999000499750125,
  "provenance": {
    "dat_url": "GAUSSIAN_CONTROL_FROM: https://github.com/gradient-pulse/phi-mesh/releases/download/data-2026-02-15-planck-lensing-R3/planck_pr3_lensing_mv_dat_klm.fits",
    "mf_url": "GAUSSIAN_CONTROL_MF_ZERO_FROM: https://github.com/gradient-pulse/phi-mesh/releases/download/data-2026-02-15-planck-lensing-R3/planck_pr3_lensing_mv_mf_klm.fits"
  },
  "seed": 731,
  "surrogate": {
    "D0_mean": 0.010586324735873488,
    "D0_std": 0.006157830655647342,
    "D1_mean": 15.874643579590357,
    "D1_std": 7.150263138297886,
    "D_mf_mean": 15.874647356411133,
    "D_mf_std": 7.150265241286306,
    "v0_mean_curve": [
      0.9984848785400399,
      0.9979068018595374,
      0.9971380379994701,
      0.9961276162465406,
      0.9948155937194811,
      0.9931297073364258,
      0.9909830818176253,
      0.9882780799865727,
      0.9849061749776198,
      0.9807438704172765,
      0.9756489041646308,
      0.9694789886474586,
      0.9620784174601228,
      0.9532844250996916,
      0.9429390652974456,
      0.9308807353973386,
      0.9169615128835029,
      0.9010448996225989,
      0.883003344217936,
      0.8627391249338792,
      0.8401851081848147,
      0.8153007036844864,
      0.7881233997344983,
      0.7586946684519456,
      0.7271350224812833,
      0.6935998789469398,
      0.6582828451792402,
      0.6214430033365891,
      0.5833761399586987,
      0.5444000002543125,
      0.5048881696065273,
      0.46520627339681003,
      0.42575289726257304,
      0.3869025980631513,
      0.349049910227457,
      0.3125132325490315,
      0.27762443542480525,
      0.2446536496480306,
      0.213830590565999,
      0.18532298405965167,
      0.15921365229288761,
      0.1355795625050863,
      0.11440302149454762,
      0.09564497756958026,
      0.07920773188273127,
      0.06495201746622725,
      0.052740304946899436,
      0.042395117441813165,
      0.03373509661356606,
      0.026566621780395525,
      0.02069682375590006,
      0.015952547073364264,
      0.012166865666707362,
      0.009175524393717431,
      0.006843655268351238,
      0.005046716054280601,
      0.0036803900400797468,
      0.0026512304941813188,
      0.0018877703348795572,
      0.001328109741210939,
      0.0009225591023763026
    ],