{
  "diagnostics": {
    "excess_kurt_x_obs": 0.02997233241939723,
    "imag_frac_nonzero_eps1e-12": 0.9937888198757764,
    "imag_max_abs": 0.02958572845918546,
    "skew_x_obs": -0.04917174698698345,
    "v1_delta_bandwidth_dnu": 0.10000000000000009,
    "v1_symmetry_corr": 0.999538913145237,
    "verify_l2_from_curves": {
      "D0_match": true,
      "D0_recomputed": 0.004703362529323497,
      "D0_reported": 0.004703362529323497,
      "D1_match": true,
      "D1_recomputed": 29.971938680641436,
      "D1_reported": 29.971938680641436,
      "tol_abs": 1e-12,
      "tol_rel": 1e-10,
      "verify_dnu": 0.10000000000000009
    }
  },
  "hint": "This script compares observed morphology against phase-randomized surrogates that preserve |a_lm|. V0(nu) is excursion-set area fraction; V1(nu) is a perimeter proxy estimated from |\u2207x| in a nu-band. Distances D0 and D1 are L2 distances (sqrt(sum((a-b)^2)*dnu)) to surrogate-mean curves. D_mf combines them as sqrt(D0^2 + D1^2). Z_mf is the scale-free combined z-distance.",
  "kind": "planck_pr3_lensing_phi_topology_mf_v0_v1",
  "lmax": 320,
  "metric": "Minkowski-style morphology: V0(area) + V1(perimeter proxy) vs phase-random surrogates",
  "n_sims": 2000,
  "nside": 256,
  "observed": {
    "D0_L2": 0.004703362529323497,
    "D0_sum_sq_legacy": 0.00022121619082244307,
    "D1_L2": 29.971938680641436,
    "D1_sum_sq_legacy": 8983.171082761295,
    "D_mf": 29.971939049680273,
    "Z0": 4.008356295438286,
    "Z1": 3.0410100064731616,
    "Z_mf": 5.031367811107596,
    "map_mean": -3.908738312590846e-08,
    "map_std": 0.06143254495969393,
    "v0_curve": [
      0.9983876546223959,
      0.9977836608886719,
      0.9969991048177084,
      0.9959678649902344,
      0.9945398966471354,
      0.9929466247558594,
      0.9907709757486979,
      0.9881210327148438,
      0.9847628275553385,
      0.9805450439453125,
      0.9755083719889323,
      0.9693018595377604,
      0.9620831807454427,
      0.9534835815429688,
      0.9434903462727865,
      0.9316749572753906,
      0.9180590311686198,
      0.9023628234863281,
      0.8843574523925781,
      0.8642285664876302,
      0.841851552327474,
      0.8171946207682291,
      0.790337880452474,
      0.7606379191080729,
      0.7284800211588541,
      0.6946614583333334,
      0.659173329671224,
      0.6216913859049479,
      0.5830459594726562,
      0.5435345967610677,
      0.5035616556803385,
      0.4635149637858073,
      0.4235979715983073,
      0.3847007751464844,
      0.3470662434895833,
      0.3103930155436198,
      0.27533849080403644,
      0.2425257364908854,
      0.21175130208333334,
      0.1834564208984375,
      0.1573053995768229,
      0.13402684529622397,
      0.11345672607421875,
      0.09500503540039062,
      0.07911046346028645,
      0.0654157002766927,
      0.05343755086263021,
      0.043322245279947914,
      0.034619649251302086,
      0.027472178141276043,
      0.021691640218098957,
      0.016754150390625,
      0.012957255045572916,
      0.009886423746744791,
      0.007451375325520833,
      0.00557708740234375,
      0.004159291585286458,
      0.0030314127604166665,
      0.0022290547688802085,
      0.0015869140625,
      0.0011456807454427083
    ],
    "v1_curve": [
      14.901048475947237,
      25.51556279461314,
      25.587670553301013,
      36.17082967223897,
      55.34416463060393,
      55.30071123575513,
      73.6093158700973,
      92.3164386214616,
      113.93782153483251,
      143.62130119117413,
      180.4229523984233,
      210.97742736517847,
      239.88292146301933,
      290.1438076738784,
      356.84739467926056,
      390.7985950815802,
      468.45601051418515,
      547.5001690982206,
      615.4306067635463,
      686.2191078686689,
      748.7672638654024,
      842.8229300812611,
      913.3838857009326,
      1001.6460989170051,
      1064.4708553188798,
      1117.7962534980402,
      1183.6872030703396,
      1232.0044465193293,
      1261.191329345507,
      1286.2977300633418,
      1334.3374349943238,
      1285.3859103180732,
      1267.2928019161902,
      1225.094412259787,
      1206.1928179737558,
      1139.8536085659985,
      1095.1331039349034,
      1038.8040831417163,
      949.735216760988,
      866.9262849642812,
      793.1281136135407,
      699.1697700621771,
      623.6498375783852,
      533.1888235264273,
      456.7146348240371,
      404.8875033584432,
      344.70621468715916,
      287.6210482335601,
      254.524391463865,
      200.78201376347013,
      171.3337749388908,
      134.90235993560188,
      104.8139217546099,
      83.08902565842976,
      65.96478111540544,
      48.21694088758648,
      37.58892708524734,
      26.401260230346857,
      21.42662969141816,
      15.845298710034102,
      10.83663535235318
    ]
  },
  "p_high": 0.004497751124437781,
  "p_high_mf": 0.00399800099950025,
  "p_low": 0.9960019990004998,
  "p_low_mf": 0.9965017491254373,
  "p_two_sided": 0.008995502248875561,
  "p_two_sided_mf": 0.0079960019990005,
  "provenance": {
    "dat_url": "GAUSSIAN_CONTROL_FROM: https://github.com/gradient-pulse/phi-mesh/releases/download/data-2026-02-15-planck-lensing-R3/planck_pr3_lensing_mv_dat_klm.fits",
    "mf_url": "GAUSSIAN_CONTROL_MF_ZERO_FROM: https://github.com/gradient-pulse/phi-mesh/releases/download/data-2026-02-15-planck-lensing-R3/planck_pr3_lensing_mv_mf_klm.fits"
  },
  "seed": 731,
  "surrogate": {
    "D0_mean": 0.0013984616762668439,
    "D0_std": 0.0008245027660883837,
    "D1_mean": 20.988774619015,
    "D1_std": 2.954006742005016,
    "D_mf_mean": 20.988774678786772,
    "D_mf_std": 2.9540067633574294,
    "v0_mean_curve": [
      0.9986849301656084,
      0.9981765232086167,
      0.9974957574208552,
      0.9965922775268562,
      0.9954066855112704,
      0.9938681748708076,
      0.9918903020222983,
      0.9893724295298265,
      0.9861986840565998,
      0.9822423400878916,
      0.9773578974405929,
      0.971390920639037,
      0.9641722113291421,
      0.9555244146982825,
      0.9452715930938733,
      0.9332400576273596,
      0.9192663402557393,
      0.9031925487518295,
      0.8848897819519045,
      0.8642605533599852,
      0.8412300910949703,
      0.8157964541117342,
      0.7879700419108074,
      0.7578303114573156,
      0.7255225620269783,
      0.6912200183868402,
      0.6551705048878987,
      0.6176651217142729,
      0.57901238822937,
      0.5395899257659917,
      0.49979152361551926,
      0.45999033927917454,
      0.42059166081746396,
      0.3819747161865233,
      0.34451301638285226,
      0.30851603698730484,
      0.2742718385060624,
      0.24201867421468062,
      0.21194099426269522,
      0.18416486994425443,
      0.15877593167622886,
      0.13580233001708997,
      0.1152053502400717,
      0.09693438466390006,
      0.08088175900777198,
      0.06692328071594228,
      0.05490150515238449,
      0.04465722020467117,
      0.03601068878173828,
      0.02878430747985839,
      0.02280574162801106,
      0.017907143274943037,
      0.013936574935913089,
      0.010749640146891289,
      0.008215822855631522,
      0.0062222913106282605,
      0.004668913523356121,
      0.0034723924001057956,
      0.002556797663370771,
      0.0018652248382568385,
      0.0013494389851888024
    ],