{
  "diagnostics": {
    "excess_kurt_x_obs": -0.07395270096306561,
    "imag_frac_nonzero_eps1e-12": 0.9846153846153847,
    "imag_max_abs": 0.015402011654184544,
    "skew_x_obs": -0.048281331883182434,
    "v1_delta_bandwidth_dnu": 0.10000000000000009,
    "v1_symmetry_corr": 0.9810348471777461,
    "verify_l2_from_curves": {
      "D0_match": true,
      "D0_recomputed": 0.006582986095690143,
      "D0_reported": 0.006582986095690143,
      "D1_match": true,
      "D1_recomputed": 13.17630118597085,
      "D1_reported": 13.17630118597085,
      "tol_abs": 1e-12,
      "tol_rel": 1e-10,
      "verify_dnu": 0.10000000000000009
    }
  },
  "hint": "This script compares observed morphology against phase-randomized surrogates that preserve |a_lm|. V0(nu) is excursion-set area fraction; V1(nu) is a perimeter proxy estimated from |\u2207x| in a nu-band. Distances D0 and D1 are L2 distances (sqrt(sum((a-b)^2)*dnu)) to surrogate-mean curves. D_mf combines them as sqrt(D0^2 + D1^2). Z_mf is the scale-free combined z-distance.",
  "kind": "planck_pr3_lensing_phi_topology_mf_v0_v1",
  "lmax": 128,
  "metric": "Minkowski-style morphology: V0(area) + V1(perimeter proxy) vs phase-random surrogates",
  "n_sims": 2000,
  "nside": 256,
  "observed": {
    "D0_L2": 0.006582986095690143,
    "D0_sum_sq_legacy": 0.00043335705936049725,
    "D1_L2": 13.17630118597085,
    "D1_sum_sq_legacy": 1736.1491294341665,
    "D_mf": 13.176302830427158,
    "Z0": -0.37506278365827955,
    "Z1": -0.3362546765460694,
    "Z_mf": 0.5037254204272394,
    "map_mean": -2.570798751915654e-08,
    "map_std": 0.0310132699710311,
    "v0_curve": [
      0.9987742106119791,
      0.9982732137044271,
      0.9975166320800781,
      0.9965426127115885,
      0.9952494303385416,
      0.9936307271321615,
      0.9914296468098959,
      0.9887746175130209,
      0.9854049682617188,
      0.9810740152994791,
      0.9757499694824219,
      0.969458262125651,
      0.961755116780599,
      0.9526888529459635,
      0.9420725504557291,
      0.929876963297526,
      0.9160308837890625,
      0.9001782735188802,
      0.8822135925292969,
      0.862402598063151,
      0.840033213297526,
      0.8153101603190104,
      0.7881584167480469,
      0.7587687174479166,
      0.7274131774902344,
      0.6939531962076823,
      0.6587498982747396,
      0.6218744913736979,
      0.5837593078613281,
      0.5445632934570312,
      0.5044225056966146,
      0.4641761779785156,
      0.4249280293782552,
      0.3857320149739583,
      0.3481038411458333,
      0.3114763895670573,
      0.2768109639485677,
      0.24408849080403647,
      0.21329371134440103,
      0.18469746907552084,
      0.158660888671875,
      0.1351598103841146,
      0.11424763997395833,
      0.09582010904947917,
      0.07945760091145833,
      0.06541697184244792,
      0.05339813232421875,
      0.04326502482096354,
      0.03478240966796875,
      0.027547200520833332,
      0.021706899007161457,
      0.016747792561848957,
      0.012742360432942709,
      0.009563446044921875,
      0.007096608479817708,
      0.005232493082682292,
      0.003757476806640625,
      0.0026880900065104165,
      0.0018819173177083333,
      0.0012334187825520833,
      0.0008061726888020834
    ],
    "v1_curve": [
      2.922264626102029,
      4.526172562967142,
      5.723710536140628,
      7.98606022674264,
      10.517700490832684,
      12.934887991403098,
      16.61928482896311,
      21.26220928370941,
      27.66292662506603,
      32.7185866282176,
      40.74299489842517,
      49.152211381471034,
      58.59982727437269,
      70.49972598637466,
      80.87493722833003,
      95.61845492303206,
      107.67163711253964,
      123.87739400521758,
      138.86484501910599,
      157.55041630494017,
      175.55015440597165,
      195.63245392686832,
      212.84109519852905,
      232.77227136171464,
      254.14348068741057,
      270.988515662598,
      289.9745002549224,
      303.3631485713675,
      314.99518085218875,
      327.4448355348418,
      335.2070324437617,
      340.31346461789184,
      338.38337192381925,
      339.7097637655446,
      333.7617929268593,
      326.2116870743668,
      311.9030066120045,
      300.35959878206586,
      289.6378183803635,
      279.5004902143659,
      258.12475910350827,
      235.97297314789645,
      216.50968322832125,
      194.49700539250512,
      173.2804470758486,
      152.13004416232798,
      130.69214917690368,
      116.67295102393716,
      98.83651837531539,
      85.54104708177846,
      69.3158946086951,
      58.04216521235237,
      46.117469819839435,
      33.725266617594535,
      27.739733559764634,
      21.84692815803528,
      15.387357999221866,
      12.072891587818075,
      8.076989910984397,
      5.973543898736112,
      3.746742004718817
    ]
  },
  "p_high": 0.5812093953023488,
  "p_high_mf": 0.5612193903048476,
  "p_low": 0.4192903548225887,
  "p_low_mf": 0.43928035982008995,
  "p_two_sided": 0.8385807096451774,
  "p_two_sided_mf": 0.8785607196401799,
  "provenance": {
    "dat_url": "GAUSSIAN_CONTROL_FROM: https://github.com/gradient-pulse/phi-mesh/releases/download/data-2026-02-15-planck-lensing-R3/planck_pr3_lensing_mv_dat_klm.fits",
    "mf_url": "GAUSSIAN_CONTROL_MF_ZERO_FROM: https://github.com/gradient-pulse/phi-mesh/releases/download/data-2026-02-15-planck-lensing-R3/planck_pr3_lensing_mv_mf_klm.fits"
  },
  "seed": 731,
  "surrogate": {
    "D0_mean": 0.008400993493952232,
    "D0_std": 0.0048472081941312506,
    "D1_mean": 15.379621251469638,
    "D1_std": 6.5525335978395445,
    "D_mf_mean": 15.379623725698092,
    "D_mf_std": 6.552534968603382,
    "v0_mean_curve": [
      0.9989194761912038,
      0.9984609050750736,
      0.9978365109761552,
      0.9969942785898843,
      0.9958728923797614,
      0.9943974844614646,
      0.9924769102732341,
      0.9900043767293291,
      0.9868690649668359,
      0.9829319286346448,
      0.9780416590372717,
      0.9720381291707343,
      0.9647512569427494,
      0.9560008544921873,
      0.9456158059438079,
      0.9334161383310956,
      0.9192394917805979,
      0.9029346663157136,
      0.8843906332651785,
      0.8635130259195972,
      0.8402581888834638,
      0.8146168200174969,
      0.7866111717224119,
      0.7563342742919941,
      0.7239325396219868,
      0.6895962657928469,
      0.6535685558319104,
      0.6161387786865243,
      0.5776329612731936,
      0.5383931814829502,
      0.498801283518474,
      0.45924027315775623,
      0.4200992406209315,
      0.38174044926961265,
      0.34450399462382036,
      0.30871645545959486,
      0.2746587104797364,
      0.24256834983825679,
      0.2126174392700197,
      0.18493888600667313,
      0.15960338719685863,
      0.13664523061116562,
      0.11604767735799161,
      0.09774426841735834,
      0.08164388084411618,
      0.06762003644307471,
      0.05551439285278327,
      0.045176734924316404,
      0.03643144480387371,
      0.029118090947469026,
      0.023058142979939786,
      0.018087932586669953,
      0.01405549558003743,
      0.010814971288045254,
      0.00823958524068196,
      0.006215531667073572,
      0.004640585581461585,
      0.003429210662841789,
      0.0025073509216308612,
      0.001812825520833331,
      0.0012951742808024096
    ],