{
  "diagnostics": {
    "excess_kurt_x_obs": 0.06047456082075575,
    "imag_frac_nonzero_eps1e-12": 0.9846153846153847,
    "imag_max_abs": 0.02700077975408317,
    "skew_x_obs": 0.10233944421130348,
    "v1_delta_bandwidth_dnu": 0.10000000000000009,
    "v1_symmetry_corr": 0.9982252327132646,
    "verify_l2_from_curves": {
      "D0_match": true,
      "D0_recomputed": 0.009030295493708968,
      "D0_reported": 0.009030295493708968,
      "D1_match": true,
      "D1_recomputed": 10.794332359876966,
      "D1_reported": 10.794332359876966,
      "tol_abs": 1e-12,
      "tol_rel": 1e-10,
      "verify_dnu": 0.10000000000000009
    }
  },
  "hint": "This script compares observed morphology against phase-randomized surrogates that preserve |a_lm|. V0(nu) is excursion-set area fraction; V1(nu) is a perimeter proxy estimated from |\u2207x| in a nu-band. Distances D0 and D1 are L2 distances (sqrt(sum((a-b)^2)*dnu)) to surrogate-mean curves. D_mf combines them as sqrt(D0^2 + D1^2). Z_mf is the scale-free combined z-distance.",
  "kind": "planck_pr3_lensing_phi_topology_mf_v0_v1",
  "lmax": 128,
  "metric": "Minkowski-style morphology: V0(area) + V1(perimeter proxy) vs phase-random surrogates",
  "n_sims": 2000,
  "nside": 256,
  "observed": {
    "D0_L2": 0.009030295493708968,
    "D0_sum_sq_legacy": 0.0008154623670370044,
    "D1_L2": 10.794332359876966,
    "D1_sum_sq_legacy": 1165.1761109548693,
    "D_mf": 10.794336137147283,
    "Z0": -0.3172493347918569,
    "Z1": -0.7376944116601171,
    "Z_mf": 0.8030194178352363,
    "map_mean": 7.135488244684972e-09,
    "map_std": 0.031028619684998374,
    "v0_curve": [
      0.9990971883138021,
      0.9986673990885416,
      0.9980456034342448,
      0.997229258219401,
      0.9962107340494791,
      0.9948565165201823,
      0.9930089314778646,
      0.9906298319498698,
      0.9876276652018229,
      0.9838600158691406,
      0.9792645772298177,
      0.9735018412272135,
      0.966711680094401,
      0.9584541320800781,
      0.9484685262044271,
      0.9364344278971354,
      0.9224370320638021,
      0.9063199361165365,
      0.8879407246907552,
      0.8671048482259115,
      0.8437042236328125,
      0.8178761800130209,
      0.7892061869303385,
      0.7580591837565104,
      0.7247708638509115,
      0.6886571248372396,
      0.6512858072916666,
      0.6126378377278646,
      0.5729688008626302,
      0.5324923197428385,
      0.49184926350911456,
      0.4516716003417969,
      0.4124094645182292,
      0.37402979532877606,
      0.3373832702636719,
      0.30213038126627606,
      0.26877593994140625,
      0.23742294311523438,
      0.20827102661132812,
      0.18167877197265625,
      0.1572087605794271,
      0.13518524169921875,
      0.1155840555826823,
      0.09807586669921875,
      0.08277002970377605,
      0.06975809733072917,
      0.058147430419921875,
      0.048177083333333336,
      0.039546966552734375,
      0.032314300537109375,
      0.026159922281901043,
      0.021191914876302082,
      0.017183939615885418,
      0.013647715250651041,
      0.01064300537109375,
      0.008256276448567709,
      0.006305694580078125,
      0.004812876383463542,
      0.0036799112955729165,
      0.0027516682942708335,
      0.002010345458984375
    ],
    "v1_curve": [
      2.504309968671756,
      3.633464662488166,
      5.382375303763244,
      7.1450339903647375,
      8.876161436876398,
      13.011074373953848,
      15.438383789697793,
      20.873051737845024,
      27.69021708887192,
      33.44179037700787,
      41.9242679434761,
      53.26055286666048,
      69.57980914372042,
      83.39889687346634,
      99.575758595236,
      121.72414049443111,
      142.79579680242304,
      158.9686747264658,
      180.3665202853804,
      204.2738629929521,
      226.56148882288056,
      249.61291502871052,
      269.2646163455032,
      293.7262716715216,
      320.1797613305517,
      334.24844054868123,
      348.95089444210623,
      356.5916474815562,
      369.66463716908424,
      367.06360845452417,
      369.14790719134885,
      360.2710604895636,
      348.16081748182654,
      340.9179926728249,
      320.20033849940415,
      303.9303785826266,
      286.3148403345779,
      258.223297173615,
      242.44969656877038,
      222.04265282708153,
      201.62054225506577,
      181.50919102319475,
      159.70245365022708,
      136.5132842269202,
      123.0756927269637,
      104.94930696976688,
      87.31241452669104,
      71.32476895114955,
      60.90388258536647,
      48.39894953785337,
      41.2919784530403,
      33.78236818466689,
      27.60323987389301,
      23.894888576341263,
      19.03022011049446,
      15.192985537661013,
      12.01931475379845,
      9.315792443788556,
      7.1635333073603125,
      5.9841951132143425,
      4.447349843060307
    ]
  },
  "p_high": 0.5492253873063468,
  "p_high_mf": 0.7306346826586707,
  "p_low": 0.4512743628185907,
  "p_low_mf": 0.2698650674662669,
  "p_two_sided": 0.9025487256371814,
  "p_two_sided_mf": 0.5397301349325337,
  "provenance": {
    "dat_url": "GAUSSIAN_CONTROL_FROM: https://github.com/gradient-pulse/phi-mesh/releases/download/data-2026-02-15-planck-lensing-R3/planck_pr3_lensing_mv_dat_klm.fits",
    "mf_url": "GAUSSIAN_CONTROL_MF_ZERO_FROM: https://github.com/gradient-pulse/phi-mesh/releases/download/data-2026-02-15-planck-lensing-R3/planck_pr3_lensing_mv_mf_klm.fits"
  },
  "seed": 731,
  "surrogate": {
    "D0_mean": 0.011128392113159443,
    "D0_std": 0.006613399586249747,
    "D1_mean": 16.10567254996719,
    "D1_std": 7.199919243169422,
    "D_mf_mean": 16.105676644931872,
    "D_mf_std": 7.199921720265817,
    "v0_mean_curve": [
      0.998697912851967,
      0.9981867834726981,
      0.9975020141601559,
      0.9965940373738624,
      0.9954019082387286,
      0.9938539307912192,
      0.9918643658955903,
      0.9893330955505366,
      0.9861516030629484,
      0.9821859931945789,
      0.9772935899098696,
      0.9713181495666486,
      0.9640939502716076,
      0.9554411519368481,
      0.9451833699544259,
      0.9331505158742268,
      0.9191689802805593,
      0.9030905850728359,
      0.8847834008534746,
      0.8641531829833984,
      0.8411294867197668,
      0.81568877919515,
      0.7878742008209235,
      0.7577478892008459,
      0.7254557565053307,
      0.6911643664042145,
      0.6551229890187579,
      0.6176312077840176,
      0.5790111446380614,
      0.539620129267374,
      0.49984650866190644,
      0.46008015187581447,
      0.42072290293375747,
      0.3821412620544437,
      0.344693829854329,
      0.3087182604471844,
      0.27449679946899413,
      0.24226518567403146,
      0.21219970703125018,
      0.18443247731526663,
      0.15903797976175973,
      0.13604349390665715,
      0.11542781766255697,
      0.09711875279744464,
      0.081028351465861,
      0.06702428118387856,
      0.0549685675303143,
      0.044684419631957996,
      0.036000775019327774,
      0.028740746180216444,
      0.022736583073933923,
      0.017820969263712537,
      0.013829689661661747,
      0.010626907984415686,
      0.008085006713867197,
      0.006091224670410152,
      0.0045422465006510395,
      0.003350967407226566,
      0.0024457524617513024,
      0.0017659009297688807,
      0.0012623240152994796
    ],