{
  "diagnostics": {
    "excess_kurt_x_obs": -0.02227793226447128,
    "imag_frac_nonzero_eps1e-12": 0.9937888198757764,
    "imag_max_abs": 0.025326409370378906,
    "skew_x_obs": 0.002923718238020623,
    "v1_delta_bandwidth_dnu": 0.10000000000000009,
    "v1_symmetry_corr": 0.9963502062447439,
    "verify_l2_from_curves": {
      "D0_match": true,
      "D0_recomputed": 0.0011850449658161104,
      "D0_reported": 0.0011850449658161104,
      "D1_match": true,
      "D1_recomputed": 20.73538651939432,
      "D1_reported": 20.73538651939432,
      "tol_abs": 1e-12,
      "tol_rel": 1e-10,
      "verify_dnu": 0.10000000000000009
    }
  },
  "hint": "This script compares observed morphology against phase-randomized surrogates that preserve |a_lm|. V0(nu) is excursion-set area fraction; V1(nu) is a perimeter proxy estimated from |\u2207x| in a nu-band. Distances D0 and D1 are L2 distances (sqrt(sum((a-b)^2)*dnu)) to surrogate-mean curves. D_mf combines them as sqrt(D0^2 + D1^2). Z_mf is the scale-free combined z-distance.",
  "kind": "planck_pr3_lensing_phi_topology_mf_v0_v1",
  "lmax": 320,
  "metric": "Minkowski-style morphology: V0(area) + V1(perimeter proxy) vs phase-random surrogates",
  "n_sims": 2000,
  "nside": 256,
  "observed": {
    "D0_L2": 0.0011850449658161104,
    "D0_sum_sq_legacy": 1.4043315710061048e-05,
    "D1_L2": 20.73538651939432,
    "D1_sum_sq_legacy": 4299.562541086793,
    "D_mf": 20.735386553257484,
    "Z0": -0.5813986351489777,
    "Z1": -0.15103969961534788,
    "Z_mf": 0.600697397874328,
    "map_mean": -2.733132078557715e-08,
    "map_std": 0.06210230965901326,
    "v0_curve": [
      0.9987309773763021,
      0.998199462890625,
      0.9975407918294271,
      0.9966634114583334,
      0.9955050150553385,
      0.9940198262532552,
      0.9920654296875,
      0.9895108540852865,
      0.9863243103027344,
      0.982336680094401,
      0.9774017333984375,
      0.9714571634928385,
      0.9642868041992188,
      0.9556884765625,
      0.9453175862630209,
      0.9332796732584635,
      0.9190228780110677,
      0.902685801188151,
      0.8846359252929688,
      0.8636792500813802,
      0.8407033284505209,
      0.8152898152669271,
      0.7875315348307291,
      0.7576548258463541,
      0.7254664103190104,
      0.6911773681640625,
      0.6548639933268229,
      0.6175613403320312,
      0.5793571472167969,
      0.5397987365722656,
      0.49967320760091144,
      0.4600575764973958,
      0.42057545979817706,
      0.38191986083984375,
      0.3444073994954427,
      0.3086738586425781,
      0.27456410725911456,
      0.24236424763997397,
      0.21231969197591147,
      0.1843109130859375,
      0.15887451171875,
      0.13569513956705728,
      0.11524073282877605,
      0.09734471638997395,
      0.08150482177734375,
      0.0674146016438802,
      0.055084228515625,
      0.044940948486328125,
      0.03616968790690104,
      0.028897603352864582,
      0.022935231526692707,
      0.017896016438802082,
      0.013866424560546875,
      0.010587056477864584,
      0.007925669352213541,
      0.005957285563151042,
      0.004505157470703125,
      0.0032946268717447915,
      0.0023867289225260415,
      0.0017522176106770833,
      0.0012639363606770833
    ],
    "v1_curve": [
      10.883927815475364,
      15.433692228497398,
      20.681206618926886,
      25.822000852844358,
      33.4205444894878,
      45.75940220113657,
      60.54859983806623,
      74.89884896685136,
      98.43193030281279,
      119.35697367402368,
      148.54187398731034,
      174.79187850344843,
      214.29837167472542,
      256.3233148963064,
      312.9458700349866,
      367.7108387155611,
      435.02270887084575,
      483.86608627681454,
      559.2562723616378,
      634.5849420371646,
      700.3065353821985,
      769.5299235404923,
      855.4195562727185,
      920.8014734392661,
      999.150110124585,
      1068.301869009738,
      1131.4941545454822,
      1169.5424590619862,
      1212.2755338742168,
      1224.7991394025876,
      1253.2362973834786,
      1263.1976117633674,
      1234.492878431729,
      1214.259414945646,
      1177.9498219216885,
      1139.154561534145,
      1085.9550590420238,
      1038.8636002007422,
      970.9363976794361,
      907.4617669038992,
      819.8019160077531,
      746.7044582108863,
      683.818442363556,
      587.6569807051054,
      526.2582280011519,
      485.25840602149026,
      396.7573054308693,
      351.82617473428223,
      286.1373098997668,
      239.1940203161867,
      206.9137373627903,
      161.72573717449583,
      143.5848856815176,
      110.54649886919114,
      89.73966123479255,
      68.20842321000474,
      55.23558127637986,
      41.97647737915447,
      26.740350331533236,
      23.560557572173778,
      16.042375880871653
    ]
  },
  "p_high": 0.6541729135432284,
  "p_high_mf": 0.5227386306846576,
  "p_low": 0.34632683658170915,
  "p_low_mf": 0.4777611194402799,
  "p_two_sided": 0.6926536731634183,
  "p_two_sided_mf": 0.9555222388805598,
  "provenance": {
    "dat_url": "GAUSSIAN_CONTROL_FROM: https://github.com/gradient-pulse/phi-mesh/releases/download/data-2026-02-15-planck-lensing-R3/planck_pr3_lensing_mv_dat_klm.fits",
    "mf_url": "GAUSSIAN_CONTROL_MF_ZERO_FROM: https://github.com/gradient-pulse/phi-mesh/releases/download/data-2026-02-15-planck-lensing-R3/planck_pr3_lensing_mv_mf_klm.fits"
  },
  "seed": 731,
  "surrogate": {
    "D0_mean": 0.0018229394247493412,
    "D0_std": 0.0010971722676469246,
    "D1_mean": 21.26353834432753,
    "D1_std": 3.4967748630211077,
    "D_mf_mean": 21.263538441291875,
    "D_mf_std": 3.4967749206290963,
    "v0_mean_curve": [
      0.9986403210957832,
      0.9981178073883065,
      0.9974195772806818,
      0.9964970086415609,
      0.9952861315409327,
      0.9937204329172781,
      0.9917084592183445,
      0.9891566727956128,
      0.9859470310211184,
      0.9819540468851721,
      0.9770333614349346,
      0.9710340773264575,
      0.9637833309173576,
      0.9551152534484858,
      0.9448504899342849,
      0.9328253669738783,
      0.9188679663340255,
      0.9028217906951902,
      0.8845659605662047,
      0.8640026868184415,
      0.8410617599487303,
      0.8157245953877781,
      0.7880102450052902,
      0.7580006713867197,
      0.7258132146199563,
      0.6916478226979575,
      0.6557337735493984,
      0.6183305180867501,
      0.579791703542075,
      0.5404478842417396,
      0.5007034104665125,
      0.4609304084777836,
      0.4215287914276112,
      0.3828880653381349,
      0.34535222752889083,
      0.3092653338114421,
      0.2749081649780276,
      0.2425343062082929,
      0.21232289123535208,
      0.18441616249084458,
      0.1589005788167318,
      0.1357997442881264,
      0.11509905052185081,
      0.09673419189453111,
      0.08060332806905102,
      0.06658511352539057,
      0.05452424558003732,
      0.04425512758890798,
      0.03559724299112954,
      0.0283743108113607,
      0.022408592859903965,
      0.017534944534301773,
      0.013594753265380873,
      0.010441345850626643,
      0.007941919326782223,
      0.005985396703084313,
      0.0044650986989339175,
      0.0032996635437011613,
      0.0024141591389973955,
      0.0017483304341634116,
      0.0012545382181803376
    ],