{
  "diagnostics": {
    "excess_kurt_x_obs": 0.004648056448646187,
    "imag_frac_nonzero_eps1e-12": 0.9922480620155039,
    "imag_max_abs": 0.013526874437043621,
    "skew_x_obs": 0.06957135218896893,
    "v1_delta_bandwidth_dnu": 0.10000000000000009,
    "v1_symmetry_corr": 0.997083302150545,
    "verify_l2_from_curves": {
      "D0_match": true,
      "D0_recomputed": 0.006095946902344099,
      "D0_reported": 0.006095946902344099,
      "D1_match": true,
      "D1_recomputed": 24.97925563429323,
      "D1_reported": 24.97925563429323,
      "tol_abs": 1e-12,
      "tol_rel": 1e-10,
      "verify_dnu": 0.10000000000000009
    }
  },
  "hint": "This script compares observed morphology against phase-randomized surrogates that preserve |a_lm|. V0(nu) is excursion-set area fraction; V1(nu) is a perimeter proxy estimated from |\u2207x| in a nu-band. Distances D0 and D1 are L2 distances (sqrt(sum((a-b)^2)*dnu)) to surrogate-mean curves. D_mf combines them as sqrt(D0^2 + D1^2). Z_mf is the scale-free combined z-distance.",
  "kind": "planck_pr3_lensing_phi_topology_mf_v0_v1",
  "lmax": 256,
  "metric": "Minkowski-style morphology: V0(area) + V1(perimeter proxy) vs phase-random surrogates",
  "n_sims": 2000,
  "nside": 256,
  "observed": {
    "D0_L2": 0.006095946902344099,
    "D0_sum_sq_legacy": 0.00037160568636198586,
    "D1_L2": 24.97925563429323,
    "D1_sum_sq_legacy": 6239.632120433696,
    "D_mf": 24.979256378121804,
    "Z0": 1.4752926546217773,
    "Z1": 1.4763182326857611,
    "Z_mf": 2.087104199828408,
    "map_mean": 2.2156195369340524e-08,
    "map_std": 0.049697656728907476,
    "v0_curve": [
      0.9989725748697916,
      0.9985542297363281,
      0.9980074564615885,
      0.9972381591796875,
      0.9961878458658854,
      0.9948132832845052,
      0.9930775960286459,
      0.9907544453938802,
      0.9877154032389323,
      0.9840087890625,
      0.9791971842447916,
      0.9732691446940104,
      0.9660606384277344,
      0.9576390584309896,
      0.9474004109700521,
      0.9352162679036459,
      0.9209874471028646,
      0.9048894246419271,
      0.8861986796061198,
      0.8649012247721354,
      0.8412768046061198,
      0.8155543009440104,
      0.7871271769205729,
      0.7563819885253906,
      0.7236073811848959,
      0.6884511311848959,
      0.6518274943033854,
      0.6142018636067709,
      0.5751851399739584,
      0.535315195719401,
      0.4953880310058594,
      0.4551747639973958,
      0.4157562255859375,
      0.3772735595703125,
      0.34023412068684894,
      0.3051033020019531,
      0.27138519287109375,
      0.23951339721679688,
      0.21016057332356772,
      0.18323135375976562,
      0.15873209635416666,
      0.13610967000325522,
      0.1161664326985677,
      0.09831619262695312,
      0.08273569742838542,
      0.06905492146809895,
      0.05716832478841146,
      0.046819051106770836,
      0.03818511962890625,
      0.030985514322916668,
      0.024964650472005207,
      0.019784291585286457,
      0.015588124593098959,
      0.012257893880208334,
      0.009426116943359375,
      0.0072174072265625,
      0.005476633707682292,
      0.004168192545572917,
      0.0031712849934895835,
      0.002391815185546875,
      0.00174713134765625
    ],
    "v1_curve": [
      12.083567705973685,
      11.1567946096647,
      20.733818491858063,
      26.33531311782465,
      35.07466914516391,
      53.40657317965783,
      54.05502836318585,
      73.32451968865627,
      97.94482994367341,
      110.36005598277407,
      144.23671722666762,
      163.35794966479986,
      200.61602347206798,
      237.67246494042712,
      288.7400900736113,
      346.2032920163086,
      378.0801134288111,
      433.0639535927848,
      489.44375663521663,
      548.3079363270763,
      592.4193078606207,
      656.2834328366752,
      724.8164167585019,
      775.4371587979782,
      812.0752517131218,
      855.6431268159906,
      883.9146457110583,
      898.9977005279086,
      915.6925013004058,
      931.1060198799203,
      929.927743149975,
      909.4406628268237,
      895.0627999773776,
      861.3055674285937,
      818.6081631179347,
      776.7655834551537,
      743.7402608080462,
      685.5568166129368,
      623.6141305721334,
      572.3438312047128,
      517.2072952063947,
      468.16973589511554,
      411.53668679520246,
      371.861030580698,
      314.6550911367982,
      276.3365333965277,
      237.80816209791726,
      201.66005239017554,
      166.37539827971924,
      140.4177690670284,
      117.70270002796727,
      102.38653804414993,
      76.63040245347217,
      64.09091082462189,
      52.98280026861813,
      41.3920628962307,
      31.070927345717394,
      22.950414440603545,
      18.309684479301588,
      15.133347416346735,
      12.339309353914167
    ]
  },
  "p_high": 0.09795102448775612,
  "p_high_mf": 0.08945527236381809,
  "p_low": 0.9025487256371814,
  "p_low_mf": 0.9110444777611194,
  "p_two_sided": 0.19590204897551225,
  "p_two_sided_mf": 0.17891054472763618,
  "provenance": {
    "dat_url": "GAUSSIAN_CONTROL_FROM: https://github.com/gradient-pulse/phi-mesh/releases/download/data-2026-02-15-planck-lensing-R3/planck_pr3_lensing_mv_dat_klm.fits",
    "mf_url": "GAUSSIAN_CONTROL_MF_ZERO_FROM: https://github.com/gradient-pulse/phi-mesh/releases/download/data-2026-02-15-planck-lensing-R3/planck_pr3_lensing_mv_mf_klm.fits"
  },
  "seed": 731,
  "surrogate": {
    "D0_mean": 0.0032177075996761466,
    "D0_std": 0.0019509615896554778,
    "D1_mean": 18.655509730319775,
    "D1_std": 4.283457159821913,
    "D_mf_mean": 18.655510056833,
    "D_mf_std": 4.2834573905277376,
    "v0_mean_curve": [
      0.9986706008911128,
      0.9981558977762846,
      0.9974671764373787,
      0.9965551211039212,
      0.9953583564758314,
      0.9938057753245013,
      0.9918127562205009,
      0.9892759399414047,
      0.986084859848022,
      0.9821038455963128,
      0.9771959260304757,
      0.9712031300862625,
      0.9639587071736653,
      0.9552862091064461,
      0.9450167140960699,
      0.9329725716908776,
      0.9189918835957843,
      0.9029176654815662,
      0.884627868652344,
      0.8640126501719153,
      0.8410213076273604,
      0.8156322917938235,
      0.7878699563344314,
      0.7577976016998285,
      0.7255586687723797,
      0.6913433443705235,
      0.6553746636708581,
      0.6179515075683596,
      0.5793975995381672,
      0.540058207194011,
      0.5003177502950034,
      0.4605697275797533,
      0.42120795377095516,
      0.3826041971842455,
      0.3451200885772698,
      0.30908530108133964,
      0.27479234568278027,
      0.24248181533813512,
      0.2123312753041588,
      0.18446883010864282,
      0.1589893436431885,
      0.13592391967773443,
      0.11524661000569666,
      0.09689729372660312,
      0.08078121439615894,
      0.06676995531717937,
      0.054703238169352124,
      0.0444233303070068,
      0.03575419298807775,
      0.02851621754964191,
      0.022534637451171857,
      0.017645666758219384,
      0.013687515258789067,
      0.010520448048909507,
      0.008008574167887377,
      0.0060380910237630096,
      0.004506940205891922,
      0.0033318462371826185,
      0.0024384555816650377,
      0.0017676296234130854,
      0.00126772944132487
    ],