{
  "diagnostics": {
    "excess_kurt_x_obs": -0.040010993664331806,
    "imag_frac_nonzero_eps1e-12": 0.9896907216494846,
    "imag_max_abs": 0.016384750402749955,
    "skew_x_obs": -0.02560179868178832,
    "v1_delta_bandwidth_dnu": 0.10000000000000009,
    "v1_symmetry_corr": 0.9823889690302439,
    "verify_l2_from_curves": {
      "D0_match": true,
      "D0_recomputed": 0.0024124519732395123,
      "D0_reported": 0.0024124519732395123,
      "D1_match": true,
      "D1_recomputed": 7.733132773738106,
      "D1_reported": 7.733132773738106,
      "tol_abs": 1e-12,
      "tol_rel": 1e-10,
      "verify_dnu": 0.10000000000000009
    }
  },
  "hint": "This script compares observed morphology against phase-randomized surrogates that preserve |a_lm|. V0(nu) is excursion-set area fraction; V1(nu) is a perimeter proxy estimated from |\u2207x| in a nu-band. Distances D0 and D1 are L2 distances (sqrt(sum((a-b)^2)*dnu)) to surrogate-mean curves. D_mf combines them as sqrt(D0^2 + D1^2). Z_mf is the scale-free combined z-distance.",
  "kind": "planck_pr3_lensing_phi_topology_mf_v0_v1",
  "lmax": 192,
  "metric": "Minkowski-style morphology: V0(area) + V1(perimeter proxy) vs phase-random surrogates",
  "n_sims": 2000,
  "nside": 256,
  "observed": {
    "D0_L2": 0.0024124519732395123,
    "D0_sum_sq_legacy": 5.819924523187211e-05,
    "D1_L2": 7.733132773738106,
    "D1_sum_sq_legacy": 598.0134249626236,
    "D_mf": 7.733133150036079,
    "Z0": -0.9446166330958929,
    "Z1": -1.6034646422126622,
    "Z_mf": 1.8610210752024279,
    "map_mean": 7.994885321480072e-08,
    "map_std": 0.040509396518569996,
    "v0_curve": [
      0.998711903889974,
      0.9982121785481771,
      0.9975611368815104,
      0.9966468811035156,
      0.9954134623209635,
      0.9938303629557291,
      0.9916852315266927,
      0.9891395568847656,
      0.9858385721842448,
      0.981878916422526,
      0.976776123046875,
      0.9707323710123698,
      0.9631640116373698,
      0.9543851216634115,
      0.9440816243489584,
      0.9319012959798177,
      0.9178047180175781,
      0.9016596476236979,
      0.8834724426269531,
      0.8627497355143229,
      0.840057373046875,
      0.8148956298828125,
      0.787408192952474,
      0.7573598225911459,
      0.7249704996744791,
      0.6913439432779948,
      0.6558011372884115,
      0.6190541585286459,
      0.5808181762695312,
      0.5421269734700521,
      0.502447764078776,
      0.46297963460286456,
      0.42368189493815106,
      0.3849843343098958,
      0.3472646077473958,
      0.31145604451497394,
      0.2768694559733073,
      0.244354248046875,
      0.21380742390950522,
      0.1855036417643229,
      0.1597442626953125,
      0.13616434733072916,
      0.11494954427083333,
      0.09600575764973958,
      0.07985941569010417,
      0.06560134887695312,
      0.05336634318033854,
      0.04305140177408854,
      0.034441630045572914,
      0.027394612630208332,
      0.021764119466145832,
      0.016911824544270832,
      0.013020833333333334,
      0.009915669759114584,
      0.007489522298177083,
      0.005598704020182292,
      0.004154205322265625,
      0.0030072530110677085,
      0.0021375020345052085,
      0.0015767415364583333,
      0.0011316935221354167
    ],
    "v1_curve": [
      17.90079724117508,
      19.930285736781748,
      31.476646983421443,
      37.452481557856906,
      43.94703013448383,
      61.07308706790899,
      71.86712196301055,
      90.28368318705314,
      98.93889124074228,
      126.51589647924962,
      143.893460683994,
      173.58141491650588,
      186.9095414419848,
      213.04896165286584,
      242.82673939718637,
      274.95651006719163,
      301.57011678952443,
      331.46843215545186,
      361.73082791096516,
      388.03102935339484,
      415.55970640480524,
      450.6797311209912,
      469.8119171922278,
      494.89955221291433,
      515.5510236362511,
      528.3553953350654,
      537.337984629675,
      557.7416120324717,
      552.3444420699778,
      554.1555214232382,
      556.1438381245905,
      545.4770589653908,
      531.2431658033083,
      503.9929101414956,
      487.6295219139792,
      466.48532318220805,
      431.49180410647216,
      405.0147537382471,
      373.44402161462097,
      340.55450027624306,
      310.3731020117042,
      274.2689139028562,
      243.67556149458935,
      213.70633628459856,
      185.53524530699661,
      160.33485621686157,
      137.41583873752154,
      115.38967896715572,
      95.1912182948464,
      76.9072296115645,
      63.557585547855666,
      53.456042242072,
      42.961095363514104,
      32.081446820422975,
      26.550183798076635,
      20.024982127391095,
      15.035427355027288,
      11.816953473528589,
      8.17684130890032,
      6.2099829347594,
      4.742154133955673
    ]
  },
  "p_high": 0.8265867066466767,
  "p_high_mf": 0.9970014992503748,
  "p_low": 0.17391304347826086,
  "p_low_mf": 0.0034982508745627187,
  "p_two_sided": 0.34782608695652173,
  "p_two_sided_mf": 0.0069965017491254375,
  "provenance": {
    "dat_url": "GAUSSIAN_CONTROL_FROM: https://github.com/gradient-pulse/phi-mesh/releases/download/data-2026-02-15-planck-lensing-R3/planck_pr3_lensing_mv_dat_klm.fits",
    "mf_url": "GAUSSIAN_CONTROL_MF_ZERO_FROM: https://github.com/gradient-pulse/phi-mesh/releases/download/data-2026-02-15-planck-lensing-R3/planck_pr3_lensing_mv_mf_klm.fits"
  },
  "seed": 731,
  "surrogate": {
    "D0_mean": 0.004671069725328556,
    "D0_std": 0.0023910416913649236,
    "D1_mean": 15.887942026929158,
    "D1_std": 5.0857431080850155,
    "D_mf_mean": 15.887942765104992,
    "D_mf_std": 5.085743509104419,
    "v0_mean_curve": [
      0.9985055357615154,
      0.9979305076599129,
      0.9971661370595297,
      0.9961598351796463,
      0.9948522917429616,
      0.9931666558583571,
      0.9910236422220844,
      0.9883229096730559,
      0.9849543736775717,
      0.9807979564666746,
      0.9757196032206216,
      0.9695736185709642,
      0.9622117595672633,
      0.9534619986216217,
      0.9431667340596505,
      0.9311646582285559,
      0.9172964293162044,
      0.9014293498992918,
      0.8834249369303383,
      0.8631876335144044,
      0.8406387157440188,
      0.8157537326812728,
      0.7885367749532073,
      0.7590349839528404,
      0.7273747990926109,
      0.6937036902109781,
      0.6582286796569818,
      0.6212236137390128,
      0.5829824142456045,
      0.5438400808970129,
      0.5041773230234788,
      0.4643723939259842,
      0.4248290557861324,
      0.3859304205576583,
      0.34806485366821344,
      0.31157462183634393,
      0.2767761325836182,
      0.24391765403747542,
      0.21322928746541353,
      0.1848576812744138,
      0.15889011192321775,
      0.1353922475179037,
      0.11434852091471356,
      0.09570417467753105,
      0.07936862627665195,
      0.06520371627807625,
      0.0530584678649903,
      0.042758728663126654,
      0.0341210708618164,
      0.026961420694987005,
      0.021086895624796532,
      0.016324268976847318,
      0.012510344187418629,
      0.009486396789550773,
      0.00711511739095052,
      0.005281293233235675,
      0.00387578837076823,
      0.00281453704833984,
      0.0020207780202229787,
      0.001434075037638346,
      0.0010055478413899738
    ],