{
  "diagnostics": {
    "excess_kurt_x_obs": -0.08727569825800918,
    "imag_frac_nonzero_eps1e-12": 0.9846153846153847,
    "imag_max_abs": 0.030856277410567002,
    "skew_x_obs": -0.19838585040741788,
    "v1_delta_bandwidth_dnu": 0.10000000000000009,
    "v1_symmetry_corr": 0.9784010642108343,
    "verify_l2_from_curves": {
      "D0_match": true,
      "D0_recomputed": 0.02253064697899886,
      "D0_reported": 0.02253064697899886,
      "D1_match": true,
      "D1_recomputed": 28.359945471453358,
      "D1_reported": 28.359945471453358,
      "tol_abs": 1e-12,
      "tol_rel": 1e-10,
      "verify_dnu": 0.10000000000000009
    }
  },
  "hint": "This script compares observed morphology against phase-randomized surrogates that preserve |a_lm|. V0(nu) is excursion-set area fraction; V1(nu) is a perimeter proxy estimated from |\u2207x| in a nu-band. Distances D0 and D1 are L2 distances (sqrt(sum((a-b)^2)*dnu)) to surrogate-mean curves. D_mf combines them as sqrt(D0^2 + D1^2). Z_mf is the scale-free combined z-distance.",
  "kind": "planck_pr3_lensing_phi_topology_mf_v0_v1",
  "lmax": 128,
  "metric": "Minkowski-style morphology: V0(area) + V1(perimeter proxy) vs phase-random surrogates",
  "n_sims": 2000,
  "nside": 256,
  "observed": {
    "D0_L2": 0.02253064697899886,
    "D0_sum_sq_legacy": 0.0050763005329227005,
    "D1_L2": 28.359945471453358,
    "D1_sum_sq_legacy": 8042.865071438071,
    "D_mf": 28.359954421223268,
    "Z0": 1.7561780539891858,
    "Z1": 1.9292436825454455,
    "Z_mf": 2.6088584752636077,
    "map_mean": 5.2662256303133426e-08,
    "map_std": 0.03680670231947856,
    "v0_curve": [
      0.9986572265625,
      0.9980201721191406,
      0.9971122741699219,
      0.9958674112955729,
      0.9941609700520834,
      0.9919687906901041,
      0.9890874226888021,
      0.9855664571126302,
      0.9813766479492188,
      0.9762674967447916,
      0.970312754313151,
      0.9632733662923177,
      0.9551467895507812,
      0.9458630879720052,
      0.9354298909505209,
      0.9234911600748698,
      0.9098243713378906,
      0.8947245279947916,
      0.8779347737630209,
      0.8592071533203125,
      0.8385569254557291,
      0.8163159688313802,
      0.7913627624511719,
      0.7639439900716146,
      0.7341817220052084,
      0.70220947265625,
      0.6683311462402344,
      0.6327031453450521,
      0.5955251057942709,
      0.5573959350585938,
      0.5183143615722656,
      0.47846221923828125,
      0.4378929138183594,
      0.39754994710286456,
      0.35759607950846356,
      0.3188680013020833,
      0.28201929728190106,
      0.24764251708984375,
      0.2153803507486979,
      0.18552525838216147,
      0.1581904093424479,
      0.13343302408854166,
      0.11134974161783855,
      0.09135691324869792,
      0.07412465413411458,
      0.059497833251953125,
      0.047238667805989586,
      0.03698603312174479,
      0.028685251871744793,
      0.02184295654296875,
      0.016286214192708332,
      0.012007395426432291,
      0.008838653564453125,
      0.00649261474609375,
      0.004544576009114583,
      0.0030848185221354165,
      0.002086639404296875,
      0.0014139811197916667,
      0.00093841552734375,
      0.0005620320638020834,
      0.0003229777018229167
    ],
    "v1_curve": [
      5.93726083466643,
      7.788367354006188,
      12.219666893788592,
      17.223957683021677,
      22.15071059615822,
      29.933403457671872,
      40.2204500124985,
      46.354257398948064,
      55.22002279408505,
      70.13350662663677,
      79.17689846639284,
      88.09927421567227,
      102.18749045592676,
      117.64809949253385,
      132.43481523419106,
      137.22622152785692,
      150.70221169627425,
      156.81266947369141,
      178.9988229441551,
      190.8407201056906,
      199.00527091046726,
      207.1105096022309,
      222.96806708624095,
      229.11673311087708,
      238.370389233972,
      246.4007592672665,
      256.1947775803885,
      265.7999824801572,
      269.0933307314961,
      270.4078110475037,
      272.9735905334654,
      271.7583130997101,
      269.29175074022595,
      265.4157633520038,
      257.0111054006147,
      240.43861295529848,
      229.21185920353267,
      212.66691921169968,
      194.69181398235415,
      179.78542416983495,
      163.20374160057938,
      146.20293790619715,
      130.99209176538864,
      112.68621799247617,
      99.67230896022598,
      83.23186597594386,
      68.41446704708703,
      57.934379326163935,
      47.3682714118152,
      37.80451544850907,
      29.211186504138702,
      22.401844056377204,
      17.785222900803102,
      13.413704011313722,
      10.112985476829047,
      6.542668524349868,
      5.066947847594166,
      3.521625351793739,
      2.2864308250202297,
      1.486092097195839,
      1.0876254189286105
    ]
  },
  "p_high": 0.06496751624187906,
  "p_high_mf": 0.05347326336831584,
  "p_low": 0.9355322338830585,
  "p_low_mf": 0.9470264867566217,
  "p_two_sided": 0.12993503248375812,
  "p_two_sided_mf": 0.10694652673663169,
  "provenance": {
    "dat_url": "GAUSSIAN_CONTROL_FROM: https://github.com/gradient-pulse/phi-mesh/releases/download/data-2026-02-15-planck-lensing-R3/planck_pr3_lensing_mv_dat_klm.fits",
    "mf_url": "GAUSSIAN_CONTROL_MF_ZERO_FROM: https://github.com/gradient-pulse/phi-mesh/releases/download/data-2026-02-15-planck-lensing-R3/planck_pr3_lensing_mv_mf_klm.fits"
  },
  "seed": 731,
  "surrogate": {
    "D0_mean": 0.011463452519526249,
    "D0_std": 0.006301863546428738,
    "D1_mean": 15.81979915707145,
    "D1_std": 6.500032332792936,
    "D_mf_mean": 15.819803568931103,
    "D_mf_std": 6.500034758215016,
    "v0_mean_curve": [
      0.9993460330963129,
      0.9990056769053158,
      0.9985148061116531,
      0.9978168913523344,
      0.996843945821126,
      0.9955115909576417,
      0.9937189400990802,
      0.9913442459106447,
      0.9882515462239585,
      0.9842938048044849,
      0.9793013572692861,
      0.9730990295410175,
      0.9655132268269855,
      0.9563620662689226,
      0.9454769318898524,
      0.9327025356292724,
      0.9178952121734616,
      0.9009515520731608,
      0.8817830308278397,
      0.860339734395345,
      0.836604390462239,
      0.8106022160847979,
      0.7823969955444336,
      0.7521064542134618,
      0.719881051381429,
      0.6858974819183348,
      0.6503971970876058,
      0.6136307099660232,
      0.5759035231272379,
      0.537527302424113,
      0.49882486406962057,
      0.46013187599182104,
      0.42180248451232794,
      0.3841772638956705,
      0.3475550874074293,
      0.3122348143259686,
      0.2784668000539147,
      0.24648220443725577,
      0.21646474965413448,
      0.18855942535400388,
      0.16287373860677062,
      0.13947890663146964,
      0.11837465731302885,
      0.09953155644734699,
      0.08287987645467124,
      0.06832222239176432,
      0.05573713239034019,
      0.04498597399393718,
      0.03591566912333175,
      0.028352806091308597,
      0.022122283299763967,
      0.017054680506388375,
      0.012988215128580723,
      0.009769406636556002,
      0.007250715891520189,
      0.005311669031778981,
      0.003836957931518561,
      0.002733886718750002,
      0.0019195461273193361,
      0.0013280855814615854,
      0.0009055112202962213
    ],