{
  "diagnostics": {
    "excess_kurt_x_obs": 0.01929399502230611,
    "imag_frac_nonzero_eps1e-12": 0.9922480620155039,
    "imag_max_abs": 0.022354761785806178,
    "skew_x_obs": -0.014096053617820256,
    "v1_delta_bandwidth_dnu": 0.10000000000000009,
    "v1_symmetry_corr": 0.9970692678144386,
    "verify_l2_from_curves": {
      "D0_match": true,
      "D0_recomputed": 0.001995907507349564,
      "D0_reported": 0.001995907507349564,
      "D1_match": true,
      "D1_recomputed": 12.644172815732345,
      "D1_reported": 12.644172815732345,
      "tol_abs": 1e-12,
      "tol_rel": 1e-10,
      "verify_dnu": 0.10000000000000009
    }
  },
  "hint": "This script compares observed morphology against phase-randomized surrogates that preserve |a_lm|. V0(nu) is excursion-set area fraction; V1(nu) is a perimeter proxy estimated from |\u2207x| in a nu-band. Distances D0 and D1 are L2 distances (sqrt(sum((a-b)^2)*dnu)) to surrogate-mean curves. D_mf combines them as sqrt(D0^2 + D1^2). Z_mf is the scale-free combined z-distance.",
  "kind": "planck_pr3_lensing_phi_topology_mf_v0_v1",
  "lmax": 256,
  "metric": "Minkowski-style morphology: V0(area) + V1(perimeter proxy) vs phase-random surrogates",
  "n_sims": 2000,
  "nside": 256,
  "observed": {
    "D0_L2": 0.001995907507349564,
    "D0_sum_sq_legacy": 3.983646777894347e-05,
    "D1_L2": 12.644172815732345,
    "D1_sum_sq_legacy": 1598.7510619410468,
    "D_mf": 12.644172973261306,
    "Z0": -0.04828374026360871,
    "Z1": -1.4755856408690875,
    "Z_mf": 1.47637539369663,
    "map_mean": 2.973712101648346e-08,
    "map_std": 0.04838548491816509,
    "v0_curve": [
      0.9985809326171875,
      0.9980557759602865,
      0.9972991943359375,
      0.9963200887044271,
      0.9950167338053385,
      0.993408203125,
      0.9913991292317709,
      0.988739013671875,
      0.9854749043782552,
      0.9814961751302084,
      0.9766451517740885,
      0.9708213806152344,
      0.9636522928873698,
      0.9551353454589844,
      0.944909413655599,
      0.9329554239908854,
      0.9191919962565104,
      0.90325927734375,
      0.8850962320963541,
      0.864343007405599,
      0.8414726257324219,
      0.8164723714192709,
      0.788903554280599,
      0.7591476440429688,
      0.7270711263020834,
      0.6931025187174479,
      0.6569188435872396,
      0.6194381713867188,
      0.5806376139322916,
      0.5405476888020834,
      0.5007947285970052,
      0.4607124328613281,
      0.42110570271809894,
      0.38182322184244794,
      0.3443857828776042,
      0.3082377115885417,
      0.2737719217936198,
      0.24141057332356772,
      0.21140670776367188,
      0.1837183634440104,
      0.15839258829752603,
      0.13553237915039062,
      0.11492538452148438,
      0.09653345743815105,
      0.0806134541829427,
      0.06674702962239583,
      0.054593404134114586,
      0.044283548990885414,
      0.03564453125,
      0.028397878011067707,
      0.022443135579427082,
      0.017691294352213543,
      0.013758341471354166,
      0.010608673095703125,
      0.008138020833333334,
      0.006104787190755208,
      0.004538218180338542,
      0.0033353169759114585,
      0.00244140625,
      0.0017712910970052083,
      0.0012944539388020833
    ],
    "v1_curve": [
      8.605923024458882,
      12.062339319756166,
      15.761759829375025,
      21.553757831462292,
      30.741089158549336,
      34.96373573899134,
      45.79863657088752,
      60.71345503762718,
      73.5489641503793,
      91.78837887530459,
      110.97918670507138,
      138.64143773494803,
      168.64868212900873,
      197.27658754028425,
      239.47810193635206,
      275.82628376472707,
      326.0987694813671,
      371.98620427564805,
      426.52638045474265,
      486.21272256837443,
      537.294733482229,
      596.5684504045087,
      644.3643622705717,
      705.8711932843567,
      776.6937668886111,
      817.9338440240168,
      855.2927413641999,
      897.3904346098224,
      937.0925011310425,
      934.6312749248567,
      951.5339402844894,
      954.1526591228659,
      960.2678646501644,
      939.7781157654905,
      900.0398266403266,
      875.5209939180316,
      831.6293629216278,
      774.4580654058478,
      729.401615424993,
      674.3860810281103,
      628.7032778431568,
      570.3367829854914,
      516.52905834312,
      453.63864036431494,
      401.20111368950285,
      356.30159277124824,
      305.1512520949854,
      250.5235819783526,
      213.65188720570822,
      181.42281164768346,
      149.57322186061785,
      122.14083054385249,
      104.97958563936459,
      80.47737789747272,
      64.77686162250362,
      53.32320179342056,
      41.71702677351998,
      29.41605233750884,
      23.094765148683532,
      16.185671457952317,
      11.682080432555177
    ]
  },
  "p_high": 0.42128935532233885,
  "p_high_mf": 0.9635182408795602,
  "p_low": 0.5792103948025987,
  "p_low_mf": 0.03698150924537731,
  "p_two_sided": 0.8425787106446777,
  "p_two_sided_mf": 0.07396301849075462,
  "provenance": {
    "dat_url": "GAUSSIAN_CONTROL_FROM: https://github.com/gradient-pulse/phi-mesh/releases/download/data-2026-02-15-planck-lensing-R3/planck_pr3_lensing_mv_dat_klm.fits",
    "mf_url": "GAUSSIAN_CONTROL_MF_ZERO_FROM: https://github.com/gradient-pulse/phi-mesh/releases/download/data-2026-02-15-planck-lensing-R3/planck_pr3_lensing_mv_mf_klm.fits"
  },
  "seed": 731,
  "surrogate": {
    "D0_mean": 0.002051064116298316,
    "D0_std": 0.0011423433364445303,
    "D1_mean": 17.170243451273027,
    "D1_std": 3.0673046078673725,
    "D_mf_mean": 17.17024359854484,
    "D_mf_std": 3.067304681873893,
    "v0_mean_curve": [
      0.998724035898846,
      0.9982245451609288,
      0.9975537707010901,
      0.9966615918477384,
      0.9954915771484372,
      0.9939629885355624,
      0.9919955647786467,
      0.9894857756296799,
      0.9863211765289288,
      0.9823719024658195,
      0.9774896163940437,
      0.9715214150746663,
      0.964295347849528,
      0.9556389923095692,
      0.9453737856547032,
      0.9333251387278217,
      0.9193195552825929,
      0.9032121397654221,
      0.8848700453440351,
      0.8641961332956933,
      0.8411242955525705,
      0.8156308021545408,
      0.7877585684458412,
      0.7575810298919672,
      0.7252315114339195,
      0.6908972148895256,
      0.654835701624554,
      0.6173140862782796,
      0.5786780230204266,
      0.5392822755177805,
      0.49951568539937324,
      0.459754472732544,
      0.4204031302134201,
      0.38182689984639484,
      0.3444210395812982,
      0.3084814001719155,
      0.2742873096466068,
      0.24207993316650356,
      0.21203862444559726,
      0.18429362869262692,
      0.15893324597676614,
      0.1359685764312745,
      0.11538467852274573,
      0.09711198933919273,
      0.08105869293212875,
      0.0670896689097086,
      0.055053202311197806,
      0.044784859339396126,
      0.036117391586303664,
      0.028870554606119755,
      0.02287520217895508,
      0.01796242268880209,
      0.013977214813232438,
      0.010777407328287749,
      0.008234509785970057,
      0.006232347488403328,
      0.0046739114125569714,
      0.0034715919494628933,
      0.0025537713368733715,
      0.0018607056935628218,
      0.0013433341979980466
    ],