{
  "diagnostics": {
    "excess_kurt_x_obs": -0.003934880061226664,
    "imag_frac_nonzero_eps1e-12": 0.9937888198757764,
    "imag_max_abs": 0.020241339734640738,
    "skew_x_obs": -0.010658452789030548,
    "v1_delta_bandwidth_dnu": 0.10000000000000009,
    "v1_symmetry_corr": 0.9938205307767709,
    "verify_l2_from_curves": {
      "D0_match": true,
      "D0_recomputed": 0.0010760102144643144,
      "D0_reported": 0.0010760102144643144,
      "D1_match": true,
      "D1_recomputed": 21.85185366448845,
      "D1_reported": 21.85185366448845,
      "tol_abs": 1e-12,
      "tol_rel": 1e-10,
      "verify_dnu": 0.10000000000000009
    }
  },
  "hint": "This script compares observed morphology against phase-randomized surrogates that preserve |a_lm|. V0(nu) is excursion-set area fraction; V1(nu) is a perimeter proxy estimated from |\u2207x| in a nu-band. Distances D0 and D1 are L2 distances (sqrt(sum((a-b)^2)*dnu)) to surrogate-mean curves. D_mf combines them as sqrt(D0^2 + D1^2). Z_mf is the scale-free combined z-distance.",
  "kind": "planck_pr3_lensing_phi_topology_mf_v0_v1",
  "lmax": 320,
  "metric": "Minkowski-style morphology: V0(area) + V1(perimeter proxy) vs phase-random surrogates",
  "n_sims": 2000,
  "nside": 256,
  "observed": {
    "D0_L2": 0.0010760102144643144,
    "D0_sum_sq_legacy": 1.1577979816315391e-05,
    "D1_L2": 21.85185366448845,
    "D1_sum_sq_legacy": 4775.035085742168,
    "D_mf": 21.851853690980434,
    "Z0": -0.36606789953987423,
    "Z1": 0.5372249576653498,
    "Z_mf": 0.650089503231726,
    "map_mean": -5.412409779560756e-08,
    "map_std": 0.061971952706004654,
    "v0_curve": [
      0.9985911051432291,
      0.9980735778808594,
      0.9973983764648438,
      0.9964688618977865,
      0.9952723185221354,
      0.993719736735026,
      0.9916979471842448,
      0.9891522725423177,
      0.9858856201171875,
      0.9819552103678385,
      0.9768931070963541,
      0.9710133870442709,
      0.963904062906901,
      0.9551989237467448,
      0.9449246724446615,
      0.9327163696289062,
      0.9190190633138021,
      0.9029642740885416,
      0.8848444620768229,
      0.8642717997233073,
      0.841515858968099,
      0.8162193298339844,
      0.7886886596679688,
      0.7584622701009115,
      0.7261009216308594,
      0.6917902628580729,
      0.655938466389974,
      0.618261973063151,
      0.5796000162760416,
      0.5401929219563802,
      0.5002301534016927,
      0.46055857340494794,
      0.4211743672688802,
      0.3823801676432292,
      0.3451436360677083,
      0.3093986511230469,
      0.2747344970703125,
      0.24207051595052084,
      0.2116546630859375,
      0.18379084269205728,
      0.15856424967447916,
      0.13586044311523438,
      0.11538950602213542,
      0.09704081217447917,
      0.08090591430664062,
      0.06688181559244792,
      0.0546722412109375,
      0.04440180460611979,
      0.03577423095703125,
      0.028531392415364582,
      0.022556304931640625,
      0.017566680908203125,
      0.013637542724609375,
      0.010495503743489584,
      0.007962544759114584,
      0.006037394205729167,
      0.004487355550130208,
      0.0032501220703125,
      0.002376556396484375,
      0.0016937255859375,
      0.0012219746907552083
    ],
    "v1_curve": [
      11.283943351403797,
      14.525516353526902,
      20.470661160083132,
      25.705052740652036,
      37.079430774506065,
      46.49155131890392,
      56.92933501057709,
      77.37825163202086,
      92.52687307045629,
      117.72017991715266,
      146.3662655652471,
      172.26848511384893,
      216.30950411101875,
      255.83783915746494,
      304.43256202060877,
      357.90855597785327,
      407.12584404495436,
      467.6512252623693,
      544.5775625527009,
      608.6405913202236,
      668.7556212489252,
      755.5484883692028,
      830.8306887580993,
      897.149317216118,
      979.4834220302578,
      1047.210851032833,
      1093.9160978291632,
      1168.0049713686312,
      1181.8032669164993,
      1214.3642369860518,
      1247.550467886546,
      1247.741861045908,
      1249.2807373665894,
      1234.8689737219565,
      1185.9397307271854,
      1160.4142076020432,
      1139.203846369127,
      1054.9343945505602,
      1018.8847602410203,
      916.6884113507399,
      821.8355430828123,
      771.6770842159706,
      699.1893603212203,
      630.5503297025773,
      551.042165066593,
      490.36543028970823,
      438.8470406390622,
      358.6999873153277,
      311.0534336761056,
      254.91786579403353,
      214.05999436999312,
      175.50451836238133,
      144.47865110535858,
      118.08850332521605,
      93.80052854006945,
      74.12328001672603,
      54.16332744849602,
      48.53583346130789,
      34.36800675626732,
      26.099723479664778,
      20.152213347439048
    ]
  },
  "p_high": 0.5627186406796602,
  "p_high_mf": 0.2748625687156422,
  "p_low": 0.43778110944527737,
  "p_low_mf": 0.7256371814092953,
  "p_two_sided": 0.8755622188905547,
  "p_two_sided_mf": 0.5497251374312844,
  "provenance": {
    "dat_url": "GAUSSIAN_CONTROL_FROM: https://github.com/gradient-pulse/phi-mesh/releases/download/data-2026-02-15-planck-lensing-R3/planck_pr3_lensing_mv_dat_klm.fits",
    "mf_url": "GAUSSIAN_CONTROL_MF_ZERO_FROM: https://github.com/gradient-pulse/phi-mesh/releases/download/data-2026-02-15-planck-lensing-R3/planck_pr3_lensing_mv_mf_klm.fits"
  },
  "seed": 731,
  "surrogate": {
    "D0_mean": 0.0013315654403377897,
    "D0_std": 0.000698108810400183,
    "D1_mean": 20.239729188053293,
    "D1_std": 3.000836899761806,
    "D_mf_mean": 20.239729241226378,
    "D_mf_std": 3.0008369177259233,
    "v0_mean_curve": [
      0.9987044029235871,
      0.9982002124786371,
      0.9975238857269288,
      0.9966265684763568,
      0.9954474614461257,
      0.9939143619537363,
      0.9919400450388578,
      0.9894301007588706,
      0.9862647266387925,
      0.9823123830159491,
      0.9774305934905999,
      0.9714618244171134,
      0.9642375907897932,
      0.9555856876373292,
      0.9453199132283531,
      0.9332772032419834,
      0.9192811044057198,
      0.9031866779327377,
      0.8848578287760419,
      0.8641997400919582,
      0.8411527360280363,
      0.8156831143697127,
      0.7878273557027207,
      0.7576643486022945,
      0.725333159128826,
      0.6910206483205154,
      0.6549731012980147,
      0.6174686444600416,
      0.5788382008870456,
      0.5394462318420405,
      0.49967224693298345,
      0.4599070460001623,
      0.4205427665710453,
      0.38195320955912243,
      0.3445217965443927,
      0.30855465316772507,
      0.27433344650268565,
      0.24209667205810545,
      0.21203200594584154,
      0.18426796340942378,
      0.15888681793212941,
      0.1359115358988444,
      0.11531106821695974,
      0.09703209940592446,
      0.08097452926635731,
      0.06701055145263692,
      0.05497926902770981,
      0.044718683878580745,
      0.03605601565043128,
      0.028815814971923828,
      0.022824691772460867,
      0.017917440414428727,
      0.013938564300537104,
      0.010745996475219738,
      0.00820511817932129,
      0.006208926518758139,
      0.004653683980305987,
      0.003455484390258798,
      0.002541499455769856,
      0.0018524188995361357,
      0.001337244033813479
    ],