{
  "diagnostics": {
    "excess_kurt_x_obs": -0.05020081939979315,
    "imag_frac_nonzero_eps1e-12": 0.9846153846153847,
    "imag_max_abs": 0.02536725777769541,
    "skew_x_obs": -0.0542162494520834,
    "v1_delta_bandwidth_dnu": 0.10000000000000009,
    "v1_symmetry_corr": 0.9961839836192242,
    "verify_l2_from_curves": {
      "D0_match": true,
      "D0_recomputed": 0.0023062157590501516,
      "D0_reported": 0.0023062157590501516,
      "D1_match": true,
      "D1_recomputed": 9.038542257171876,
      "D1_reported": 9.038542257171876,
      "tol_abs": 1e-12,
      "tol_rel": 1e-10,
      "verify_dnu": 0.10000000000000009
    }
  },
  "hint": "This script compares observed morphology against phase-randomized surrogates that preserve |a_lm|. V0(nu) is excursion-set area fraction; V1(nu) is a perimeter proxy estimated from |\u2207x| in a nu-band. Distances D0 and D1 are L2 distances (sqrt(sum((a-b)^2)*dnu)) to surrogate-mean curves. D_mf combines them as sqrt(D0^2 + D1^2). Z_mf is the scale-free combined z-distance.",
  "kind": "planck_pr3_lensing_phi_topology_mf_v0_v1",
  "lmax": 128,
  "metric": "Minkowski-style morphology: V0(area) + V1(perimeter proxy) vs phase-random surrogates",
  "n_sims": 2000,
  "nside": 256,
  "observed": {
    "D0_L2": 0.0023062157590501516,
    "D0_sum_sq_legacy": 5.3186311272912626e-05,
    "D1_L2": 9.038542257171876,
    "D1_sum_sq_legacy": 816.9524613468159,
    "D_mf": 9.03854255139139,
    "Z0": -1.1025349355653549,
    "Z1": -0.7006893723854424,
    "Z_mf": 1.3063494481630888,
    "map_mean": -4.557977863932708e-08,
    "map_std": 0.029267544576886233,
    "v0_curve": [
      0.9984461466471354,
      0.9978548685709635,
      0.9970130920410156,
      0.9959309895833334,
      0.9946670532226562,
      0.9930076599121094,
      0.9909807840983073,
      0.9883715311686198,
      0.985235850016276,
      0.981316884358724,
      0.9763603210449219,
      0.970038096110026,
      0.9626897176106771,
      0.9539845784505209,
      0.9439315795898438,
      0.9320882161458334,
      0.9182879130045573,
      0.9024251302083334,
      0.8840955098470052,
      0.8633193969726562,
      0.8402926127115885,
      0.8151868184407552,
      0.7875658671061198,
      0.7573534647623698,
      0.7251930236816406,
      0.6910374959309896,
      0.6556409200032552,
      0.6191851298014323,
      0.5812276204427084,
      0.5428593953450521,
      0.5038045247395834,
      0.4644355773925781,
      0.4249076843261719,
      0.3864847819010417,
      0.34859466552734375,
      0.3124186197916667,
      0.27852757771809894,
      0.24545415242513022,
      0.2149327596028646,
      0.18649673461914062,
      0.1606267293294271,
      0.13659540812174478,
      0.11538187662760417,
      0.09633255004882812,
      0.07980728149414062,
      0.06534322102864583,
      0.05319849650065104,
      0.042447408040364586,
      0.033599853515625,
      0.026373545328776043,
      0.02068328857421875,
      0.016005198160807293,
      0.012137095133463541,
      0.009165445963541666,
      0.006748199462890625,
      0.0049285888671875,
      0.0035489400227864585,
      0.0025952657063802085,
      0.00188446044921875,
      0.0013415018717447917,
      0.0009282430013020834
    ],
    "v1_curve": [
      4.391624156627024,
      5.987954508892543,
      8.488543515014607,
      10.002229101797573,
      13.088772282569595,
      17.194121696903967,
      20.945681151483377,
      25.11650170816966,
      31.552839340577854,
      38.4042393939767,
      48.134785277971254,
      59.17220165910397,
      69.7095447204905,
      82.90760589803406,
      97.2022350283131,
      113.4116610430934,
      132.06907182959492,
      149.90334927466023,
      171.09852353398273,
      191.67639497413631,
      212.33090124870628,
      234.10376495543383,
      254.18477482403065,
      271.5520041928692,
      294.43321565418216,
      311.8295356942184,
      323.5925225368906,
      340.06394628342395,
      355.8629296725908,
      349.28901456828817,
      362.50048398703154,
      359.4837410933319,
      356.96256572756874,
      359.9671368544368,
      342.3801687986644,
      339.2685631172361,
      324.4160445352822,
      304.26553635846165,
      284.77681981294,
      264.25049728158916,
      243.0466656065753,
      227.55769604533086,
      206.19312298096267,
      178.95727486705826,
      168.28586684740432,
      135.31920174652979,
      123.11703966083928,
      99.57342057747624,
      87.94341627233419,
      70.91612597588585,
      51.27486447549541,
      46.134583738240465,
      34.469229741133454,
      25.68402659519865,
      20.725378927230157,
      15.179113996566738,
      10.919215288652373,
      7.965554187902113,
      5.523470213699498,
      4.540194729750228,
      3.3562195864696314
    ]
  },
  "p_high": 0.912543728135932,
  "p_high_mf": 0.7346326836581709,
  "p_low": 0.0879560219890055,
  "p_low_mf": 0.2658670664667666,
  "p_two_sided": 0.175912043978011,
  "p_two_sided_mf": 0.5317341329335332,
  "provenance": {
    "dat_url": "GAUSSIAN_CONTROL_FROM: https://github.com/gradient-pulse/phi-mesh/releases/download/data-2026-02-15-planck-lensing-R3/planck_pr3_lensing_mv_dat_klm.fits",
    "mf_url": "GAUSSIAN_CONTROL_MF_ZERO_FROM: https://github.com/gradient-pulse/phi-mesh/releases/download/data-2026-02-15-planck-lensing-R3/planck_pr3_lensing_mv_mf_klm.fits"
  },
  "seed": 731,
  "surrogate": {
    "D0_mean": 0.0065744461615807595,
    "D0_std": 0.003871288124164479,
    "D1_mean": 12.645324568061543,
    "D1_std": 5.14747683215268,
    "D_mf_mean": 12.645326443907294,
    "D_mf_std": 5.147477877979895,
    "v0_mean_curve": [
      0.998514371236165,
      0.9979442990620927,
      0.9971835784912113,
      0.9961804720560705,
      0.9948742300669347,
      0.9931891949971515,
      0.9910421104431142,
      0.9883334236144998,
      0.9849560146331794,
      0.9807816467285169,
      0.975676767985025,
      0.9694918969472257,
      0.9620735111236555,
      0.9532590014139801,
      0.9429001814524334,
      0.9308125171661371,
      0.916866954167683,
      0.9009137668609628,
      0.8828528976440416,
      0.8625812015533434,
      0.8400319430033346,
      0.8151718304951983,
      0.7880176849365216,
      0.7586203734079989,
      0.7270814584096289,
      0.6935546595255532,
      0.6582513942718511,
      0.6214202270507804,
      0.5833586966196694,
      0.5443950538635249,
      0.5048981024424231,
      0.4652339057922368,
      0.42579297129313143,
      0.38697515233357754,
      0.3491284936269118,
      0.31262167040507005,
      0.27773959732055703,
      0.24477894846598297,
      0.21394719823201463,
      0.18541318321227998,
      0.15928332201639814,
      0.13562487157185868,
      0.11442917251586926,
      0.09565343602498388,
      0.07920007197062175,
      0.06492923355102542,
      0.05270441818237301,
      0.042358492533365814,
      0.03369001833597819,
      0.026519390106201145,
      0.020659217834472658,
      0.01592404492696125,
      0.01214393170674641,
      0.009161899566650403,
      0.0068354543050130265,
      0.005042968749999993,
      0.0036798833211263014,
      0.0026538181304931684,
      0.0018940715789794922,
      0.001335007349650066,
      0.0009304555257161454
    ],