{
  "diagnostics": {
    "excess_kurt_x_obs": -0.4921874932022603,
    "imag_frac_nonzero_eps1e-12": 0.9846153846153847,
    "imag_max_abs": 0.037961978414271645,
    "skew_x_obs": -0.06630397962051054,
    "v1_delta_bandwidth_dnu": 0.10000000000000009,
    "v1_symmetry_corr": 0.9829612965069177,
    "verify_l2_from_curves": {
      "D0_match": true,
      "D0_recomputed": 0.02161180469720906,
      "D0_reported": 0.02161180469720906,
      "D1_match": true,
      "D1_recomputed": 25.59869283297311,
      "D1_reported": 25.59869283297311,
      "tol_abs": 1e-12,
      "tol_rel": 1e-10,
      "verify_dnu": 0.10000000000000009
    }
  },
  "hint": "This script compares observed morphology against phase-randomized surrogates that preserve |a_lm|. V0(nu) is excursion-set area fraction; V1(nu) is a perimeter proxy estimated from |\u2207x| in a nu-band. Distances D0 and D1 are L2 distances (sqrt(sum((a-b)^2)*dnu)) to surrogate-mean curves. D_mf combines them as sqrt(D0^2 + D1^2). Z_mf is the scale-free combined z-distance.",
  "kind": "planck_pr3_lensing_phi_topology_mf_v0_v1",
  "lmax": 128,
  "metric": "Minkowski-style morphology: V0(area) + V1(perimeter proxy) vs phase-random surrogates",
  "n_sims": 2000,
  "nside": 256,
  "observed": {
    "D0_L2": 0.02161180469720906,
    "D0_sum_sq_legacy": 0.004670701022703071,
    "D1_L2": 25.59869283297311,
    "D1_sum_sq_legacy": 6552.930747569084,
    "D_mf": 25.598701955900246,
    "Z0": 0.12760894094930542,
    "Z1": -0.1379579565661067,
    "Z_mf": 0.18792668674272714,
    "map_mean": 2.9076343061850325e-08,
    "map_std": 0.03956034569514816,
    "v0_curve": [
      0.9996159871419271,
      0.999334971110026,
      0.9989306131998698,
      0.9983978271484375,
      0.9975980122884115,
      0.99652099609375,
      0.9949315388997396,
      0.9926249186197916,
      0.9896227518717448,
      0.9856465657552084,
      0.9806073506673177,
      0.9743169148763021,
      0.9663111368815104,
      0.9565277099609375,
      0.9445444742838541,
      0.930413564046224,
      0.9140803019205729,
      0.8953043619791666,
      0.874108632405599,
      0.8509140014648438,
      0.825408935546875,
      0.7979863484700521,
      0.7693252563476562,
      0.7388458251953125,
      0.707403818766276,
      0.6752115885416666,
      0.6426582336425781,
      0.6098925272623698,
      0.5765482584635416,
      0.542090098063151,
      0.5074857076009115,
      0.4729169209798177,
      0.4377937316894531,
      0.40255991617838544,
      0.36779022216796875,
      0.33258310953776044,
      0.29765065511067706,
      0.2636858622233073,
      0.23058191935221353,
      0.1993560791015625,
      0.17085774739583334,
      0.1449101765950521,
      0.12080001831054688,
      0.0990753173828125,
      0.07987340291341145,
      0.0635210673014323,
      0.049713134765625,
      0.038118998209635414,
      0.02852630615234375,
      0.020975748697916668,
      0.015106201171875,
      0.010592142740885416,
      0.007353464762369792,
      0.004952748616536458,
      0.00325775146484375,
      0.002040863037109375,
      0.0011965433756510417,
      0.0006815592447916666,
      0.0003814697265625,
      0.000202178955078125,
      0.00010553995768229167
    ],
    "v1_curve": [
      1.212064464004716,
      1.981273302237273,
      2.538684895935131,
      4.2761127065409585,
      6.038885329610171,
      8.460862331351457,
      12.682462515234898,
      17.870587973518813,
      25.40285188783177,
      34.07582862627918,
      43.29259777035727,
      56.69694570333578,
      70.04320749208823,
      89.32399498124192,
      114.32279467835446,
      132.02229410259363,
      154.14826710042115,
      170.86482987450964,
      196.46086228707264,
      206.96291424563984,
      229.3636374158818,
      231.45847088670735,
      244.55577513014734,
      245.68341922753092,
      247.3817037008027,
      248.64164020913455,
      243.16161832122523,
      248.8674200042837,
      242.28290402244312,
      237.16217949752775,
      229.3747197322584,
      224.10623221001558,
      219.79210012791378,
      211.34565677564896,
      209.6235167638124,
      203.96063371352915,
      197.5608044277628,
      188.1117545299863,
      178.26324832862161,
      167.73513730408482,
      153.84969001480192,
      140.4598462900082,
      126.90421063451242,
      113.00044158594737,
      98.9899572299352,
      83.31493797615501,
      70.5282112313614,
      58.29613820525904,
      47.03721285018825,
      36.52094929715705,
      27.896204425104266,
      21.69934862964886,
      15.524094077574185,
      11.265242801301685,
      7.830317142336763,
      5.504238033146327,
      3.487465378145978,
      2.0854905634953784,
      1.2964238847255374,
      0.6385165192168573,
      0.3868062407230166
    ]
  },
  "p_high": 0.384807596201899,
  "p_high_mf": 0.49225387306346824,
  "p_low": 0.6156921539230384,
  "p_low_mf": 0.5082458770614693,
  "p_two_sided": 0.769615192403798,
  "p_two_sided_mf": 0.9845077461269365,
  "provenance": {
    "dat_url": "GAUSSIAN_CONTROL_FROM: https://github.com/gradient-pulse/phi-mesh/releases/download/data-2026-02-15-planck-lensing-R3/planck_pr3_lensing_mv_dat_klm.fits",
    "mf_url": "GAUSSIAN_CONTROL_MF_ZERO_FROM: https://github.com/gradient-pulse/phi-mesh/releases/download/data-2026-02-15-planck-lensing-R3/planck_pr3_lensing_mv_mf_klm.fits"
  },
  "seed": 731,
  "surrogate": {
    "D0_mean": 0.020213619934621903,
    "D0_std": 0.010956793091344648,
    "D1_mean": 27.32030057657201,
    "D1_std": 12.479220383160275,
    "D_mf_mean": 27.320308313883316,
    "D_mf_std": 12.479224624740656,
    "v0_mean_curve": [
      0.9994524847666423,
      0.9991537062327074,
      0.9987156950632731,
      0.9980873508453367,
      0.9971996288299556,
      0.9959701531728116,
      0.9942977358500172,
      0.9920606784820544,
      0.9891241690317789,
      0.9853279406229652,
      0.9805051701863591,
      0.9744655895233139,
      0.9670226141611726,
      0.9579764588673928,
      0.9471460933685315,
      0.9343473555246989,
      0.9194328479766847,
      0.9022818272908532,
      0.8827972545623778,
      0.8609245058695469,
      0.8366651560465492,
      0.8100477689107264,
      0.7811755886077877,
      0.7501889171600357,
      0.7172862300872792,
      0.6826979103088383,
      0.6467010644276936,
      0.6095895716349283,
      0.5716803054809568,
      0.5333137207031255,
      0.4948231360117586,
      0.45655471356709776,
      0.4188087450663252,
      0.38188884417215935,
      0.3460489419301349,
      0.3115307032267256,
      0.2785671081542978,
      0.24732484626770018,
      0.21794096247355113,
      0.19053110376993834,
      0.16519014676411942,
      0.14196407636006683,
      0.12088708750406899,
      0.10194524828592941,
      0.08510486666361508,
      0.0702806288401285,
      0.057392089843749945,
      0.04631867726643872,
      0.03692811075846357,
      0.029065277099609398,
      0.022578788121541373,
      0.01729776255289712,
      0.01306280136108398,
      0.009719285329182942,
      0.00712179311116537,
      0.005136710484822585,
      0.0036446997324625675,
      0.0025440343221028662,
      0.0017449792226155597,
      0.001175766626993816,
      0.0007787303924560534
    ],