{
  "diagnostics": {
    "excess_kurt_x_obs": -0.1314310867476416,
    "imag_frac_nonzero_eps1e-12": 0.9846153846153847,
    "imag_max_abs": 0.024348502322376578,
    "skew_x_obs": -0.09503801628310848,
    "v1_delta_bandwidth_dnu": 0.10000000000000009,
    "v1_symmetry_corr": 0.9968406350455642,
    "verify_l2_from_curves": {
      "D0_match": true,
      "D0_recomputed": 0.0026955835636068254,
      "D0_reported": 0.0026955835636068254,
      "D1_match": true,
      "D1_recomputed": 7.43341616375531,
      "D1_reported": 7.43341616375531,
      "tol_abs": 1e-12,
      "tol_rel": 1e-10,
      "verify_dnu": 0.10000000000000009
    }
  },
  "hint": "This script compares observed morphology against phase-randomized surrogates that preserve |a_lm|. V0(nu) is excursion-set area fraction; V1(nu) is a perimeter proxy estimated from |\u2207x| in a nu-band. Distances D0 and D1 are L2 distances (sqrt(sum((a-b)^2)*dnu)) to surrogate-mean curves. D_mf combines them as sqrt(D0^2 + D1^2). Z_mf is the scale-free combined z-distance.",
  "kind": "planck_pr3_lensing_phi_topology_mf_v0_v1",
  "lmax": 128,
  "metric": "Minkowski-style morphology: V0(area) + V1(perimeter proxy) vs phase-random surrogates",
  "n_sims": 2000,
  "nside": 256,
  "observed": {
    "D0_L2": 0.0026955835636068254,
    "D0_sum_sq_legacy": 7.266170748387266e-05,
    "D1_L2": 7.43341616375531,
    "D1_sum_sq_legacy": 552.5567586357867,
    "D_mf": 7.433416652505728,
    "Z0": -1.135932020138186,
    "Z1": -1.1226519337659309,
    "Z_mf": 1.5970876365320734,
    "map_mean": -1.1121069172185851e-08,
    "map_std": 0.030599956556340867,
    "v0_curve": [
      0.9986763000488281,
      0.9981460571289062,
      0.9973983764648438,
      0.996374766031901,
      0.9949315388997396,
      0.9930915832519531,
      0.9908828735351562,
      0.9880447387695312,
      0.9846318562825521,
      0.9804852803548177,
      0.9752273559570312,
      0.9688186645507812,
      0.9610150655110677,
      0.9518648783365885,
      0.9413909912109375,
      0.9291852315266927,
      0.9153251647949219,
      0.8996149698893229,
      0.8816846211751302,
      0.8613751729329427,
      0.8390731811523438,
      0.8142611185709635,
      0.7872085571289062,
      0.758551279703776,
      0.7267862955729166,
      0.6929791768391927,
      0.6578598022460938,
      0.6211509704589844,
      0.5830243428548177,
      0.5442161560058594,
      0.5053113301595052,
      0.465972900390625,
      0.4273185729980469,
      0.3894055684407552,
      0.3526903788248698,
      0.31668726603190106,
      0.28192901611328125,
      0.24911880493164062,
      0.2182032267252604,
      0.18922297159830728,
      0.16259129842122397,
      0.13822174072265625,
      0.11618804931640625,
      0.09638595581054688,
      0.07900238037109375,
      0.06408945719401042,
      0.051334381103515625,
      0.040784200032552086,
      0.03201929728190104,
      0.024747212727864582,
      0.018876393636067707,
      0.014324188232421875,
      0.010580698649088541,
      0.007737477620442708,
      0.005605061848958333,
      0.00390625,
      0.00269317626953125,
      0.0018068949381510417,
      0.0012372334798177083,
      0.0007998148600260416,
      0.000476837158203125
    ],
    "v1_curve": [
      3.522559524923908,
      4.699743561969651,
      6.83121240331522,
      9.211317033436572,
      11.889000284505466,
      15.69352727098922,
      19.87190069348864,
      25.32979835415137,
      31.238819331447864,
      37.98994685815952,
      46.946403365376824,
      57.44205661542042,
      67.187287275023,
      80.30035121801609,
      94.67363928108156,
      109.21629034859765,
      124.9881798889942,
      142.54451200781494,
      160.0003079084735,
      178.73570436647097,
      198.43069463903598,
      221.9399587784914,
      237.63206937892267,
      261.5390183610738,
      286.49311992534547,
      301.704221127456,
      313.4738877748443,
      330.5325317694133,
      341.45392437775376,
      354.0420528353291,
      355.4238863611418,
      359.06902841993747,
      354.05609443008177,
      343.67091568749674,
      344.03053741641526,
      323.71003583597735,
      316.5551098704626,
      290.7740767140533,
      275.54884896038084,
      254.79909012830115,
      233.8672153826206,
      209.54459916549158,
      190.88183080148212,
      168.90215305799887,
      144.57987920714726,
      125.34796853804767,
      108.60402615438782,
      86.73931120298012,
      73.091482084559,
      59.69455215792851,
      47.139579459706894,
      36.723728230381916,
      29.866479418413267,
      22.788268719449018,
      17.059549558604676,
      12.494533117206574,
      9.791754842410603,
      6.375468982193695,
      4.76387369641051,
      3.2653815514004325,
      2.0123602406993766
    ]
  },
  "p_high": 0.9155422288855573,
  "p_high_mf": 0.9120439780109945,
  "p_low": 0.08495752123938032,
  "p_low_mf": 0.08845577211394302,
  "p_two_sided": 0.16991504247876063,
  "p_two_sided_mf": 0.17691154422788605,
  "provenance": {
    "dat_url": "GAUSSIAN_CONTROL_FROM: https://github.com/gradient-pulse/phi-mesh/releases/download/data-2026-02-15-planck-lensing-R3/planck_pr3_lensing_mv_dat_klm.fits",
    "mf_url": "GAUSSIAN_CONTROL_MF_ZERO_FROM: https://github.com/gradient-pulse/phi-mesh/releases/download/data-2026-02-15-planck-lensing-R3/planck_pr3_lensing_mv_mf_klm.fits"
  },
  "seed": 731,
  "surrogate": {
    "D0_mean": 0.008134652062456263,
    "D0_std": 0.0047881989436196854,
    "D1_mean": 14.241355600791106,
    "D1_std": 6.064158651736869,
    "D_mf_mean": 14.24135815052123,
    "D_mf_std": 6.064160009959191,
    "v0_mean_curve": [
      0.9986499220530204,
      0.9981027278900159,
      0.9973652578989658,
      0.996381739934286,
      0.9950865440368669,
      0.9934039122263606,
      0.9912387434641514,
      0.9884955215454087,
      0.98505565325419,
      0.9807954680124917,
      0.9755758476257334,
      0.969259435017903,
      0.9616880582173667,
      0.9527071723937981,
      0.9421608448028577,
      0.9298914661407467,
      0.9157621377309176,
      0.8996602592468247,
      0.8814811147054038,
      0.8611358464558918,
      0.8385678895314556,
      0.8137665049235041,
      0.7867524242401106,
      0.7575747203826894,
      0.7263356520334872,
      0.6931700477600096,
      0.6582695414225245,
      0.6218660284678138,
      0.5842129834493,
      0.545645437876383,
      0.5064817816416423,
      0.46708653895060187,
      0.42783146095275926,
      0.389085035324097,
      0.35124490483601845,
      0.3146445376078287,
      0.27959607187906915,
      0.24639344151814768,
      0.21527494049072282,
      0.18642782402038585,
      0.15998508898417146,
      0.13600752067565908,
      0.11451937675476069,
      0.09548065312703448,
      0.07880742899576806,
      0.0643807074228922,
      0.052045796076456645,
      0.04162947909037265,
      0.032938086191813175,
      0.02577418772379551,
      0.01994409434000654,
      0.015256483078002939,
      0.011534624099731414,
      0.008618896484375001,
      0.006365781148274727,
      0.004643950144449872,
      0.0033469810485839894,
      0.0023812993367513025,
      0.0016730066935221315,
      0.0011595306396484375,
      0.0007935854593912769
    ],