{
  "diagnostics": {
    "excess_kurt_x_obs": -0.040242610686628044,
    "imag_frac_nonzero_eps1e-12": 0.9896907216494846,
    "imag_max_abs": 0.033406833998437815,
    "skew_x_obs": 0.029921733496832924,
    "v1_delta_bandwidth_dnu": 0.10000000000000009,
    "v1_symmetry_corr": 0.9992339803681627,
    "verify_l2_from_curves": {
      "D0_match": true,
      "D0_recomputed": 0.002061176623018554,
      "D0_reported": 0.002061176623018554,
      "D1_match": true,
      "D1_recomputed": 10.579874460702706,
      "D1_reported": 10.579874460702706,
      "tol_abs": 1e-12,
      "tol_rel": 1e-10,
      "verify_dnu": 0.10000000000000009
    }
  },
  "hint": "This script compares observed morphology against phase-randomized surrogates that preserve |a_lm|. V0(nu) is excursion-set area fraction; V1(nu) is a perimeter proxy estimated from |\u2207x| in a nu-band. Distances D0 and D1 are L2 distances (sqrt(sum((a-b)^2)*dnu)) to surrogate-mean curves. D_mf combines them as sqrt(D0^2 + D1^2). Z_mf is the scale-free combined z-distance.",
  "kind": "planck_pr3_lensing_phi_topology_mf_v0_v1",
  "lmax": 192,
  "metric": "Minkowski-style morphology: V0(area) + V1(perimeter proxy) vs phase-random surrogates",
  "n_sims": 2000,
  "nside": 256,
  "observed": {
    "D0_L2": 0.002061176623018554,
    "D0_sum_sq_legacy": 4.2484490712781656e-05,
    "D1_L2": 10.579874460702706,
    "D1_sum_sq_legacy": 1119.337436042293,
    "D_mf": 10.579874661482453,
    "Z0": -0.9530668823430505,
    "Z1": -0.9870244205061764,
    "Z_mf": 1.3720618385825967,
    "map_mean": 3.5392665069377875e-08,
    "map_std": 0.03886960644651865,
    "v0_curve": [
      0.9989128112792969,
      0.99847412109375,
      0.9978078206380209,
      0.9969507853190104,
      0.9958368937174479,
      0.9942270914713541,
      0.9923273722330729,
      0.9898707071940104,
      0.9868265787760416,
      0.9830156962076823,
      0.9781824747721354,
      0.9722506205240885,
      0.965277353922526,
      0.9567082722981771,
      0.9463526407877604,
      0.9344075520833334,
      0.9203745524088541,
      0.9041659037272135,
      0.885382334391276,
      0.8643608093261719,
      0.8408800760904948,
      0.8151435852050781,
      0.7869911193847656,
      0.7564175923665365,
      0.7237764994303385,
      0.6892738342285156,
      0.652618408203125,
      0.6146227518717448,
      0.5762964884440104,
      0.536712646484375,
      0.4970537821451823,
      0.45749537150065106,
      0.4187062581380208,
      0.38019688924153644,
      0.3434155782063802,
      0.3076438903808594,
      0.2735087076822917,
      0.24210103352864584,
      0.21253331502278647,
      0.18504842122395834,
      0.15959930419921875,
      0.13678741455078125,
      0.11650721232096355,
      0.0983441670735677,
      0.08237075805664062,
      0.0682665506998698,
      0.056048075358072914,
      0.045733133951822914,
      0.037035624186197914,
      0.029621124267578125,
      0.023632049560546875,
      0.018686930338541668,
      0.014606475830078125,
      0.011250813802083334,
      0.008525848388671875,
      0.00635528564453125,
      0.004755655924479167,
      0.0034739176432291665,
      0.0025380452473958335,
      0.00180816650390625,
      0.0012563069661458333
    ],
    "v1_curve": [
      5.269497162180528,
      7.386865820364484,
      9.770029784418826,
      12.964642494179214,
      18.381088159268188,
      23.251614527063865,
      31.416083168532907,
      38.74027097291096,
      47.79401822696179,
      63.89151081261744,
      77.06578915976479,
      94.43980318599259,
      111.86094068729788,
      139.13573867666182,
      163.5499699904882,
      202.49759850126196,
      233.3131254213578,
      276.7470410194069,
      307.79111432816336,
      352.960979616033,
      383.95217824266547,
      426.8326516661342,
      486.46816602381284,
      506.19551213780437,
      551.7267455750285,
      573.3739733042736,
      609.5117030331784,
      620.1732731341856,
      631.7166131119084,
      640.6908612794714,
      640.4964167747596,
      628.4930679936987,
      614.2512217758303,
      600.2798587904158,
      569.949679876786,
      549.9681718602329,
      513.8999752683274,
      476.8841268976072,
      439.06480279112606,
      405.8178328076653,
      364.97078027514084,
      316.8072203762615,
      288.01977257211286,
      250.65377429604766,
      220.13912210179774,
      188.59803405708718,
      158.81026915419352,
      132.5837290154984,
      112.94928286400588,
      92.95415650682361,
      76.58250049375548,
      62.991783385212145,
      49.731402029291644,
      40.10567511542918,
      31.170609186685674,
      23.838571423732773,
      18.992272749070057,
      14.320140303787005,
      10.648214948802327,
      8.114141605182413,
      5.80681920142897
    ]
  },
  "p_high": 0.8440779610194903,
  "p_high_mf": 0.862568715642179,
  "p_low": 0.15642178910544727,
  "p_low_mf": 0.13793103448275862,
  "p_two_sided": 0.31284357821089454,
  "p_two_sided_mf": 0.27586206896551724,
  "provenance": {
    "dat_url": "GAUSSIAN_CONTROL_FROM: https://github.com/gradient-pulse/phi-mesh/releases/download/data-2026-02-15-planck-lensing-R3/planck_pr3_lensing_mv_dat_klm.fits",
    "mf_url": "GAUSSIAN_CONTROL_MF_ZERO_FROM: https://github.com/gradient-pulse/phi-mesh/releases/download/data-2026-02-15-planck-lensing-R3/planck_pr3_lensing_mv_mf_klm.fits"
  },
  "seed": 731,
  "surrogate": {
    "D0_mean": 0.004570072997995537,
    "D0_std": 0.002632445237011101,
    "D1_mean": 14.810658005397087,
    "D1_std": 4.286402095831332,
    "D_mf_mean": 14.810658796410381,
    "D_mf_std": 4.286402607123334,
    "v0_mean_curve": [
      0.9987476863861084,
      0.9982543042500822,
      0.9975911146799741,
      0.9967069021860775,
      0.9955451285044356,
      0.9940295683542891,
      0.9920752766927089,
      0.9895858084360765,
      0.9864420687357576,
      0.9825148665110259,
      0.9776573232014979,
      0.9717135423024496,
      0.964521883010866,
      0.9558886750539152,
      0.9456402187347411,
      0.9336065775553375,
      0.9196094970703125,
      0.9035028387705487,
      0.885146160125733,
      0.8644414208730061,
      0.8413276398976647,
      0.8157815291086833,
      0.7878305931091311,
      0.757559392929077,
      0.7251154575347912,
      0.6906722882588703,
      0.6544879989624024,
      0.6168535645802826,
      0.5781205978393553,
      0.5386405111948641,
      0.49881395022074415,
      0.45902060000101763,
      0.41967445055643626,
      0.38113959757486965,
      0.3437830429077148,
      0.30791204833984287,
      0.2738131656646729,
      0.2417246894836425,
      0.21180120976765932,
      0.18417555809021005,
      0.15891914431254053,
      0.13605192756652842,
      0.11555307006835921,
      0.09736438814798992,
      0.08135324223836272,
      0.06741558265686046,
      0.05539462280273433,
      0.045129596074422136,
      0.03645022646586101,
      0.02918272082010907,
      0.02315625826517741,
      0.018209861755371086,
      0.014190099716186517,
      0.010958107630411797,
      0.00838132667541502,
      0.006350877126057946,
      0.004766133626302091,
      0.0035400842030843096,
      0.0026027145385742207,
      0.0018961410522460934,
      0.0013663806915283226
    ],