{
  "diagnostics": {
    "excess_kurt_x_obs": -0.06637686287487421,
    "imag_frac_nonzero_eps1e-12": 0.9922480620155039,
    "imag_max_abs": 0.04463004267470172,
    "skew_x_obs": -0.016653429108784285,
    "v1_delta_bandwidth_dnu": 0.10000000000000009,
    "v1_symmetry_corr": 0.9920497686500258,
    "verify_l2_from_curves": {
      "D0_match": true,
      "D0_recomputed": 0.0014953435435937617,
      "D0_reported": 0.0014953435435937617,
      "D1_match": true,
      "D1_recomputed": 16.157324373829795,
      "D1_reported": 16.157324373829795,
      "tol_abs": 1e-12,
      "tol_rel": 1e-10,
      "verify_dnu": 0.10000000000000009
    }
  },
  "hint": "This script compares observed morphology against phase-randomized surrogates that preserve |a_lm|. V0(nu) is excursion-set area fraction; V1(nu) is a perimeter proxy estimated from |\u2207x| in a nu-band. Distances D0 and D1 are L2 distances (sqrt(sum((a-b)^2)*dnu)) to surrogate-mean curves. D_mf combines them as sqrt(D0^2 + D1^2). Z_mf is the scale-free combined z-distance.",
  "kind": "planck_pr3_lensing_phi_topology_mf_v0_v1",
  "lmax": 256,
  "metric": "Minkowski-style morphology: V0(area) + V1(perimeter proxy) vs phase-random surrogates",
  "n_sims": 2000,
  "nside": 256,
  "observed": {
    "D0_L2": 0.0014953435435937617,
    "D0_sum_sq_legacy": 2.236052313367546e-05,
    "D1_L2": 16.157324373829795,
    "D1_sum_sq_legacy": 2610.5913092115416,
    "D_mf": 16.157324443026038,
    "Z0": -1.1817238674250579,
    "Z1": -0.9329722948246169,
    "Z_mf": 1.5056256512667243,
    "map_mean": 3.12070819888724e-08,
    "map_std": 0.052914132608890906,
    "v0_curve": [
      0.9988136291503906,
      0.9982948303222656,
      0.9975611368815104,
      0.9967066446940104,
      0.995538075764974,
      0.9939397176106771,
      0.9919001261393229,
      0.9893925984700521,
      0.9862314860026041,
      0.9822845458984375,
      0.9772631327311198,
      0.9710960388183594,
      0.963873545328776,
      0.9548568725585938,
      0.944305419921875,
      0.931878407796224,
      0.9175631205240885,
      0.9014091491699219,
      0.8833096822102865,
      0.8626327514648438,
      0.8395601908365885,
      0.8141021728515625,
      0.7868054707845052,
      0.7567316691080729,
      0.725121815999349,
      0.6908760070800781,
      0.6547978719075521,
      0.6178576151529948,
      0.5798187255859375,
      0.540960947672526,
      0.501794179280599,
      0.46240997314453125,
      0.4232063293457031,
      0.38470458984375,
      0.34739049275716144,
      0.31133270263671875,
      0.27700551350911456,
      0.2443873087565104,
      0.21390151977539062,
      0.18554306030273438,
      0.15964380900065103,
      0.13641738891601562,
      0.11562220255533855,
      0.09715016682942708,
      0.08069992065429688,
      0.0662549336751302,
      0.05388768513997396,
      0.043628692626953125,
      0.034985860188802086,
      0.027731577555338543,
      0.021657307942708332,
      0.016778310139973957,
      0.012981414794921875,
      0.009909311930338541,
      0.00754547119140625,
      0.005663553873697917,
      0.004208882649739583,
      0.003047943115234375,
      0.0021654764811197915,
      0.0015347798665364583,
      0.0010350545247395833
    ],
    "v1_curve": [
      11.817700820109728,
      18.87502826384143,
      22.897590898217036,
      27.109996937379513,
      37.859728420894676,
      51.35826267613147,
      58.30379569816657,
      80.54293825107013,
      98.35986633043738,
      118.640380649227,
      151.78595458946225,
      189.10463406086748,
      215.01021651886438,
      266.85464134852003,
      304.7745316922669,
      358.3973144591024,
      405.9530591108317,
      452.07653304787004,
      498.02064672785184,
      552.3496478451757,
      620.2596185749298,
      656.929108204717,
      693.8075295737366,
      726.3684335516466,
      761.1648576540521,
      803.8237088947433,
      835.3110774327453,
      853.2555164987976,
      837.855778721057,
      847.1983249062813,
      841.7521603531676,
      831.0684872572076,
      818.9469976811224,
      778.6690215565154,
      750.0391835663982,
      711.0620350844597,
      670.574906494666,
      622.0127659071215,
      583.8495940583805,
      531.9266792265765,
      477.500095591482,
      427.3721814816646,
      381.73921712342565,
      334.4947190478043,
      294.89266404998403,
      253.5273981507739,
      214.47379066680472,
      174.4592002069497,
      146.44500254611077,
      123.36072170460834,
      101.48282307741881,
      80.78111117712577,
      63.70269535238213,
      49.398579745713135,
      41.02339937657752,
      30.332438468078873,
      23.5127758345451,
      18.936470585614515,
      12.584789262209062,
      9.499078188628292,
      7.77256827851919
    ]
  },
  "p_high": 0.9390304847576212,
  "p_high_mf": 0.8510744627686156,
  "p_low": 0.06146926536731634,
  "p_low_mf": 0.14942528735632185,
  "p_two_sided": 0.12293853073463268,
  "p_two_sided_mf": 0.2988505747126437,
  "provenance": {
    "dat_url": "GAUSSIAN_CONTROL_FROM: https://github.com/gradient-pulse/phi-mesh/releases/download/data-2026-02-15-planck-lensing-R3/planck_pr3_lensing_mv_dat_klm.fits",
    "mf_url": "GAUSSIAN_CONTROL_MF_ZERO_FROM: https://github.com/gradient-pulse/phi-mesh/releases/download/data-2026-02-15-planck-lensing-R3/planck_pr3_lensing_mv_mf_klm.fits"
  },
  "seed": 731,
  "surrogate": {
    "D0_mean": 0.005617158841876494,
    "D0_std": 0.0034879682232906483,
    "D1_mean": 26.733778966458072,
    "D1_std": 11.336300821897904,
    "D_mf_mean": 26.73377960556509,
    "D_mf_std": 11.336301242916782,
    "v0_mean_curve": [
      0.9986712252298987,
      0.9981500256856278,
      0.9974509474436428,
      0.9965223350524897,
      0.9953056551615389,
      0.9937252165476462,
      0.9916966272989912,
      0.989115620295207,
      0.9858733571370448,
      0.9818387877146402,
      0.9768698819478349,
      0.9708111031850185,
      0.9635011742909746,
      0.9547726720174154,
      0.9444526151021339,
      0.9323692913055437,
      0.9183683350880957,
      0.9022998154958083,
      0.8840369466145837,
      0.8634765370686849,
      0.8405699965159084,
      0.8152962360382066,
      0.7876712862650561,
      0.7577683639526366,
      0.7257216199239094,
      0.6917013003031404,
      0.6559289614359555,
      0.6186930580139168,
      0.5802988471984863,
      0.5410983212788908,
      0.5014630050659182,
      0.46177694257100416,
      0.4224243615468339,
      0.38379689280192075,
      0.3462511908213297,
      0.310126440048217,
      0.2757055187225342,
      0.2432329692840575,
      0.21291515795389798,
      0.18487829017639187,
      0.1592232659657798,
      0.13599472427368167,
      0.11517018890380872,
      0.0966923840840658,
      0.08046190770467118,
      0.06636568196614591,
      0.054244341532389294,
      0.04392997360229485,
      0.035241970062255816,
      0.02801078097025548,
      0.02205155054728189,
      0.01719020525614419,
      0.013268790562947577,
      0.01013971710205078,
      0.007672538121541329,
      0.0057470169067382814,
      0.004260243097941084,
      0.003125149408976237,
      0.0022696901957194016,
      0.0016304925282796235,
      0.0011588954925537123
    ],