{
  "diagnostics": {
    "excess_kurt_x_obs": -0.016692852856353024,
    "imag_frac_nonzero_eps1e-12": 0.9922480620155039,
    "imag_max_abs": 0.018608895989755875,
    "skew_x_obs": 0.01253639861903714,
    "v1_delta_bandwidth_dnu": 0.10000000000000009,
    "v1_symmetry_corr": 0.9949509992111103,
    "verify_l2_from_curves": {
      "D0_match": true,
      "D0_recomputed": 0.0024379121289976936,
      "D0_reported": 0.0024379121289976936,
      "D1_match": true,
      "D1_recomputed": 19.457687658917486,
      "D1_reported": 19.457687658917486,
      "tol_abs": 1e-12,
      "tol_rel": 1e-10,
      "verify_dnu": 0.10000000000000009
    }
  },
  "hint": "This script compares observed morphology against phase-randomized surrogates that preserve |a_lm|. V0(nu) is excursion-set area fraction; V1(nu) is a perimeter proxy estimated from |\u2207x| in a nu-band. Distances D0 and D1 are L2 distances (sqrt(sum((a-b)^2)*dnu)) to surrogate-mean curves. D_mf combines them as sqrt(D0^2 + D1^2). Z_mf is the scale-free combined z-distance.",
  "kind": "planck_pr3_lensing_phi_topology_mf_v0_v1",
  "lmax": 256,
  "metric": "Minkowski-style morphology: V0(area) + V1(perimeter proxy) vs phase-random surrogates",
  "n_sims": 2000,
  "nside": 256,
  "observed": {
    "D0_L2": 0.0024379121289976936,
    "D0_sum_sq_legacy": 5.943415548714061e-05,
    "D1_L2": 19.457687658917486,
    "D1_sum_sq_legacy": 3786.0160903198953,
    "D_mf": 19.457687811644153,
    "Z0": 0.9946065714872532,
    "Z1": 1.4353733995046662,
    "Z_mf": 1.746292938785246,
    "map_mean": -3.082970634858684e-08,
    "map_std": 0.04753136674354819,
    "v0_curve": [
      0.9986928304036459,
      0.9981842041015625,
      0.9975242614746094,
      0.9966723124186198,
      0.9955711364746094,
      0.994164784749349,
      0.9922472635904948,
      0.9897257486979166,
      0.9865735371907552,
      0.9827117919921875,
      0.9778645833333334,
      0.9719187418619791,
      0.9646415710449219,
      0.9559618631998698,
      0.945715586344401,
      0.9335746765136719,
      0.9195111592610677,
      0.9033317565917969,
      0.8848787943522135,
      0.8639259338378906,
      0.8405685424804688,
      0.8151753743489584,
      0.7876014709472656,
      0.7575416564941406,
      0.7246526082356771,
      0.690313975016276,
      0.6546478271484375,
      0.6169713338216146,
      0.5785013834635416,
      0.5388692220052084,
      0.49894078572591144,
      0.45915476481119794,
      0.41998926798502606,
      0.38149388631184894,
      0.3440818786621094,
      0.3080787658691406,
      0.27387237548828125,
      0.24174880981445312,
      0.21177546183268228,
      0.1840667724609375,
      0.159027099609375,
      0.1363245646158854,
      0.11583201090494792,
      0.09753672281901042,
      0.08153661092122395,
      0.06762313842773438,
      0.055447896321614586,
      0.04522069295247396,
      0.036487579345703125,
      0.029094696044921875,
      0.023133595784505207,
      0.01802825927734375,
      0.013966878255208334,
      0.010869344075520834,
      0.008265177408854166,
      0.006251017252604167,
      0.004666646321614583,
      0.0034319559733072915,
      0.0024770100911458335,
      0.0018107096354166667,
      0.0012969970703125
    ],
    "v1_curve": [
      8.835610661288158,
      10.673600534313474,
      15.93385995544317,
      19.347530925607327,
      25.068910351669754,
      34.9914787450018,
      43.56981347992002,
      56.00506443946893,
      71.2972091428403,
      86.46391220276172,
      107.79783142418798,
      133.1194169690096,
      162.10925462741145,
      195.71347141591798,
      229.07298593481997,
      273.4310522852661,
      317.41716993844045,
      370.6694940357778,
      427.73560763919335,
      482.19300674249786,
      524.7606000743805,
      583.5488326283511,
      652.7075855222844,
      703.7070026313942,
      760.2236146423877,
      790.2358014649585,
      849.1109670192664,
      897.6940073901077,
      920.1368076552453,
      937.0064510784096,
      926.1847799822124,
      971.5336829236884,
      958.0378634831536,
      920.4681761808354,
      912.9616546988739,
      885.1765881691678,
      858.3954702447592,
      815.0270288391198,
      753.0906871882399,
      705.968308878529,
      632.0712058466311,
      582.4770989060377,
      531.545462310578,
      475.2670899562033,
      420.51830470622593,
      370.734244486598,
      318.5972853279961,
      277.2782694226747,
      241.12969017537594,
      195.1821284037821,
      167.72955429695511,
      142.12695906184413,
      116.54690810416444,
      86.3639608868615,
      73.36427090251834,
      54.98795618724556,
      44.62786353716147,
      33.55321551226246,
      23.060885572719314,
      17.512766494234334,
      12.465504348070434
    ]
  },
  "p_high": 0.15942028985507245,
  "p_high_mf": 0.07946026986506746,
  "p_low": 0.841079460269865,
  "p_low_mf": 0.92103948025987,
  "p_two_sided": 0.3188405797101449,
  "p_two_sided_mf": 0.15892053973013492,
  "provenance": {
    "dat_url": "GAUSSIAN_CONTROL_FROM: https://github.com/gradient-pulse/phi-mesh/releases/download/data-2026-02-15-planck-lensing-R3/planck_pr3_lensing_mv_dat_klm.fits",
    "mf_url": "GAUSSIAN_CONTROL_MF_ZERO_FROM: https://github.com/gradient-pulse/phi-mesh/releases/download/data-2026-02-15-planck-lensing-R3/planck_pr3_lensing_mv_mf_klm.fits"
  },
  "seed": 731,
  "surrogate": {
    "D0_mean": 0.0016055587057311222,
    "D0_std": 0.0008368670056361464,
    "D1_mean": 16.067463155218253,
    "D1_std": 2.361911196674794,
    "D_mf_mean": 16.067463252346098,
    "D_mf_std": 2.361911229846466,
    "v0_mean_curve": [
      0.998606547037761,
      0.9980760224660229,
      0.9973701712290449,
      0.9964368267059344,
      0.9952180258433041,
      0.993641450246176,
      0.9916208794911691,
      0.9890557594299307,
      0.9858338940938303,
      0.9818303534189835,
      0.9768981819152843,
      0.9708874162038146,
      0.9636334253946932,
      0.9549636955261229,
      0.9447046661376951,
      0.9326828645070396,
      0.9187376461029039,
      0.9027127399444573,
      0.884487065633137,
      0.8639639682769775,
      0.8410584227244056,
      0.8157655982971177,
      0.7880978476206464,
      0.7581318486531569,
      0.7259948654174793,
      0.6918774776458746,
      0.6559909261067703,
      0.6186344973246243,
      0.5801248060862225,
      0.5408036543528246,
      0.5010550053914385,
      0.46127880160013784,
      0.42185879516601527,
      0.3831894321441648,
      0.3456231791178384,
      0.3094917990366622,
      0.2750977185567226,
      0.2426778113047281,
      0.21241530291239455,
      0.18446458435058624,
      0.15890231641133612,
      0.1357556648254392,
      0.11501784324646007,
      0.09662312253316238,
      0.08047214063008624,
      0.06644049390157075,
      0.05436660512288414,
      0.04409296099344893,
      0.03543756612141928,
      0.028222006479899083,
      0.022265325546264654,
      0.017403350830078115,
      0.013475543340047202,
      0.01033326276143394,
      0.007847923914591453,
      0.00590335655212402,
      0.004397375106811519,
      0.0032437012990315733,
      0.002369831720987958,
      0.0017142588297526038,
      0.0012273585001627593
    ],