{
  "diagnostics": {
    "excess_kurt_x_obs": -0.037170881918729304,
    "imag_frac_nonzero_eps1e-12": 0.9922480620155039,
    "imag_max_abs": 0.0396043727232387,
    "skew_x_obs": 0.0006154919451911064,
    "v1_delta_bandwidth_dnu": 0.10000000000000009,
    "v1_symmetry_corr": 0.9971665593316659,
    "verify_l2_from_curves": {
      "D0_match": true,
      "D0_recomputed": 0.0006179626061016648,
      "D0_reported": 0.0006179626061016648,
      "D1_match": true,
      "D1_recomputed": 15.37604553633801,
      "D1_reported": 15.37604553633801,
      "tol_abs": 1e-12,
      "tol_rel": 1e-10,
      "verify_dnu": 0.10000000000000009
    }
  },
  "hint": "This script compares observed morphology against phase-randomized surrogates that preserve |a_lm|. V0(nu) is excursion-set area fraction; V1(nu) is a perimeter proxy estimated from |\u2207x| in a nu-band. Distances D0 and D1 are L2 distances (sqrt(sum((a-b)^2)*dnu)) to surrogate-mean curves. D_mf combines them as sqrt(D0^2 + D1^2). Z_mf is the scale-free combined z-distance.",
  "kind": "planck_pr3_lensing_phi_topology_mf_v0_v1",
  "lmax": 256,
  "metric": "Minkowski-style morphology: V0(area) + V1(perimeter proxy) vs phase-random surrogates",
  "n_sims": 2000,
  "nside": 256,
  "observed": {
    "D0_L2": 0.0006179626061016648,
    "D0_sum_sq_legacy": 3.81877782539961e-06,
    "D1_L2": 15.37604553633801,
    "D1_sum_sq_legacy": 2364.227763355398,
    "D_mf": 15.376045548755956,
    "Z0": -1.4197486263464736,
    "Z1": -0.9061510869156583,
    "Z_mf": 1.6842790607055373,
    "map_mean": 2.523052843097599e-08,
    "map_std": 0.05050750159632745,
    "v0_curve": [
      0.9987742106119791,
      0.9982630411783854,
      0.997589111328125,
      0.9967498779296875,
      0.9955940246582031,
      0.9940007527669271,
      0.9919573465983073,
      0.9895133972167969,
      0.9863319396972656,
      0.9823150634765625,
      0.9774169921875,
      0.9713516235351562,
      0.9640172322591146,
      0.955322265625,
      0.9450467427571615,
      0.9331283569335938,
      0.9190584818522135,
      0.9030710856119791,
      0.884368896484375,
      0.8638038635253906,
      0.8407033284505209,
      0.8152643839518229,
      0.7874221801757812,
      0.7573471069335938,
      0.7252311706542969,
      0.6911570231119791,
      0.6549453735351562,
      0.6179466247558594,
      0.5791943868001302,
      0.5397122701009115,
      0.4996337890625,
      0.46020762125651044,
      0.4203300476074219,
      0.38176600138346356,
      0.3443756103515625,
      0.3084424336751302,
      0.2742602030436198,
      0.24237950642903647,
      0.21222941080729166,
      0.18458429972330728,
      0.15936787923177084,
      0.13648223876953125,
      0.11601893107096355,
      0.09760538736979167,
      0.08135732014973958,
      0.06740061442057292,
      0.055254618326822914,
      0.045049031575520836,
      0.036295572916666664,
      0.028860727945963543,
      0.022757212320963543,
      0.01788330078125,
      0.013886769612630209,
      0.010632832845052084,
      0.008089701334635416,
      0.006011962890625,
      0.004413604736328125,
      0.0032018025716145835,
      0.0023409525553385415,
      0.00162506103515625,
      0.001140594482421875
    ],
    "v1_curve": [
      9.33123170459264,
      13.319962916607363,
      15.264500874209254,
      19.81038747605346,
      27.581711800769366,
      37.848302157995036,
      44.29582439500499,
      55.69537151032335,
      77.0910884892176,
      92.58384469921529,
      118.91069087743516,
      139.65384512863832,
      167.96672544023195,
      201.07507313782511,
      228.54086892010113,
      272.0227458897917,
      316.6551107217288,
      377.0708280909679,
      415.0024604927688,
      464.8609724400287,
      513.9154903750907,
      564.1940638963703,
      629.4829567251835,
      673.6136578843548,
      720.4282730749203,
      765.2069495052436,
      814.8649775751392,
      830.7515484710481,
      864.2961200168397,
      885.333601120403,
      905.2771951105744,
      895.2235183795505,
      896.9618150047176,
      861.8874454260236,
      848.1171801681189,
      813.9866279180831,
      797.6014254084743,
      744.1668869709121,
      711.4909567038162,
      641.0843317948794,
      593.7150566811463,
      546.9544845479173,
      494.1466138574433,
      437.5279878325428,
      386.2480785782608,
      339.4104129682647,
      279.2540597864229,
      249.42195336949155,
      205.12923326524134,
      184.33479739950926,
      139.56686440848517,
      116.55931582183183,
      96.09211167480156,
      81.34199612604183,
      62.12417028380699,
      49.750652198868714,
      39.64674850772826,
      28.497010195982284,
      22.070948631444146,
      16.304969463262072,
      9.927033167712072
    ]
  },
  "p_high": 0.992503748125937,
  "p_high_mf": 0.8375812093953023,
  "p_low": 0.0079960019990005,
  "p_low_mf": 0.1629185407296352,
  "p_two_sided": 0.015992003998001,
  "p_two_sided_mf": 0.3258370814592704,
  "provenance": {
    "dat_url": "GAUSSIAN_CONTROL_FROM: https://github.com/gradient-pulse/phi-mesh/releases/download/data-2026-02-15-planck-lensing-R3/planck_pr3_lensing_mv_dat_klm.fits",
    "mf_url": "GAUSSIAN_CONTROL_MF_ZERO_FROM: https://github.com/gradient-pulse/phi-mesh/releases/download/data-2026-02-15-planck-lensing-R3/planck_pr3_lensing_mv_mf_klm.fits"
  },
  "seed": 731,
  "surrogate": {
    "D0_mean": 0.004081078951232316,
    "D0_std": 0.0024392461319314683,
    "D1_mean": 21.432176573221874,
    "D1_std": 6.683356809180266,
    "D_mf_mean": 21.432177005130136,
    "D_mf_std": 6.683357115218756,
    "v0_mean_curve": [
      0.9987610753377275,
      0.99826769256592,
      0.9976035677591968,
      0.996719575246173,
      0.9955524031321188,
      0.9940290285746246,
      0.9920634409586601,
      0.9895547320048018,
      0.986388815561932,
      0.9824282283782941,
      0.9775311177571606,
      0.9715427538553861,
      0.9642812016805008,
      0.9555877100626607,
      0.9452755196889252,
      0.9331823031107586,
      0.9191284497578918,
      0.9029709733327229,
      0.884583101272583,
      0.8638746477762861,
      0.8407750384012866,
      0.8152803382873554,
      0.7873996957143157,
      0.7572487525939956,
      0.7249305311838778,
      0.6906492875417078,
      0.6546495145161951,
      0.6172086989084876,
      0.5786526864369714,
      0.539343634923299,
      0.4996615943908691,
      0.4599947484334299,
      0.42071329371134464,
      0.38221322949727454,
      0.3448355007171633,
      0.3089085229237875,
      0.2747248560587566,
      0.24250665156046572,
      0.21244204711914075,
      0.18466273816426604,
      0.15924601364135735,
      0.13622164535522482,
      0.11557603836059577,
      0.09724334653218583,
      0.08112730789184565,
      0.06710107485453297,
      0.05502221806844075,
      0.04471659215291337,
      0.03601487604777013,
      0.02874958229064941,
      0.022738920847574874,
      0.017816981633504248,
      0.013832188924153627,
      0.010635879516601584,
      0.008101265589396162,
      0.006111275990804041,
      0.004565053939819351,
      0.0033756554921468094,
      0.002471510569254553,
      0.0017912279764811206,
      0.0012856190999348963
    ],