{
  "diagnostics": {
    "excess_kurt_x_obs": -0.021740976272757617,
    "imag_frac_nonzero_eps1e-12": 0.9896907216494846,
    "imag_max_abs": 0.015391690693753646,
    "skew_x_obs": 0.08687656702970377,
    "v1_delta_bandwidth_dnu": 0.10000000000000009,
    "v1_symmetry_corr": 0.9976315315598119,
    "verify_l2_from_curves": {
      "D0_match": true,
      "D0_recomputed": 0.0069251803042592215,
      "D0_reported": 0.0069251803042592215,
      "D1_match": true,
      "D1_recomputed": 16.887788043432224,
      "D1_reported": 16.887788043432224,
      "tol_abs": 1e-12,
      "tol_rel": 1e-10,
      "verify_dnu": 0.10000000000000009
    }
  },
  "hint": "This script compares observed morphology against phase-randomized surrogates that preserve |a_lm|. V0(nu) is excursion-set area fraction; V1(nu) is a perimeter proxy estimated from |\u2207x| in a nu-band. Distances D0 and D1 are L2 distances (sqrt(sum((a-b)^2)*dnu)) to surrogate-mean curves. D_mf combines them as sqrt(D0^2 + D1^2). Z_mf is the scale-free combined z-distance.",
  "kind": "planck_pr3_lensing_phi_topology_mf_v0_v1",
  "lmax": 192,
  "metric": "Minkowski-style morphology: V0(area) + V1(perimeter proxy) vs phase-random surrogates",
  "n_sims": 2000,
  "nside": 256,
  "observed": {
    "D0_L2": 0.0069251803042592215,
    "D0_sum_sq_legacy": 0.000479581222464998,
    "D1_L2": 16.887788043432224,
    "D1_sum_sq_legacy": 2851.973849998921,
    "D_mf": 16.887789463337548,
    "Z0": 1.8485337246632558,
    "Z1": 0.39142655110525526,
    "Z_mf": 1.8895215468809994,
    "map_mean": -3.1378941685629665e-08,
    "map_std": 0.03774436331366195,
    "v0_curve": [
      0.999176025390625,
      0.9988123575846354,
      0.9983342488606771,
      0.9976552327473959,
      0.9967155456542969,
      0.9953740437825521,
      0.9935175577799479,
      0.9911626180013021,
      0.9882431030273438,
      0.9845631917317709,
      0.9798024495442709,
      0.9740346272786459,
      0.9669723510742188,
      0.9582252502441406,
      0.9479700724283854,
      0.9357261657714844,
      0.9214986165364584,
      0.9049402872721354,
      0.8859240214029948,
      0.8646583557128906,
      0.8406893412272135,
      0.8145751953125,
      0.786065419514974,
      0.7549463907877604,
      0.7223192850748698,
      0.6870002746582031,
      0.6500892639160156,
      0.611944834391276,
      0.5731633504231771,
      0.5333722432454427,
      0.49369049072265625,
      0.4536603291829427,
      0.4145825703938802,
      0.37689463297526044,
      0.34038416544596356,
      0.3049176534016927,
      0.27168019612630206,
      0.24063491821289062,
      0.21170171101888022,
      0.1847356160481771,
      0.16008122762044272,
      0.13754908243815103,
      0.11746724446614583,
      0.09924062093098958,
      0.08319091796875,
      0.06920496622721355,
      0.05725987752278646,
      0.04702123006184896,
      0.03833134969075521,
      0.031092325846354168,
      0.024815877278645832,
      0.019725799560546875,
      0.015481313069661459,
      0.012236277262369791,
      0.009522755940755209,
      0.007334391276041667,
      0.005541483561197917,
      0.004160563151041667,
      0.0031534830729166665,
      0.0023714701334635415,
      0.0017865498860677083
    ],
    "v1_curve": [
      4.511419534428901,
      5.529458077383304,
      7.041482296778139,
      11.346314578869384,
      14.011919207176163,
      20.229585441598235,
      27.483934846864166,
      34.49460542741962,
      46.203229489303936,
      55.745928980253076,
      71.58940533563056,
      88.98524492365097,
      109.63082673692904,
      133.6205467920648,
      155.9125865858382,
      185.96760047116004,
      219.54003449379817,
      257.17991663430695,
      291.81443964314906,
      328.103804241999,
      370.2215989189186,
      407.77235997459064,
      444.4795875314956,
      485.99637590267724,
      519.2266464025565,
      557.608438568696,
      586.0039198810312,
      599.9723968583455,
      623.2366199094732,
      635.8727438590392,
      637.7630804336143,
      642.6159255952281,
      628.6571555020578,
      620.286388592754,
      596.0824878498922,
      591.795653776864,
      549.8971262747967,
      513.9553056933221,
      484.9425610967307,
      452.9980160554637,
      418.67760641034664,
      374.5741446332061,
      334.10580161573455,
      300.5441285031891,
      279.6581849646532,
      234.85393970278906,
      200.52449714833847,
      169.23173257962634,
      143.28765102064312,
      124.83510371323831,
      104.12060358283401,
      83.15252931381568,
      69.02816133954329,
      54.0197666008684,
      47.90529846226199,
      37.183438214799246,
      29.580448217222294,
      22.08987801889897,
      15.582936445747563,
      11.473964524624487,
      9.791801806664761
    ]
  },
  "p_high": 0.05747126436781609,
  "p_high_mf": 0.28735632183908044,
  "p_low": 0.9430284857571214,
  "p_low_mf": 0.7131434282858571,
  "p_two_sided": 0.11494252873563218,
  "p_two_sided_mf": 0.5747126436781609,
  "provenance": {
    "dat_url": "GAUSSIAN_CONTROL_FROM: https://github.com/gradient-pulse/phi-mesh/releases/download/data-2026-02-15-planck-lensing-R3/planck_pr3_lensing_mv_dat_klm.fits",
    "mf_url": "GAUSSIAN_CONTROL_MF_ZERO_FROM: https://github.com/gradient-pulse/phi-mesh/releases/download/data-2026-02-15-planck-lensing-R3/planck_pr3_lensing_mv_mf_klm.fits"
  },
  "seed": 731,
  "surrogate": {
    "D0_mean": 0.003392813587845434,
    "D0_std": 0.0019109019593663474,
    "D1_mean": 15.061443827502432,
    "D1_std": 4.6658669698639965,
    "D_mf_mean": 15.06144426817866,
    "D_mf_std": 4.665867172120886,
    "v0_mean_curve": [
      0.9987661781311056,
      0.9982737611134841,
      0.9976089973449691,
      0.9967217750549314,
      0.9955522079467778,
      0.9940255610148119,
      0.9920571937561032,
      0.9895446993509923,
      0.9863713461558021,
      0.9824054985046383,
      0.9775020885467522,
      0.9715031681060796,
      0.9642398643493637,
      0.9555405445098888,
      0.9452253443400068,
      0.9331200135548904,
      0.9190638338724773,
      0.9029048601786287,
      0.8845188268025724,
      0.8638131020863853,
      0.8407164777119955,
      0.8152262821197512,
      0.7873711446126297,
      0.7572243283589669,
      0.7249344018300365,
      0.6906796137491868,
      0.6547061697642007,
      0.6172843252817802,
      0.5787553571065277,
      0.5394708150227869,
      0.4997936801910398,
      0.4601299273173012,
      0.42085437838236517,
      0.38234277089436847,
      0.3449571603139241,
      0.3090170612335202,
      0.27481294250488303,
      0.2425768604278565,
      0.21248983128865537,
      0.1846848862965905,
      0.1592511329650879,
      0.13620814387003588,
      0.11554897689819342,
      0.09720158386230485,
      0.08107299296061196,
      0.06703874905904131,
      0.05495078404744457,
      0.0446425978342692,
      0.035946144739786884,
      0.02868281300862631,
      0.022680156707763653,
      0.017769196828206425,
      0.01379119237263996,
      0.010605015436808264,
      0.008079593022664375,
      0.006097853342692038,
      0.004556284586588543,
      0.0033718566894531273,
      0.0024706255594889354,
      0.0017917900085449169,
      0.001285849253336586
    ],