{
  "diagnostics": {
    "excess_kurt_x_obs": 0.019572376244172407,
    "imag_frac_nonzero_eps1e-12": 0.9846153846153847,
    "imag_max_abs": 0.024536585238339105,
    "skew_x_obs": -0.09953041766142123,
    "v1_delta_bandwidth_dnu": 0.10000000000000009,
    "v1_symmetry_corr": 0.9983224921067699,
    "verify_l2_from_curves": {
      "D0_match": true,
      "D0_recomputed": 0.008733347034831631,
      "D0_reported": 0.008733347034831631,
      "D1_match": true,
      "D1_recomputed": 15.061941908383735,
      "D1_reported": 15.061941908383735,
      "tol_abs": 1e-12,
      "tol_rel": 1e-10,
      "verify_dnu": 0.10000000000000009
    }
  },
  "hint": "This script compares observed morphology against phase-randomized surrogates that preserve |a_lm|. V0(nu) is excursion-set area fraction; V1(nu) is a perimeter proxy estimated from |\u2207x| in a nu-band. Distances D0 and D1 are L2 distances (sqrt(sum((a-b)^2)*dnu)) to surrogate-mean curves. D_mf combines them as sqrt(D0^2 + D1^2). Z_mf is the scale-free combined z-distance.",
  "kind": "planck_pr3_lensing_phi_topology_mf_v0_v1",
  "lmax": 128,
  "metric": "Minkowski-style morphology: V0(area) + V1(perimeter proxy) vs phase-random surrogates",
  "n_sims": 2000,
  "nside": 256,
  "observed": {
    "D0_L2": 0.008733347034831631,
    "D0_sum_sq_legacy": 0.0007627135043080238,
    "D1_L2": 15.061941908383735,
    "D1_sum_sq_legacy": 2268.620940515261,
    "D_mf": 15.061944440306394,
    "Z0": -0.181212852857093,
    "Z1": 0.02364409001302138,
    "Z_mf": 0.18274884687228612,
    "map_mean": -3.874065691754474e-08,
    "map_std": 0.033089977427644454,
    "v0_curve": [
      0.9981218973795573,
      0.9974009195963541,
      0.9964523315429688,
      0.9953320821126302,
      0.993896484375,
      0.9921404520670573,
      0.9898796081542969,
      0.986968994140625,
      0.9833335876464844,
      0.9789657592773438,
      0.9738286336263021,
      0.9674275716145834,
      0.9600880940755209,
      0.9516016642252604,
      0.9417304992675781,
      0.9301427205403646,
      0.9168650309244791,
      0.9018821716308594,
      0.8847096761067709,
      0.8653691609700521,
      0.8438529968261719,
      0.819677988688151,
      0.7924512227376302,
      0.762749989827474,
      0.7304636637369791,
      0.6962966918945312,
      0.6609484354654948,
      0.6236165364583334,
      0.5847663879394531,
      0.5455423990885416,
      0.5058733622233073,
      0.46567408243815106,
      0.4260965983072917,
      0.38709131876627606,
      0.3489850362141927,
      0.3120257059733073,
      0.27634302775065106,
      0.2428258260091146,
      0.21201070149739584,
      0.18349838256835938,
      0.15791956583658853,
      0.13460413614908853,
      0.11388905843098958,
      0.0953076680501302,
      0.0791180928548177,
      0.06497955322265625,
      0.052762349446614586,
      0.042231241861979164,
      0.033297220865885414,
      0.026086171468098957,
      0.020178476969401043,
      0.015469868977864584,
      0.011735280354817709,
      0.008817036946614584,
      0.006665547688802083,
      0.00485992431640625,
      0.00345611572265625,
      0.0023371378580729165,
      0.0015513102213541667,
      0.0010197957356770833,
      0.0006841023763020834
    ],
    "v1_curve": [
      4.1664163366235245,
      5.983423077950829,
      7.577558734762704,
      9.288273727561634,
      11.851915872952356,
      14.60414644318061,
      17.2260753786659,
      22.09644624729283,
      27.915226272110484,
      33.039002139291426,
      40.22647066353776,
      48.780548451663186,
      57.910464613199466,
      66.16119847573484,
      78.22937197195846,
      93.14439379809521,
      107.83476238602891,
      122.90573588840525,
      141.33075785170345,
      160.0750619454092,
      180.85675285898824,
      206.1201816389232,
      225.7212356232955,
      250.0489620113799,
      273.79476378923204,
      293.2833479584437,
      307.230218063227,
      320.63694795582796,
      334.32943252032624,
      343.8524150945867,
      344.6569570554502,
      341.91664091782354,
      342.5993001214471,
      334.5655917619549,
      326.59787033621126,
      305.95220307190345,
      293.3252118876555,
      275.4835834132593,
      248.1700548194569,
      225.50771999723975,
      205.10058440400374,
      173.85310588776724,
      152.80098607358534,
      137.32029844492203,
      114.2842444350981,
      97.8885990069111,
      80.18246459423064,
      67.04280550712114,
      54.380703576706054,
      44.82949041607244,
      34.08372334144344,
      27.78226944674242,
      21.43904846856901,
      16.42897107972762,
      13.037964900439384,
      10.629240864982256,
      7.51902186893864,
      5.635480491557034,
      3.8981301044637875,
      2.972629863202198,
      1.6817812681132016
    ]
  },
  "p_high": 0.5142428785607196,
  "p_high_mf": 0.42628685657171417,
  "p_low": 0.4862568715642179,
  "p_low_mf": 0.5742128935532234,
  "p_two_sided": 0.9725137431284357,
  "p_two_sided_mf": 0.8525737131434283,
  "provenance": {
    "dat_url": "GAUSSIAN_CONTROL_FROM: https://github.com/gradient-pulse/phi-mesh/releases/download/data-2026-02-15-planck-lensing-R3/planck_pr3_lensing_mv_dat_klm.fits",
    "mf_url": "GAUSSIAN_CONTROL_MF_ZERO_FROM: https://github.com/gradient-pulse/phi-mesh/releases/download/data-2026-02-15-planck-lensing-R3/planck_pr3_lensing_mv_mf_klm.fits"
  },
  "seed": 731,
  "surrogate": {
    "D0_mean": 0.009671458942623513,
    "D0_std": 0.005176850830397169,
    "D1_mean": 14.912053091742488,
    "D1_std": 6.339377686292868,
    "D_mf_mean": 14.912056488068849,
    "D_mf_std": 6.339379188065767,
    "v0_mean_curve": [
      0.9989288578033448,
      0.9984655208587632,
      0.9978303947448711,
      0.9969722429911302,
      0.9958287499745677,
      0.9943202419281,
      0.9923572419484463,
      0.9898388442993155,
      0.9866470381418851,
      0.9826495399475098,
      0.9776939036051426,
      0.9716244163513177,
      0.9642794348398841,
      0.955488948186239,
      0.9450742079416912,
      0.9328722356160475,
      0.9187171560923255,
      0.9024631894429533,
      0.8839866021474206,
      0.8631975924173981,
      0.8400402107238774,
      0.8144989700317389,
      0.7866006444295258,
      0.7564401181538889,
      0.7241515820821123,
      0.6899305985768635,
      0.6539996960957842,
      0.6166539573669427,
      0.5782208487192801,
      0.5390341250101739,
      0.49947328503926625,
      0.4599460811614988,
      0.42081777318318786,
      0.38246127001444413,
      0.3452387059529619,
      0.30945627212524374,
      0.2753842678070068,
      0.2432517153422041,
      0.21325258064270017,
      0.18550665982564288,
      0.16009384409586555,
      0.1370421085357664,
      0.11633962694803865,
      0.09792485109965003,
      0.08171170616149905,
      0.06757648976643879,
      0.05537638219197585,
      0.04494999949137369,
      0.03612931760152182,
      0.028754357655843065,
      0.02265106391906738,
      0.017655447642008448,
      0.013616125106811521,
      0.010386171340942395,
      0.007832817077636715,
      0.0058392632802327545,
      0.00430106480916341,
      0.0031319141387939472,
      0.002252162297566735,
      0.0015993366241455066,
      0.0011208241780598963
    ],