{
  "diagnostics": {
    "excess_kurt_x_obs": -0.02981267484147665,
    "imag_frac_nonzero_eps1e-12": 0.9922480620155039,
    "imag_max_abs": 0.019765583005190518,
    "skew_x_obs": -0.018022065013334126,
    "v1_delta_bandwidth_dnu": 0.10000000000000009,
    "v1_symmetry_corr": 0.9870962992142001,
    "verify_l2_from_curves": {
      "D0_match": true,
      "D0_recomputed": 0.0009353420094302262,
      "D0_reported": 0.0009353420094302262,
      "D1_match": true,
      "D1_recomputed": 13.800826030602988,
      "D1_reported": 13.800826030602988,
      "tol_abs": 1e-12,
      "tol_rel": 1e-10,
      "verify_dnu": 0.10000000000000009
    }
  },
  "hint": "This script compares observed morphology against phase-randomized surrogates that preserve |a_lm|. V0(nu) is excursion-set area fraction; V1(nu) is a perimeter proxy estimated from |\u2207x| in a nu-band. Distances D0 and D1 are L2 distances (sqrt(sum((a-b)^2)*dnu)) to surrogate-mean curves. D_mf combines them as sqrt(D0^2 + D1^2). Z_mf is the scale-free combined z-distance.",
  "kind": "planck_pr3_lensing_phi_topology_mf_v0_v1",
  "lmax": 256,
  "metric": "Minkowski-style morphology: V0(area) + V1(perimeter proxy) vs phase-random surrogates",
  "n_sims": 2000,
  "nside": 256,
  "observed": {
    "D0_L2": 0.0009353420094302262,
    "D0_sum_sq_legacy": 8.748646746049725e-06,
    "D1_L2": 13.800826030602988,
    "D1_sum_sq_legacy": 1904.6279912696882,
    "D_mf": 13.800826062299086,
    "Z0": -1.2538966259818705,
    "Z1": -1.0702788973637087,
    "Z_mf": 1.6485610897964307,
    "map_mean": 9.050340697066654e-08,
    "map_std": 0.05120284317363454,
    "v0_curve": [
      0.9987042744954427,
      0.998223622639974,
      0.997473398844401,
      0.9965159098307291,
      0.9952735900878906,
      0.9936612447102865,
      0.9915822347005209,
      0.9890034993489584,
      0.9858258565266927,
      0.9817479451497396,
      0.9767125447591146,
      0.9707412719726562,
      0.9633331298828125,
      0.9544639587402344,
      0.944207509358724,
      0.9322967529296875,
      0.9183133443196615,
      0.9023348490397135,
      0.8838373819986979,
      0.8630727132161459,
      0.8403854370117188,
      0.8150685628255209,
      0.7874031066894531,
      0.7577247619628906,
      0.725775400797526,
      0.6918118794759115,
      0.6560529073079427,
      0.6189041137695312,
      0.5807889302571615,
      0.5420405069986979,
      0.502813975016276,
      0.46307373046875,
      0.423187255859375,
      0.3842366536458333,
      0.3467063903808594,
      0.3103129069010417,
      0.2757275899251302,
      0.2431971232096354,
      0.21243667602539062,
      0.1843846638997396,
      0.15842056274414062,
      0.13497416178385416,
      0.11419169108072917,
      0.0958417256673177,
      0.0798797607421875,
      0.06610743204752605,
      0.053980509440104164,
      0.04380925496419271,
      0.03521092732747396,
      0.028119405110677082,
      0.0220947265625,
      0.017344156901041668,
      0.013445536295572916,
      0.010387420654296875,
      0.007837931315104166,
      0.005922953287760417,
      0.004407246907552083,
      0.0032908121744791665,
      0.0023969014485677085,
      0.001739501953125,
      0.0012486775716145833
    ],
    "v1_curve": [
      15.18647124488928,
      20.76236661233271,
      30.38467977452681,
      36.902802580665885,
      53.53508705269062,
      68.75889143036628,
      82.79067127960013,
      113.29445109539712,
      123.30185960977789,
      171.68711330344388,
      194.68827653621284,
      219.3985805894646,
      255.55384354696247,
      302.76043173287917,
      339.83789194155815,
      372.5229183014212,
      425.3869530802686,
      484.7270620274404,
      534.0698073042561,
      577.8688360906082,
      612.5273460867859,
      669.4800969570441,
      725.0123695847828,
      743.0868858529565,
      788.4864464141266,
      810.797559840765,
      825.470312809393,
      850.8697972325168,
      840.9437982612161,
      856.6360037517186,
      837.8475707457711,
      836.8554350477522,
      815.103628223043,
      779.4675569518091,
      751.4822951262964,
      716.9092382643937,
      666.2127125056377,
      628.4490928526352,
      574.3592141266065,
      522.0661883625611,
      475.4628589448483,
      426.41922391642726,
      373.4474187303774,
      324.3098819171544,
      284.5654537707666,
      246.61341074803735,
      211.05178919249929,
      175.2438861288798,
      148.35562337148613,
      120.94398699354235,
      99.01047272536577,
      83.04255691844622,
      62.899729237521726,
      52.861228164253,
      39.73516763335846,
      32.55866026952875,
      24.454753847303525,
      18.57941919405917,
      14.561614295040348,
      9.908343317356024,
      7.7078800944731665
    ]
  },
  "p_high": 0.9610194902548725,
  "p_high_mf": 0.9135432283858071,
  "p_low": 0.03948025987006497,
  "p_low_mf": 0.08695652173913043,
  "p_two_sided": 0.07896051974012994,
  "p_two_sided_mf": 0.17391304347826086,
  "provenance": {
    "dat_url": "GAUSSIAN_CONTROL_FROM: https://github.com/gradient-pulse/phi-mesh/releases/download/data-2026-02-15-planck-lensing-R3/planck_pr3_lensing_mv_dat_klm.fits",
    "mf_url": "GAUSSIAN_CONTROL_MF_ZERO_FROM: https://github.com/gradient-pulse/phi-mesh/releases/download/data-2026-02-15-planck-lensing-R3/planck_pr3_lensing_mv_mf_klm.fits"
  },
  "seed": 731,
  "surrogate": {
    "D0_mean": 0.0034526541133009184,
    "D0_std": 0.00200759141679602,
    "D1_mean": 20.68318530486943,
    "D1_std": 6.430435367098186,
    "D_mf_mean": 20.683185624178915,
    "D_mf_std": 6.430435580297184,
    "v0_mean_curve": [
      0.998568478266397,
      0.9980234273274724,
      0.997296765009562,
      0.9963361981709808,
      0.9950853042602528,
      0.9934710140228278,
      0.9914030621846501,
      0.9887873007456455,
      0.985511013031007,
      0.9814522959391291,
      0.976462968826294,
      0.9703982028961199,
      0.9630975468953459,
      0.954392545064289,
      0.9441094500223797,
      0.9320826282501229,
      0.9181530119578044,
      0.9021704330444332,
      0.8840110085805261,
      0.8635720335642502,
      0.8407903544108076,
      0.8156323401133198,
      0.7881396389007571,
      0.7583663965860995,
      0.726410973230997,
      0.6924618822733571,
      0.656757415771484,
      0.6195592981974284,
      0.5811747461954752,
      0.5419521554311124,
      0.5022728843688967,
      0.46251810963948636,
      0.42309359677632585,
      0.38437691879272456,
      0.3467243487040203,
      0.3104807325998946,
      0.27593298467000366,
      0.2433366540273029,
      0.21290775616963722,
      0.18477718671162924,
      0.15904105250040682,
      0.1357415307362876,
      0.11486283365885415,
      0.09634778722127291,
      0.08009564463297515,
      0.06598511695861815,
      0.05386236890157065,
      0.04355407905578614,
      0.03489203516642253,
      0.027683869679768876,
      0.021749370574951164,
      0.01691830571492513,
      0.013031887054443372,
      0.009938468933105484,
      0.007501584370930986,
      0.00560672251383463,
      0.004145368576049809,
      0.0030331090291341126,
      0.002195311864217122,
      0.001572081883748374,
      0.0011141306559244795
    ],