{
  "diagnostics": {
    "excess_kurt_x_obs": -0.051515540548369376,
    "imag_frac_nonzero_eps1e-12": 0.9922480620155039,
    "imag_max_abs": 0.028363642575875016,
    "skew_x_obs": 0.008464223497215909,
    "v1_delta_bandwidth_dnu": 0.10000000000000009,
    "v1_symmetry_corr": 0.9988727585947809,
    "verify_l2_from_curves": {
      "D0_match": true,
      "D0_recomputed": 0.0014479351226892412,
      "D0_reported": 0.0014479351226892412,
      "D1_match": true,
      "D1_recomputed": 16.452744990938985,
      "D1_reported": 16.452744990938985,
      "tol_abs": 1e-12,
      "tol_rel": 1e-10,
      "verify_dnu": 0.10000000000000009
    }
  },
  "hint": "This script compares observed morphology against phase-randomized surrogates that preserve |a_lm|. V0(nu) is excursion-set area fraction; V1(nu) is a perimeter proxy estimated from |\u2207x| in a nu-band. Distances D0 and D1 are L2 distances (sqrt(sum((a-b)^2)*dnu)) to surrogate-mean curves. D_mf combines them as sqrt(D0^2 + D1^2). Z_mf is the scale-free combined z-distance.",
  "kind": "planck_pr3_lensing_phi_topology_mf_v0_v1",
  "lmax": 256,
  "metric": "Minkowski-style morphology: V0(area) + V1(perimeter proxy) vs phase-random surrogates",
  "n_sims": 2000,
  "nside": 256,
  "observed": {
    "D0_L2": 0.0014479351226892412,
    "D0_sum_sq_legacy": 2.0965161195171062e-05,
    "D1_L2": 16.452744990938985,
    "D1_sum_sq_legacy": 2706.928177368676,
    "D_mf": 16.452745054652247,
    "Z0": -0.9073275281895944,
    "Z1": -0.5706246863515695,
    "Z_mf": 1.0718468995544401,
    "map_mean": -1.831051839564062e-08,
    "map_std": 0.04956328283145883,
    "v0_curve": [
      0.998870849609375,
      0.9984207153320312,
      0.9977442423502604,
      0.9968897501627604,
      0.9957529703776041,
      0.9942601521809896,
      0.9923655192057291,
      0.9899304707845052,
      0.986846923828125,
      0.9828898111979166,
      0.9779980977376302,
      0.9718360900878906,
      0.9645423889160156,
      0.955718994140625,
      0.9452298482259115,
      0.9330889383951823,
      0.9187965393066406,
      0.9025688171386719,
      0.8838246663411459,
      0.863189697265625,
      0.8399276733398438,
      0.8145484924316406,
      0.7868474324544271,
      0.7567125956217448,
      0.7246437072753906,
      0.690283457438151,
      0.6540679931640625,
      0.6166559855143229,
      0.5783602396647135,
      0.5389874776204427,
      0.4993120829264323,
      0.4599876403808594,
      0.4206034342447917,
      0.38231531778971356,
      0.3447252909342448,
      0.3091392517089844,
      0.2748985290527344,
      0.24253718058268228,
      0.21280670166015625,
      0.18518575032552084,
      0.15959294637044272,
      0.136627197265625,
      0.1159655253092448,
      0.09766642252604167,
      0.08175023396809895,
      0.06778335571289062,
      0.055477142333984375,
      0.04488372802734375,
      0.036258697509765625,
      0.028943379720052082,
      0.0227813720703125,
      0.017767588297526043,
      0.013743082682291666,
      0.010557810465494791,
      0.007967631022135416,
      0.006009419759114583,
      0.004453023274739583,
      0.0032984415690104165,
      0.0023829142252604165,
      0.0017077128092447917,
      0.0012257893880208333
    ],
    "v1_curve": [
      8.541186810482776,
      12.942012866535862,
      17.21564423906248,
      22.351870232221977,
      30.311272960028038,
      37.79344530373464,
      49.39004621492824,
      65.63309945834871,
      79.75160701245542,
      102.19546816384513,
      127.75675309581807,
      158.888191361679,
      195.8647880795267,
      221.43915478964695,
      254.1627342062292,
      314.6030086396333,
      363.88520811102575,
      407.8915415410098,
      469.99721491284265,
      515.6564545775987,
      583.5832246481372,
      633.5929309231922,
      692.2944500365464,
      737.4751697260862,
      796.6844750244151,
      845.0246866958745,
      870.0739478527381,
      893.9302234192683,
      928.0241956830813,
      935.3016860551486,
      938.3583527000462,
      943.9004965699485,
      906.8261732393174,
      879.5212547665913,
      864.8062007505099,
      802.5180584921574,
      776.3189605384108,
      695.5615726631066,
      646.4611857784771,
      603.110523783452,
      533.8479383134222,
      492.2635750270475,
      423.15012641087094,
      369.1072523016912,
      319.0756352277196,
      281.6648447347475,
      238.7922091472721,
      197.44646309809764,
      168.68717317000142,
      135.19166618866385,
      113.31051877029074,
      91.55895058687132,
      73.0430264045863,
      57.40790899058477,
      42.64372892544394,
      35.2785699681096,
      26.34457578555945,
      20.00020387717443,
      15.551777971448326,
      11.812711608612595,
      8.127667728392732
    ]
  },
  "p_high": 0.8280859570214892,
  "p_high_mf": 0.6851574212893553,
  "p_low": 0.1724137931034483,
  "p_low_mf": 0.3153423288355822,
  "p_two_sided": 0.3448275862068966,
  "p_two_sided_mf": 0.6306846576711644,
  "provenance": {
    "dat_url": "GAUSSIAN_CONTROL_FROM: https://github.com/gradient-pulse/phi-mesh/releases/download/data-2026-02-15-planck-lensing-R3/planck_pr3_lensing_mv_dat_klm.fits",
    "mf_url": "GAUSSIAN_CONTROL_MF_ZERO_FROM: https://github.com/gradient-pulse/phi-mesh/releases/download/data-2026-02-15-planck-lensing-R3/planck_pr3_lensing_mv_mf_klm.fits"
  },
  "seed": 731,
  "surrogate": {
    "D0_mean": 0.003531821123448345,
    "D0_std": 0.0022967296108794538,
    "D1_mean": 19.652822016563462,
    "D1_std": 5.608024156972534,
    "D_mf_mean": 19.652822383427388,
    "D_mf_std": 5.608024453684052,
    "v0_mean_curve": [
      0.9986884721120182,
      0.9981794776916503,
      0.9974968954722079,
      0.9965913372039813,
      0.9954011319478354,
      0.9938581059773766,
      0.9918742332458507,
      0.9893469403584804,
      0.9861641623179127,
      0.9821948788960776,
      0.9772966931660975,
      0.9713124179840097,
      0.9640785675048824,
      0.9554211508433029,
      0.9451571210225425,
      0.9331086851755781,
      0.9191221421559661,
      0.9030373465220121,
      0.8847319488525375,
      0.8640965131123851,
      0.841074096043907,
      0.8156429799397801,
      0.7878388779958081,
      0.7577311973571786,
      0.7254592774709053,
      0.6911989301045727,
      0.6552001539866126,
      0.61773349761963,
      0.5791408958435054,
      0.5397746486663813,
      0.5000191052754728,
      0.46026700464884424,
      0.4208975919087725,
      0.38230234845479294,
      0.3448425019582111,
      0.3088433767954515,
      0.2745796864827477,
      0.2422992591857908,
      0.2121940625508625,
      0.18438377189636257,
      0.15895710690816262,
      0.1359295291900635,
      0.11528675778706866,
      0.09697627321879092,
      0.08088418197631841,
      0.06688623746236158,
      0.054836746851603155,
      0.04456371498107902,
      0.03589201291402179,
      0.028650091807047508,
      0.022667199452718067,
      0.017767494201660176,
      0.01380008125305176,
      0.010618998209635421,
      0.008093919754028315,
      0.00611234537760417,
      0.004572515487670893,
      0.0033865331013997434,
      0.002485678990681967,
      0.0018053709665934242,
      0.001298041025797528
    ],