{
  "diagnostics": {
    "excess_kurt_x_obs": -0.23368805079796706,
    "imag_frac_nonzero_eps1e-12": 0.9846153846153847,
    "imag_max_abs": 0.017976089282651764,
    "skew_x_obs": 0.08764347264624095,
    "v1_delta_bandwidth_dnu": 0.10000000000000009,
    "v1_symmetry_corr": 0.9900440704681702,
    "verify_l2_from_curves": {
      "D0_match": true,
      "D0_recomputed": 0.011634653697564208,
      "D0_reported": 0.011634653697564208,
      "D1_match": true,
      "D1_recomputed": 16.44264540351242,
      "D1_reported": 16.44264540351242,
      "tol_abs": 1e-12,
      "tol_rel": 1e-10,
      "verify_dnu": 0.10000000000000009
    }
  },
  "hint": "This script compares observed morphology against phase-randomized surrogates that preserve |a_lm|. V0(nu) is excursion-set area fraction; V1(nu) is a perimeter proxy estimated from |\u2207x| in a nu-band. Distances D0 and D1 are L2 distances (sqrt(sum((a-b)^2)*dnu)) to surrogate-mean curves. D_mf combines them as sqrt(D0^2 + D1^2). Z_mf is the scale-free combined z-distance.",
  "kind": "planck_pr3_lensing_phi_topology_mf_v0_v1",
  "lmax": 128,
  "metric": "Minkowski-style morphology: V0(area) + V1(perimeter proxy) vs phase-random surrogates",
  "n_sims": 2000,
  "nside": 256,
  "observed": {
    "D0_L2": 0.011634653697564208,
    "D0_sum_sq_legacy": 0.0013536516666224436,
    "D1_L2": 16.44264540351242,
    "D1_sum_sq_legacy": 2703.605878656478,
    "D_mf": 16.442649519795,
    "Z0": 0.41213335615786606,
    "Z1": 0.14120361574178855,
    "Z_mf": 0.4356516548304404,
    "map_mean": 4.883472809613885e-08,
    "map_std": 0.032698568434932504,
    "v0_curve": [
      0.9997227986653646,
      0.9994608561197916,
      0.9990590413411459,
      0.9984919230143229,
      0.9977518717447916,
      0.9966901143391927,
      0.9952507019042969,
      0.9931831359863281,
      0.9905103047688802,
      0.9867782592773438,
      0.9818407694498698,
      0.9756088256835938,
      0.9680519104003906,
      0.9588050842285156,
      0.9477678934733073,
      0.934942881266276,
      0.9199854532877604,
      0.9028409322102865,
      0.883154551188151,
      0.861059824625651,
      0.8367080688476562,
      0.8097623189290365,
      0.7804819742838541,
      0.749200185139974,
      0.7156817118326823,
      0.6806068420410156,
      0.6442718505859375,
      0.607086181640625,
      0.5690956115722656,
      0.5308354695638021,
      0.4928245544433594,
      0.45406850179036456,
      0.4161033630371094,
      0.3791402180989583,
      0.3435071309407552,
      0.3094940185546875,
      0.27691904703776044,
      0.2460505167643229,
      0.21733220418294272,
      0.19057337443033853,
      0.16658655802408853,
      0.14371490478515625,
      0.122955322265625,
      0.10388946533203125,
      0.0864550272623698,
      0.07133738199869792,
      0.05837376912434896,
      0.047002156575520836,
      0.03742853800455729,
      0.0294952392578125,
      0.023157755533854168,
      0.017777760823567707,
      0.013482411702473959,
      0.01027679443359375,
      0.007719675699869792,
      0.005700429280598958,
      0.004141489664713542,
      0.0029652913411458335,
      0.0020993550618489585,
      0.001476287841796875,
      0.0010477701822916667
    ],
    "v1_curve": [
      1.7673561582652195,
      3.096819609613023,
      4.883105537123623,
      7.610694173058454,
      9.562904103743495,
      13.586090681833467,
      19.227385798201954,
      24.80482760915015,
      33.794840801549284,
      42.791895273567725,
      53.65508950379873,
      70.6687606258406,
      85.53509090169409,
      107.14432032932227,
      129.04565166472324,
      144.2688879893577,
      161.86082476221847,
      191.01729328213068,
      202.23528843400584,
      220.32901637277183,
      237.48468597487275,
      263.13096205520714,
      273.569610092519,
      290.06923458943015,
      299.9430481588007,
      303.9068755993912,
      312.8682010236761,
      317.3266941155435,
      314.73554802917783,
      314.21981474902515,
      312.6264677001924,
      303.49928378634445,
      298.3097016825377,
      289.02508438870774,
      273.35614619795126,
      261.06453032963503,
      249.72397011575438,
      229.11166214853912,
      216.60059623614922,
      201.82295503189434,
      181.61900104743685,
      168.61063744656428,
      153.2953890197687,
      136.14454913490928,
      121.16768013309412,
      103.7529953216022,
      92.25969052396259,
      75.62411703054399,
      64.88938775169314,
      53.92063690539221,
      44.78311812907198,
      35.03680946746337,
      27.83557559588646,
      22.39708814752756,
      16.84175018995444,
      12.948516676552634,
      9.957600439394701,
      7.292362742274331,
      5.736280566212869,
      3.651580014891197,
      2.544232223217247
    ]
  },
  "p_high": 0.280359820089955,
  "p_high_mf": 0.35732133933033483,
  "p_low": 0.7201399300349826,
  "p_low_mf": 0.6431784107946027,
  "p_two_sided": 0.56071964017991,
  "p_two_sided_mf": 0.7146426786606697,
  "provenance": {
    "dat_url": "GAUSSIAN_CONTROL_FROM: https://github.com/gradient-pulse/phi-mesh/releases/download/data-2026-02-15-planck-lensing-R3/planck_pr3_lensing_mv_dat_klm.fits",
    "mf_url": "GAUSSIAN_CONTROL_MF_ZERO_FROM: https://github.com/gradient-pulse/phi-mesh/releases/download/data-2026-02-15-planck-lensing-R3/planck_pr3_lensing_mv_mf_klm.fits"
  },
  "seed": 731,
  "surrogate": {
    "D0_mean": 0.009416925239990107,
    "D0_std": 0.005381094309494834,
    "D1_mean": 15.50339228603675,
    "D1_std": 6.651763926450939,
    "D_mf_mean": 15.503395403370073,
    "D_mf_std": 6.651765502887671,
    "v0_mean_curve": [
      0.9989032166798928,
      0.9984341964721662,
      0.9977920074462879,
      0.9969238700866687,
      0.9957649224599197,
      0.9942385247548423,
      0.9922541173299174,
      0.989706670761109,
      0.9864795182545969,
      0.9824347902933754,
      0.9774269987742089,
      0.9712949447631833,
      0.9638778355916346,
      0.9549966761271182,
      0.9444789333343505,
      0.9321606489817292,
      0.9178938337961836,
      0.9015439256032302,
      0.8829996287028002,
      0.8621821047465018,
      0.8390526860555013,
      0.8135989182790122,
      0.7858570874532065,
      0.7559149926503497,
      0.7239043769836412,
      0.6899936625162775,
      0.6544199485778809,
      0.6174506988525388,
      0.5793892033894853,
      0.5405661341349287,
      0.5013277053833002,
      0.46202862421671553,
      0.4230399424235027,
      0.3847284781138106,
      0.3474283974965412,
      0.31146994590759275,
      0.27715063031514464,
      0.24470491981506381,
      0.21434877777099634,
      0.18623384412129732,
      0.1604573879241944,
      0.1370654570261637,
      0.11605350557963061,
      0.09738041241963713,
      0.08095090675354,
      0.0666646035512288,
      0.05437244860331221,
      0.0439164899190267,
      0.035121884028116904,
      0.027805169423421282,
      0.021782391866048176,
      0.016889813741048164,
      0.012957722981770827,
      0.009836102167765306,
      0.007385115305582681,
      0.0054849529266357356,
      0.004027236938476567,
      0.0029231599171956365,
      0.002097903569539387,
      0.0014884033203125002,
      0.0010438213348388666
    ],