{
  "diagnostics": {
    "excess_kurt_x_obs": 0.062100914421369335,
    "imag_frac_nonzero_eps1e-12": 0.9896907216494846,
    "imag_max_abs": 0.015514878329435051,
    "skew_x_obs": 0.0799777339297162,
    "v1_delta_bandwidth_dnu": 0.10000000000000009,
    "v1_symmetry_corr": 0.9962810712860122,
    "verify_l2_from_curves": {
      "D0_match": true,
      "D0_recomputed": 0.004454287483665405,
      "D0_reported": 0.004454287483665405,
      "D1_match": true,
      "D1_recomputed": 16.937135192744478,
      "D1_reported": 16.937135192744478,
      "tol_abs": 1e-12,
      "tol_rel": 1e-10,
      "verify_dnu": 0.10000000000000009
    }
  },
  "hint": "This script compares observed morphology against phase-randomized surrogates that preserve |a_lm|. V0(nu) is excursion-set area fraction; V1(nu) is a perimeter proxy estimated from |\u2207x| in a nu-band. Distances D0 and D1 are L2 distances (sqrt(sum((a-b)^2)*dnu)) to surrogate-mean curves. D_mf combines them as sqrt(D0^2 + D1^2). Z_mf is the scale-free combined z-distance.",
  "kind": "planck_pr3_lensing_phi_topology_mf_v0_v1",
  "lmax": 192,
  "metric": "Minkowski-style morphology: V0(area) + V1(perimeter proxy) vs phase-random surrogates",
  "n_sims": 2000,
  "nside": 256,
  "observed": {
    "D0_L2": 0.004454287483665405,
    "D0_sum_sq_legacy": 0.00019840676987138267,
    "D1_L2": 16.937135192744478,
    "D1_sum_sq_legacy": 2868.6654853730333,
    "D_mf": 16.937135778459727,
    "Z0": 1.2895169177804815,
    "Z1": 0.9998257273747369,
    "Z_mf": 1.6317185315986622,
    "map_mean": 1.7134177751461945e-08,
    "map_std": 0.035929207251288744,
    "v0_curve": [
      0.998986562093099,
      0.9986279805501302,
      0.9980481465657552,
      0.997308095296224,
      0.9962882995605469,
      0.9949010213216146,
      0.9931373596191406,
      0.990698496500651,
      0.987585703531901,
      0.9837188720703125,
      0.9790204366048177,
      0.9732831319173177,
      0.9662297566731771,
      0.9575894673665365,
      0.9474309285481771,
      0.9353446960449219,
      0.9210243225097656,
      0.9048411051432291,
      0.886077880859375,
      0.8651440938313802,
      0.8419011433919271,
      0.8158798217773438,
      0.7878392537434896,
      0.7570444742838541,
      0.7244160970052084,
      0.6892878214518229,
      0.6525675455729166,
      0.6142196655273438,
      0.5749041239420573,
      0.5353253682454427,
      0.4954630533854167,
      0.4553260803222656,
      0.4160512288411458,
      0.37799326578776044,
      0.34081268310546875,
      0.30537668863932294,
      0.2713661193847656,
      0.23960367838541666,
      0.2099431355794271,
      0.18274688720703125,
      0.1577936808268229,
      0.13492838541666666,
      0.11460622151692708,
      0.09656778971354167,
      0.08079274495442708,
      0.067230224609375,
      0.055721282958984375,
      0.04590479532877604,
      0.03765996297200521,
      0.030665079752604168,
      0.024837493896484375,
      0.019903818766276043,
      0.015949249267578125,
      0.012743631998697916,
      0.010098775227864584,
      0.007877349853515625,
      0.006146748860677083,
      0.004778544108072917,
      0.0037015279134114585,
      0.00281524658203125,
      0.0021769205729166665
    ],
    "v1_curve": [
      10.425143665612664,
      16.352105933466976,
      16.28166187493197,
      22.476510707071583,
      23.959698390417127,
      34.80590245015812,
      48.55409546070849,
      64.07861682444224,
      75.21068560496919,
      85.15472226060112,
      107.42047357257407,
      130.39197171453705,
      142.77650604883377,
      193.17509401720338,
      207.10070769653285,
      242.22654986001163,
      285.3336722942411,
      318.40429413914325,
      361.82683703755555,
      410.64337519756674,
      441.76606318520714,
      486.521089571482,
      522.6169553101939,
      557.8623165329111,
      586.6979958236108,
      621.9055734624843,
      641.9407072588025,
      665.1867880193569,
      675.300068324934,
      668.7459734236497,
      663.0296393679074,
      666.3706078060289,
      644.1560316933657,
      623.7583657229047,
      593.6753641622431,
      575.0970111983844,
      531.494536323916,
      499.6105667911886,
      448.1677731661871,
      413.76513631575386,
      373.8033176136556,
      336.83771731684976,
      297.43196232923725,
      266.36319524145637,
      228.15232006519935,
      192.9581183826878,
      163.45750679475643,
      141.6409252882872,
      114.7997479265086,
      100.90334223588232,
      82.21324161917671,
      68.53667827648974,
      55.544022695498704,
      45.03974153605937,
      36.28699165844579,
      29.349929841400243,
      24.195200740280935,
      18.38898566506038,
      14.962693778239428,
      11.541203600216297,
      8.166411023102823
    ]
  },
  "p_high": 0.11444277861069466,
  "p_high_mf": 0.14842578710644677,
  "p_low": 0.8860569715142429,
  "p_low_mf": 0.8520739630184908,
  "p_two_sided": 0.2288855572213893,
  "p_two_sided_mf": 0.29685157421289354,
  "provenance": {
    "dat_url": "GAUSSIAN_CONTROL_FROM: https://github.com/gradient-pulse/phi-mesh/releases/download/data-2026-02-15-planck-lensing-R3/planck_pr3_lensing_mv_dat_klm.fits",
    "mf_url": "GAUSSIAN_CONTROL_MF_ZERO_FROM: https://github.com/gradient-pulse/phi-mesh/releases/download/data-2026-02-15-planck-lensing-R3/planck_pr3_lensing_mv_mf_klm.fits"
  },
  "seed": 731,
  "surrogate": {
    "D0_mean": 0.002592149019622276,
    "D0_std": 0.0014440589637615955,
    "D1_mean": 13.78875997153459,
    "D1_std": 3.1489239924608077,
    "D_mf_mean": 13.788760259600842,
    "D_mf_std": 3.148924128980005,
    "v0_mean_curve": [
      0.9987547289530438,
      0.9982633056640631,
      0.9976012109120687,
      0.9967192897796627,
      0.9955568955739339,
      0.994042676289876,
      0.9920903848012281,
      0.989598880132041,
      0.9864501113891595,
      0.9825147838592548,
      0.9776469039917003,
      0.9716881440480561,
      0.964470378875733,
      0.9558146444956451,
      0.9455487658182786,
      0.9334910189310696,
      0.9194707667032889,
      0.9033436412811291,
      0.8849752388000489,
      0.8642652155558265,
      0.8411495297749855,
      0.8156133251190189,
      0.787691092809042,
      0.7574658222198501,
      0.7250670445760091,
      0.6906982638041184,
      0.6545849374135349,
      0.6170321547190345,
      0.5783627719879162,
      0.5389333877563474,
      0.4991352252960199,
      0.45936520131428993,
      0.4200172945658366,
      0.3814689000447585,
      0.3440735855102537,
      0.30816122881571506,
      0.2740073115030925,
      0.24184843381245935,
      0.2118639799753822,
      0.18417490196228023,
      0.1588581078847249,
      0.1359418385823564,
      0.1154044411977133,
      0.09717871284484864,
      0.08115485000610342,
      0.06721426963806146,
      0.05520671399434402,
      0.04496211179097493,
      0.03630422655741378,
      0.02905761528015138,
      0.0230556659698486,
      0.018132920583089174,
      0.01413678995768231,
      0.010924671808878598,
      0.008363773981730141,
      0.006346048355102529,
      0.004772270202636715,
      0.003554726282755535,
      0.002623908996582033,
      0.0019179903666178397,
      0.001389708201090495
    ],