{
  "diagnostics": {
    "excess_kurt_x_obs": -0.01382502786379236,
    "imag_frac_nonzero_eps1e-12": 0.9937888198757764,
    "imag_max_abs": 0.0382310183282613,
    "skew_x_obs": -0.02445847150406906,
    "v1_delta_bandwidth_dnu": 0.10000000000000009,
    "v1_symmetry_corr": 0.9986835874087534,
    "verify_l2_from_curves": {
      "D0_match": true,
      "D0_recomputed": 0.0013671332274262373,
      "D0_reported": 0.0013671332274262373,
      "D1_match": true,
      "D1_recomputed": 18.490504750895482,
      "D1_reported": 18.490504750895482,
      "tol_abs": 1e-12,
      "tol_rel": 1e-10,
      "verify_dnu": 0.10000000000000009
    }
  },
  "hint": "This script compares observed morphology against phase-randomized surrogates that preserve |a_lm|. V0(nu) is excursion-set area fraction; V1(nu) is a perimeter proxy estimated from |\u2207x| in a nu-band. Distances D0 and D1 are L2 distances (sqrt(sum((a-b)^2)*dnu)) to surrogate-mean curves. D_mf combines them as sqrt(D0^2 + D1^2). Z_mf is the scale-free combined z-distance.",
  "kind": "planck_pr3_lensing_phi_topology_mf_v0_v1",
  "lmax": 320,
  "metric": "Minkowski-style morphology: V0(area) + V1(perimeter proxy) vs phase-random surrogates",
  "n_sims": 2000,
  "nside": 256,
  "observed": {
    "D0_L2": 0.0013671332274262373,
    "D0_sum_sq_legacy": 1.8690532615328783e-05,
    "D1_L2": 18.490504750895482,
    "D1_sum_sq_legacy": 3418.9876594288808,
    "D_mf": 18.490504801436376,
    "Z0": -0.6057179256121322,
    "Z1": -0.9061852614040665,
    "Z_mf": 1.0899843730044119,
    "map_mean": -3.2034276333144096e-08,
    "map_std": 0.06310506752674347,
    "v0_curve": [
      0.9985491434733073,
      0.9979960123697916,
      0.9972356160481771,
      0.9963900248209635,
      0.9950981140136719,
      0.993523915608724,
      0.9914232889811198,
      0.988775889078776,
      0.9855270385742188,
      0.9814402262369791,
      0.976403554280599,
      0.9703776041666666,
      0.9630661010742188,
      0.9543927510579427,
      0.9441706339518229,
      0.9323094685872396,
      0.9185600280761719,
      0.9025789896647135,
      0.8843879699707031,
      0.863983154296875,
      0.8412068684895834,
      0.8158798217773438,
      0.7884114583333334,
      0.7588755289713541,
      0.7266159057617188,
      0.6925646464029948,
      0.6568158467610677,
      0.6199531555175781,
      0.5811665852864584,
      0.5414810180664062,
      0.5017191569010416,
      0.4619763692220052,
      0.4222730000813802,
      0.38335291544596356,
      0.3453178405761719,
      0.3093312581380208,
      0.27501678466796875,
      0.2423731486002604,
      0.21251042683919272,
      0.18459192911783853,
      0.15900166829427084,
      0.13581975301106772,
      0.11491648356119792,
      0.09660847981770833,
      0.0804150899251302,
      0.06626256306966145,
      0.05420811971028646,
      0.04394404093424479,
      0.035428365071614586,
      0.028143564860026043,
      0.022226969401041668,
      0.017251332600911457,
      0.013248443603515625,
      0.010119120279947916,
      0.00762176513671875,
      0.005672454833984375,
      0.004160563151041667,
      0.0030466715494791665,
      0.0022099812825520835,
      0.0016263326009114583,
      0.0011800130208333333
    ],
    "v1_curve": [
      13.728318527731364,
      18.505206890165102,
      22.254336517181688,
      26.138510320761487,
      37.995940705085886,
      51.78812357382081,
      65.03431034750353,
      82.77656707446617,
      102.11931863336923,
      124.3123904200328,
      161.76728680471092,
      187.09163551932056,
      233.75634954866578,
      270.1665075448623,
      321.43818143193016,
      375.5576384399563,
      433.9230107559312,
      502.51031570072854,
      572.4018281902617,
      639.6166924039212,
      718.0782380874476,
      798.1275357097733,
      859.7210025347488,
      959.5650330296143,
      1012.8933527314333,
      1076.2090197665304,
      1109.0565913249786,
      1194.044156760076,
      1226.2172648398434,
      1235.1332962630647,
      1256.37695362505,
      1234.5440694520132,
      1241.6142094815252,
      1199.1894934987622,
      1171.3575141095978,
      1140.2801615147562,
      1063.426723104704,
      1014.0762935279698,
      927.2744505093042,
      873.6315785770067,
      801.311853775976,
      704.4920053543736,
      623.4622009474523,
      546.4391149748936,
      480.42027984664594,
      415.208814994846,
      351.6411291049329,
      300.680384172053,
      252.37232614413205,
      203.08742054503898,
      176.6347984515634,
      141.8917274288693,
      110.52507037598862,
      86.0037654643003,
      67.79852462491088,
      51.9396913155466,
      38.18831124379085,
      26.822122455105788,
      19.61443252634607,
      15.452936617829483,
      12.481793183411881
    ]
  },
  "p_high": 0.6461769115442278,
  "p_high_mf": 0.8225887056471765,
  "p_low": 0.3543228385807096,
  "p_low_mf": 0.17791104447776113,
  "p_two_sided": 0.7086456771614192,
  "p_two_sided_mf": 0.35582208895552225,
  "provenance": {
    "dat_url": "GAUSSIAN_CONTROL_FROM: https://github.com/gradient-pulse/phi-mesh/releases/download/data-2026-02-15-planck-lensing-R3/planck_pr3_lensing_mv_dat_klm.fits",
    "mf_url": "GAUSSIAN_CONTROL_MF_ZERO_FROM: https://github.com/gradient-pulse/phi-mesh/releases/download/data-2026-02-15-planck-lensing-R3/planck_pr3_lensing_mv_mf_klm.fits"
  },
  "seed": 731,
  "surrogate": {
    "D0_mean": 0.0022309710064903586,
    "D0_std": 0.0014261387067109428,
    "D1_mean": 22.483662027733086,
    "D1_std": 4.406557297842721,
    "D_mf_mean": 22.483662165136796,
    "D_mf_std": 4.406557392227646,
    "v0_mean_curve": [
      0.9986501948038744,
      0.9981299355824788,
      0.9974348672231045,
      0.9965135504404701,
      0.9953079115549709,
      0.9937456537882476,
      0.9917383632659907,
      0.9891859601338684,
      0.9859783528645825,
      0.9819878152211503,
      0.9770645866394027,
      0.9710547529856358,
      0.9638009668986018,
      0.9551324151357017,
      0.9448606071472186,
      0.9328203544616709,
      0.9188499132792145,
      0.9027939554850257,
      0.8845236555735277,
      0.8639456621805836,
      0.8409941507975275,
      0.8156462478637699,
      0.7879227422078441,
      0.7579065996805817,
      0.7257225824991866,
      0.6915509789784737,
      0.6556414750417076,
      0.6182525208791104,
      0.5797167911529543,
      0.5404061946868902,
      0.5006774113972975,
      0.4609255129496259,
      0.4215341835021977,
      0.38290506744384756,
      0.34538973808288587,
      0.3093225320180255,
      0.27498129844665536,
      0.24261463419596344,
      0.21241437911987318,
      0.18450622812906928,
      0.15898285547892257,
      0.1358773727416996,
      0.11515658823649112,
      0.09678224054972324,
      0.0806406675974529,
      0.06660987599690753,
      0.05453765678405759,
      0.04425974973042808,
      0.03559668413798017,
      0.028367440541585263,
      0.022398077011108394,
      0.017520537694295228,
      0.013577583312988296,
      0.010420569737752277,
      0.00792345682779948,
      0.00596626981099447,
      0.004449995676676432,
      0.0032861321767171238,
      0.002403885523478189,
      0.0017413043975830075,
      0.0012487881978352842
    ],