{
  "diagnostics": {
    "excess_kurt_x_obs": 0.012638201838768293,
    "imag_frac_nonzero_eps1e-12": 0.9937888198757764,
    "imag_max_abs": 0.018061983480706426,
    "skew_x_obs": 0.014390939851204395,
    "v1_delta_bandwidth_dnu": 0.10000000000000009,
    "v1_symmetry_corr": 0.9993250171046528,
    "verify_l2_from_curves": {
      "D0_match": true,
      "D0_recomputed": 0.0011413728567260379,
      "D0_reported": 0.0011413728567260379,
      "D1_match": true,
      "D1_recomputed": 23.636254496689315,
      "D1_reported": 23.636254496689315,
      "tol_abs": 1e-12,
      "tol_rel": 1e-10,
      "verify_dnu": 0.10000000000000009
    }
  },
  "hint": "This script compares observed morphology against phase-randomized surrogates that preserve |a_lm|. V0(nu) is excursion-set area fraction; V1(nu) is a perimeter proxy estimated from |\u2207x| in a nu-band. Distances D0 and D1 are L2 distances (sqrt(sum((a-b)^2)*dnu)) to surrogate-mean curves. D_mf combines them as sqrt(D0^2 + D1^2). Z_mf is the scale-free combined z-distance.",
  "kind": "planck_pr3_lensing_phi_topology_mf_v0_v1",
  "lmax": 320,
  "metric": "Minkowski-style morphology: V0(area) + V1(perimeter proxy) vs phase-random surrogates",
  "n_sims": 2000,
  "nside": 256,
  "observed": {
    "D0_L2": 0.0011413728567260379,
    "D0_sum_sq_legacy": 1.3027319980709553e-05,
    "D1_L2": 23.636254496689315,
    "D1_sum_sq_legacy": 5586.725266322653,
    "D_mf": 23.636254524247235,
    "Z0": -0.2759208944338561,
    "Z1": 0.9478127535832587,
    "Z_mf": 0.9871582222927883,
    "map_mean": 1.965598504331349e-08,
    "map_std": 0.0611950230647281,
    "v0_curve": [
      0.9987055460611979,
      0.998199462890625,
      0.9975446065266927,
      0.9966926574707031,
      0.995538075764974,
      0.9939664204915365,
      0.991949717203776,
      0.9893836975097656,
      0.9862136840820312,
      0.9822463989257812,
      0.9773152669270834,
      0.971466064453125,
      0.9644889831542969,
      0.9560890197753906,
      0.9458325703938802,
      0.9338582356770834,
      0.9199981689453125,
      0.9039497375488281,
      0.8856315612792969,
      0.864630381266276,
      0.8414662679036459,
      0.8160591125488281,
      0.7879282633463541,
      0.7580897013346354,
      0.7255516052246094,
      0.6909014383951823,
      0.6547470092773438,
      0.617041269938151,
      0.5785535176595052,
      0.5391248067220052,
      0.49899037679036456,
      0.45920689900716144,
      0.4196968078613281,
      0.3811149597167969,
      0.34368260701497394,
      0.3074684143066406,
      0.27334340413411456,
      0.2412261962890625,
      0.21123123168945312,
      0.183563232421875,
      0.158050537109375,
      0.13530604044596353,
      0.11507924397786458,
      0.09703318277994792,
      0.0812212626139323,
      0.06754048665364583,
      0.055376688639322914,
      0.045176188151041664,
      0.0365447998046875,
      0.029301961263020832,
      0.023242950439453125,
      0.018404642740885418,
      0.014329274495442709,
      0.011046091715494791,
      0.00846099853515625,
      0.006404876708984375,
      0.004840850830078125,
      0.0036404927571614585,
      0.0026982625325520835,
      0.001964569091796875,
      0.0014330546061197917
    ],
    "v1_curve": [
      14.439603711151715,
      19.662200388800336,
      24.507260426155447,
      34.31567666975284,
      41.83121379503315,
      59.18964706918275,
      73.37069210153528,
      87.26041444542,
      114.48246143174245,
      147.9324056765907,
      176.67644570800425,
      212.30158505060817,
      250.93762935001834,
      310.6205114517405,
      369.24386184983194,
      429.45593547500897,
      486.03937664921233,
      557.1211111727833,
      653.7105810669283,
      713.7707504119467,
      803.412053194225,
      888.4274773666019,
      939.3464244187335,
      1008.0885481175943,
      1096.6429256529375,
      1166.4032384075158,
      1194.0840698895886,
      1214.878274536018,
      1234.3415766585608,
      1287.35045947692,
      1275.7771739291795,
      1285.5427002773965,
      1242.8770980394963,
      1215.8239338291603,
      1161.247063907973,
      1129.544136948971,
      1056.6561480471796,
      1013.2643556955464,
      904.5361147715593,
      859.8268400752621,
      754.9782072163728,
      681.7824348484729,
      593.5075326769611,
      529.4143399255969,
      465.22205510329763,
      410.2953102673024,
      350.9664403806321,
      291.7950366708727,
      247.64599843691684,
      201.38452456354946,
      176.237500669385,
      137.32991645433438,
      109.76717668629968,
      88.80431993552874,
      72.25112223179933,
      58.08074237389765,
      40.83393929961152,
      31.08007162971883,
      26.53417917879476,
      19.339269125338777,
      14.139875339895797
    ]
  },
  "p_high": 0.5107446276861569,
  "p_high_mf": 0.16091954022988506,
  "p_low": 0.4897551224387806,
  "p_low_mf": 0.8395802098950524,
  "p_two_sided": 0.9795102448775612,
  "p_two_sided_mf": 0.3218390804597701,
  "provenance": {
    "dat_url": "GAUSSIAN_CONTROL_FROM: https://github.com/gradient-pulse/phi-mesh/releases/download/data-2026-02-15-planck-lensing-R3/planck_pr3_lensing_mv_dat_klm.fits",
    "mf_url": "GAUSSIAN_CONTROL_MF_ZERO_FROM: https://github.com/gradient-pulse/phi-mesh/releases/download/data-2026-02-15-planck-lensing-R3/planck_pr3_lensing_mv_mf_klm.fits"
  },
  "seed": 731,
  "surrogate": {
    "D0_mean": 0.0013450600027933605,
    "D0_std": 0.000738208487201576,
    "D1_mean": 20.800151929511525,
    "D1_std": 2.9922603979063864,
    "D_mf_mean": 20.800151983568234,
    "D_mf_std": 2.992260415475502,
    "v0_mean_curve": [
      0.9986821842193585,
      0.9981728992462164,
      0.9974906145731608,
      0.9965878391265869,
      0.9954018573760984,
      0.9938611895243332,
      0.9918833446502682,
      0.9893670190175397,
      0.9861935081481923,
      0.9822392005920415,
      0.9773589509328211,
      0.9713900515238445,
      0.9641754182179758,
      0.9555325393676751,
      0.945290073394775,
      0.9332679462432866,
      0.9192974967956549,
      0.903224550247193,
      0.8849278494517001,
      0.8642967370351153,
      0.8412736968994132,
      0.8158331534067775,
      0.7880015773773187,
      0.7578633015950521,
      0.7255456530253086,
      0.6912407042185469,
      0.6551842714945468,
      0.6176617050170912,
      0.5790081717173254,
      0.539583962758382,
      0.49977206039428723,
      0.45996537081400585,
      0.42055487060546853,
      0.38193618138631186,
      0.34445434570312433,
      0.30844668833414707,
      0.2741960207621255,
      0.24194608052571623,
      0.21187575340271006,
      0.184112907409668,
      0.15873755009969093,
      0.13576599184672042,
      0.11517805926005037,
      0.09691672261555986,
      0.08087903213500991,
      0.06693111101786312,
      0.05492001533508302,
      0.044677117029825776,
      0.036031114578247106,
      0.028806602478027327,
      0.022828531901041706,
      0.0179304033915202,
      0.013959716796875,
      0.01077199872334799,
      0.008235847473144538,
      0.006239529291788731,
      0.004682799657185872,
      0.0034830481211344387,
      0.0025668818155924495,
      0.0018746287027994813,
      0.001355635325113935
    ],