{
  "period": 1.05,
  "bpm": 57.14285714285714,
  "confidence": 0.0,
  "main_peak_freq": 0.9523809523809523,
  "peaks": [
    [
      0.9523809523809523,
      6.3998863738314e-31
    ],
    [
      1.9047619047619047,
      5.487033027480985e-31
    ],
    [
      2.8571428571428568,
      4.24634194757162e-32
    ]
  ],
  "divergence_ratio": 7.868965511095282e-14,
  "reset_events": [],
  "source": "jhtdb",
  "details": {
    "dataset": "isotropic1024coarse",
    "var": "u",
    "xyz": [
      0.1,
      0.1,
      0.1
    ],
    "window": [
      0.0,
      1.0,
      0.0005
    ]
  }
}
