{
  "period": 1.0,
  "bpm": 60.0,
  "confidence": 0.0,
  "main_peak_freq": 1.0,
  "peaks": [
    [
      1.0,
      219.91289954737974
    ],
    [
      2.0,
      153.02279631140004
    ],
    [
      3.0,
      87.4455695569049
    ],
    [
      4.0,
      62.26798742163493
    ],
    [
      5.0,
      48.632096616831824
    ]
  ],
  "divergence_ratio": 7.667564366805569e-16,
  "reset_events": [],
  "source": "jhtdb",
  "details": {
    "dataset": "isotropic1024coarse",
    "var": "u",
    "xyz": [
      0.1,
      0.1,
      0.1
    ],
    "window": [
      0.0,
      1.0,
      0.0005
    ]
  }
}
