{
  "diagnostics": {
    "excess_kurt_x_obs": -0.05006126377434983,
    "imag_frac_nonzero_eps1e-12": 0.9846153846153847,
    "imag_max_abs": 0.0350227777166623,
    "skew_x_obs": 0.07233281771466855,
    "v1_delta_bandwidth_dnu": 0.10000000000000009,
    "v1_symmetry_corr": 0.9934818408885068,
    "verify_l2_from_curves": {
      "D0_match": true,
      "D0_recomputed": 0.0046415824746837385,
      "D0_reported": 0.0046415824746837385,
      "D1_match": true,
      "D1_recomputed": 12.78302865140116,
      "D1_reported": 12.78302865140116,
      "tol_abs": 1e-12,
      "tol_rel": 1e-10,
      "verify_dnu": 0.10000000000000009
    }
  },
  "hint": "This script compares observed morphology against phase-randomized surrogates that preserve |a_lm|. V0(nu) is excursion-set area fraction; V1(nu) is a perimeter proxy estimated from |\u2207x| in a nu-band. Distances D0 and D1 are L2 distances (sqrt(sum((a-b)^2)*dnu)) to surrogate-mean curves. D_mf combines them as sqrt(D0^2 + D1^2). Z_mf is the scale-free combined z-distance.",
  "kind": "planck_pr3_lensing_phi_topology_mf_v0_v1",
  "lmax": 128,
  "metric": "Minkowski-style morphology: V0(area) + V1(perimeter proxy) vs phase-random surrogates",
  "n_sims": 2000,
  "nside": 256,
  "observed": {
    "D0_L2": 0.0046415824746837385,
    "D0_sum_sq_legacy": 0.00021544287869291196,
    "D1_L2": 12.78302865140116,
    "D1_sum_sq_legacy": 1634.0582150254284,
    "D_mf": 12.78302949409219,
    "Z0": -0.9615313468138569,
    "Z1": -0.38739193484116174,
    "Z_mf": 1.0366364078526513,
    "map_mean": -4.362993990759146e-08,
    "map_std": 0.03281568464597587,
    "v0_curve": [
      0.9993260701497396,
      0.9990336100260416,
      0.9985644022623698,
      0.997870127360026,
      0.9968210856119791,
      0.9954872131347656,
      0.9937566121419271,
      0.9914220174153646,
      0.9883753458658854,
      0.9845619201660156,
      0.9796574910481771,
      0.9737637837727865,
      0.9662424723307291,
      0.9572308858235677,
      0.9464988708496094,
      0.9339370727539062,
      0.9194234212239584,
      0.9024403889973959,
      0.8834711710611979,
      0.8624343872070312,
      0.8393516540527344,
      0.8132438659667969,
      0.7849451700846354,
      0.7542025248209635,
      0.721893310546875,
      0.6874974568684896,
      0.6513926188151041,
      0.6136054992675781,
      0.5751317342122396,
      0.536224365234375,
      0.4972063700358073,
      0.4577992757161458,
      0.41952260335286456,
      0.38146082560221356,
      0.34403737386067706,
      0.308258056640625,
      0.2738698323567708,
      0.24193572998046875,
      0.21179962158203125,
      0.1835784912109375,
      0.1580047607421875,
      0.1350860595703125,
      0.1148223876953125,
      0.09705098470052083,
      0.08123779296875,
      0.06752904256184895,
      0.05588658650716146,
      0.045801798502604164,
      0.03732426961263021,
      0.030094146728515625,
      0.024272918701171875,
      0.019439697265625,
      0.015591939290364584,
      0.012437184651692709,
      0.00984954833984375,
      0.00762939453125,
      0.005900065104166667,
      0.004496256510416667,
      0.00339508056640625,
      0.0025189717610677085,
      0.0018666585286458333
    ],
    "v1_curve": [
      1.69122751120156,
      2.3543625701236746,
      3.978866146914317,
      5.2688614498096475,
      7.770777696615534,
      10.528719587111276,
      13.94838035955272,
      17.31499229224936,
      24.16629731143685,
      30.566175810723557,
      37.94843431650508,
      47.21370844692734,
      57.34906443999082,
      70.5948027783679,
      83.66223964212757,
      97.93695764693041,
      113.35609361696523,
      130.41585667151503,
      146.47356980068358,
      163.31797459424496,
      181.78512587440702,
      198.82296313702065,
      216.36872685457416,
      230.0251312778631,
      248.4600713049484,
      260.44396032701155,
      276.9212957258099,
      282.28424969725785,
      292.5873560633092,
      300.3530897304563,
      308.43712869496204,
      303.8748709340294,
      307.67278860859557,
      309.13226951624034,
      303.4290573647336,
      296.42140470516676,
      288.4019824894537,
      273.30408856838426,
      264.11739172672645,
      247.4169480959259,
      229.61760713755288,
      211.35227928165605,
      190.95048969720395,
      163.99219133230153,
      159.39790987938653,
      132.6231393184385,
      116.37382403099606,
      103.01355316713504,
      93.53316554024565,
      72.36442332943908,
      62.458827815510126,
      50.42280893867145,
      43.36668749684936,
      39.040063975517675,
      32.54086708829118,
      26.54944552371262,
      20.70335633445733,
      17.360243258847387,
      13.995066175905388,
      9.976971249311609,
      8.83174291631567
    ]
  },
  "p_high": 0.8405797101449275,
  "p_high_mf": 0.5912043978010995,
  "p_low": 0.15992003998001,
  "p_low_mf": 0.40929535232383807,
  "p_two_sided": 0.31984007996002,
  "p_two_sided_mf": 0.8185907046476761,
  "provenance": {
    "dat_url": "GAUSSIAN_CONTROL_FROM: https://github.com/gradient-pulse/phi-mesh/releases/download/data-2026-02-15-planck-lensing-R3/planck_pr3_lensing_mv_dat_klm.fits",
    "mf_url": "GAUSSIAN_CONTROL_MF_ZERO_FROM: https://github.com/gradient-pulse/phi-mesh/releases/download/data-2026-02-15-planck-lensing-R3/planck_pr3_lensing_mv_mf_klm.fits"
  },
  "seed": 731,
  "surrogate": {
    "D0_mean": 0.008915366841632985,
    "D0_std": 0.004444768629864138,
    "D1_mean": 15.097884696870809,
    "D1_std": 5.975488484082108,
    "D_mf_mean": 15.097887524732357,
    "D_mf_std": 5.975489642758531,
    "v0_mean_curve": [
      0.9990556049346934,
      0.9986440537770597,
      0.9980778153737396,
      0.9973076953887936,
      0.9962736810048431,
      0.9949040781656904,
      0.9931087296803783,
      0.990785354614258,
      0.987809453964232,
      0.9840458520253491,
      0.9793424549102775,
      0.9735321763356535,
      0.9664313392639173,
      0.9578578713734939,
      0.9476187133789055,
      0.9355329246520998,
      0.9214155337015787,
      0.9051041456858324,
      0.8864636154174801,
      0.8653880583445245,
      0.8418131936391177,
      0.8157349090576178,
      0.7871930065155041,
      0.756283613840739,
      0.723173904418946,
      0.6880887883504236,
      0.6512967878977463,
      0.6131163730621348,
      0.573919668197632,
      0.5340962810516356,
      0.49405167452494303,
      0.45420157305399594,
      0.41495804723103946,
      0.3766798750559488,
      0.33972914377848346,
      0.3043887278238931,
      0.2709200458526609,
      0.2395109806060793,
      0.2103241850535077,
      0.18344329579671215,
      0.1588969751993813,
      0.13667780939737942,
      0.11675131797790515,
      0.09901428031921393,
      0.08336877059936532,
      0.06966705004374178,
      0.0577797921498615,
      0.047547051747639936,
      0.03881178792317711,
      0.03141801579793298,
      0.025211975097656214,
      0.020050665537516305,
      0.01580067888895669,
      0.012331052144368514,
      0.00952675437927247,
      0.007283060073852539,
      0.005508235931396481,
      0.004122879664103197,
      0.0030495090484619117,
      0.0022301343282063774,
      0.0016119340260823557
    ],