{
  "diagnostics": {
    "excess_kurt_x_obs": -0.07938171221590418,
    "imag_frac_nonzero_eps1e-12": 0.9896907216494846,
    "imag_max_abs": 0.04261619963417348,
    "skew_x_obs": -0.16671315186350455,
    "v1_delta_bandwidth_dnu": 0.10000000000000009,
    "v1_symmetry_corr": 0.997025830731753,
    "verify_l2_from_curves": {
      "D0_match": true,
      "D0_recomputed": 0.017405620210849092,
      "D0_reported": 0.017405620210849092,
      "D1_match": true,
      "D1_recomputed": 39.51950877637765,
      "D1_reported": 39.51950877637765,
      "tol_abs": 1e-12,
      "tol_rel": 1e-10,
      "verify_dnu": 0.10000000000000009
    }
  },
  "hint": "This script compares observed morphology against phase-randomized surrogates that preserve |a_lm|. V0(nu) is excursion-set area fraction; V1(nu) is a perimeter proxy estimated from |\u2207x| in a nu-band. Distances D0 and D1 are L2 distances (sqrt(sum((a-b)^2)*dnu)) to surrogate-mean curves. D_mf combines them as sqrt(D0^2 + D1^2). Z_mf is the scale-free combined z-distance.",
  "kind": "planck_pr3_lensing_phi_topology_mf_v0_v1",
  "lmax": 192,
  "metric": "Minkowski-style morphology: V0(area) + V1(perimeter proxy) vs phase-random surrogates",
  "n_sims": 2000,
  "nside": 256,
  "observed": {
    "D0_L2": 0.017405620210849092,
    "D0_sum_sq_legacy": 0.003029556149243181,
    "D1_L2": 39.51950877637765,
    "D1_sum_sq_legacy": 15617.915739261884,
    "D_mf": 39.51951260936558,
    "Z0": 0.8758208326434522,
    "Z1": 1.0684414790215633,
    "Z_mf": 1.3815315142934872,
    "map_mean": -1.5177528940243934e-08,
    "map_std": 0.044588107608828906,
    "v0_curve": [
      0.9982388814290365,
      0.9975535074869791,
      0.9966913859049479,
      0.9955291748046875,
      0.9939969380696615,
      0.9921595255533854,
      0.9897232055664062,
      0.9867324829101562,
      0.9830462137858073,
      0.9785105387369791,
      0.9730389912923177,
      0.9664408365885416,
      0.9586207071940104,
      0.9493522644042969,
      0.9385884602864584,
      0.9263051350911459,
      0.9121513366699219,
      0.896569569905599,
      0.8789596557617188,
      0.8593851725260416,
      0.8378868103027344,
      0.8138135274251302,
      0.7876269022623698,
      0.7596143086751302,
      0.7290598551432291,
      0.697418212890625,
      0.6639620463053385,
      0.6287956237792969,
      0.5921758015950521,
      0.5544776916503906,
      0.5152600606282552,
      0.47582753499348956,
      0.43623097737630206,
      0.39664586385091144,
      0.3577931722005208,
      0.3194986979166667,
      0.28355662027994794,
      0.24899673461914062,
      0.21625645955403647,
      0.18599446614583334,
      0.15859349568684897,
      0.13360977172851562,
      0.11150360107421875,
      0.09182357788085938,
      0.07490030924479167,
      0.06063079833984375,
      0.048311869303385414,
      0.038126627604166664,
      0.029632568359375,
      0.022858937581380207,
      0.017241160074869793,
      0.012830098470052084,
      0.009427388509114584,
      0.006853739420572917,
      0.004906972249348958,
      0.003490447998046875,
      0.0024134318033854165,
      0.0016352335611979167,
      0.00112152099609375,
      0.000743865966796875,
      0.00046539306640625
    ],
    "v1_curve": [
      8.02372981153415,
      10.218070074759542,
      14.361180660350831,
      18.714800347529625,
      22.360643020374013,
      29.591692356875825,
      35.409399474003145,
      43.717048082704274,
      53.66538908060118,
      65.80410699626559,
      78.08368058967584,
      95.24320955289753,
      110.63766028777759,
      127.13311377277694,
      150.2750532272328,
      170.37173370209908,
      196.16613916924658,
      217.7905606308678,
      249.2452209389832,
      269.57523053019,
      299.37076164810225,
      335.42504454179976,
      367.2706155736579,
      395.8801006963074,
      425.35807360593554,
      447.74887607250247,
      476.0360995152796,
      497.2236217798469,
      521.6212464293895,
      533.2742885234364,
      552.4944399950475,
      568.006507705113,
      558.4134741625763,
      553.0846231461685,
      550.0715864205935,
      528.101715494745,
      497.1565031345649,
      467.3942628296341,
      432.06037135924635,
      392.25887365124197,
      352.2382791815325,
      315.4900537874565,
      275.2016803832833,
      239.23048379744,
      205.1634969788557,
      166.98591542801123,
      142.1796676687038,
      115.97105677112849,
      93.87280975985583,
      78.04655042045437,
      56.782316012335365,
      45.19313352896364,
      34.21746894639877,
      27.0171320982507,
      19.052684961253473,
      13.767066720762587,
      10.348940525710033,
      7.569848007847435,
      5.01405470735695,
      3.403050827507926,
      2.4411805240123075
    ]
  },
  "p_high": 0.1874062968515742,
  "p_high_mf": 0.14842578710644677,
  "p_low": 0.8130934532733634,
  "p_low_mf": 0.8520739630184908,
  "p_two_sided": 0.3748125937031484,
  "p_two_sided_mf": 0.29685157421289354,
  "provenance": {
    "dat_url": "GAUSSIAN_CONTROL_FROM: https://github.com/gradient-pulse/phi-mesh/releases/download/data-2026-02-15-planck-lensing-R3/planck_pr3_lensing_mv_dat_klm.fits",
    "mf_url": "GAUSSIAN_CONTROL_MF_ZERO_FROM: https://github.com/gradient-pulse/phi-mesh/releases/download/data-2026-02-15-planck-lensing-R3/planck_pr3_lensing_mv_mf_klm.fits"
  },
  "seed": 731,
  "surrogate": {
    "D0_mean": 0.011355008754540959,
    "D0_std": 0.0069085036925255975,
    "D1_mean": 26.01228594310479,
    "D1_std": 12.64198657435337,
    "D_mf_mean": 26.01228853326667,
    "D_mf_std": 12.641988231872341,
    "v0_mean_curve": [
      0.9990176836649564,
      0.9985828857421869,
      0.9979834473927809,
      0.9971655858357749,
      0.9960676759084052,
      0.9946114088694246,
      0.9927022844950375,
      0.9902360394795747,
      0.9870874239603675,
      0.9831183967590318,
      0.9781816380818693,
      0.9721129131317134,
      0.9647302850087476,
      0.9558653303782144,
      0.9453475564320882,
      0.933006443659466,
      0.9186793295542399,
      0.9022345568339035,
      0.88356636238098,
      0.8625900599161782,
      0.8392562090555816,
      0.8135692068735771,
      0.7855732282002789,
      0.7553605709075922,
      0.7230746587117506,
      0.6888842862447092,
      0.6530477937062581,
      0.6158339703877754,
      0.5775650043487552,
      0.5385754712422691,
      0.4992253481547037,
      0.45988618850707935,
      0.42093752861022926,
      0.3827471357981364,
      0.3456397800445559,
      0.30993484814961747,
      0.2759082037607822,
      0.2437921352386475,
      0.21377367273966438,
      0.18599305025736493,
      0.16052996953328463,
      0.13742089207967143,
      0.11664616457621237,
      0.09816425069173168,
      0.08188270886739105,
      0.06769002087910965,
      0.05544169616699215,
      0.04498470560709641,
      0.036148376464843805,
      0.028758246103922507,
      0.022650526682535782,
      0.017654720306396438,
      0.01361542065938313,
      0.010387633005778,
      0.00783897082010905,
      0.0058489068349202485,
      0.004315437316894527,
      0.0031454518636067747,
      0.002265778223673503,
      0.0016116008758544906,
      0.0011319306691487624
    ],