{
  "diagnostics": {
    "excess_kurt_x_obs": -0.06729463175428307,
    "imag_frac_nonzero_eps1e-12": 0.9922480620155039,
    "imag_max_abs": 0.038013036092442734,
    "skew_x_obs": 0.0988206459533885,
    "v1_delta_bandwidth_dnu": 0.10000000000000009,
    "v1_symmetry_corr": 0.9882483563576585,
    "verify_l2_from_curves": {
      "D0_match": true,
      "D0_recomputed": 0.003780742179178043,
      "D0_reported": 0.003780742179178043,
      "D1_match": true,
      "D1_recomputed": 16.376112276219153,
      "D1_reported": 16.376112276219153,
      "tol_abs": 1e-12,
      "tol_rel": 1e-10,
      "verify_dnu": 0.10000000000000009
    }
  },
  "hint": "This script compares observed morphology against phase-randomized surrogates that preserve |a_lm|. V0(nu) is excursion-set area fraction; V1(nu) is a perimeter proxy estimated from |\u2207x| in a nu-band. Distances D0 and D1 are L2 distances (sqrt(sum((a-b)^2)*dnu)) to surrogate-mean curves. D_mf combines them as sqrt(D0^2 + D1^2). Z_mf is the scale-free combined z-distance.",
  "kind": "planck_pr3_lensing_phi_topology_mf_v0_v1",
  "lmax": 256,
  "metric": "Minkowski-style morphology: V0(area) + V1(perimeter proxy) vs phase-random surrogates",
  "n_sims": 2000,
  "nside": 256,
  "observed": {
    "D0_L2": 0.003780742179178043,
    "D0_sum_sq_legacy": 0.00014294011425415926,
    "D1_L2": 16.376112276219153,
    "D1_sum_sq_legacy": 2681.7705328333545,
    "D_mf": 16.376112712647867,
    "Z0": -0.18419322478569625,
    "Z1": -0.6117896196518818,
    "Z_mf": 0.6389160216888823,
    "map_mean": -2.8254634112702868e-09,
    "map_std": 0.053304516584613514,
    "v0_curve": [
      0.9992764790852865,
      0.9989306131998698,
      0.9984537760416666,
      0.9977874755859375,
      0.9968401590983073,
      0.995611826578776,
      0.9938990275065104,
      0.9916763305664062,
      0.9888420104980469,
      0.9851417541503906,
      0.9803759256998698,
      0.974572499593099,
      0.9676373799641927,
      0.959112803141276,
      0.9487330118815104,
      0.9366633097330729,
      0.922265370686849,
      0.9054921468098959,
      0.8864542643229166,
      0.864966074625651,
      0.8408648173014323,
      0.814276377360026,
      0.7850761413574219,
      0.75347900390625,
      0.7200393676757812,
      0.6844011942545573,
      0.6475537618001302,
      0.6096267700195312,
      0.5707422892252604,
      0.531378428141276,
      0.4920183817545573,
      0.4526507059733073,
      0.4138170878092448,
      0.3763224283854167,
      0.33963902791341144,
      0.30499521891276044,
      0.2717882792154948,
      0.24073028564453125,
      0.21174748738606772,
      0.18494542439778647,
      0.16060384114583334,
      0.1385828653971354,
      0.11879984537760417,
      0.10089619954427083,
      0.08513132731119792,
      0.07116953531901042,
      0.05894343058268229,
      0.048431396484375,
      0.03941980997721354,
      0.03171539306640625,
      0.025358835856119793,
      0.02001190185546875,
      0.015621185302734375,
      0.012106577555338541,
      0.009298960367838541,
      0.006993611653645833,
      0.005298614501953125,
      0.003938039143880208,
      0.0028966267903645835,
      0.002132415771484375,
      0.0015246073404947917
    ],
    "v1_curve": [
      8.876629012310222,
      10.62769675480702,
      15.366987381411798,
      22.19330687638269,
      28.508621427993532,
      42.02115615972456,
      53.30043089691523,
      69.11959629397637,
      86.54475687674957,
      109.72000351511925,
      144.38928959881727,
      166.34957415213722,
      200.42350520431228,
      249.44474894287546,
      295.33959700758095,
      328.9738366802296,
      386.0842899431738,
      438.42683342625537,
      493.16317476690193,
      557.1650690197741,
      609.1355335154465,
      665.3830211125244,
      741.1613844678172,
      755.8326417818646,
      800.3569828084075,
      837.3001073950189,
      844.7501123080805,
      875.0872738121781,
      854.3317044542706,
      857.2612454110899,
      861.1192406522053,
      849.6653859687652,
      811.9590883742554,
      774.2716990919406,
      743.432690168965,
      700.8676274705546,
      660.1474907070543,
      594.9843384131352,
      556.153073479662,
      501.857461663299,
      449.8830958795359,
      404.08298057963475,
      358.1477514310699,
      313.61230551069343,
      282.0924543703027,
      235.6967597551627,
      206.27207559046948,
      178.55130906689124,
      146.89619249645992,
      124.96202668296607,
      100.79085232466105,
      85.38449095943197,
      69.5263903844399,
      54.74990784284798,
      45.485133969702986,
      34.925022064291504,
      27.133871120305166,
      21.865305259672446,
      15.310363587145677,
      12.637497146855027,
      9.864317826936048
    ]
  },
  "p_high": 0.4897551224387806,
  "p_high_mf": 0.6851574212893553,
  "p_low": 0.5107446276861569,
  "p_low_mf": 0.3153423288355822,
  "p_two_sided": 0.9795102448775612,
  "p_two_sided_mf": 0.6306846576711644,
  "provenance": {
    "dat_url": "GAUSSIAN_CONTROL_FROM: https://github.com/gradient-pulse/phi-mesh/releases/download/data-2026-02-15-planck-lensing-R3/planck_pr3_lensing_mv_dat_klm.fits",
    "mf_url": "GAUSSIAN_CONTROL_MF_ZERO_FROM: https://github.com/gradient-pulse/phi-mesh/releases/download/data-2026-02-15-planck-lensing-R3/planck_pr3_lensing_mv_mf_klm.fits"
  },
  "seed": 731,
  "surrogate": {
    "D0_mean": 0.004244982263820802,
    "D0_std": 0.002520397181725272,
    "D1_mean": 20.231168337020232,
    "D1_std": 6.301277329606652,
    "D_mf_mean": 20.231168836709678,
    "D_mf_std": 6.30127765910916,
    "v0_mean_curve": [
      0.9990911057790105,
      0.9986930230458592,
      0.9981425291697206,
      0.9973894100189213,
      0.9963735256195069,
      0.9950199108123781,
      0.9932365239461265,
      0.9909163500467933,
      0.9879406057993573,
      0.9841608886718748,
      0.9794269078572578,
      0.9735586694081633,
      0.9663771832784034,
      0.9576967169443756,
      0.947322631835936,
      0.9350657221476232,
      0.9207550601959219,
      0.9042368539174406,
      0.8853875528971351,
      0.8641224664052345,
      0.8403896325429276,
      0.814209508260092,
      0.7856275622049971,
      0.7547618414560949,
      0.7217735131581636,
      0.6869152069091786,
      0.650427019119262,
      0.6126441351572661,
      0.5738988933563244,
      0.5345627918243411,
      0.4950167503356936,
      0.45563510131835944,
      0.4168048013051354,
      0.37887779235839775,
      0.34215715662638413,
      0.30694705708821596,
      0.273498292287191,
      0.24200055122375497,
      0.2126000645955406,
      0.18540569305419918,
      0.160495906829834,
      0.13787678337097153,
      0.11751905186971022,
      0.09936987241109221,
      0.08334566688537585,
      0.06931875101725246,
      0.057161420186360674,
      0.04672268613179523,
      0.03784834798177085,
      0.03038206100463866,
      0.024163979848225912,
      0.019031375249226882,
      0.014844696044921874,
      0.01146524047851561,
      0.008766167958577487,
      0.006634740829467775,
      0.004967903772989921,
      0.0036819082895914765,
      0.0026986789703369153,
      0.001956527709960939,
      0.0014023609161376927
    ],