{
  "diagnostics": {
    "excess_kurt_x_obs": -0.16446410825313018,
    "imag_frac_nonzero_eps1e-12": 0.9896907216494846,
    "imag_max_abs": 0.024933122544631592,
    "skew_x_obs": 0.14151324755387107,
    "v1_delta_bandwidth_dnu": 0.10000000000000009,
    "v1_symmetry_corr": 0.9765774080103642,
    "verify_l2_from_curves": {
      "D0_match": true,
      "D0_recomputed": 0.005119181755828393,
      "D0_reported": 0.005119181755828393,
      "D1_match": true,
      "D1_recomputed": 17.3879914896917,
      "D1_reported": 17.3879914896917,
      "tol_abs": 1e-12,
      "tol_rel": 1e-10,
      "verify_dnu": 0.10000000000000009
    }
  },
  "hint": "This script compares observed morphology against phase-randomized surrogates that preserve |a_lm|. V0(nu) is excursion-set area fraction; V1(nu) is a perimeter proxy estimated from |\u2207x| in a nu-band. Distances D0 and D1 are L2 distances (sqrt(sum((a-b)^2)*dnu)) to surrogate-mean curves. D_mf combines them as sqrt(D0^2 + D1^2). Z_mf is the scale-free combined z-distance.",
  "kind": "planck_pr3_lensing_phi_topology_mf_v0_v1",
  "lmax": 192,
  "metric": "Minkowski-style morphology: V0(area) + V1(perimeter proxy) vs phase-random surrogates",
  "n_sims": 2000,
  "nside": 256,
  "observed": {
    "D0_L2": 0.005119181755828393,
    "D0_sum_sq_legacy": 0.0002620602184920625,
    "D1_L2": 17.3879914896917,
    "D1_sum_sq_legacy": 3023.4224804559067,
    "D_mf": 17.387992243258356,
    "Z0": -1.087939151067052,
    "Z1": -0.6765214266331243,
    "Z_mf": 1.281129516137309,
    "map_mean": 2.9686025277154044e-08,
    "map_std": 0.048351975936874715,
    "v0_curve": [
      0.9996465047200521,
      0.9994010925292969,
      0.9990743001302084,
      0.998541514078776,
      0.9977734883626302,
      0.9967028299967448,
      0.9952913920084635,
      0.9931831359863281,
      0.9904734293619791,
      0.9869893391927084,
      0.9825668334960938,
      0.9768867492675781,
      0.9698702494303385,
      0.9611689249674479,
      0.9507471720377604,
      0.9384956359863281,
      0.9236971537272135,
      0.9062830607096354,
      0.8866195678710938,
      0.86444091796875,
      0.8394915262858073,
      0.8118642171223959,
      0.7819964090983073,
      0.7498906453450521,
      0.715728759765625,
      0.6796277364095052,
      0.6425285339355469,
      0.6042709350585938,
      0.5658226013183594,
      0.5264841715494791,
      0.4874623616536458,
      0.4486185709635417,
      0.41046778361002606,
      0.3734626770019531,
      0.33802541097005206,
      0.30399831136067706,
      0.27193450927734375,
      0.24171320597330728,
      0.21329371134440103,
      0.18720372517903647,
      0.16314570109049478,
      0.14140701293945312,
      0.12166595458984375,
      0.10388692220052083,
      0.08814366658528645,
      0.07407887776692708,
      0.06185785929361979,
      0.05085627237955729,
      0.041422526041666664,
      0.033267974853515625,
      0.026559193929036457,
      0.02089691162109375,
      0.016386667887369793,
      0.012543996175130209,
      0.009510040283203125,
      0.007058461507161458,
      0.005137125651041667,
      0.0036862691243489585,
      0.0025227864583333335,
      0.0016886393229166667,
      0.0010960896809895833
    ],
    "v1_curve": [
      2.491122512551655,
      3.5435148244883554,
      5.661925681067851,
      8.548507193308245,
      12.915714910488347,
      18.82441634664601,
      27.117358186799578,
      38.20569137630118,
      50.655162690541445,
      64.26983455355942,
      84.99834422068884,
      104.76288107725654,
      129.04802389584864,
      162.7241329448783,
      184.00483657839166,
      215.4846593870477,
      253.72719642978788,
      284.73219097003516,
      318.3971061004845,
      366.04869998004136,
      387.86750225999157,
      408.72267257726656,
      436.59368304447105,
      471.1003176348941,
      478.66105005676786,
      489.6967826448474,
      503.6753997072202,
      504.2899617329025,
      495.692511420678,
      491.7287455478411,
      473.5227591555892,
      463.36158028138686,
      447.0291903869785,
      421.5061688136125,
      398.45330164668127,
      375.1806941400559,
      349.7815723484291,
      322.60112441945955,
      293.50539173205425,
      271.8654148363118,
      243.01005338337092,
      220.98321710481252,
      198.72624109949624,
      175.14655030970937,
      157.03344744703332,
      135.47403770053634,
      118.87174786098062,
      104.25421187437148,
      87.47296275549596,
      72.90306826364272,
      61.773157674296094,
      51.012701888143496,
      43.30683682385996,
      33.074039758231145,
      26.87165684411627,
      21.000768514805056,
      16.300551015914767,
      12.41494630196855,
      9.375212166104626,
      6.360926639126324,
      4.360951231387117
    ]
  },
  "p_high": 0.8630684657671165,
  "p_high_mf": 0.7026486756621689,
  "p_low": 0.1374312843578211,
  "p_low_mf": 0.2978510744627686,
  "p_two_sided": 0.2748625687156422,
  "p_two_sided_mf": 0.5957021489255372,
  "provenance": {
    "dat_url": "GAUSSIAN_CONTROL_FROM: https://github.com/gradient-pulse/phi-mesh/releases/download/data-2026-02-15-planck-lensing-R3/planck_pr3_lensing_mv_dat_klm.fits",
    "mf_url": "GAUSSIAN_CONTROL_MF_ZERO_FROM: https://github.com/gradient-pulse/phi-mesh/releases/download/data-2026-02-15-planck-lensing-R3/planck_pr3_lensing_mv_mf_klm.fits"
  },
  "seed": 731,
  "surrogate": {
    "D0_mean": 0.012217923359637619,
    "D0_std": 0.006524943602633264,
    "D1_mean": 25.141671362855426,
    "D1_std": 11.461100222282427,
    "D_mf_mean": 25.1416744331839,
    "D_mf_std": 11.461101856662767,
    "v0_mean_curve": [
      0.9995629431406651,
      0.999321694056194,
      0.9989649556477871,
      0.9984439684549951,
      0.997697854995729,
      0.9966477057139079,
      0.9951934064229334,
      0.9932167250315334,
      0.99056925201416,
      0.9870855305989564,
      0.9825815467834488,
      0.9768466593424484,
      0.969665084838867,
      0.9608128992716478,
      0.9500722478230798,
      0.9372467880249011,
      0.9221560948689798,
      0.9046645418802892,
      0.8846741778055806,
      0.8621417306264243,
      0.83708994102478,
      0.8095985641479487,
      0.7798130219777433,
      0.7479251963297534,
      0.7141666736602781,
      0.6788276284535729,
      0.6422180188496898,
      0.6046831970214845,
      0.566549451828004,
      0.5281525796254462,
      0.48980906931559226,
      0.4518200963338217,
      0.41448900922139553,
      0.3780699475606281,
      0.34282017962137795,
      0.3089321403503414,
      0.2765912812550857,
      0.24595736058553036,
      0.21716696166992208,
      0.19031299908955893,
      0.16547066624959286,
      0.14269266955057794,
      0.12198833592732755,
      0.10335380427042627,
      0.08675288391113287,
      0.07210807482401528,
      0.059326925913492756,
      0.04830462519327808,
      0.03890190188090002,
      0.0309829858144124,
      0.02439203834533692,
      0.01897363471984862,
      0.014581211090087861,
      0.011065147399902355,
      0.008287651697794586,
      0.006125801722208661,
      0.004470289230346686,
      0.0032170486450195323,
      0.002283774058024088,
      0.001599392573038739,
      0.0011045958201090487
    ],