{
  "diagnostics": {
    "excess_kurt_x_obs": -0.025189031831723607,
    "imag_frac_nonzero_eps1e-12": 0.9896907216494846,
    "imag_max_abs": 0.016788089252582416,
    "skew_x_obs": -0.03653312879675676,
    "v1_delta_bandwidth_dnu": 0.10000000000000009,
    "v1_symmetry_corr": 0.9953701364202262,
    "verify_l2_from_curves": {
      "D0_match": true,
      "D0_recomputed": 0.0031903423404543796,
      "D0_reported": 0.0031903423404543796,
      "D1_match": true,
      "D1_recomputed": 11.450340556566244,
      "D1_reported": 11.450340556566244,
      "tol_abs": 1e-12,
      "tol_rel": 1e-10,
      "verify_dnu": 0.10000000000000009
    }
  },
  "hint": "This script compares observed morphology against phase-randomized surrogates that preserve |a_lm|. V0(nu) is excursion-set area fraction; V1(nu) is a perimeter proxy estimated from |\u2207x| in a nu-band. Distances D0 and D1 are L2 distances (sqrt(sum((a-b)^2)*dnu)) to surrogate-mean curves. D_mf combines them as sqrt(D0^2 + D1^2). Z_mf is the scale-free combined z-distance.",
  "kind": "planck_pr3_lensing_phi_topology_mf_v0_v1",
  "lmax": 192,
  "metric": "Minkowski-style morphology: V0(area) + V1(perimeter proxy) vs phase-random surrogates",
  "n_sims": 2000,
  "nside": 256,
  "observed": {
    "D0_L2": 0.0031903423404543796,
    "D0_sum_sq_legacy": 0.00010178284249295921,
    "D1_L2": 11.450340556566244,
    "D1_sum_sq_legacy": 1311.1029886134565,
    "D_mf": 11.450341001019577,
    "Z0": -0.5000098531293047,
    "Z1": -0.8627134151070874,
    "Z_mf": 0.9971380495358316,
    "map_mean": -6.04310005289637e-08,
    "map_std": 0.03851135511185309,
    "v0_curve": [
      0.9986000061035156,
      0.9980278015136719,
      0.9973360697428385,
      0.9964281717936198,
      0.9951934814453125,
      0.9934654235839844,
      0.9914105733235677,
      0.9888381958007812,
      0.9855677286783854,
      0.9813550313313802,
      0.9763399759928385,
      0.9702529907226562,
      0.962853749593099,
      0.9542376200358073,
      0.9438018798828125,
      0.9318555196126302,
      0.9176521301269531,
      0.9013875325520834,
      0.8828341166178385,
      0.8623135884602865,
      0.8397038777669271,
      0.8149693806966146,
      0.7874806722005209,
      0.7581011454264323,
      0.7264060974121094,
      0.6930961608886719,
      0.6575482686360677,
      0.6206448872884115,
      0.5823186238606771,
      0.5432942708333334,
      0.5034103393554688,
      0.46376673380533856,
      0.4243761698404948,
      0.3858388264973958,
      0.34822845458984375,
      0.3116302490234375,
      0.27678680419921875,
      0.2438532511393229,
      0.2130889892578125,
      0.18478012084960938,
      0.15862401326497397,
      0.13505045572916666,
      0.11407216389973958,
      0.09553146362304688,
      0.07927958170572917,
      0.06511179606119792,
      0.053148905436197914,
      0.04285303751627604,
      0.03431828816731771,
      0.02732086181640625,
      0.021542867024739582,
      0.016717274983723957,
      0.01284027099609375,
      0.009827931722005209,
      0.007428487141927083,
      0.005563100179036458,
      0.004163106282552083,
      0.0030352274576822915,
      0.0022226969401041665,
      0.0016237894694010417,
      0.0011850992838541667
    ],
    "v1_curve": [
      6.081398406535328,
      7.392167594463846,
      11.166115132768486,
      14.680940423442484,
      18.456704798054773,
      24.561891369925682,
      29.83602925279386,
      37.56522432279802,
      49.605584958864476,
      60.68706430570324,
      72.41919437469092,
      91.49287759238017,
      107.42538696107091,
      129.6833651354599,
      154.34881347871732,
      179.8721122861701,
      207.21013729515673,
      239.64609114872113,
      274.3468890609015,
      308.690917020669,
      338.72011198604713,
      378.8454468384373,
      413.77680466708836,
      449.103649682565,
      482.2828332096864,
      514.1891988665174,
      540.6498668889288,
      567.322384257886,
      596.1103175045406,
      605.3770720456018,
      614.2842641612918,
      627.3013855739512,
      620.4080889631025,
      610.6402721670937,
      603.6239374404734,
      577.4251393608622,
      560.5050443546368,
      530.1987011057172,
      490.2502038327629,
      455.0414799944186,
      420.704119761248,
      383.6451761705239,
      336.34806486426135,
      307.99196320619893,
      267.0389646513819,
      232.66470274474796,
      199.03309681482443,
      165.99328601072335,
      138.64974755013972,
      114.62811881000387,
      90.86983088221604,
      75.53329838723496,
      56.75771548846676,
      48.168604317700385,
      36.322897703608774,
      28.93823794889879,
      21.066306921347458,
      15.893897321593817,
      12.499800867076232,
      8.7144037860591,
      6.572517522032918
    ]
  },
  "p_high": 0.6261869065467266,
  "p_high_mf": 0.8105947026486756,
  "p_low": 0.3743128435782109,
  "p_low_mf": 0.18990504747626186,
  "p_two_sided": 0.7486256871564217,
  "p_two_sided_mf": 0.3798100949525237,
  "provenance": {
    "dat_url": "GAUSSIAN_CONTROL_FROM: https://github.com/gradient-pulse/phi-mesh/releases/download/data-2026-02-15-planck-lensing-R3/planck_pr3_lensing_mv_dat_klm.fits",
    "mf_url": "GAUSSIAN_CONTROL_MF_ZERO_FROM: https://github.com/gradient-pulse/phi-mesh/releases/download/data-2026-02-15-planck-lensing-R3/planck_pr3_lensing_mv_mf_klm.fits"
  },
  "seed": 731,
  "surrogate": {
    "D0_mean": 0.004543962325908081,
    "D0_std": 0.002707186622387719,
    "D1_mean": 16.449099733083347,
    "D1_std": 5.794229102020645,
    "D_mf_mean": 16.449100441489357,
    "D_mf_std": 5.794229504994077,
    "v0_mean_curve": [
      0.9987070763905845,
      0.9981976674397803,
      0.9975121072133383,
      0.9966022256215401,
      0.9954046065012631,
      0.9938476130167636,
      0.9918448905944841,
      0.9892955989837645,
      0.9860836397806798,
      0.9820821533203126,
      0.9771416002909331,
      0.9711111729939779,
      0.9638233197530117,
      0.9551062946319584,
      0.9447887102762843,
      0.9326936422983815,
      0.9186551774342864,
      0.9025366846720378,
      0.8842083848317466,
      0.8635758094787613,
      0.8405812924702956,
      0.815207717259726,
      0.7874784679412838,
      0.7574691282908124,
      0.7253184019724526,
      0.6911968917846687,
      0.6553541399637853,
      0.6180599193573013,
      0.5796316184997556,
      0.5404131717681878,
      0.500782510121663,
      0.4611280867258709,
      0.4218352457682286,
      0.38326871426900294,
      0.3458086198170976,
      0.30975872421264655,
      0.27543694623311277,
      0.24305996831258148,
      0.21282900746663458,
      0.18488731384277318,
      0.15932737350463858,
      0.13617298825581875,
      0.11539687093098948,
      0.09695449701945003,
      0.08075012143452956,
      0.06665446345011387,
      0.054525861740112334,
      0.044202318827311224,
      0.03550082906087236,
      0.028247330347696928,
      0.02226356887817378,
      0.017382927576700857,
      0.013439710617065455,
      0.010290332794189457,
      0.00780161857604981,
      0.005855080286661786,
      0.004350545247395833,
      0.0031993529001871695,
      0.0023306503295898446,
      0.001680436452229818,
      0.0011995360056559251
    ],