{
  "diagnostics": {
    "excess_kurt_x_obs": 0.04803104058621699,
    "imag_frac_nonzero_eps1e-12": 0.9922480620155039,
    "imag_max_abs": 0.025337536990792046,
    "skew_x_obs": -0.06733861969079558,
    "v1_delta_bandwidth_dnu": 0.10000000000000009,
    "v1_symmetry_corr": 0.9994677953139899,
    "verify_l2_from_curves": {
      "D0_match": true,
      "D0_recomputed": 0.004420421740139749,
      "D0_reported": 0.004420421740139749,
      "D1_match": true,
      "D1_recomputed": 18.10599062333185,
      "D1_reported": 18.10599062333185,
      "tol_abs": 1e-12,
      "tol_rel": 1e-10,
      "verify_dnu": 0.10000000000000009
    }
  },
  "hint": "This script compares observed morphology against phase-randomized surrogates that preserve |a_lm|. V0(nu) is excursion-set area fraction; V1(nu) is a perimeter proxy estimated from |\u2207x| in a nu-band. Distances D0 and D1 are L2 distances (sqrt(sum((a-b)^2)*dnu)) to surrogate-mean curves. D_mf combines them as sqrt(D0^2 + D1^2). Z_mf is the scale-free combined z-distance.",
  "kind": "planck_pr3_lensing_phi_topology_mf_v0_v1",
  "lmax": 256,
  "metric": "Minkowski-style morphology: V0(area) + V1(perimeter proxy) vs phase-random surrogates",
  "n_sims": 2000,
  "nside": 256,
  "observed": {
    "D0_L2": 0.004420421740139749,
    "D0_sum_sq_legacy": 0.0001954012836070011,
    "D1_L2": 18.10599062333185,
    "D1_sum_sq_legacy": 3278.2689645218056,
    "D_mf": 18.105991162935798,
    "Z0": 0.5357849750866247,
    "Z1": -0.2482523138180926,
    "Z_mf": 0.5905038110330972,
    "map_mean": -4.771688374751356e-08,
    "map_std": 0.05093857621621592,
    "v0_curve": [
      0.9981702168782552,
      0.9975179036458334,
      0.996679941813151,
      0.9955266316731771,
      0.9941825866699219,
      0.9924227396647135,
      0.9901987711588541,
      0.9874178568522135,
      0.9839884440104166,
      0.9799664815266927,
      0.9750086466471354,
      0.9688517252604166,
      0.9616343180338541,
      0.9530792236328125,
      0.9432729085286459,
      0.9315058390299479,
      0.917840321858724,
      0.9022267659505209,
      0.8845977783203125,
      0.86480712890625,
      0.8424046834309896,
      0.8176867167154948,
      0.7906163533528646,
      0.7610435485839844,
      0.7294451395670573,
      0.695458730061849,
      0.6601282755533854,
      0.6229438781738281,
      0.5843734741210938,
      0.5450464884440104,
      0.5048548380533854,
      0.46462249755859375,
      0.4247169494628906,
      0.38564300537109375,
      0.3473370869954427,
      0.31073252360026044,
      0.2759106953938802,
      0.24289830525716147,
      0.21223831176757812,
      0.18339665730794272,
      0.15738805135091147,
      0.13389968872070312,
      0.11294809977213542,
      0.09435653686523438,
      0.07812118530273438,
      0.06420135498046875,
      0.052396138509114586,
      0.042223612467447914,
      0.033779144287109375,
      0.026856740315755207,
      0.021060943603515625,
      0.016437530517578125,
      0.012648264567057291,
      0.009693145751953125,
      0.007363637288411458,
      0.0055694580078125,
      0.0042266845703125,
      0.0031102498372395835,
      0.0022519429524739585,
      0.0016721089680989583,
      0.001220703125
    ],
    "v1_curve": [
      14.176453891450462,
      18.170210445518,
      25.42206039998089,
      28.54168145118711,
      37.766773287083396,
      47.45903937300429,
      57.308743119338224,
      72.9683364215566,
      90.43236929152167,
      105.35625507807208,
      129.83695442791534,
      160.59263019668677,
      184.22873124296473,
      223.60004295833951,
      252.73117257317412,
      296.9563364058153,
      354.43809493455075,
      397.139634085668,
      438.5603441517406,
      490.1254420589448,
      559.7262324854725,
      617.564400609665,
      669.2428898079893,
      721.7513892157796,
      767.9747463178333,
      812.216021244945,
      850.9271668650712,
      863.2141760973682,
      898.3990479576374,
      914.7314825691482,
      930.1810957696028,
      918.3045799226737,
      906.3756194319634,
      877.9926255120089,
      849.3766727313881,
      798.577107552278,
      748.1120911601414,
      716.4276914847399,
      649.6350290014448,
      595.177566546161,
      523.3830770328323,
      485.35016928853673,
      423.4673018886083,
      373.40643037842,
      324.6081875865454,
      274.3658697688108,
      230.71663349794386,
      201.17228739909282,
      164.93228542488657,
      131.2564236330828,
      107.90774969802223,
      89.69420129060079,
      70.27496830086707,
      54.02427033737653,
      43.15011955369236,
      32.017404359722654,
      23.710304515213434,
      20.53237677311678,
      14.599191234010542,
      11.704602240888214,
      10.788127436628496
    ]
  },
  "p_high": 0.2493753123438281,
  "p_high_mf": 0.5182408795602199,
  "p_low": 0.7511244377811095,
  "p_low_mf": 0.48225887056471767,
  "p_two_sided": 0.4987506246876562,
  "p_two_sided_mf": 0.9645177411294353,
  "provenance": {
    "dat_url": "GAUSSIAN_CONTROL_FROM: https://github.com/gradient-pulse/phi-mesh/releases/download/data-2026-02-15-planck-lensing-R3/planck_pr3_lensing_mv_dat_klm.fits",
    "mf_url": "GAUSSIAN_CONTROL_MF_ZERO_FROM: https://github.com/gradient-pulse/phi-mesh/releases/download/data-2026-02-15-planck-lensing-R3/planck_pr3_lensing_mv_mf_klm.fits"
  },
  "seed": 731,
  "surrogate": {
    "D0_mean": 0.0033199056872255123,
    "D0_std": 0.002054025596250263,
    "D1_mean": 19.384145761809677,
    "D1_std": 5.148613194455054,
    "D_mf_mean": 19.384146091826437,
    "D_mf_std": 5.148613431967764,
    "v0_mean_curve": [
      0.9986085694630958,
      0.9980746663411468,
      0.9973619499206541,
      0.9964206479390455,
      0.9951867173512778,
      0.9935932114919029,
      0.9915506814320878,
      0.9889621626536035,
      0.9857095413208029,
      0.9816701030731192,
      0.9767023124694817,
      0.9706547552744549,
      0.9633624591827379,
      0.9546585597991945,
      0.9443732179005944,
      0.9323317623138438,
      0.9183758805592845,
      0.9023585262298579,
      0.8841432946523045,
      0.8636421705881767,
      0.8407907288869232,
      0.8155645345052093,
      0.7879907944997137,
      0.7581136271158851,
      0.7260860697428375,
      0.6920739243825269,
      0.6562982171376557,
      0.6190470657348637,
      0.5806171239217125,
      0.5413779373168947,
      0.5016946837107341,
      0.4619567368825274,
      0.42256146621704105,
      0.3838894157409668,
      0.34630565770467114,
      0.31012413724263516,
      0.2756561985015871,
      0.24314647928873662,
      0.21279246075948074,
      0.184738212585449,
      0.15906809043884299,
      0.13582333183288567,
      0.11499400647481264,
      0.09651963551839202,
      0.08030084292093913,
      0.06621741294860845,
      0.054110895156860364,
      0.04381223487854008,
      0.03514247957865389,
      0.02792252540588378,
      0.021974792480468755,
      0.017127971649169904,
      0.01322300720214842,
      0.010107277552286792,
      0.007647534052530916,
      0.005727245330810547,
      0.00424602953592936,
      0.0031153450012207026,
      0.002264042536417644,
      0.0016265347798665383,
      0.001156935373942056
    ],