{
  "diagnostics": {
    "excess_kurt_x_obs": -0.27550642253192104,
    "imag_frac_nonzero_eps1e-12": 0.9846153846153847,
    "imag_max_abs": 0.030832677129926662,
    "skew_x_obs": 0.11316753236817595,
    "v1_delta_bandwidth_dnu": 0.10000000000000009,
    "v1_symmetry_corr": 0.9932892145425544,
    "verify_l2_from_curves": {
      "D0_match": true,
      "D0_recomputed": 0.013925406690085997,
      "D0_reported": 0.013925406690085997,
      "D1_match": true,
      "D1_recomputed": 16.843942626737054,
      "D1_reported": 16.843942626737054,
      "tol_abs": 1e-12,
      "tol_rel": 1e-10,
      "verify_dnu": 0.10000000000000009
    }
  },
  "hint": "This script compares observed morphology against phase-randomized surrogates that preserve |a_lm|. V0(nu) is excursion-set area fraction; V1(nu) is a perimeter proxy estimated from |\u2207x| in a nu-band. Distances D0 and D1 are L2 distances (sqrt(sum((a-b)^2)*dnu)) to surrogate-mean curves. D_mf combines them as sqrt(D0^2 + D1^2). Z_mf is the scale-free combined z-distance.",
  "kind": "planck_pr3_lensing_phi_topology_mf_v0_v1",
  "lmax": 128,
  "metric": "Minkowski-style morphology: V0(area) + V1(perimeter proxy) vs phase-random surrogates",
  "n_sims": 2000,
  "nside": 256,
  "observed": {
    "D0_L2": 0.013925406690085997,
    "D0_sum_sq_legacy": 0.0019391695148429167,
    "D1_L2": 16.843942626737054,
    "D1_sum_sq_legacy": 2837.184032128093,
    "D_mf": 16.843948383017594,
    "Z0": 0.16792683658905047,
    "Z1": -0.17570121691455998,
    "Z_mf": 0.2430439056468253,
    "map_mean": -4.0213746360651115e-09,
    "map_std": 0.03417398000039966,
    "v0_curve": [
      0.9998016357421875,
      0.9996528625488281,
      0.999383290608724,
      0.9989026387532552,
      0.9982579549153646,
      0.9971923828125,
      0.9957249959309896,
      0.9936472574869791,
      0.9909642537434896,
      0.9873860677083334,
      0.9829088846842448,
      0.9772173563639323,
      0.9701372782389323,
      0.9611434936523438,
      0.950372060139974,
      0.9377034505208334,
      0.9222895304361979,
      0.904455820719401,
      0.8842277526855469,
      0.8613166809082031,
      0.8360061645507812,
      0.8079681396484375,
      0.7775382995605469,
      0.7451273600260416,
      0.7110099792480469,
      0.675622304280599,
      0.639105478922526,
      0.6020088195800781,
      0.5645001729329427,
      0.5269953409830729,
      0.4893442789713542,
      0.4519551595052083,
      0.41534678141276044,
      0.38007481892903644,
      0.34537506103515625,
      0.3120269775390625,
      0.2799339294433594,
      0.24924341837565103,
      0.22002029418945312,
      0.19255828857421875,
      0.16692479451497397,
      0.14358393351236978,
      0.12239710489908855,
      0.10360209147135417,
      0.08690134684244792,
      0.0720227559407552,
      0.05919011433919271,
      0.048030853271484375,
      0.038561503092447914,
      0.030661265055338543,
      0.024077097574869793,
      0.018477121988932293,
      0.014019012451171875,
      0.010485331217447916,
      0.007722218831380208,
      0.005641937255859375,
      0.004072825113932292,
      0.0028661092122395835,
      0.0020167032877604165,
      0.0014292399088541667,
      0.0009752909342447916
    ],
    "v1_curve": [
      0.6307994828160474,
      1.0948846477559822,
      2.18614832138771,
      3.3432542343956095,
      4.7963082208332155,
      7.680666135969925,
      10.7925880080669,
      14.857336598594621,
      19.688918428690286,
      25.880939457694478,
      32.91927887002345,
      41.22740268291293,
      50.23198723779594,
      62.97543298867609,
      75.72636035092097,
      89.46359329111657,
      106.00045976081802,
      124.22015275570826,
      144.1130036600917,
      161.37460295634912,
      181.62378829056257,
      203.8043601198136,
      221.9125247632213,
      239.1167341559573,
      254.28686501901484,
      267.3497453786522,
      281.8857005704745,
      289.67813340425533,
      293.80314999097766,
      306.60394498685497,
      303.50106381743126,
      308.38440420298815,
      305.0522462475658,
      300.4382576221282,
      299.17432612896425,
      286.5203912948189,
      288.24221990269143,
      265.9588946582507,
      256.41010824594974,
      237.92894108393173,
      223.8446750100422,
      202.96258143412516,
      180.68346630417145,
      162.22621442522012,
      146.446098243217,
      127.48099034134587,
      113.06215470640615,
      94.67219747648726,
      82.44979479077004,
      68.10611853507251,
      57.562412549941776,
      47.37337831786454,
      37.81915228733291,
      30.460956567111626,
      23.488565543175657,
      17.1987368128832,
      14.064783107832378,
      10.19499625812343,
      7.232794742885854,
      5.010720320227386,
      4.017226331590678
    ]
  },
  "p_high": 0.3598200899550225,
  "p_high_mf": 0.4852573713143428,
  "p_low": 0.6406796601699151,
  "p_low_mf": 0.5152423788105946,
  "p_two_sided": 0.719640179910045,
  "p_two_sided_mf": 0.9705147426286856,
  "provenance": {
    "dat_url": "GAUSSIAN_CONTROL_FROM: https://github.com/gradient-pulse/phi-mesh/releases/download/data-2026-02-15-planck-lensing-R3/planck_pr3_lensing_mv_dat_klm.fits",
    "mf_url": "GAUSSIAN_CONTROL_MF_ZERO_FROM: https://github.com/gradient-pulse/phi-mesh/releases/download/data-2026-02-15-planck-lensing-R3/planck_pr3_lensing_mv_mf_klm.fits"
  },
  "seed": 731,
  "surrogate": {
    "D0_mean": 0.012654757117235743,
    "D0_std": 0.007566685579624057,
    "D1_mean": 18.418996484201642,
    "D1_std": 8.964387868926977,
    "D_mf_mean": 18.419001047456682,
    "D_mf_std": 8.964390618274868,
    "v0_mean_curve": [
      0.999017492294311,
      0.9985826021830239,
      0.9979816614786782,
      0.9971653200785318,
      0.9960637531280512,
      0.9945983816782621,
      0.9926768932342516,
      0.9901942329406724,
      0.987018866856893,
      0.9830137233734108,
      0.978027366638183,
      0.97189635594686,
      0.9644484252929695,
      0.9555015811920177,
      0.9448813527425106,
      0.9324201882680258,
      0.9179661026000965,
      0.9013895816802979,
      0.8825913308461487,
      0.8615017153422055,
      0.8380740165710455,
      0.8123355801900235,
      0.7843291664123548,
      0.7541665693918869,
      0.7219946460723874,
      0.6880174172719324,
      0.6524630171457927,
      0.6155913887023926,
      0.5777185554504396,
      0.5391597855885827,
      0.5002633171081537,
      0.46137256431579643,
      0.4228217252095536,
      0.3849617633819585,
      0.3481084912617995,
      0.3125478153228756,
      0.2785569680531822,
      0.24635881996154782,
      0.21616342035929348,
      0.18810572878519669,
      0.1622823130289715,
      0.1387613817850749,
      0.11755735969543472,
      0.09865245755513517,
      0.08196861076354982,
      0.06741006215413427,
      0.05486034456888837,
      0.04416360537211104,
      0.03514939117431643,
      0.02764939880371094,
      0.021489702860514295,
      0.016493937174479167,
      0.012502161661783848,
      0.00935584640502928,
      0.006911058425903324,
      0.0050405877431233806,
      0.0036265551249186154,
      0.002573060353597007,
      0.001798225402832028,
      0.0012402439117431634,
      0.000842870712280274
    ],