{
  "diagnostics": {
    "excess_kurt_x_obs": -0.1449843142718259,
    "imag_frac_nonzero_eps1e-12": 0.9846153846153847,
    "imag_max_abs": 0.04553108919816425,
    "skew_x_obs": -0.06807627076545657,
    "v1_delta_bandwidth_dnu": 0.10000000000000009,
    "v1_symmetry_corr": 0.9879010311204566,
    "verify_l2_from_curves": {
      "D0_match": true,
      "D0_recomputed": 0.02528345880968126,
      "D0_reported": 0.02528345880968126,
      "D1_match": true,
      "D1_recomputed": 25.981849266507826,
      "D1_reported": 25.981849266507826,
      "tol_abs": 1e-12,
      "tol_rel": 1e-10,
      "verify_dnu": 0.10000000000000009
    }
  },
  "hint": "This script compares observed morphology against phase-randomized surrogates that preserve |a_lm|. V0(nu) is excursion-set area fraction; V1(nu) is a perimeter proxy estimated from |\u2207x| in a nu-band. Distances D0 and D1 are L2 distances (sqrt(sum((a-b)^2)*dnu)) to surrogate-mean curves. D_mf combines them as sqrt(D0^2 + D1^2). Z_mf is the scale-free combined z-distance.",
  "kind": "planck_pr3_lensing_phi_topology_mf_v0_v1",
  "lmax": 128,
  "metric": "Minkowski-style morphology: V0(area) + V1(perimeter proxy) vs phase-random surrogates",
  "n_sims": 2000,
  "nside": 256,
  "observed": {
    "D0_L2": 0.02528345880968126,
    "D0_sum_sq_legacy": 0.006392532893808485,
    "D1_L2": 25.981849266507826,
    "D1_sum_sq_legacy": 6750.564913075327,
    "D_mf": 25.981861568425437,
    "Z0": 0.25622732758495265,
    "Z1": 0.02695809507198891,
    "Z_mf": 0.2576415771789115,
    "map_mean": 6.354063945719172e-09,
    "map_std": 0.04336424096724991,
    "v0_curve": [
      0.9991124471028646,
      0.9985911051432291,
      0.9979248046875,
      0.9968668619791666,
      0.995507558186849,
      0.9937795003255209,
      0.9913482666015625,
      0.9883092244466146,
      0.9846216837565104,
      0.9800516764322916,
      0.974480946858724,
      0.9679005940755209,
      0.9601656595865885,
      0.951134999593099,
      0.9411188761393229,
      0.9294293721516927,
      0.9159533182779948,
      0.9004224141438802,
      0.882653554280599,
      0.8627522786458334,
      0.8405672709147135,
      0.8159523010253906,
      0.7890116373697916,
      0.7599500020345052,
      0.7281634012858073,
      0.6941210428873698,
      0.6577771504720052,
      0.6199493408203125,
      0.5809059143066406,
      0.5413932800292969,
      0.5019925435384115,
      0.4631360371907552,
      0.42431894938151044,
      0.3864326477050781,
      0.34930419921875,
      0.31351598103841144,
      0.27966944376627606,
      0.24755477905273438,
      0.21710586547851562,
      0.18857447306315103,
      0.16249974568684897,
      0.13810348510742188,
      0.11631520589192708,
      0.09701919555664062,
      0.08001708984375,
      0.0653368631998698,
      0.05303319295247396,
      0.042856852213541664,
      0.034183502197265625,
      0.02681732177734375,
      0.020661671956380207,
      0.015641530354817707,
      0.011627197265625,
      0.008441925048828125,
      0.006072998046875,
      0.004099527994791667,
      0.0026652018229166665,
      0.0017865498860677083,
      0.0011431376139322917,
      0.0006688435872395834,
      0.000385284423828125
    ],
    "v1_curve": [
      2.7292852837362367,
      3.6811997789566644,
      5.317379002821482,
      7.751085984378661,
      10.265557268839974,
      13.785284601734709,
      18.37514390852428,
      22.49075239286167,
      28.17142138477464,
      34.86363663192587,
      40.766168456534295,
      49.34680878843795,
      59.43929372126155,
      66.2753348400876,
      78.87882317156796,
      91.9784186250826,
      108.92975393924755,
      129.92520098086257,
      145.04518547230975,
      166.8528685040944,
      183.502427381301,
      195.58618360644078,
      221.37350405542546,
      227.7263806802889,
      240.80784706518997,
      248.0267674629319,
      255.08845359716577,
      258.07296902085926,
      254.4994635151983,
      253.31612430047286,
      249.57642426522574,
      239.77597745037963,
      235.8396312806108,
      219.64453484541377,
      206.23058688145136,
      193.55628968676416,
      179.94622251893455,
      167.04123899451707,
      155.85476560502963,
      140.6775341104721,
      128.8685209441039,
      116.4202719067754,
      100.43200864351778,
      89.08367500006788,
      77.05856932936659,
      65.59348954763617,
      55.24902160797959,
      47.04848863362469,
      39.323346514713336,
      32.81768713582676,
      27.004232287555883,
      21.89902612109428,
      16.90030047506448,
      13.411312318704868,
      10.089190051945806,
      7.192294093644517,
      4.992514992973743,
      3.505874484876492,
      2.3113084831433524,
      1.678647445328146,
      0.9374577888586756
    ]
  },
  "p_high": 0.33933033483258374,
  "p_high_mf": 0.4172913543228386,
  "p_low": 0.6611694152923538,
  "p_low_mf": 0.5832083958020989,
  "p_two_sided": 0.6786606696651675,
  "p_two_sided_mf": 0.8345827086456772,
  "provenance": {
    "dat_url": "GAUSSIAN_CONTROL_FROM: https://github.com/gradient-pulse/phi-mesh/releases/download/data-2026-02-15-planck-lensing-R3/planck_pr3_lensing_mv_dat_klm.fits",
    "mf_url": "GAUSSIAN_CONTROL_MF_ZERO_FROM: https://github.com/gradient-pulse/phi-mesh/releases/download/data-2026-02-15-planck-lensing-R3/planck_pr3_lensing_mv_mf_klm.fits"
  },
  "seed": 731,
  "surrogate": {
    "D0_mean": 0.022197333833191096,
    "D0_std": 0.012044480210515232,
    "D1_mean": 25.653731761560397,
    "D1_std": 12.171390599789168,
    "D_mf_mean": 25.653741797396002,
    "D_mf_std": 12.171395647143246,
    "v0_mean_curve": [
      0.9997510089874257,
      0.9995859095255546,
      0.9993267523447665,
      0.9989300168355298,
      0.9983366216023766,
      0.9974697532653806,
      0.9962269013722753,
      0.9944846553802497,
      0.9920905653635664,
      0.9888685811360668,
      0.9846146119435641,
      0.979097321192424,
      0.9720812664031983,
      0.9633263988494871,
      0.9525862344106047,
      0.9396327768961604,
      0.9242648137410456,
      0.9063238690694186,
      0.8857140668233231,
      0.8623904177347811,
      0.8363858687082932,
      0.8078180243174248,
      0.776873851776124,
      0.7438169784545896,
      0.7089581953684493,
      0.6726716988881423,
      0.6353438606262205,
      0.5973518835703526,
      0.5590967915852868,
      0.5209180062611889,
      0.4831594187418615,
      0.4461144752502444,
      0.4100167922973635,
      0.3750716616312665,
      0.34142702039082845,
      0.3091988665262851,
      0.2784651203155518,
      0.24925449371337943,
      0.22164662043253583,
      0.1956804116566976,
      0.17138602956136104,
      0.14878883107503252,
      0.1279208685557047,
      0.10881585756937658,
      0.09150303777058927,
      0.0759980119069416,
      0.062287970860799124,
      0.050324193954467876,
      0.040051443735758405,
      0.031369683583577467,
      0.024161207834879538,
      0.018280544916788728,
      0.013580652236938467,
      0.009897942225138363,
      0.0070724220275878965,
      0.004949089686075845,
      0.003389889399210607,
      0.0022733999888102175,
      0.001488786697387697,
      0.0009534962972005226,
      0.0005971921284993495
    ],