{
  "diagnostics": {
    "excess_kurt_x_obs": -0.0004241392019643797,
    "imag_frac_nonzero_eps1e-12": 0.9937888198757764,
    "imag_max_abs": 0.02997045711788032,
    "skew_x_obs": -0.012788022953038,
    "v1_delta_bandwidth_dnu": 0.10000000000000009,
    "v1_symmetry_corr": 0.994676870121015,
    "verify_l2_from_curves": {
      "D0_match": true,
      "D0_recomputed": 0.0012086070397932685,
      "D0_reported": 0.0012086070397932685,
      "D1_match": true,
      "D1_recomputed": 22.277210091892393,
      "D1_reported": 22.277210091892393,
      "tol_abs": 1e-12,
      "tol_rel": 1e-10,
      "verify_dnu": 0.10000000000000009
    }
  },
  "hint": "This script compares observed morphology against phase-randomized surrogates that preserve |a_lm|. V0(nu) is excursion-set area fraction; V1(nu) is a perimeter proxy estimated from |\u2207x| in a nu-band. Distances D0 and D1 are L2 distances (sqrt(sum((a-b)^2)*dnu)) to surrogate-mean curves. D_mf combines them as sqrt(D0^2 + D1^2). Z_mf is the scale-free combined z-distance.",
  "kind": "planck_pr3_lensing_phi_topology_mf_v0_v1",
  "lmax": 320,
  "metric": "Minkowski-style morphology: V0(area) + V1(perimeter proxy) vs phase-random surrogates",
  "n_sims": 2000,
  "nside": 256,
  "observed": {
    "D0_L2": 0.0012086070397932685,
    "D0_sum_sq_legacy": 1.4607309766378461e-05,
    "D1_L2": 22.277210091892393,
    "D1_sum_sq_legacy": 4962.740894783118,
    "D_mf": 22.277210124677712,
    "Z0": -0.2001205197574902,
    "Z1": 0.8229423942214342,
    "Z_mf": 0.8469252662631541,
    "map_mean": 9.786961815624884e-09,
    "map_std": 0.06216701229556316,
    "v0_curve": [
      0.9985974629720052,
      0.9980939229329427,
      0.9973678588867188,
      0.996405283610026,
      0.9951400756835938,
      0.9935417175292969,
      0.9916000366210938,
      0.9890543619791666,
      0.9858957926432291,
      0.9818916320800781,
      0.9769159952799479,
      0.9708353678385416,
      0.9635327657063802,
      0.9548327128092448,
      0.9445966084798177,
      0.932623545328776,
      0.9187889099121094,
      0.9028180440266927,
      0.8847249348958334,
      0.8644065856933594,
      0.8416124979654948,
      0.8161964416503906,
      0.7884635925292969,
      0.7586517333984375,
      0.7263717651367188,
      0.6921704610188802,
      0.6563237508138021,
      0.6187171936035156,
      0.5804112752278646,
      0.5409278869628906,
      0.5010325113932291,
      0.4608154296875,
      0.4214820861816406,
      0.3827565511067708,
      0.34527333577473956,
      0.3086954752604167,
      0.2744242350260417,
      0.24198277791341147,
      0.21190261840820312,
      0.18402481079101562,
      0.1584014892578125,
      0.1353123982747396,
      0.11469268798828125,
      0.096649169921875,
      0.08042653401692708,
      0.06644694010416667,
      0.054561614990234375,
      0.044400533040364586,
      0.035860697428385414,
      0.028621673583984375,
      0.0225982666015625,
      0.01772308349609375,
      0.01369476318359375,
      0.010565439860026041,
      0.008065541585286459,
      0.006047566731770833,
      0.004503885904947917,
      0.0032513936360677085,
      0.00237274169921875,
      0.0017077128092447917,
      0.0012054443359375
    ],
    "v1_curve": [
      36.90052375022755,
      27.030241893035697,
      41.2847392251511,
      56.43403237238778,
      63.591579993379035,
      78.25701033577295,
      101.17301069312214,
      128.94639862676695,
      159.07654488427778,
      193.02451931400458,
      231.48509873233286,
      264.79628147053853,
      325.324211910857,
      378.2874923271356,
      427.0711897453746,
      496.01935380036315,
      545.0794561400493,
      631.4046348485944,
      697.8641426079344,
      766.8196290332155,
      861.7957098566262,
      938.1460798262746,
      975.6808573509464,
      1059.1375590821885,
      1106.5549375619626,
      1144.9601367680525,
      1189.3917377031182,
      1257.1406588219086,
      1241.293587365731,
      1254.9200725483774,
      1255.6938553321108,
      1212.0622846466301,
      1187.0758538535931,
      1131.9826829383162,
      1112.3866470178596,
      1049.0345000900231,
      969.208332281694,
      913.1843414283454,
      829.3556487278868,
      768.3744703543219,
      688.4119874906232,
      608.5560548804291,
      539.3302673679651,
      480.749905644492,
      409.899219982426,
      356.5726452356069,
      302.62779706496895,
      254.98484054560552,
      210.67010298172877,
      180.5152828917696,
      148.02797992079167,
      117.87325001544055,
      97.77293956790459,
      71.8243583278902,
      59.844876355995176,
      45.49604976402099,
      35.69962282660945,
      25.95540859348257,
      20.10680186239906,
      14.570348988174963,
      9.78073971220194
    ]
  },
  "p_high": 0.47626186906546725,
  "p_high_mf": 0.19740129935032483,
  "p_low": 0.5242378810594702,
  "p_low_mf": 0.8030984507746127,
  "p_two_sided": 0.9525237381309345,
  "p_two_sided_mf": 0.39480259870064965,
  "provenance": {
    "dat_url": "GAUSSIAN_CONTROL_FROM: https://github.com/gradient-pulse/phi-mesh/releases/download/data-2026-02-15-planck-lensing-R3/planck_pr3_lensing_mv_dat_klm.fits",
    "mf_url": "GAUSSIAN_CONTROL_MF_ZERO_FROM: https://github.com/gradient-pulse/phi-mesh/releases/download/data-2026-02-15-planck-lensing-R3/planck_pr3_lensing_mv_mf_klm.fits"
  },
  "seed": 731,
  "surrogate": {
    "D0_mean": 0.0013613988513550476,
    "D0_std": 0.0007634989742527909,
    "D1_mean": 19.97466829237241,
    "D1_std": 2.797938003544417,
    "D_mf_mean": 19.974668350718318,
    "D_mf_std": 2.7979380223472585,
    "v0_mean_curve": [
      0.9986872946421298,
      0.9981777693430578,
      0.9974951419830325,
      0.9965912208557105,
      0.9954023977915435,
      0.9938576132456476,
      0.9918711929321283,
      0.9893454736073819,
      0.986165166219075,
      0.9821980463663748,
      0.9773027801513681,
      0.9713209966023765,
      0.9640874538421635,
      0.9554250570933038,
      0.9451628729502384,
      0.9331221008300796,
      0.9191402212778713,
      0.9030584945678701,
      0.8847587324778252,
      0.8641264858245868,
      0.8411195201873776,
      0.8157011216481516,
      0.7878924204508472,
      0.7577826531728115,
      0.7255089944203695,
      0.691251247406005,
      0.6552384192148841,
      0.617767803192139,
      0.5791552747090657,
      0.5397752100626627,
      0.5000009301503505,
      0.4602268168131507,
      0.420842586517335,
      0.3822355639139808,
      0.344769910176595,
      0.3087648162841798,
      0.27449650637308753,
      0.2422173379262288,
      0.21211280822753917,
      0.18430359013875305,
      0.15887832832336396,
      0.13585855992635082,
      0.1152298672993978,
      0.09692857487996408,
      0.08085341008504249,
      0.06687179692586259,
      0.05483241271972652,
      0.04456777763366697,
      0.03590669186909993,
      0.02867673810323086,
      0.02269620005289712,
      0.017801162719726548,
      0.013833641052246095,
      0.010652760823567711,
      0.008127637227376302,
      0.006142893473307288,
      0.004600900650024411,
      0.0034138272603352897,
      0.0025089886983235667,
      0.0018263142903645814,
      0.0013173052469889342
    ],