{
  "diagnostics": {
    "excess_kurt_x_obs": 0.004405132966331049,
    "imag_frac_nonzero_eps1e-12": 0.9896907216494846,
    "imag_max_abs": 0.019179437287720057,
    "skew_x_obs": 0.057245407038821326,
    "v1_delta_bandwidth_dnu": 0.10000000000000009,
    "v1_symmetry_corr": 0.9944793619711157,
    "verify_l2_from_curves": {
      "D0_match": true,
      "D0_recomputed": 0.0040131665310079116,
      "D0_reported": 0.0040131665310079116,
      "D1_match": true,
      "D1_recomputed": 10.987370669950216,
      "D1_reported": 10.987370669950216,
      "tol_abs": 1e-12,
      "tol_rel": 1e-10,
      "verify_dnu": 0.10000000000000009
    }
  },
  "hint": "This script compares observed morphology against phase-randomized surrogates that preserve |a_lm|. V0(nu) is excursion-set area fraction; V1(nu) is a perimeter proxy estimated from |\u2207x| in a nu-band. Distances D0 and D1 are L2 distances (sqrt(sum((a-b)^2)*dnu)) to surrogate-mean curves. D_mf combines them as sqrt(D0^2 + D1^2). Z_mf is the scale-free combined z-distance.",
  "kind": "planck_pr3_lensing_phi_topology_mf_v0_v1",
  "lmax": 192,
  "metric": "Minkowski-style morphology: V0(area) + V1(perimeter proxy) vs phase-random surrogates",
  "n_sims": 2000,
  "nside": 256,
  "observed": {
    "D0_L2": 0.0040131665310079116,
    "D0_sum_sq_legacy": 0.00016105505605602062,
    "D1_L2": 10.987370669950216,
    "D1_sum_sq_legacy": 1207.2231423888215,
    "D_mf": 10.987371402860097,
    "Z0": 0.5591195169367895,
    "Z1": -0.5903286250383601,
    "Z_mf": 0.8130821113265927,
    "map_mean": 4.795113629774139e-08,
    "map_std": 0.03725782109060807,
    "v0_curve": [
      0.9989789326985677,
      0.9985669453938802,
      0.9979896545410156,
      0.9971427917480469,
      0.9959615071614584,
      0.9944737752278646,
      0.9927202860514323,
      0.9902788798014323,
      0.9871966044108073,
      0.9833475748697916,
      0.9785982767740885,
      0.9727859497070312,
      0.965796152750651,
      0.9572588602701823,
      0.947021484375,
      0.9348119099934896,
      0.9207954406738281,
      0.904693603515625,
      0.8864046732584635,
      0.8656565348307291,
      0.842461903889974,
      0.8162129720052084,
      0.7876269022623698,
      0.7566744486490885,
      0.7235323588053385,
      0.6886863708496094,
      0.651831309000651,
      0.6136004130045573,
      0.574426015218099,
      0.5349922180175781,
      0.4956016540527344,
      0.45598093668619794,
      0.41681162516276044,
      0.37878672281901044,
      0.3421274820963542,
      0.3065592447916667,
      0.2728678385416667,
      0.24105962117513022,
      0.21139653523763022,
      0.18375523885091147,
      0.15872319539388022,
      0.13617706298828125,
      0.11557896931966145,
      0.09759140014648438,
      0.08165613810221355,
      0.06789652506510417,
      0.056139628092447914,
      0.0460205078125,
      0.037495930989583336,
      0.030459086100260418,
      0.024500528971354168,
      0.019507090250651043,
      0.015474955240885416,
      0.012055714925130209,
      0.009314219156901041,
      0.007158915201822917,
      0.005505879720052083,
      0.004208882649739583,
      0.0031115214029947915,
      0.0023167928059895835,
      0.00168609619140625
    ],
    "v1_curve": [
      6.55632264661704,
      9.356400958909257,
      12.229682381229027,
      18.700628778459,
      25.871396686697466,
      31.823555026210734,
      40.17262491586422,
      55.05821646812931,
      69.14353073069937,
      87.51477979168965,
      105.09285107878208,
      121.29718391485201,
      155.43547183637608,
      182.54301146869574,
      215.99598265752272,
      250.09429033982033,
      278.01840131229164,
      313.8526895473742,
      353.80885381237766,
      393.7645307067334,
      438.934231450688,
      481.27867781198654,
      517.3514078521396,
      538.2900122228046,
      570.3325428345236,
      592.5912484516035,
      618.2672901407068,
      632.749485780686,
      635.7303519614119,
      636.0727132295942,
      628.1340892381114,
      628.5773722304351,
      601.6524592891736,
      583.1154974253878,
      564.2891265332163,
      539.2546664083305,
      493.81109895923913,
      466.7117875661306,
      431.5434271653216,
      390.40436407494667,
      355.9390950780219,
      320.15703291122486,
      283.42791843866087,
      251.34531225580156,
      218.2088387139626,
      184.16215686437027,
      161.25562014080162,
      134.74639797505486,
      116.17693295249295,
      96.58445988497286,
      80.15492081624885,
      66.71795220814784,
      53.81269933728678,
      44.96443062786342,
      36.93143161217665,
      27.56827241806817,
      21.23518882720062,
      16.87601516926174,
      13.347996408001848,
      10.093238033987197,
      8.014734842952764
    ]
  },
  "p_high": 0.24187906046976512,
  "p_high_mf": 0.697151424287856,
  "p_low": 0.7586206896551724,
  "p_low_mf": 0.30334832583708143,
  "p_two_sided": 0.48375812093953025,
  "p_two_sided_mf": 0.6066966516741629,
  "provenance": {
    "dat_url": "GAUSSIAN_CONTROL_FROM: https://github.com/gradient-pulse/phi-mesh/releases/download/data-2026-02-15-planck-lensing-R3/planck_pr3_lensing_mv_dat_klm.fits",
    "mf_url": "GAUSSIAN_CONTROL_MF_ZERO_FROM: https://github.com/gradient-pulse/phi-mesh/releases/download/data-2026-02-15-planck-lensing-R3/planck_pr3_lensing_mv_mf_klm.fits"
  },
  "seed": 731,
  "surrogate": {
    "D0_mean": 0.0030361552665416104,
    "D0_std": 0.0017474104102446414,
    "D1_mean": 12.819653815811986,
    "D1_std": 3.103835843540038,
    "D_mf_mean": 12.81965423242571,
    "D_mf_std": 3.103836099555857,
    "v0_mean_curve": [
      0.998794081370036,
      0.9983111012776706,
      0.9976580276489241,
      0.9967863368988036,
      0.9956326726277672,
      0.9941267007191974,
      0.9921782608032228,
      0.9896846790313718,
      0.9865330511728931,
      0.9825874150594068,
      0.9777047932942704,
      0.9717208779652914,
      0.9644753742218014,
      0.9557823804219566,
      0.945472984949749,
      0.9333711287180584,
      0.9193029702504482,
      0.9031230411529537,
      0.8847039553324383,
      0.8639448954264317,
      0.8407927366892503,
      0.8152389628092443,
      0.7873024317423511,
      0.7570875129699687,
      0.7247080300649001,
      0.6903694610595701,
      0.6543162034352612,
      0.6168299954732266,
      0.5782413152058915,
      0.538915132522583,
      0.49922143618265885,
      0.45955659230550133,
      0.4203074550628657,
      0.38183886655171784,
      0.34451413345336873,
      0.3086409428914383,
      0.27450474993387797,
      0.24233521906534838,
      0.2123262195587156,
      0.18459741274515784,
      0.15922725105285646,
      0.13624882380167666,
      0.11563955752054826,
      0.09734700202941893,
      0.08125836245218925,
      0.06725689570109047,
      0.055188046137491904,
      0.044894547144571875,
      0.036199776331583645,
      0.02892946942647299,
      0.02291089057922364,
      0.017979415257771802,
      0.013983107248942054,
      0.010772541681925459,
      0.008222853342692068,
      0.006218290964762378,
      0.004655502955118819,
      0.0034524981180826812,
      0.0025365759531656928,
      0.0018451156616210928,
      0.0013298524220784521
    ],