{
  "diagnostics": {
    "excess_kurt_x_obs": 0.04464026171791424,
    "imag_frac_nonzero_eps1e-12": 0.9937888198757764,
    "imag_max_abs": 0.012902050726502936,
    "skew_x_obs": 0.036750485744972694,
    "v1_delta_bandwidth_dnu": 0.10000000000000009,
    "v1_symmetry_corr": 0.9991898853949989,
    "verify_l2_from_curves": {
      "D0_match": true,
      "D0_recomputed": 0.0023899694853486294,
      "D0_reported": 0.0023899694853486294,
      "D1_match": true,
      "D1_recomputed": 19.458437816076298,
      "D1_reported": 19.458437816076298,
      "tol_abs": 1e-12,
      "tol_rel": 1e-10,
      "verify_dnu": 0.10000000000000009
    }
  },
  "hint": "This script compares observed morphology against phase-randomized surrogates that preserve |a_lm|. V0(nu) is excursion-set area fraction; V1(nu) is a perimeter proxy estimated from |\u2207x| in a nu-band. Distances D0 and D1 are L2 distances (sqrt(sum((a-b)^2)*dnu)) to surrogate-mean curves. D_mf combines them as sqrt(D0^2 + D1^2). Z_mf is the scale-free combined z-distance.",
  "kind": "planck_pr3_lensing_phi_topology_mf_v0_v1",
  "lmax": 320,
  "metric": "Minkowski-style morphology: V0(area) + V1(perimeter proxy) vs phase-random surrogates",
  "n_sims": 2000,
  "nside": 256,
  "observed": {
    "D0_L2": 0.0023899694853486294,
    "D0_sum_sq_legacy": 5.711954140897587e-05,
    "D1_L2": 19.458437816076298,
    "D1_sum_sq_legacy": 3786.308022421078,
    "D_mf": 19.45843796284949,
    "Z0": 0.6821326268142041,
    "Z1": -0.532909464722414,
    "Z_mf": 0.8656196729252263,
    "map_mean": -5.2705678326344284e-08,
    "map_std": 0.062144674161443585,
    "v0_curve": [
      0.9987665812174479,
      0.9983088175455729,
      0.9976412455240885,
      0.996728261311849,
      0.9956105550130209,
      0.9941317240397135,
      0.9921760559082031,
      0.9897257486979166,
      0.9866930643717448,
      0.9829126993815104,
      0.9781532287597656,
      0.9721883138020834,
      0.964989980061849,
      0.9565149943033854,
      0.9463984171549479,
      0.9345219930013021,
      0.9206021626790365,
      0.904486338297526,
      0.8861274719238281,
      0.865411122639974,
      0.8420664469401041,
      0.8159942626953125,
      0.7879346211751302,
      0.7576179504394531,
      0.7250645955403646,
      0.690558115641276,
      0.6544049580891927,
      0.6165644327799479,
      0.5774625142415365,
      0.5380045572916666,
      0.4981333414713542,
      0.4578285217285156,
      0.4181709289550781,
      0.37957127888997394,
      0.3421287536621094,
      0.3061676025390625,
      0.2721722920735677,
      0.24011993408203125,
      0.21004740397135416,
      0.18255106608072916,
      0.15769195556640625,
      0.1349919637044271,
      0.1146100362141927,
      0.0969988505045573,
      0.08103179931640625,
      0.0673535664876302,
      0.055681864420572914,
      0.045427958170572914,
      0.0370635986328125,
      0.029759724934895832,
      0.023854573567708332,
      0.018975575764973957,
      0.014926910400390625,
      0.011747996012369791,
      0.009099324544270834,
      0.00705718994140625,
      0.005423227945963542,
      0.004124959309895833,
      0.0030873616536458335,
      0.002349853515625,
      0.0017674763997395833
    ],
    "v1_curve": [
      14.927277277588704,
      17.833265364033675,
      27.368098986740296,
      33.70930692443283,
      44.21482757914715,
      55.350836495665426,
      73.71850617006963,
      90.14626950413077,
      112.99323935590762,
      138.42284373669682,
      173.45794735262973,
      219.43025668337833,
      252.8901363807971,
      306.3612212598546,
      366.1812519667276,
      429.7899804541312,
      488.42107993921786,
      564.5673399981891,
      648.4359642122452,
      711.4955212433559,
      794.0174088183711,
      868.3617970500064,
      931.7226827882519,
      1003.7695463113346,
      1062.57677157356,
      1138.9611298458187,
      1193.2027545908734,
      1250.2112600239807,
      1249.1586883410819,
      1279.512264885223,
      1289.8938042944599,
      1263.9855328004985,
      1230.1436924816562,
      1199.842976244722,
      1151.1834343826174,
      1114.9516757134918,
      1037.1598965668404,
      970.9375452232904,
      899.5492191378439,
      829.9626986524279,
      726.7351589541701,
      657.2480219392494,
      580.516025372682,
      510.88262247370636,
      435.58884011509116,
      381.3719652017038,
      324.9491084162233,
      275.8475980190969,
      235.42679736104975,
      188.9307526372932,
      152.08407794030953,
      129.4823970216452,
      102.0847149087213,
      82.64384790439708,
      66.35952529789647,
      51.82269820388697,
      45.44022558087971,
      31.618631438665386,
      24.32249629679933,
      17.687052233423405,
      13.366078197994879
    ]
  },
  "p_high": 0.21989005497251374,
  "p_high_mf": 0.6911544227886057,
  "p_low": 0.7806096951524237,
  "p_low_mf": 0.30934532733633185,
  "p_two_sided": 0.4397801099450275,
  "p_two_sided_mf": 0.6186906546726637,
  "provenance": {
    "dat_url": "GAUSSIAN_CONTROL_FROM: https://github.com/gradient-pulse/phi-mesh/releases/download/data-2026-02-15-planck-lensing-R3/planck_pr3_lensing_mv_dat_klm.fits",
    "mf_url": "GAUSSIAN_CONTROL_MF_ZERO_FROM: https://github.com/gradient-pulse/phi-mesh/releases/download/data-2026-02-15-planck-lensing-R3/planck_pr3_lensing_mv_mf_klm.fits"
  },
  "seed": 731,
  "surrogate": {
    "D0_mean": 0.001709867622218539,
    "D0_std": 0.0009970229195844244,
    "D1_mean": 21.16227926402273,
    "D1_std": 3.1972437360142236,
    "D_mf_mean": 21.162279350264733,
    "D_mf_std": 3.1972437777976723,
    "v0_mean_curve": [
      0.9987253284454347,
      0.9982276070912667,
      0.9975569680531825,
      0.9966667512257887,
      0.995496899922689,
      0.9939742374420157,
      0.9920122877756742,
      0.9895137354532862,
      0.9863572889963776,
      0.9824171148935963,
      0.9775442949930825,
      0.9715878499348954,
      0.964373116175334,
      0.9557259788513182,
      0.9454662513732918,
      0.9334260323842365,
      0.9194292844136557,
      0.9033267739613849,
      0.8849835484822608,
      0.8643018391927082,
      0.8412255096435535,
      0.8157280457814544,
      0.7878376572926838,
      0.7576271495819089,
      0.7252556673685708,
      0.6908819491068521,
      0.6547832075754794,
      0.6172290299733489,
      0.5785566635131836,
      0.539119033813477,
      0.49931774457295836,
      0.4595339145660404,
      0.42016431363423784,
      0.38158956909179637,
      0.34417594909668,
      0.30823243459065736,
      0.274051700592041,
      0.241870014826457,
      0.2118617337544761,
      0.1841538721720385,
      0.158827257792155,
      0.13589835739135742,
      0.11534944152832029,
      0.09711891110738127,
      0.08109085655212397,
      0.06714118766784666,
      0.05512496248881015,
      0.044874979019165144,
      0.03621964200337732,
      0.028980487823486355,
      0.022983486811319995,
      0.018066658020019513,
      0.014075352986653635,
      0.010868315378824848,
      0.008315532048543291,
      0.00630362129211426,
      0.004735055287679038,
      0.003526239395141596,
      0.0026008669535319013,
      0.0018996906280517576,
      0.001374743779500327
    ],