{
  "diagnostics": {
    "excess_kurt_x_obs": -0.02712187898168139,
    "imag_frac_nonzero_eps1e-12": 0.9846153846153847,
    "imag_max_abs": 0.060288888968236885,
    "skew_x_obs": 0.03618311197522734,
    "v1_delta_bandwidth_dnu": 0.10000000000000009,
    "v1_symmetry_corr": 0.9994111595960482,
    "verify_l2_from_curves": {
      "D0_match": true,
      "D0_recomputed": 0.01878876355998471,
      "D0_reported": 0.01878876355998471,
      "D1_match": true,
      "D1_recomputed": 34.53957337312449,
      "D1_reported": 34.53957337312449,
      "tol_abs": 1e-12,
      "tol_rel": 1e-10,
      "verify_dnu": 0.10000000000000009
    }
  },
  "hint": "This script compares observed morphology against phase-randomized surrogates that preserve |a_lm|. V0(nu) is excursion-set area fraction; V1(nu) is a perimeter proxy estimated from |\u2207x| in a nu-band. Distances D0 and D1 are L2 distances (sqrt(sum((a-b)^2)*dnu)) to surrogate-mean curves. D_mf combines them as sqrt(D0^2 + D1^2). Z_mf is the scale-free combined z-distance.",
  "kind": "planck_pr3_lensing_phi_topology_mf_v0_v1",
  "lmax": 128,
  "metric": "Minkowski-style morphology: V0(area) + V1(perimeter proxy) vs phase-random surrogates",
  "n_sims": 2000,
  "nside": 256,
  "observed": {
    "D0_L2": 0.01878876355998471,
    "D0_sum_sq_legacy": 0.0035301763611300906,
    "D1_L2": 34.53957337312449,
    "D1_sum_sq_legacy": 11929.821287974493,
    "D_mf": 34.539578483459906,
    "Z0": 0.3483019640220056,
    "Z1": 1.5233006273038208,
    "Z_mf": 1.562612894892974,
    "map_mean": 1.3300188427741813e-08,
    "map_std": 0.041474000853832356,
    "v0_curve": [
      0.99932861328125,
      0.9990361531575521,
      0.9985936482747396,
      0.9979095458984375,
      0.9969317118326823,
      0.9954872131347656,
      0.9933242797851562,
      0.9904123942057291,
      0.9868265787760416,
      0.9822285970052084,
      0.9768244425455729,
      0.9702326456705729,
      0.9624544779459635,
      0.9534428914388021,
      0.9426778157552084,
      0.9299507141113281,
      0.9157333374023438,
      0.8993555704752604,
      0.8808924357096354,
      0.8612988789876302,
      0.8402519226074219,
      0.8165206909179688,
      0.7903849283854166,
      0.7623176574707031,
      0.7310829162597656,
      0.6976458231608073,
      0.6625887552897135,
      0.6251360575358073,
      0.5852762858072916,
      0.5438855489095052,
      0.5022366841634115,
      0.45948155721028644,
      0.4165763854980469,
      0.3749643961588542,
      0.33570226033528644,
      0.29905446370442706,
      0.2652448018391927,
      0.2337010701497396,
      0.20508829752604166,
      0.17910130818684897,
      0.15544255574544272,
      0.1343663533528646,
      0.1156934102376302,
      0.09876759847005208,
      0.08369064331054688,
      0.0702501932779948,
      0.058375040690104164,
      0.048283894856770836,
      0.039326985677083336,
      0.03171412150065104,
      0.025136311848958332,
      0.019856770833333332,
      0.015544891357421875,
      0.012006123860677084,
      0.009329477945963541,
      0.00698089599609375,
      0.005102793375651042,
      0.0036748250325520835,
      0.0025914510091145835,
      0.0018679300944010417,
      0.001323699951171875
    ],
    "v1_curve": [
      1.6418939699283988,
      2.3820617803753925,
      3.399878839338503,
      5.002478330260304,
      6.806001234256046,
      9.845469944664174,
      14.00459616298873,
      18.283722340151865,
      23.088527791392924,
      28.381078902551835,
      34.01008542912366,
      40.293769247774236,
      47.79855226581676,
      54.99701290933354,
      63.86776111144795,
      74.87205154729263,
      85.50512945720075,
      99.04419518326014,
      113.77544840808184,
      122.32669991988398,
      147.9469441642419,
      155.05897656165683,
      177.3273723995567,
      196.68958250113107,
      219.12708985981232,
      232.7727318927062,
      251.3967500339245,
      268.82115725209957,
      286.3088360804006,
      290.55138071097986,
      300.76519947883884,
      302.4466231212179,
      296.6886414624135,
      288.40191328745254,
      267.6676895949203,
      250.2025716081006,
      225.38690452838117,
      203.60229373048145,
      182.3921942396434,
      161.1634507381713,
      144.7316314561467,
      128.44394549584257,
      114.15257811984218,
      103.41203057440367,
      91.6784853358281,
      80.71188149735409,
      69.82925191759443,
      61.17685182215453,
      52.743098290037516,
      45.12153537314246,
      36.40902844091604,
      32.55172560566223,
      24.81001578554805,
      20.14519057919896,
      17.077510127836412,
      13.662329632068577,
      10.50089388493584,
      8.0806251845702,
      5.709955847990182,
      4.58286104848117,
      3.7167682739497603
    ]
  },
  "p_high": 0.34832583708145926,
  "p_high_mf": 0.07746126936531735,
  "p_low": 0.6521739130434783,
  "p_low_mf": 0.9230384807596201,
  "p_two_sided": 0.6966516741629185,
  "p_two_sided_mf": 0.1549225387306347,
  "provenance": {
    "dat_url": "GAUSSIAN_CONTROL_FROM: https://github.com/gradient-pulse/phi-mesh/releases/download/data-2026-02-15-planck-lensing-R3/planck_pr3_lensing_mv_dat_klm.fits",
    "mf_url": "GAUSSIAN_CONTROL_MF_ZERO_FROM: https://github.com/gradient-pulse/phi-mesh/releases/download/data-2026-02-15-planck-lensing-R3/planck_pr3_lensing_mv_mf_klm.fits"
  },
  "seed": 731,
  "surrogate": {
    "D0_mean": 0.016172162463063522,
    "D0_std": 0.007512450020970521,
    "D1_mean": 21.2688539809152,
    "D1_std": 8.711819029246982,
    "D_mf_mean": 21.268860563933245,
    "D_mf_std": 8.71182120674563,
    "v0_mean_curve": [
      0.9995095373789467,
      0.9992401733398454,
      0.9988423093159978,
      0.9982677129109702,
      0.9974527740478524,
      0.9963191719055192,
      0.9947717049916577,
      0.9926944389343271,
      0.9899484729766846,
      0.9863856105804435,
      0.9818276627858473,
      0.9760851535797134,
      0.9689479490915921,
      0.9602221851348886,
      0.9496879380544014,
      0.9371482442220048,
      0.9224235814412439,
      0.9053470325469969,
      0.885801030476886,
      0.8637102661132817,
      0.8390445855458569,
      0.8118552290598553,
      0.7822490584055579,
      0.7503732789357507,
      0.7164643294016522,
      0.680802839914956,
      0.6437278207143139,
      0.6055885098775222,
      0.5667645219167071,
      0.5276289844512952,
      0.48857822481791086,
      0.44998348744710254,
      0.41218317667643267,
      0.37546798197428416,
      0.34010847854614285,
      0.3062986113230388,
      0.2742072474161786,
      0.24398241869608606,
      0.2157033278147382,
      0.1894117654164633,
      0.16515404256184893,
      0.1429087416330973,
      0.12265648269653338,
      0.10436141395568843,
      0.0879728361765546,
      0.0734203592936198,
      0.060618006388346364,
      0.04947801017761225,
      0.03989739290873215,
      0.031764069239298524,
      0.024951159795125313,
      0.019324164072672546,
      0.014748655954996762,
      0.01108309237162273,
      0.008196746190388992,
      0.005961572647094723,
      0.004261571248372402,
      0.002992937088012694,
      0.002062297821044922,
      0.001395611445109052,
      0.0009259134928385419
    ],