{
  "diagnostics": {
    "excess_kurt_x_obs": 0.012082121840356397,
    "imag_frac_nonzero_eps1e-12": 0.9937888198757764,
    "imag_max_abs": 0.017525578619894573,
    "skew_x_obs": 0.005522905957116682,
    "v1_delta_bandwidth_dnu": 0.10000000000000009,
    "v1_symmetry_corr": 0.9997576487950421,
    "verify_l2_from_curves": {
      "D0_match": true,
      "D0_recomputed": 0.0011437641856687465,
      "D0_reported": 0.0011437641856687465,
      "D1_match": true,
      "D1_recomputed": 18.737063034356602,
      "D1_reported": 18.737063034356602,
      "tol_abs": 1e-12,
      "tol_rel": 1e-10,
      "verify_dnu": 0.10000000000000009
    }
  },
  "hint": "This script compares observed morphology against phase-randomized surrogates that preserve |a_lm|. V0(nu) is excursion-set area fraction; V1(nu) is a perimeter proxy estimated from |\u2207x| in a nu-band. Distances D0 and D1 are L2 distances (sqrt(sum((a-b)^2)*dnu)) to surrogate-mean curves. D_mf combines them as sqrt(D0^2 + D1^2). Z_mf is the scale-free combined z-distance.",
  "kind": "planck_pr3_lensing_phi_topology_mf_v0_v1",
  "lmax": 320,
  "metric": "Minkowski-style morphology: V0(area) + V1(perimeter proxy) vs phase-random surrogates",
  "n_sims": 2000,
  "nside": 256,
  "observed": {
    "D0_L2": 0.0011437641856687465,
    "D0_sum_sq_legacy": 1.3081965124184895e-05,
    "D1_L2": 18.737063034356602,
    "D1_sum_sq_legacy": 3510.775311534523,
    "D_mf": 18.73706306926593,
    "Z0": -0.42960586306302395,
    "Z1": -0.654018930283631,
    "Z_mf": 0.7824972579808,
    "map_mean": 2.076203614811226e-08,
    "map_std": 0.06166260430537594,
    "v0_curve": [
      0.9986432393391927,
      0.9981168111165365,
      0.9974263509114584,
      0.99639892578125,
      0.9951438903808594,
      0.9936472574869791,
      0.9916572570800781,
      0.9892285664876302,
      0.9861628214518229,
      0.982323964436849,
      0.9775746663411459,
      0.971716562906901,
      0.9644724527994791,
      0.9558881123860677,
      0.9456024169921875,
      0.9335072835286459,
      0.9196383158365885,
      0.9033686319986979,
      0.8854395548502604,
      0.8646049499511719,
      0.8415031433105469,
      0.8157755533854166,
      0.7879791259765625,
      0.7580884297688802,
      0.7258644104003906,
      0.6915308634440104,
      0.6553268432617188,
      0.617682139078776,
      0.5787747701009115,
      0.5390523274739584,
      0.49873606363932294,
      0.45942433675130206,
      0.4200325012207031,
      0.3813616434733073,
      0.3441314697265625,
      0.3082631429036458,
      0.27413686116536456,
      0.2418212890625,
      0.2120030721028646,
      0.1842473347981771,
      0.15871429443359375,
      0.1355311075846354,
      0.11509323120117188,
      0.09702301025390625,
      0.0808575948079427,
      0.06694285074869792,
      0.05498631795247396,
      0.044773101806640625,
      0.03609593709309896,
      0.028895060221354168,
      0.022960662841796875,
      0.017962137858072918,
      0.014092763264973959,
      0.010883331298828125,
      0.008261362711588541,
      0.006224314371744792,
      0.004688262939453125,
      0.0034662882486979165,
      0.00255584716796875,
      0.0018831888834635417,
      0.0014050801595052083
    ],
    "v1_curve": [
      13.693429622327432,
      19.665723385174214,
      25.592050749935538,
      35.20307674340875,
      44.486491583271935,
      53.39694979619471,
      67.66874976171206,
      84.1661755573141,
      106.6721477806603,
      131.63142047448784,
      161.74950242601497,
      208.81276706222852,
      238.2302336578323,
      307.1783647474702,
      357.3770389689776,
      405.7170983244415,
      473.73951143765885,
      545.01236001696,
      597.9019832370758,
      694.6018064820755,
      764.0423934395471,
      849.1433939604448,
      920.9629534078293,
      977.6420668482962,
      1069.1079963781408,
      1121.9820634161485,
      1204.504327513535,
      1231.1158761872452,
      1255.2393116895487,
      1295.835747666658,
      1268.1899194919815,
      1274.0572984896924,
      1250.767251273468,
      1218.1860928639537,
      1181.888532574806,
      1122.8543400201825,
      1072.8376566738248,
      1003.0256772074836,
      925.0803899821027,
      837.6056537341562,
      775.2592577156298,
      681.1116284691536,
      616.2646750878837,
      540.0247458227223,
      471.96676778784735,
      403.3997622055529,
      352.5848913766482,
      301.1456692464241,
      243.2422331573976,
      200.38336578889823,
      172.44521082673117,
      132.8505376198828,
      109.51308510571222,
      86.22088096446542,
      70.8804213581776,
      51.119801594304285,
      40.32133018844799,
      30.504868283881166,
      22.62321893813119,
      17.246904453037754,
      11.353851700206016
    ]
  },
  "p_high": 0.5772113943028486,
  "p_high_mf": 0.7381309345327336,
  "p_low": 0.42328835582208896,
  "p_low_mf": 0.2623688155922039,
  "p_two_sided": 0.8465767116441779,
  "p_two_sided_mf": 0.5247376311844077,
  "provenance": {
    "dat_url": "GAUSSIAN_CONTROL_FROM: https://github.com/gradient-pulse/phi-mesh/releases/download/data-2026-02-15-planck-lensing-R3/planck_pr3_lensing_mv_dat_klm.fits",
    "mf_url": "GAUSSIAN_CONTROL_MF_ZERO_FROM: https://github.com/gradient-pulse/phi-mesh/releases/download/data-2026-02-15-planck-lensing-R3/planck_pr3_lensing_mv_mf_klm.fits"
  },
  "seed": 731,
  "surrogate": {
    "D0_mean": 0.0015177290986041888,
    "D0_std": 0.0008704837272683614,
    "D1_mean": 20.645929446060105,
    "D1_std": 2.9186714991195704,
    "D_mf_mean": 20.645929516276865,
    "D_mf_std": 2.91867152679739,
    "v0_mean_curve": [
      0.9986387513478607,
      0.9981179777781188,
      0.997422739664714,
      0.9965042654673267,
      0.9953023414611817,
      0.9937426789601657,
      0.9917446556091324,
      0.9892060330708838,
      0.9860112648010273,
      0.9820370972951262,
      0.9771369927724214,
      0.97115590540568,
      0.9639322681427019,
      0.9552845872243255,
      0.945042387644451,
      0.9330316251118984,
      0.9190861536661802,
      0.9030509217580156,
      0.8847949523925778,
      0.8642231356302896,
      0.8412575492858907,
      0.8158885835011791,
      0.7881345373789468,
      0.7580758285522456,
      0.7258302332560218,
      0.6915976664225256,
      0.6556081256866446,
      0.6181415754954009,
      0.579535851796468,
      0.5401364898681641,
      0.5003239657084148,
      0.4605100256601978,
      0.4210861110687266,
      0.3824198907216401,
      0.3448834005991615,
      0.3088098862965895,
      0.27449389839172333,
      0.24216854413350378,
      0.21201379966735853,
      0.18418323198954265,
      0.15873219807942726,
      0.1356965726216635,
      0.11505453999837253,
      0.09675189654032398,
      0.08067370287577295,
      0.06669760068257648,
      0.05467174911499014,
      0.04442269643147779,
      0.035781849543253585,
      0.028566773096720344,
      0.02260359064737953,
      0.017725219726562536,
      0.013775933583577479,
      0.010605529785156255,
      0.00809132893880209,
      0.006114790598551428,
      0.004579247156778971,
      0.0033985926310221397,
      0.0024979260762532565,
      0.0018187084197998013,
      0.0013115838368733734
    ],