{
  "diagnostics": {
    "excess_kurt_x_obs": -0.017839492729725404,
    "imag_frac_nonzero_eps1e-12": 0.9937888198757764,
    "imag_max_abs": 0.03629719659429342,
    "skew_x_obs": 0.018372191527809684,
    "v1_delta_bandwidth_dnu": 0.10000000000000009,
    "v1_symmetry_corr": 0.992281505052614,
    "verify_l2_from_curves": {
      "D0_match": true,
      "D0_recomputed": 0.0012297915971534073,
      "D0_reported": 0.0012297915971534073,
      "D1_match": true,
      "D1_recomputed": 19.173283643142106,
      "D1_reported": 19.173283643142106,
      "tol_abs": 1e-12,
      "tol_rel": 1e-10,
      "verify_dnu": 0.10000000000000009
    }
  },
  "hint": "This script compares observed morphology against phase-randomized surrogates that preserve |a_lm|. V0(nu) is excursion-set area fraction; V1(nu) is a perimeter proxy estimated from |\u2207x| in a nu-band. Distances D0 and D1 are L2 distances (sqrt(sum((a-b)^2)*dnu)) to surrogate-mean curves. D_mf combines them as sqrt(D0^2 + D1^2). Z_mf is the scale-free combined z-distance.",
  "kind": "planck_pr3_lensing_phi_topology_mf_v0_v1",
  "lmax": 320,
  "metric": "Minkowski-style morphology: V0(area) + V1(perimeter proxy) vs phase-random surrogates",
  "n_sims": 2000,
  "nside": 256,
  "observed": {
    "D0_L2": 0.0012297915971534073,
    "D0_sum_sq_legacy": 1.512387372429127e-05,
    "D1_L2": 19.173283643142106,
    "D1_sum_sq_legacy": 3676.1480566038035,
    "D_mf": 19.173283682582074,
    "Z0": -0.746096517957974,
    "Z1": -0.5390698835630781,
    "Z_mf": 0.9204652918354521,
    "map_mean": 3.5178051937858244e-08,
    "map_std": 0.06426627519776643,
    "v0_curve": [
      0.9988606770833334,
      0.9983711242675781,
      0.9977200826009115,
      0.9968897501627604,
      0.9956919352213541,
      0.9941978454589844,
      0.9922752380371094,
      0.9897562662760416,
      0.9866205851236979,
      0.982672373453776,
      0.9779192606608073,
      0.9718831380208334,
      0.9646123250325521,
      0.9557622273763021,
      0.9452807108561198,
      0.9333686828613281,
      0.9192161560058594,
      0.9031664530436198,
      0.884820302327474,
      0.864081064860026,
      0.8407923380533854,
      0.8152720133463541,
      0.7874832153320312,
      0.7574272155761719,
      0.724493662516276,
      0.6905962626139323,
      0.6545575459798177,
      0.6169115702311198,
      0.5782432556152344,
      0.5390434265136719,
      0.49916712443033856,
      0.4593315124511719,
      0.419891357421875,
      0.38104248046875,
      0.34337615966796875,
      0.3079999287923177,
      0.27397410074869794,
      0.2418390909830729,
      0.21172587076822916,
      0.1842371622721354,
      0.1588312784830729,
      0.13601175944010416,
      0.11559804280598958,
      0.0973370869954427,
      0.08118565877278645,
      0.06737772623697917,
      0.05535888671875,
      0.04500452677408854,
      0.036441802978515625,
      0.029169718424479168,
      0.023184458414713543,
      0.018189748128255207,
      0.014195760091145834,
      0.011164347330729166,
      0.00853729248046875,
      0.006532033284505208,
      0.004909515380859375,
      0.003688812255859375,
      0.0026995340983072915,
      0.0019747416178385415,
      0.0014216105143229167
    ],
    "v1_curve": [
      17.91617071648555,
      22.14941240443538,
      27.172235860875713,
      37.69857976956265,
      67.11150127357499,
      61.6259978397268,
      88.13153524913568,
      104.21396687708057,
      143.5137595825699,
      176.20927798176191,
      201.81823647916784,
      255.3535019622779,
      295.37524151107476,
      366.9799700106808,
      414.2765220349916,
      484.4889390423427,
      537.7367449553453,
      601.8369485072022,
      686.6411447894383,
      768.2238287234253,
      821.8024005399863,
      882.6563510589929,
      939.8233957333025,
      1042.8544100382817,
      1083.4023277616036,
      1110.0461209609362,
      1151.5845701531655,
      1189.9813605581567,
      1191.364054899603,
      1192.6651884302166,
      1190.5639683717734,
      1170.5337893514964,
      1150.4848799200495,
      1099.8677637580654,
      1036.7261239957347,
      979.8243387503359,
      918.738452763428,
      866.9691040663163,
      778.7596387109595,
      719.6357671192952,
      651.6803240430081,
      583.8537345565236,
      518.3294265466685,
      457.8867431525647,
      395.81825175114335,
      338.66603405427225,
      289.6226299511976,
      245.07345741380544,
      202.18950300288273,
      165.6086348205528,
      140.72009989304732,
      114.44316351456929,
      87.51430116407975,
      71.45475589798467,
      57.26238146876124,
      46.14079612402914,
      36.32783562965464,
      26.813748237148484,
      20.258899166640756,
      15.068325655378649,
      11.79275815216572
    ]
  },
  "p_high": 0.7416291854072964,
  "p_high_mf": 0.6856571714142928,
  "p_low": 0.2588705647176412,
  "p_low_mf": 0.3148425787106447,
  "p_two_sided": 0.5177411294352824,
  "p_two_sided_mf": 0.6296851574212894,
  "provenance": {
    "dat_url": "GAUSSIAN_CONTROL_FROM: https://github.com/gradient-pulse/phi-mesh/releases/download/data-2026-02-15-planck-lensing-R3/planck_pr3_lensing_mv_dat_klm.fits",
    "mf_url": "GAUSSIAN_CONTROL_MF_ZERO_FROM: https://github.com/gradient-pulse/phi-mesh/releases/download/data-2026-02-15-planck-lensing-R3/planck_pr3_lensing_mv_mf_klm.fits"
  },
  "seed": 731,
  "surrogate": {
    "D0_mean": 0.0022223376111078965,
    "D0_std": 0.0013303185178655359,
    "D1_mean": 21.476744293981074,
    "D1_std": 4.273027896891282,
    "D_mf_mean": 21.476744432273154,
    "D_mf_std": 4.273027986746016,
    "v0_mean_curve": [
      0.9987527840932212,
      0.9982567049662281,
      0.997588972727458,
      0.9967011095682783,
      0.9955300102233896,
      0.9940024725596103,
      0.9920327981313071,
      0.9895178813934343,
      0.9863419208526619,
      0.9823726304372159,
      0.9774690386454264,
      0.9714730854034421,
      0.9642156728108717,
      0.9555182520548514,
      0.945204283396403,
      0.9331119372049975,
      0.9190623620351156,
      0.9029078025817883,
      0.884534516016644,
      0.8638305587768556,
      0.8407486794789623,
      0.815260917027792,
      0.7874125137329097,
      0.75727290725708,
      0.7249870745340982,
      0.6907306524912512,
      0.6547650502522803,
      0.6173340403238937,
      0.5788007869720454,
      0.5394977194468187,
      0.4998223718007399,
      0.4601541112264001,
      0.42088092676798483,
      0.38237361653645896,
      0.3449941310882571,
      0.30905939102172797,
      0.2748447176615394,
      0.24259845479329412,
      0.21250680541992167,
      0.18469840431213375,
      0.15925508499145488,
      0.13620879618326834,
      0.11554131698608419,
      0.09719174830118817,
      0.08105807367960621,
      0.06702729924519853,
      0.05493720753987636,
      0.04462959098815916,
      0.03592955780029296,
      0.02866576894124356,
      0.0226610425313314,
      0.01774902915954589,
      0.013770502090454105,
      0.010583341598510758,
      0.008055583318074534,
      0.006072136561075849,
      0.004534544626871749,
      0.0033537330627441374,
      0.0024549687703450504,
      0.0017793235778808558,
      0.001276763280232751
    ],