{
  "diagnostics": {
    "excess_kurt_x_obs": -0.028995794175893597,
    "imag_frac_nonzero_eps1e-12": 0.9922480620155039,
    "imag_max_abs": 0.03848813276002552,
    "skew_x_obs": 0.0030725724864697768,
    "v1_delta_bandwidth_dnu": 0.10000000000000009,
    "v1_symmetry_corr": 0.9968901076202961,
    "verify_l2_from_curves": {
      "D0_match": true,
      "D0_recomputed": 0.0011994991280366413,
      "D0_reported": 0.0011994991280366413,
      "D1_match": true,
      "D1_recomputed": 16.79575659117103,
      "D1_reported": 16.79575659117103,
      "tol_abs": 1e-12,
      "tol_rel": 1e-10,
      "verify_dnu": 0.10000000000000009
    }
  },
  "hint": "This script compares observed morphology against phase-randomized surrogates that preserve |a_lm|. V0(nu) is excursion-set area fraction; V1(nu) is a perimeter proxy estimated from |\u2207x| in a nu-band. Distances D0 and D1 are L2 distances (sqrt(sum((a-b)^2)*dnu)) to surrogate-mean curves. D_mf combines them as sqrt(D0^2 + D1^2). Z_mf is the scale-free combined z-distance.",
  "kind": "planck_pr3_lensing_phi_topology_mf_v0_v1",
  "lmax": 256,
  "metric": "Minkowski-style morphology: V0(area) + V1(perimeter proxy) vs phase-random surrogates",
  "n_sims": 2000,
  "nside": 256,
  "observed": {
    "D0_L2": 0.0011994991280366413,
    "D0_sum_sq_legacy": 1.4387981581606618e-05,
    "D1_L2": 16.79575659117103,
    "D1_sum_sq_legacy": 2820.974394698648,
    "D_mf": 16.795756634003226,
    "Z0": -1.0498787687635833,
    "Z1": -0.6014433215669004,
    "Z_mf": 1.2099502048257869,
    "map_mean": 4.8515846540935284e-08,
    "map_std": 0.05015313040098269,
    "v0_curve": [
      0.9987131754557291,
      0.9982490539550781,
      0.9976056416829427,
      0.9966850280761719,
      0.9955024719238281,
      0.9939740498860677,
      0.991973876953125,
      0.9893722534179688,
      0.9862111409505209,
      0.9822222391764323,
      0.9773572285970052,
      0.9714609781901041,
      0.9641164143880209,
      0.955376942952474,
      0.9452463785807291,
      0.9331550598144531,
      0.919281005859375,
      0.9032274881998698,
      0.8851356506347656,
      0.864190419514974,
      0.841156005859375,
      0.8156331380208334,
      0.787652333577474,
      0.7572313944498698,
      0.7249259948730469,
      0.6904513041178385,
      0.654266357421875,
      0.6169013977050781,
      0.5783093770345052,
      0.5391222635904948,
      0.499542236328125,
      0.4599952697753906,
      0.4209861755371094,
      0.38225682576497394,
      0.34496307373046875,
      0.309356689453125,
      0.27530161539713544,
      0.2426122029622396,
      0.21236165364583334,
      0.184783935546875,
      0.15930048624674478,
      0.13613510131835938,
      0.11533737182617188,
      0.0971539815266927,
      0.08126449584960938,
      0.06707763671875,
      0.05498631795247396,
      0.0446014404296875,
      0.035923004150390625,
      0.028597513834635418,
      0.022633870442708332,
      0.017885843912760418,
      0.013863881429036459,
      0.010618845621744791,
      0.008143107096354166,
      0.006090799967447917,
      0.004573822021484375,
      0.00337982177734375,
      0.0024744669596354165,
      0.0017840067545572917,
      0.001247406005859375
    ],
    "v1_curve": [
      10.930667690269766,
      15.672440033569783,
      20.170574094085417,
      33.275056326028455,
      40.7948070623437,
      52.29808354836675,
      65.19929906943227,
      79.17189753516531,
      108.10429048381704,
      122.34184302544087,
      151.94106093097705,
      176.80422880867044,
      232.0178195658423,
      245.70506842519646,
      323.54161306802774,
      350.2619158008872,
      384.9250272566186,
      430.85531125058577,
      486.20326444924336,
      559.5061994897198,
      596.8170130085934,
      658.6546117690575,
      713.7087191305925,
      752.2952539457723,
      807.6286068170165,
      836.1693925971367,
      873.6877120063994,
      890.9988555400547,
      890.2351211715203,
      906.5414582879362,
      898.7321979877463,
      889.5458983648283,
      871.3235614759795,
      848.82721053153,
      806.5113678214249,
      774.7311078942181,
      727.7432661898367,
      683.8216578757824,
      627.4572746829782,
      574.6588995982011,
      525.0912805090996,
      463.46888779318704,
      423.0352077543437,
      357.8020492137858,
      323.051964172584,
      281.35640450587607,
      234.14230548628112,
      203.52412107675033,
      171.05398757215158,
      138.5854287791369,
      113.11515766713823,
      95.88693545302988,
      76.68651346766369,
      60.27798751271882,
      47.519187013098794,
      36.97840758907096,
      29.03560016077383,
      21.83115969546374,
      16.870975016117665,
      12.77198534505503,
      8.472266817705133
    ]
  },
  "p_high": 0.8850574712643678,
  "p_high_mf": 0.7021489255372314,
  "p_low": 0.11544227886056972,
  "p_low_mf": 0.2983508245877061,
  "p_two_sided": 0.23088455772113944,
  "p_two_sided_mf": 0.5967016491754122,
  "provenance": {
    "dat_url": "GAUSSIAN_CONTROL_FROM: https://github.com/gradient-pulse/phi-mesh/releases/download/data-2026-02-15-planck-lensing-R3/planck_pr3_lensing_mv_dat_klm.fits",
    "mf_url": "GAUSSIAN_CONTROL_MF_ZERO_FROM: https://github.com/gradient-pulse/phi-mesh/releases/download/data-2026-02-15-planck-lensing-R3/planck_pr3_lensing_mv_mf_klm.fits"
  },
  "seed": 731,
  "surrogate": {
    "D0_mean": 0.0031258092637763473,
    "D0_std": 0.0018347929237661168,
    "D1_mean": 20.337902993476188,
    "D1_std": 5.889410149367089,
    "D_mf_mean": 20.337903268194033,
    "D_mf_std": 5.889410315943753,
    "v0_mean_curve": [
      0.9986589469909659,
      0.9981399854024241,
      0.9974465421040846,
      0.9965278720855717,
      0.9953249225616456,
      0.9937635269165037,
      0.9917590459187803,
      0.9892146771748863,
      0.9860130837758398,
      0.9820234425862623,
      0.9771066843668624,
      0.9711066468556736,
      0.9638535429636648,
      0.9551785469055182,
      0.944904417037964,
      0.9328625742594395,
      0.9188894920349109,
      0.9028285725911447,
      0.8845601565043135,
      0.8639760958353679,
      0.8410120906829855,
      0.8156505451202387,
      0.787909652709962,
      0.7578781414031985,
      0.7256858863830566,
      0.6915039119720457,
      0.6555808283487953,
      0.6181853567759199,
      0.5796420618693033,
      0.5403095912933354,
      0.5005671799977626,
      0.4608161067962649,
      0.4214350261688227,
      0.38280920410156233,
      0.34528817431132003,
      0.30921924273173024,
      0.2748951218922938,
      0.24254159418741864,
      0.21235025723775183,
      0.18446240743001308,
      0.1589529412587483,
      0.1358607845306395,
      0.11516146977742496,
      0.09679373296101884,
      0.08066585795084649,
      0.06664557266235353,
      0.05458400281270336,
      0.044309427261352494,
      0.035643580754597996,
      0.028412422815958724,
      0.022448866526285815,
      0.017572511037190767,
      0.013627581278483073,
      0.010467761357625331,
      0.007966590245564781,
      0.0060047009785970185,
      0.0044842185974121145,
      0.003314278284708655,
      0.0024260495503743507,
      0.0017578919728597014,
      0.0012612044016520176
    ],