{
  "diagnostics": {
    "excess_kurt_x_obs": 2.144506284347922,
    "imag_frac_nonzero_eps1e-12": 0.9922480620155039,
    "imag_max_abs": 0.005046597814231353,
    "skew_x_obs": -0.03653994039347681,
    "v1_delta_bandwidth_dnu": 0.10000000000000009,
    "v1_symmetry_corr": 0.9900755061615564,
    "verify_l2_from_curves": {
      "D0_match": true,
      "D0_recomputed": 0.09855721973792307,
      "D0_reported": 0.09855721973792307,
      "D1_match": true,
      "D1_recomputed": 254.19548100235778,
      "D1_reported": 254.19548100235778,
      "tol_abs": 1e-12,
      "tol_rel": 1e-10,
      "verify_dnu": 0.10000000000000009
    }
  },
  "hint": "This script compares observed morphology against phase-randomized surrogates that preserve |a_lm|. V0(nu) is excursion-set area fraction; V1(nu) is a perimeter proxy estimated from |\u2207x| in a nu-band. Distances D0 and D1 are L2 distances (sqrt(sum((a-b)^2)*dnu)) to surrogate-mean curves. D_mf combines them as sqrt(D0^2 + D1^2). Z_mf is the scale-free combined z-distance.",
  "kind": "planck_pr3_lensing_phi_topology_mf_v0_v1",
  "lmax": 256,
  "metric": "Minkowski-style morphology: V0(area) + V1(perimeter proxy) vs phase-random surrogates",
  "n_sims": 2000,
  "nside": 256,
  "observed": {
    "D0_L2": 0.09855721973792307,
    "D0_sum_sq_legacy": 0.09713525562469244,
    "D1_L2": 254.19548100235778,
    "D1_sum_sq_legacy": 646153.4256201998,
    "D_mf": 254.19550010876588,
    "Z0": 335.6165944700082,
    "Z1": 89.59721286117536,
    "Z_mf": 347.37034852752856,
    "map_mean": -4.713929621343385e-08,
    "map_std": 0.11283864092446322,
    "v0_curve": [
      0.9940541585286459,
      0.992895762125651,
      0.9914906819661459,
      0.9899304707845052,
      0.988000233968099,
      0.9857470194498698,
      0.9830703735351562,
      0.979949951171875,
      0.9762140909830729,
      0.9720141092936198,
      0.9670791625976562,
      0.9614677429199219,
      0.9550094604492188,
      0.947655995686849,
      0.9393793741861979,
      0.9298248291015625,
      0.9191385904947916,
      0.9072532653808594,
      0.8939488728841146,
      0.8791859944661459,
      0.863250732421875,
      0.8457247416178385,
      0.8267593383789062,
      0.8063697814941406,
      0.784631093343099,
      0.7612826029459635,
      0.7358665466308594,
      0.7086079915364584,
      0.6768455505371094,
      0.6326243082682291,
      0.5565261840820312,
      0.44791920979817706,
      0.3490943908691406,
      0.28716278076171875,
      0.24994532267252603,
      0.22199122111002603,
      0.19851048787434897,
      0.17734654744466147,
      0.15803909301757812,
      0.14034525553385416,
      0.1242841084798177,
      0.1097272237141927,
      0.09665807088216145,
      0.08476765950520833,
      0.07399749755859375,
      0.0646222432454427,
      0.05628840128580729,
      0.048778533935546875,
      0.042170206705729164,
      0.036394755045572914,
      0.03133265177408854,
      0.0270233154296875,
      0.023067474365234375,
      0.019824981689453125,
      0.016919453938802082,
      0.014400482177734375,
      0.01230621337890625,
      0.01038360595703125,
      0.00870513916015625,
      0.007387797037760417,
      0.006205240885416667
    ],
    "v1_curve": [
      47.199122994124416,
      54.25491869917776,
      62.735676579300716,
      75.08734119988662,
      85.90440645393979,
      102.30037874768726,
      116.83836831683487,
      138.48729616232484,
      158.79465943324186,
      183.16027082997996,
      210.88256490270197,
      235.1716080962704,
      266.9402554090118,
      299.4324070089827,
      346.58281611551854,
      391.3060181740462,
      436.95643168716737,
      475.83581913249907,
      527.1924909367884,
      571.4354881015704,
      611.741711033679,
      667.6474367190481,
      704.2993562775846,
      732.8167853163108,
      789.4752298707006,
      840.2533589963904,
      881.6892260047938,
      896.8713037120993,
      938.06311370522,
      1058.1042718500737,
      1197.270303557669,
      1209.495483485279,
      1124.597779989554,
      961.0194131939683,
      894.1996312708452,
      835.6494839329343,
      758.5269592452561,
      732.7726846914803,
      670.831632707443,
      630.0556458168343,
      582.4074665623829,
      532.0550133102087,
      466.3945318746025,
      442.01017597862557,
      385.6249501870194,
      355.4703484108642,
      310.25477696445904,
      281.79818035403764,
      248.12214229992028,
      224.24690304045365,
      191.8032605496615,
      168.23008804895954,
      155.53034407882544,
      137.40921495206882,
      113.42470367543288,
      97.6567349489244,
      89.48656385767121,
      78.9798625419973,
      65.84784457773009,
      55.730057620849614,
      49.45609726544533
    ]
  },
  "p_high": 0.0004997501249375312,
  "p_high_mf": 0.0004997501249375312,
  "p_low": 1.0,
  "p_low_mf": 1.0,
  "p_two_sided": 0.0009995002498750624,
  "p_two_sided_mf": 0.0009995002498750624,
  "provenance": {
    "dat_url": "LCDM_RECON_SIM_TARBALL:https://github.com/gradient-pulse/phi-mesh/releases/download/data-2026-02-15-planck-lensing-R3/lcdm_recon_sims__layout_sims.tar.gz",
    "mf_url": "LCDM_RECON_SIM_TARBALL:https://github.com/gradient-pulse/phi-mesh/releases/download/data-2026-02-15-planck-lensing-R3/lcdm_recon_sims__layout_sims.tar.gz"
  },
  "seed": 1402,
  "surrogate": {
    "D0_mean": 0.0008176699460430976,
    "D0_std": 0.00029122382922163375,
    "D1_mean": 18.879875386015364,
    "D1_std": 2.6263719383877215,
    "D_mf_mean": 18.879875406224798,
    "D_mf_std": 2.6263719365305795,
    "v0_mean_curve": [
      0.9984188194274897,
      0.9978547948201484,
      0.9971122074127178,
      0.9961428947448735,
      0.9948889910380059,
      0.9932817866007493,
      0.9912393976847326,
      0.9886640491485593,
      0.9854479319254547,
      0.9814652430216485,
      0.9765786075592056,
      0.9706364301045748,
      0.9634742437998454,
      0.9549240932464603,
      0.9448084081013994,
      0.9329503885904937,
      0.9191836535135909,
      0.9033474146525055,
      0.8853059253692612,
      0.8649467620849622,
      0.8421929779052748,
      0.817015244166056,
      0.7894247487386068,
      0.7594891230265306,
      0.7273296623229975,
      0.6931193459828693,
      0.6571076354980468,
      0.6195601018269862,
      0.5808124116261792,
      0.54121619606018,
      0.5011907018025711,
      0.4611293093363439,
      0.421426148732503,
      0.3825032647450758,
      0.34471386464436815,
      0.30841059875488297,
      0.2738890781402587,
      0.2413941847483318,
      0.2111314881642659,
      0.18321786816914898,
      0.15773779932657903,
      0.1347183736165364,
      0.11413350041707365,
      0.09590563519795722,
      0.07993080774943041,
      0.06606874402364077,
      0.054158881505330485,
      0.04402509498596188,
      0.03548759969075523,
      0.02837004979451502,
      0.02249196052551269,
      0.017683894475301106,
      0.013785765329996761,
      0.010658604939778653,
      0.008172026316324877,
      0.0062149232228596975,
      0.0046867268880208274,
      0.003506178538004561,
      0.002601769129435214,
      0.0019144846598307278,
      0.0013975982666015623
    ],