{
  "diagnostics": {
    "excess_kurt_x_obs": -0.7836751560048274,
    "imag_frac_nonzero_eps1e-12": 0.9922480620155039,
    "imag_max_abs": 0.007993837136721808,
    "skew_x_obs": 0.3885015937905592,
    "v1_delta_bandwidth_dnu": 0.10000000000000009,
    "v1_symmetry_corr": 0.9161425956011826,
    "verify_l2_from_curves": {
      "D0_match": true,
      "D0_recomputed": 0.10286083371718668,
      "D0_reported": 0.10286083371718668,
      "D1_match": true,
      "D1_recomputed": 202.10793020149254,
      "D1_reported": 202.10793020149254,
      "tol_abs": 1e-12,
      "tol_rel": 1e-10,
      "verify_dnu": 0.10000000000000009
    }
  },
  "hint": "This script compares observed morphology against phase-randomized surrogates that preserve |a_lm|. V0(nu) is excursion-set area fraction; V1(nu) is a perimeter proxy estimated from |\u2207x| in a nu-band. Distances D0 and D1 are L2 distances (sqrt(sum((a-b)^2)*dnu)) to surrogate-mean curves. D_mf combines them as sqrt(D0^2 + D1^2). Z_mf is the scale-free combined z-distance.",
  "kind": "planck_pr3_lensing_phi_topology_mf_v0_v1",
  "lmax": 256,
  "metric": "Minkowski-style morphology: V0(area) + V1(perimeter proxy) vs phase-random surrogates",
  "n_sims": 2000,
  "nside": 256,
  "observed": {
    "D0_L2": 0.10286083371718668,
    "D0_sum_sq_legacy": 0.1058035111299472,
    "D1_L2": 202.10793020149254,
    "D1_sum_sq_legacy": 408476.1545033134,
    "D_mf": 202.10795637649323,
    "Z0": 93.19976440391633,
    "Z1": 66.18746147995766,
    "Z_mf": 114.31087499492946,
    "map_mean": 4.072406020391717e-08,
    "map_std": 0.06697317136395371,
    "v0_curve": [
      0.9999605814615885,
      0.9999440511067709,
      0.999914805094401,
      0.9998817443847656,
      0.9998346964518229,
      0.9997406005859375,
      0.9996261596679688,
      0.9994328816731771,
      0.9991925557454427,
      0.9987945556640625,
      0.9981791178385416,
      0.9973589579264323,
      0.9960772196451823,
      0.9943186442057291,
      0.9918810526529948,
      0.988610585530599,
      0.9838549296061198,
      0.9760475158691406,
      0.9504191080729166,
      0.8720016479492188,
      0.769934336344401,
      0.6945177714029948,
      0.6567548116048177,
      0.6373151143391927,
      0.6210250854492188,
      0.6038742065429688,
      0.5852673848470052,
      0.5644734700520834,
      0.5419464111328125,
      0.5172208150227865,
      0.49034754435221356,
      0.46189244588216144,
      0.4318046569824219,
      0.40062713623046875,
      0.36875279744466144,
      0.33635838826497394,
      0.3041547139485677,
      0.2723274230957031,
      0.24162419637044272,
      0.2122955322265625,
      0.18456649780273438,
      0.15847905476888022,
      0.13432947794596353,
      0.11289087931315105,
      0.09394073486328125,
      0.07715861002604167,
      0.06269454956054688,
      0.05048497517903646,
      0.040128072102864586,
      0.031412760416666664,
      0.024290720621744793,
      0.01860809326171875,
      0.014307657877604166,
      0.010759989420572916,
      0.00811004638671875,
      0.005986531575520833,
      0.00433349609375,
      0.0031420389811197915,
      0.0022633870442708335,
      0.0015958150227864583,
      0.001102447509765625
    ],
    "v1_curve": [
      0.3791977169204045,
      0.5048692474675328,
      0.7578520736564158,
      0.8763025674442417,
      1.367340917177318,
      3.139574674296834,
      3.0093478196306784,
      4.581811701831525,
      7.325115420495197,
      10.05778078150611,
      13.599882403315528,
      21.488524585231293,
      30.44206363181591,
      39.39053835229524,
      55.774273231789394,
      73.5362129442233,
      97.27953081785246,
      140.84452062563687,
      247.6872693422577,
      382.6128204382877,
      411.2491237344105,
      357.60997338764344,
      328.00933230249296,
      344.65397929411154,
      367.8797217616901,
      428.6609307515417,
      502.11624308486887,
      538.5198541338394,
      592.8647008301531,
      640.7211382690806,
      695.2568300800785,
      738.4371338771842,
      765.3103994529268,
      793.8188513467811,
      804.9447814388743,
      811.5655852448426,
      810.9597900643012,
      787.1788975271882,
      769.369575954157,
      731.137064241748,
      677.5411318348655,
      639.39658140454,
      581.5372901787173,
      507.6745906562893,
      459.578143642912,
      403.7764218580023,
      341.95080405300513,
      292.86788738394256,
      245.1805549787558,
      214.307011273787,
      164.1874228192799,
      133.6998000405945,
      105.64964420794561,
      81.05670969537302,
      64.0934642039199,
      55.46626725701237,
      38.276448883246296,
      26.901745479704235,
      20.280869718044578,
      17.25663484055724,
      11.706759627133522
    ]
  },
  "p_high": 0.0004997501249375312,
  "p_high_mf": 0.0004997501249375312,
  "p_low": 1.0,
  "p_low_mf": 1.0,
  "p_two_sided": 0.0009995002498750624,
  "p_two_sided_mf": 0.0009995002498750624,
  "provenance": {
    "dat_url": "LCDM_RECON_SIM_TARBALL:https://github.com/gradient-pulse/phi-mesh/releases/download/data-2026-02-15-planck-lensing-R3/lcdm_recon_sims__layout_sims.tar.gz",
    "mf_url": "LCDM_RECON_SIM_TARBALL:https://github.com/gradient-pulse/phi-mesh/releases/download/data-2026-02-15-planck-lensing-R3/lcdm_recon_sims__layout_sims.tar.gz"
  },
  "seed": 1401,
  "surrogate": {
    "D0_mean": 0.002155899170140855,
    "D0_std": 0.0010805277802055703,
    "D1_mean": 14.760614657168636,
    "D1_std": 2.830555989838874,
    "D_mf_mean": 14.76061484063777,
    "D_mf_std": 2.8305560602884303,
    "v0_mean_curve": [
      0.9992759462992347,
      0.9989010257720952,
      0.9983602205912273,
      0.9975931212107338,
      0.9965281028747549,
      0.9950722185770688,
      0.9931177361806237,
      0.9905378805796293,
      0.9871942310333243,
      0.9829292443593335,
      0.9775804322560622,
      0.9709809195200614,
      0.9629638856252037,
      0.9533763643900555,
      0.9420768133799251,
      0.9289413051605229,
      0.9138811066945403,
      0.8968239307403574,
      0.8777277793884285,
      0.8565876318613674,
      0.8334005228678386,
      0.8082154464721686,
      0.781086135864258,
      0.7520872058868385,
      0.7213152472178131,
      0.6888830776214596,
      0.6549279632568367,
      0.6196239636739085,
      0.5831526883443204,
      0.5457452424367277,
      0.5076630001068121,
      0.4692003866831467,
      0.43069256782531673,
      0.3924832051595052,
      0.3549257926940914,
      0.31838539314270015,
      0.2832092215220135,
      0.24971988360087083,
      0.21819074185689274,
      0.1888600432078044,
      0.16189267985026026,
      0.1374036026000978,
      0.1154443772633869,
      0.0959940198262532,
      0.07897967974344884,
      0.06428351593017577,
      0.0517524356842041,
      0.04120908292134599,
      0.03244595591227222,
      0.025262781143188483,
      0.019442508697509762,
      0.014792475382487003,
      0.011124266306559237,
      0.008269639968872063,
      0.006073921203613289,
      0.004407823562622071,
      0.003161640803019207,
      0.002239945093790687,
      0.0015676574707031252,
      0.0010847867329915365,
      0.0007414239247639965
    ],