{
  "diagnostics": {
    "excess_kurt_x_obs": -0.4236345815714091,
    "imag_frac_nonzero_eps1e-12": 0.9846153846153847,
    "imag_max_abs": 0.018612887487537515,
    "skew_x_obs": 0.2101805244341719,
    "v1_delta_bandwidth_dnu": 0.10000000000000009,
    "v1_symmetry_corr": 0.9899513383281943,
    "verify_l2_from_curves": {
      "D0_match": true,
      "D0_recomputed": 0.03066982930366389,
      "D0_reported": 0.03066982930366389,
      "D1_match": true,
      "D1_recomputed": 45.12747971612206,
      "D1_reported": 45.12747971612206,
      "tol_abs": 1e-12,
      "tol_rel": 1e-10,
      "verify_dnu": 0.10000000000000009
    }
  },
  "hint": "This script compares observed morphology against phase-randomized surrogates that preserve |a_lm|. V0(nu) is excursion-set area fraction; V1(nu) is a perimeter proxy estimated from |\u2207x| in a nu-band. Distances D0 and D1 are L2 distances (sqrt(sum((a-b)^2)*dnu)) to surrogate-mean curves. D_mf combines them as sqrt(D0^2 + D1^2). Z_mf is the scale-free combined z-distance.",
  "kind": "planck_pr3_lensing_phi_topology_mf_v0_v1",
  "lmax": 128,
  "metric": "Minkowski-style morphology: V0(area) + V1(perimeter proxy) vs phase-random surrogates",
  "n_sims": 2000,
  "nside": 256,
  "observed": {
    "D0_L2": 0.03066982930366389,
    "D0_sum_sq_legacy": 0.009406384295158792,
    "D1_L2": 45.12747971612206,
    "D1_sum_sq_legacy": 20364.894255290063,
    "D_mf": 45.12749013813462,
    "Z0": 1.6164825298582743,
    "Z1": 2.2624393105068235,
    "Z_mf": 2.7805840039573697,
    "map_mean": -1.7452392446001597e-08,
    "map_std": 0.03731482788910866,
    "v0_curve": [
      0.9999376932779948,
      0.9998728434244791,
      0.9997418721516927,
      0.9995040893554688,
      0.9991505940755209,
      0.9985567728678385,
      0.9976692199707031,
      0.9963862101236979,
      0.9944267272949219,
      0.9917920430501302,
      0.9881642659505209,
      0.9830780029296875,
      0.9765612284342448,
      0.9680328369140625,
      0.9570846557617188,
      0.9440078735351562,
      0.9284235636393229,
      0.9099197387695312,
      0.8884544372558594,
      0.8641103108723959,
      0.836523691813151,
      0.8065999348958334,
      0.7738774617513021,
      0.7388776143391927,
      0.7019793192545573,
      0.6639391581217448,
      0.6257069905598959,
      0.5869102478027344,
      0.5486844380696615,
      0.51007080078125,
      0.47243372599283856,
      0.4355328877766927,
      0.40139134724934894,
      0.3685162862141927,
      0.3374595642089844,
      0.30737050374348956,
      0.2786661783854167,
      0.2513783772786458,
      0.2254638671875,
      0.2008997599283854,
      0.17758051554361978,
      0.15548578898111978,
      0.13460667928059897,
      0.11491012573242188,
      0.09693654378255208,
      0.08064778645833333,
      0.0661773681640625,
      0.0533294677734375,
      0.04242833455403646,
      0.03325525919596354,
      0.025343577067057293,
      0.018925984700520832,
      0.01377105712890625,
      0.009850819905598959,
      0.0068511962890625,
      0.004503885904947917,
      0.002918243408203125,
      0.0018323262532552083,
      0.0011838277180989583,
      0.0007578531901041666,
      0.000499725341796875
    ],
    "v1_curve": [
      0.2260282711901033,
      0.5289303689146503,
      0.9851364524457524,
      1.7327554033740697,
      3.064259824433199,
      4.57159498133821,
      6.973602640085787,
      10.072358721851053,
      15.732068049098489,
      20.79437485662684,
      27.83619132317056,
      38.03011943480021,
      49.87104875571326,
      63.49257187561535,
      81.63226147270478,
      98.04403753896132,
      118.0274987269914,
      138.84804306571417,
      159.44342047863137,
      184.1866645357806,
      203.3890285518118,
      228.6637591581384,
      243.30813281833557,
      260.05542104602193,
      274.7795248509731,
      278.23957046876274,
      289.72811599169955,
      288.7573867136423,
      293.20056175569607,
      286.8212972549466,
      285.1934719799461,
      274.2124130693103,
      264.6846024414326,
      256.65588974854614,
      239.8226940074446,
      228.61776234130016,
      220.90365606484303,
      208.7358421693231,
      189.67814931823534,
      178.15721212597882,
      171.16472354688304,
      156.96763060107105,
      146.53532776278047,
      135.1739485220345,
      123.45952910248853,
      108.25418961121582,
      97.57629845365038,
      82.98166306724839,
      67.62716306643783,
      58.21173632849588,
      46.65812409317826,
      36.895659653283154,
      29.648397668714953,
      22.07550484257994,
      17.135042016864993,
      11.570095962803189,
      8.042170257667738,
      5.532570742704818,
      3.400765962204419,
      2.3675019090121423,
      1.5910744054223078
    ]
  },
  "p_high": 0.07896051974012994,
  "p_high_mf": 0.030484757621189407,
  "p_low": 0.9215392303848076,
  "p_low_mf": 0.9700149925037481,
  "p_two_sided": 0.15792103948025987,
  "p_two_sided_mf": 0.06096951524237881,
  "provenance": {
    "dat_url": "GAUSSIAN_CONTROL_FROM: https://github.com/gradient-pulse/phi-mesh/releases/download/data-2026-02-15-planck-lensing-R3/planck_pr3_lensing_mv_dat_klm.fits",
    "mf_url": "GAUSSIAN_CONTROL_MF_ZERO_FROM: https://github.com/gradient-pulse/phi-mesh/releases/download/data-2026-02-15-planck-lensing-R3/planck_pr3_lensing_mv_mf_klm.fits"
  },
  "seed": 731,
  "surrogate": {
    "D0_mean": 0.01635722721133526,
    "D0_std": 0.008854164414374147,
    "D1_mean": 22.961601248721912,
    "D1_std": 9.797336160338652,
    "D_mf_mean": 22.961607491114286,
    "D_mf_std": 9.79733918538806,
    "v0_mean_curve": [
      0.9990705388387037,
      0.9986525306701662,
      0.9980729376475014,
      0.9972780246734616,
      0.9962064113616932,
      0.9947771085103325,
      0.9928994763692213,
      0.9904627710978188,
      0.9873421141306559,
      0.9833929335276282,
      0.9784530925750725,
      0.9723585205078124,
      0.964927433649699,
      0.9559817492167144,
      0.9453355604807538,
      0.9328220748901374,
      0.9182788276672379,
      0.9015771121978795,
      0.8826108398437503,
      0.8613111502329496,
      0.8376637179056808,
      0.8116961479187029,
      0.7834792518615731,
      0.7531371396382642,
      0.7208140602111821,
      0.6867159938812252,
      0.6511091200510676,
      0.614266854604084,
      0.5764871444702144,
      0.5380760720570885,
      0.49937266858418766,
      0.46071516799926754,
      0.42242667007446344,
      0.38483303833007815,
      0.3482473208109538,
      0.31294767824808745,
      0.27919016202290864,
      0.24718242200215623,
      0.2171069488525387,
      0.18910986900329577,
      0.16329236412048365,
      0.13972356096903513,
      0.11843603515624991,
      0.0994000784556072,
      0.0825729281107585,
      0.06786624972025557,
      0.05515559260050457,
      0.04431783994038899,
      0.03519262059529621,
      0.02760875892639157,
      0.02138721148173014,
      0.016354988098144525,
      0.012340422948201491,
      0.00918662707010905,
      0.006746324539184569,
      0.0048855768839518214,
      0.0034864425659179737,
      0.0024526767730712875,
      0.001699881235758463,
      0.0011599191029866539,
      0.0007783521016438811
    ],