{
  "diagnostics": {
    "excess_kurt_x_obs": -0.08221223848090986,
    "imag_frac_nonzero_eps1e-12": 0.9896907216494846,
    "imag_max_abs": 0.04439076753299858,
    "skew_x_obs": -0.09136274012074126,
    "v1_delta_bandwidth_dnu": 0.10000000000000009,
    "v1_symmetry_corr": 0.9954598645026038,
    "verify_l2_from_curves": {
      "D0_match": true,
      "D0_recomputed": 0.0027713029684292997,
      "D0_reported": 0.0027713029684292997,
      "D1_match": true,
      "D1_recomputed": 13.524313371591427,
      "D1_reported": 13.524313371591427,
      "tol_abs": 1e-12,
      "tol_rel": 1e-10,
      "verify_dnu": 0.10000000000000009
    }
  },
  "hint": "This script compares observed morphology against phase-randomized surrogates that preserve |a_lm|. V0(nu) is excursion-set area fraction; V1(nu) is a perimeter proxy estimated from |\u2207x| in a nu-band. Distances D0 and D1 are L2 distances (sqrt(sum((a-b)^2)*dnu)) to surrogate-mean curves. D_mf combines them as sqrt(D0^2 + D1^2). Z_mf is the scale-free combined z-distance.",
  "kind": "planck_pr3_lensing_phi_topology_mf_v0_v1",
  "lmax": 192,
  "metric": "Minkowski-style morphology: V0(area) + V1(perimeter proxy) vs phase-random surrogates",
  "n_sims": 2000,
  "nside": 256,
  "observed": {
    "D0_L2": 0.0027713029684292997,
    "D0_sum_sq_legacy": 7.680120142825042e-05,
    "D1_L2": 13.524313371591427,
    "D1_sum_sq_legacy": 1829.070521730065,
    "D_mf": 13.52431365552895,
    "Z0": -1.3034538972164211,
    "Z1": -0.9272679527080987,
    "Z_mf": 1.5996305568124614,
    "map_mean": 4.829317757903499e-09,
    "map_std": 0.04386769941396455,
    "v0_curve": [
      0.9985262552897135,
      0.9979387919108073,
      0.9971911112467448,
      0.996209462483724,
      0.9949111938476562,
      0.9931716918945312,
      0.9909591674804688,
      0.9881464640299479,
      0.9845924377441406,
      0.9801673889160156,
      0.9747912089029948,
      0.9683672587076823,
      0.9608599344889323,
      0.9517631530761719,
      0.9411061604817709,
      0.9288152058919271,
      0.9148203531901041,
      0.8990033467610677,
      0.8810399373372396,
      0.8612085978190104,
      0.8389625549316406,
      0.8144887288411459,
      0.787933349609375,
      0.7590243021647135,
      0.7282307942708334,
      0.6950581868489584,
      0.6604499816894531,
      0.6237284342447916,
      0.5858179728190104,
      0.54705810546875,
      0.5075518290201823,
      0.46803029378255206,
      0.42837270100911456,
      0.3892860412597656,
      0.3516578674316406,
      0.31489308675130206,
      0.27971522013346356,
      0.2466862996419271,
      0.21531804402669272,
      0.18608601888020834,
      0.15938568115234375,
      0.1356353759765625,
      0.1142133076985677,
      0.09494527180989583,
      0.07800547281901042,
      0.06353378295898438,
      0.05123138427734375,
      0.041133880615234375,
      0.032562255859375,
      0.025507609049479168,
      0.019662221272786457,
      0.015013376871744791,
      0.011369069417317709,
      0.008488972981770834,
      0.006231943766276042,
      0.004544576009114583,
      0.0032857259114583335,
      0.0023129781087239585,
      0.0015703837076822917,
      0.001041412353515625,
      0.0006993611653645834
    ],
    "v1_curve": [
      5.314681427873098,
      7.348384592813203,
      8.655447619939169,
      12.671755444998452,
      15.526050233184938,
      21.504029203358883,
      25.28118076229412,
      33.92606214856163,
      42.701544316901234,
      52.81524132270487,
      64.87228064793037,
      77.52486469341052,
      95.70263325214894,
      114.17403178325561,
      137.7745943963188,
      158.27961791160067,
      182.81081647888595,
      201.89661058519505,
      239.93941851556218,
      267.04988942949655,
      304.8339687298543,
      332.99801840139054,
      363.28403785892414,
      410.4333976154746,
      440.6354621378889,
      475.1234002032044,
      501.91789154941415,
      529.0645381324086,
      552.9905184878457,
      576.5033111447551,
      576.3649656562933,
      574.2862968581655,
      586.7301766387156,
      574.0116258904458,
      553.6506064733879,
      530.4009347601146,
      498.7743612677507,
      481.36362929358194,
      438.81438238406145,
      408.01293432636606,
      361.77047855924326,
      321.9815580356576,
      291.2215055126893,
      258.1898217363773,
      216.456536422812,
      182.14992232259343,
      149.55168812473332,
      129.47686445244904,
      104.5688663829679,
      85.81506941078787,
      66.09294320156981,
      51.59935960034109,
      41.39238581982266,
      31.701556233599344,
      24.41121025119015,
      17.415636420258185,
      13.34378376309645,
      9.460282864538037,
      6.972719934611316,
      5.152631958137661,
      3.101412179335867
    ]
  },
  "p_high": 0.9575212393803099,
  "p_high_mf": 0.8330834582708646,
  "p_low": 0.04297851074462768,
  "p_low_mf": 0.16741629185407297,
  "p_two_sided": 0.08595702148925537,
  "p_two_sided_mf": 0.33483258370814595,
  "provenance": {
    "dat_url": "GAUSSIAN_CONTROL_FROM: https://github.com/gradient-pulse/phi-mesh/releases/download/data-2026-02-15-planck-lensing-R3/planck_pr3_lensing_mv_dat_klm.fits",
    "mf_url": "GAUSSIAN_CONTROL_MF_ZERO_FROM: https://github.com/gradient-pulse/phi-mesh/releases/download/data-2026-02-15-planck-lensing-R3/planck_pr3_lensing_mv_mf_klm.fits"
  },
  "seed": 731,
  "surrogate": {
    "D0_mean": 0.010687639586065367,
    "D0_std": 0.006073353752320451,
    "D1_mean": 23.23640359772755,
    "D1_std": 10.473876723305091,
    "D_mf_mean": 23.236406142613387,
    "D_mf_std": 10.473878291074444,
    "v0_mean_curve": [
      0.9982652053833009,
      0.997613378524781,
      0.9967546609242743,
      0.9956359717051215,
      0.9941939182281498,
      0.9923590927124015,
      0.9900487581888846,
      0.9871697209676099,
      0.9836196962992355,
      0.9792827091217042,
      0.9740346844991056,
      0.9677386480967235,
      0.9602661616007498,
      0.9514673875172931,
      0.9411897881825754,
      0.9292900492350263,
      0.9156285699208582,
      0.9000557498931874,
      0.8824506136576332,
      0.8627113291422518,
      0.8407455921173113,
      0.8165002956390373,
      0.7899654248555493,
      0.7611502990722647,
      0.7301441726684569,
      0.6970567296346039,
      0.6620658493041991,
      0.6254095300038646,
      0.5873635203043616,
      0.5482614885965986,
      0.5084777406056723,
      0.4683935941060388,
      0.4284376506805425,
      0.3890256296793617,
      0.3505485490163164,
      0.31339389038085874,
      0.2779178263346347,
      0.24441633033752466,
      0.21312194442749055,
      0.18421118164062456,
      0.15780923906962083,
      0.13396340243021643,
      0.11266826947530104,
      0.09386153984069838,
      0.07745562871297201,
      0.06329731686909991,
      0.05121640523274739,
      0.041028385798136335,
      0.03253862635294603,
      0.025539712270100923,
      0.01983997535705566,
      0.015250767389933279,
      0.011596709569295247,
      0.008722124099731427,
      0.006489513397216801,
      0.004775057474772144,
      0.003471854527791347,
      0.0024961376190185606,
      0.0017752418518066396,
      0.0012477919260660796,
      0.000865825017293296
    ],