{
  "diagnostics": {
    "excess_kurt_x_obs": -0.0039065753892781885,
    "imag_frac_nonzero_eps1e-12": 0.9937888198757764,
    "imag_max_abs": 0.021092944551059093,
    "skew_x_obs": -0.012508962930223846,
    "v1_delta_bandwidth_dnu": 0.10000000000000009,
    "v1_symmetry_corr": 0.9968064052611542,
    "verify_l2_from_curves": {
      "D0_match": true,
      "D0_recomputed": 0.0010889504102667544,
      "D0_reported": 0.0010889504102667544,
      "D1_match": true,
      "D1_recomputed": 21.757014688459368,
      "D1_reported": 21.757014688459368,
      "tol_abs": 1e-12,
      "tol_rel": 1e-10,
      "verify_dnu": 0.10000000000000009
    }
  },
  "hint": "This script compares observed morphology against phase-randomized surrogates that preserve |a_lm|. V0(nu) is excursion-set area fraction; V1(nu) is a perimeter proxy estimated from |\u2207x| in a nu-band. Distances D0 and D1 are L2 distances (sqrt(sum((a-b)^2)*dnu)) to surrogate-mean curves. D_mf combines them as sqrt(D0^2 + D1^2). Z_mf is the scale-free combined z-distance.",
  "kind": "planck_pr3_lensing_phi_topology_mf_v0_v1",
  "lmax": 320,
  "metric": "Minkowski-style morphology: V0(area) + V1(perimeter proxy) vs phase-random surrogates",
  "n_sims": 2000,
  "nside": 256,
  "observed": {
    "D0_L2": 0.0010889504102667544,
    "D0_sum_sq_legacy": 1.1858129960201316e-05,
    "D1_L2": 21.757014688459368,
    "D1_sum_sq_legacy": 4733.676881538362,
    "D_mf": 21.75701471571065,
    "Z0": -0.20382333560226504,
    "Z1": 0.055732989108916574,
    "Z_mf": 0.21130574580698977,
    "map_mean": -5.634870755590049e-08,
    "map_std": 0.06076167492895097,
    "v0_curve": [
      0.9985796610514323,
      0.9980417887369791,
      0.9973195393880209,
      0.9963429768880209,
      0.9951044718424479,
      0.993615468343099,
      0.9915860493977865,
      0.9889640808105469,
      0.9858004252115885,
      0.9818751017252604,
      0.977057139078776,
      0.9711405436197916,
      0.963958740234375,
      0.9554799397786459,
      0.9451624552408854,
      0.9331130981445312,
      0.9191182454427084,
      0.9030202229817709,
      0.8848838806152344,
      0.8641624450683594,
      0.8411153157552084,
      0.8160222371419271,
      0.788122812906901,
      0.75787353515625,
      0.7258555094401041,
      0.691552480061849,
      0.655755360921224,
      0.618353525797526,
      0.5798187255859375,
      0.5403734842936198,
      0.5011342366536459,
      0.46092478434244794,
      0.42101160685221356,
      0.38243865966796875,
      0.3451588948567708,
      0.30904388427734375,
      0.2752888997395833,
      0.2427698771158854,
      0.21240997314453125,
      0.18447367350260416,
      0.15884526570638022,
      0.13574727376302084,
      0.1148974100748698,
      0.09660593668619792,
      0.08053843180338542,
      0.06670252482096355,
      0.054606119791666664,
      0.0443267822265625,
      0.03560002644856771,
      0.0284271240234375,
      0.022420247395833332,
      0.017388661702473957,
      0.013551076253255209,
      0.010453542073567709,
      0.007897694905598959,
      0.00598907470703125,
      0.004484812418619792,
      0.0032984415690104165,
      0.002376556396484375,
      0.0017522176106770833,
      0.0012575785319010417
    ],
    "v1_curve": [
      12.518988555956609,
      17.464564451404335,
      24.003614189850754,
      32.02261333549927,
      40.0960364998053,
      49.50299696513128,
      66.99454269131068,
      80.01377837215635,
      105.54230748101891,
      122.96797087083613,
      157.391442931485,
      188.12525272163964,
      230.31641123341257,
      272.20440850835945,
      326.66567856294625,
      378.67799510420315,
      442.18872734541316,
      502.76537098113226,
      578.0990749696331,
      648.1834465315648,
      727.4703541803264,
      793.7998837485543,
      870.2682891234824,
      959.3299428639352,
      1024.9250860860259,
      1067.5890813817525,
      1134.0508463985511,
      1186.4231571803439,
      1227.8960391011346,
      1235.7559756749524,
      1283.055132253554,
      1284.6984087372314,
      1259.452885738841,
      1223.922732636029,
      1188.5915869519363,
      1168.1702183355605,
      1092.3063128112267,
      1064.4167240834033,
      1003.7727284746965,
      918.8378119263284,
      851.0385902372703,
      766.8036943512232,
      695.0228252375234,
      619.3085234284858,
      537.2411742081636,
      456.313479804873,
      409.72514140750883,
      346.5004131410514,
      291.8842084559777,
      247.40015650060127,
      205.93694108159855,
      165.24129570543397,
      133.03370293196303,
      109.57728413242157,
      89.84842629995563,
      64.14711459230867,
      53.71030551309014,
      39.24287706699739,
      30.867743085552526,
      22.282868160165037,
      15.10464671481586
    ]
  },
  "p_high": 0.4782608695652174,
  "p_high_mf": 0.44577711144427784,
  "p_low": 0.5222388805597201,
  "p_low_mf": 0.5547226386806596,
  "p_two_sided": 0.9565217391304348,
  "p_two_sided_mf": 0.8915542228885557,
  "provenance": {
    "dat_url": "GAUSSIAN_CONTROL_FROM: https://github.com/gradient-pulse/phi-mesh/releases/download/data-2026-02-15-planck-lensing-R3/planck_pr3_lensing_mv_dat_klm.fits",
    "mf_url": "GAUSSIAN_CONTROL_MF_ZERO_FROM: https://github.com/gradient-pulse/phi-mesh/releases/download/data-2026-02-15-planck-lensing-R3/planck_pr3_lensing_mv_mf_klm.fits"
  },
  "seed": 731,
  "surrogate": {
    "D0_mean": 0.001222790423615862,
    "D0_std": 0.0006566471545254232,
    "D1_mean": 21.571697613692177,
    "D1_std": 3.3250876676475025,
    "D_mf_mean": 21.571697655980305,
    "D_mf_std": 3.3250876829529346,
    "v0_mean_curve": [
      0.9986728394826262,
      0.9981617743174241,
      0.9974779224395754,
      0.9965737425486236,
      0.9953856290181469,
      0.993843108495075,
      0.991861361821493,
      0.9893429775238036,
      0.9861690858205169,
      0.9822153148651113,
      0.9773340504964192,
      0.9713732115427668,
      0.964159723917642,
      0.9555224679311116,
      0.9452891654968277,
      0.9332709541320787,
      0.9193120282491043,
      0.9032557379404702,
      0.8849673391977938,
      0.8643486982981379,
      0.8413342704772944,
      0.8159078845977775,
      0.788084696451823,
      0.7579479554494226,
      0.7256324183146158,
      0.6913184801737475,
      0.6552568778991703,
      0.6177260773976646,
      0.5790526879628509,
      0.5396033198038734,
      0.49977711995442603,
      0.4599711939493814,
      0.4205455760955817,
      0.38190551694234187,
      0.3444145762125648,
      0.30840260124206526,
      0.27414157231648756,
      0.2418839823404949,
      0.2118059260050458,
      0.18403925069173155,
      0.15866286214192743,
      0.13570141410827605,
      0.11512167040506995,
      0.096863094965617,
      0.08083269119262688,
      0.0668922996520996,
      0.05489534505208344,
      0.044662136713663786,
      0.036029695510864275,
      0.028811725616455078,
      0.02284006118774408,
      0.01794598134358723,
      0.013975961685180689,
      0.010785992304484042,
      0.008251606623331709,
      0.006258185704549154,
      0.004701162974039707,
      0.003501035054524747,
      0.0025812390645345057,
      0.0018882166544596354,
      0.0013674583435058579
    ],