{
  "diagnostics": {
    "excess_kurt_x_obs": -0.03956274513668623,
    "imag_frac_nonzero_eps1e-12": 0.9922480620155039,
    "imag_max_abs": 0.02418824608964853,
    "skew_x_obs": -0.036985003343226665,
    "v1_delta_bandwidth_dnu": 0.10000000000000009,
    "v1_symmetry_corr": 0.9997819071606179,
    "verify_l2_from_curves": {
      "D0_match": true,
      "D0_recomputed": 0.003044281200139921,
      "D0_reported": 0.003044281200139921,
      "D1_match": true,
      "D1_recomputed": 17.38683697678325,
      "D1_reported": 17.38683697678325,
      "tol_abs": 1e-12,
      "tol_rel": 1e-10,
      "verify_dnu": 0.10000000000000009
    }
  },
  "hint": "This script compares observed morphology against phase-randomized surrogates that preserve |a_lm|. V0(nu) is excursion-set area fraction; V1(nu) is a perimeter proxy estimated from |\u2207x| in a nu-band. Distances D0 and D1 are L2 distances (sqrt(sum((a-b)^2)*dnu)) to surrogate-mean curves. D_mf combines them as sqrt(D0^2 + D1^2). Z_mf is the scale-free combined z-distance.",
  "kind": "planck_pr3_lensing_phi_topology_mf_v0_v1",
  "lmax": 256,
  "metric": "Minkowski-style morphology: V0(area) + V1(perimeter proxy) vs phase-random surrogates",
  "n_sims": 2000,
  "nside": 256,
  "observed": {
    "D0_L2": 0.003044281200139921,
    "D0_sum_sq_legacy": 9.26764802552535e-05,
    "D1_L2": 17.38683697678325,
    "D1_sum_sq_legacy": 3023.0210005723707,
    "D_mf": 17.38683724329659,
    "Z0": -0.3863775136188578,
    "Z1": -0.6609965425440231,
    "Z_mf": 0.765639609924567,
    "map_mean": -7.85764299518025e-09,
    "map_std": 0.05039637650995489,
    "v0_curve": [
      0.998650868733724,
      0.9981091817220052,
      0.9974187215169271,
      0.9964815775553385,
      0.9952672322591146,
      0.9936141967773438,
      0.9915326436360677,
      0.9888318379720052,
      0.9854278564453125,
      0.9812850952148438,
      0.9762891133626302,
      0.9700393676757812,
      0.9628677368164062,
      0.954095204671224,
      0.9438578287760416,
      0.9316062927246094,
      0.9176177978515625,
      0.9016036987304688,
      0.8832130432128906,
      0.8625106811523438,
      0.8397509256998698,
      0.8144480387369791,
      0.7872581481933594,
      0.7575963338216146,
      0.7258618672688802,
      0.6921119689941406,
      0.6571935017903646,
      0.6202875773111979,
      0.5824508666992188,
      0.5433642069498698,
      0.504095713297526,
      0.4642181396484375,
      0.4248809814453125,
      0.3858680725097656,
      0.34815724690755206,
      0.3113911946614583,
      0.2767181396484375,
      0.24397913614908853,
      0.2133026123046875,
      0.18480936686197916,
      0.15899785359700522,
      0.13541793823242188,
      0.1143646240234375,
      0.09563700358072917,
      0.07938257853190105,
      0.06533050537109375,
      0.053240458170572914,
      0.04299799601236979,
      0.03448359171549479,
      0.027292887369791668,
      0.02133941650390625,
      0.016564687093098957,
      0.012818654378255209,
      0.009793599446614584,
      0.007419586181640625,
      0.005626678466796875,
      0.0041961669921875,
      0.0030466715494791665,
      0.002246856689453125,
      0.00156402587890625,
      0.0011075337727864583
    ],
    "v1_curve": [
      9.225149716214078,
      12.988213459810773,
      16.44382748519435,
      22.606859665260522,
      29.084903220444126,
      37.745532487723935,
      49.86535633787074,
      63.436476212265624,
      82.04671033629731,
      97.23698866554221,
      117.93082709120303,
      143.229853957886,
      170.99768886904286,
      208.16106331969635,
      246.68216486257012,
      298.9689442373215,
      330.23981395317446,
      386.34058761585044,
      436.1163758521865,
      491.97465222245427,
      542.4115068272066,
      597.6018129663582,
      654.158517359395,
      724.8692336778154,
      755.8252540020106,
      798.278023984689,
      835.2501857647396,
      866.3115086487544,
      895.2178612857069,
      919.3193777092288,
      917.9356632094008,
      935.486268295672,
      935.3918870650944,
      882.9138554110442,
      858.8527692923052,
      837.0058698232597,
      783.8599364493886,
      737.9454363572531,
      679.6073931109169,
      611.9029130221628,
      565.0152407082859,
      504.40035646940066,
      437.11721835768924,
      387.5226789820726,
      337.1150426034837,
      291.7567552404555,
      242.0550835951072,
      206.31609042655145,
      166.57875489718555,
      146.36960110584897,
      113.13480519230555,
      92.99208831617455,
      71.67102193540038,
      57.52145859672254,
      41.33212971339624,
      33.261903141345876,
      26.220909264254896,
      19.123607444582124,
      17.024934411160853,
      11.549816804680262,
      7.623420723124128
    ]
  },
  "p_high": 0.5572213893053474,
  "p_high_mf": 0.7231384307846077,
  "p_low": 0.4432783608195902,
  "p_low_mf": 0.2773613193403298,
  "p_two_sided": 0.8865567216391804,
  "p_two_sided_mf": 0.5547226386806596,
  "provenance": {
    "dat_url": "GAUSSIAN_CONTROL_FROM: https://github.com/gradient-pulse/phi-mesh/releases/download/data-2026-02-15-planck-lensing-R3/planck_pr3_lensing_mv_dat_klm.fits",
    "mf_url": "GAUSSIAN_CONTROL_MF_ZERO_FROM: https://github.com/gradient-pulse/phi-mesh/releases/download/data-2026-02-15-planck-lensing-R3/planck_pr3_lensing_mv_mf_klm.fits"
  },
  "seed": 731,
  "surrogate": {
    "D0_mean": 0.00406944718460235,
    "D0_std": 0.0026532754840223557,
    "D1_mean": 21.869520169031137,
    "D1_std": 6.781704447341092,
    "D_mf_mean": 21.86952060489518,
    "D_mf_std": 6.78170478167765,
    "v0_mean_curve": [
      0.9986411374409991,
      0.9981162516276032,
      0.9974150568644199,
      0.9964867808024097,
      0.9952705847422281,
      0.9936961466471357,
      0.9916771259307884,
      0.9891143194834408,
      0.9858932870229068,
      0.9818858712514245,
      0.9769506467183441,
      0.9709330946604408,
      0.9636671358744302,
      0.9549812450408932,
      0.9447066078186024,
      0.9326716798146552,
      0.9187034937540669,
      0.9026587994893384,
      0.884405885060626,
      0.8638531748453747,
      0.8409352035522475,
      0.8156290747324642,
      0.7879516684214275,
      0.7579872926076254,
      0.7258506285349535,
      0.6917314262390143,
      0.6558605181376129,
      0.6185176823933916,
      0.5800154978434244,
      0.5407182820638018,
      0.500995665868123,
      0.4612416820526124,
      0.42184864362080876,
      0.3832015533447269,
      0.34565971056620315,
      0.3095534420013434,
      0.2751662464141849,
      0.24275037447611456,
      0.2124996019999187,
      0.18454329363505043,
      0.15897832552591956,
      0.13583603604634586,
      0.11508778953552258,
      0.09668098831176751,
      0.08052067057291669,
      0.06647605323791497,
      0.05439823659261069,
      0.04411914443969717,
      0.03545454025268554,
      0.02823112297058107,
      0.02227174377441412,
      0.01740817832946775,
      0.013476439158121786,
      0.010333653767903649,
      0.007850464502970375,
      0.0059051793416341255,
      0.004398853302001948,
      0.0032450160980224624,
      0.002369991302490235,
      0.0017146085103352865,
      0.0012274557749430376
    ],