{
  "diagnostics": {
    "excess_kurt_x_obs": -0.007378554416499483,
    "imag_frac_nonzero_eps1e-12": 0.9896907216494846,
    "imag_max_abs": 0.033248288512147235,
    "skew_x_obs": 0.09074984800244157,
    "v1_delta_bandwidth_dnu": 0.10000000000000009,
    "v1_symmetry_corr": 0.9948065318256067,
    "verify_l2_from_curves": {
      "D0_match": true,
      "D0_recomputed": 0.003821828230447542,
      "D0_reported": 0.003821828230447542,
      "D1_match": true,
      "D1_recomputed": 18.85066752931705,
      "D1_reported": 18.85066752931705,
      "tol_abs": 1e-12,
      "tol_rel": 1e-10,
      "verify_dnu": 0.10000000000000009
    }
  },
  "hint": "This script compares observed morphology against phase-randomized surrogates that preserve |a_lm|. V0(nu) is excursion-set area fraction; V1(nu) is a perimeter proxy estimated from |\u2207x| in a nu-band. Distances D0 and D1 are L2 distances (sqrt(sum((a-b)^2)*dnu)) to surrogate-mean curves. D_mf combines them as sqrt(D0^2 + D1^2). Z_mf is the scale-free combined z-distance.",
  "kind": "planck_pr3_lensing_phi_topology_mf_v0_v1",
  "lmax": 192,
  "metric": "Minkowski-style morphology: V0(area) + V1(perimeter proxy) vs phase-random surrogates",
  "n_sims": 2000,
  "nside": 256,
  "observed": {
    "D0_L2": 0.003821828230447542,
    "D0_sum_sq_legacy": 0.00014606371023045777,
    "D1_L2": 18.85066752931705,
    "D1_sum_sq_legacy": 3553.476663008479,
    "D_mf": 18.85066791674022,
    "Z0": -0.9431064664613253,
    "Z1": -0.5362078488434254,
    "Z_mf": 1.084881866491675,
    "map_mean": 3.56680741461432e-08,
    "map_std": 0.042035160673853766,
    "v0_curve": [
      0.9993693033854166,
      0.999078114827474,
      0.9985872904459635,
      0.997870127360026,
      0.9969202677408854,
      0.9955571492513021,
      0.9937642415364584,
      0.9914283752441406,
      0.9883829752604166,
      0.9845542907714844,
      0.9796854654947916,
      0.9737205505371094,
      0.9665145874023438,
      0.957672119140625,
      0.9471321105957031,
      0.9344660441080729,
      0.9199066162109375,
      0.9033075968424479,
      0.884301503499349,
      0.8632863362630209,
      0.8397407531738281,
      0.8140881856282552,
      0.7857945760091146,
      0.7553329467773438,
      0.7224082946777344,
      0.6879247029622396,
      0.65185546875,
      0.6146163940429688,
      0.5757662455240885,
      0.5360081990559896,
      0.4962514241536458,
      0.4567146301269531,
      0.41748682657877606,
      0.3789621988932292,
      0.3414599100748698,
      0.3053474426269531,
      0.2712910970052083,
      0.23930486043294272,
      0.20929972330729166,
      0.18175379435221353,
      0.15709304809570312,
      0.13500086466471353,
      0.11489486694335938,
      0.09732437133789062,
      0.0818163553873698,
      0.06834920247395833,
      0.05652745564778646,
      0.046634674072265625,
      0.038263956705729164,
      0.031046549479166668,
      0.025234222412109375,
      0.020375569661458332,
      0.016282399495442707,
      0.012844085693359375,
      0.0102386474609375,
      0.008001963297526041,
      0.00616455078125,
      0.004763285319010417,
      0.003582000732421875,
      0.0027033487955729165,
      0.002040863037109375
    ],
    "v1_curve": [
      3.8675495576461856,
      5.082941426871068,
      9.34440120548503,
      10.875003496083924,
      15.050022938890914,
      21.268078155592363,
      28.586314791368615,
      40.90262186553459,
      51.66106945821006,
      63.95510565744543,
      80.26255663134572,
      101.72707753027782,
      122.44432045085142,
      155.77914619334695,
      175.62226321420746,
      206.74141321523052,
      244.9465988321207,
      279.0041088144325,
      307.4222079641318,
      347.34815052757403,
      376.86080121417535,
      412.73557798084425,
      449.93061368784737,
      494.60146033562273,
      516.7567076137658,
      534.6383032726823,
      553.6142473664606,
      579.8965360129158,
      580.1815167457029,
      594.2516817307159,
      593.5262045730158,
      569.9493492708696,
      569.3287979805273,
      551.3612132215735,
      519.060640000565,
      492.9071830330802,
      465.63504783997047,
      427.3464212770825,
      390.6195246332862,
      357.2778039477275,
      309.7861646111052,
      280.6639286573449,
      248.0390031258317,
      213.2340355397625,
      184.03669496968502,
      162.22302040618914,
      135.72521404689684,
      112.62853186885096,
      95.2404320642655,
      78.51016462733938,
      64.98538694709654,
      52.804356509672424,
      45.47644700164031,
      35.42866423482665,
      27.711489709102185,
      23.928573732573,
      17.99999901218155,
      15.038162044676309,
      11.74605698873444,
      8.338489536755969,
      7.471697754314195
    ]
  },
  "p_high": 0.8360819590204898,
  "p_high_mf": 0.6571714142928535,
  "p_low": 0.16441779110444776,
  "p_low_mf": 0.34332833583208394,
  "p_two_sided": 0.3288355822088955,
  "p_two_sided_mf": 0.6866566716641679,
  "provenance": {
    "dat_url": "GAUSSIAN_CONTROL_FROM: https://github.com/gradient-pulse/phi-mesh/releases/download/data-2026-02-15-planck-lensing-R3/planck_pr3_lensing_mv_dat_klm.fits",
    "mf_url": "GAUSSIAN_CONTROL_MF_ZERO_FROM: https://github.com/gradient-pulse/phi-mesh/releases/download/data-2026-02-15-planck-lensing-R3/planck_pr3_lensing_mv_mf_klm.fits"
  },
  "seed": 731,
  "surrogate": {
    "D0_mean": 0.008542156250984093,
    "D0_std": 0.0050050849913561915,
    "D1_mean": 24.310757094773166,
    "D1_std": 10.182785606800174,
    "D_mf_mean": 24.310758742497207,
    "D_mf_std": 10.182786485778358,
    "v0_mean_curve": [
      0.9989938545227045,
      0.9985622380574546,
      0.9979694843292232,
      0.9971632531483953,
      0.9960848852793373,
      0.9946561679840094,
      0.9927865231831844,
      0.9903731129964195,
      0.9872905203501371,
      0.9834018828074127,
      0.9785549405415839,
      0.9725840943654368,
      0.965311402638753,
      0.9565595328013099,
      0.9461432037353507,
      0.933890384038291,
      0.9196360187530518,
      0.9032297299702956,
      0.8845546410878493,
      0.8635211741129555,
      0.8400836639404299,
      0.8142299874623609,
      0.7860225238800037,
      0.7555561332702634,
      0.7229773972829187,
      0.6884985853830968,
      0.6523628946940099,
      0.614864201863607,
      0.5763320306142163,
      0.5371272163391115,
      0.4976142978668217,
      0.458186985651652,
      0.41921168708801293,
      0.381044129053751,
      0.3440287183125823,
      0.3084617156982425,
      0.2746079190572104,
      0.24269269879659044,
      0.2128989760080975,
      0.18535054016113242,
      0.1601164824167886,
      0.13721896934509256,
      0.1166380087534585,
      0.09833849143981942,
      0.08221426582336427,
      0.0681455326080322,
      0.0559909502665202,
      0.04560086758931471,
      0.03680038770039867,
      0.029430214564005505,
      0.023314705530802383,
      0.018294455846150755,
      0.014217179616292321,
      0.01093980280558266,
      0.008335612614949545,
      0.006287401199340825,
      0.004694461822509768,
      0.0034682331085205045,
      0.0025352128346761067,
      0.0018347924550374346,
      0.0013130880991617825
    ],