{
  "diagnostics": {
    "excess_kurt_x_obs": 0.012761431025558156,
    "imag_frac_nonzero_eps1e-12": 0.9937888198757764,
    "imag_max_abs": 0.015274720786695378,
    "skew_x_obs": 0.049607837650793886,
    "v1_delta_bandwidth_dnu": 0.10000000000000009,
    "v1_symmetry_corr": 0.9990310817815117,
    "verify_l2_from_curves": {
      "D0_match": true,
      "D0_recomputed": 0.0030184460352563744,
      "D0_reported": 0.0030184460352563744,
      "D1_match": true,
      "D1_recomputed": 28.786752344951648,
      "D1_reported": 28.786752344951648,
      "tol_abs": 1e-12,
      "tol_rel": 1e-10,
      "verify_dnu": 0.10000000000000009
    }
  },
  "hint": "This script compares observed morphology against phase-randomized surrogates that preserve |a_lm|. V0(nu) is excursion-set area fraction; V1(nu) is a perimeter proxy estimated from |\u2207x| in a nu-band. Distances D0 and D1 are L2 distances (sqrt(sum((a-b)^2)*dnu)) to surrogate-mean curves. D_mf combines them as sqrt(D0^2 + D1^2). Z_mf is the scale-free combined z-distance.",
  "kind": "planck_pr3_lensing_phi_topology_mf_v0_v1",
  "lmax": 320,
  "metric": "Minkowski-style morphology: V0(area) + V1(perimeter proxy) vs phase-random surrogates",
  "n_sims": 2000,
  "nside": 256,
  "observed": {
    "D0_L2": 0.0030184460352563744,
    "D0_sum_sq_legacy": 9.111016467754916e-05,
    "D1_L2": 28.786752344951648,
    "D1_sum_sq_legacy": 8286.771105695785,
    "D_mf": 28.78675250320181,
    "Z0": 1.4312233284134508,
    "Z1": 2.149137717139138,
    "Z_mf": 2.582090847167253,
    "map_mean": 4.193238162224453e-08,
    "map_std": 0.062172802654050105,
    "v0_curve": [
      0.998870849609375,
      0.9984232584635416,
      0.9977671305338541,
      0.9969596862792969,
      0.995855967203776,
      0.9944559733072916,
      0.992577870686849,
      0.9902534484863281,
      0.987219492594401,
      0.9834416707356771,
      0.9785715738932291,
      0.9726842244466146,
      0.9657338460286459,
      0.9570846557617188,
      0.9467493693033854,
      0.9345575968424479,
      0.920569101969401,
      0.9043006896972656,
      0.8860041300455729,
      0.864983876546224,
      0.8411992390950521,
      0.8154207865397135,
      0.7871271769205729,
      0.7563247680664062,
      0.7235984802246094,
      0.6892992655436198,
      0.6533342997233073,
      0.6157442728678385,
      0.5769004821777344,
      0.5371602376302084,
      0.49725596110026044,
      0.4570020039876302,
      0.41751352945963544,
      0.37936147054036456,
      0.34187952677408856,
      0.3058268229166667,
      0.2721913655598958,
      0.24010721842447916,
      0.2104644775390625,
      0.18302281697591147,
      0.15827178955078125,
      0.13567479451497397,
      0.11542256673177083,
      0.09768931070963542,
      0.0817578633626302,
      0.06816355387369792,
      0.05626678466796875,
      0.04606755574544271,
      0.037366231282552086,
      0.030104319254557293,
      0.024115244547526043,
      0.019255320231119793,
      0.01526641845703125,
      0.011936187744140625,
      0.009230295817057291,
      0.006998697916666667,
      0.005354563395182292,
      0.004015604654947917,
      0.0030085245768229165,
      0.0022900899251302085,
      0.0017217000325520833
    ],
    "v1_curve": [
      10.09893028988346,
      16.239185294529523,
      19.027090558125884,
      26.581318473230546,
      34.09007090453539,
      47.13090086116074,
      57.89301064139589,
      77.19605838323089,
      98.25656457822092,
      117.29993628628151,
      151.4937155772994,
      180.90772822438797,
      229.89228043060103,
      280.1521177038044,
      322.7297590869344,
      385.3850804491574,
      461.0998262357696,
      508.3276660629909,
      593.8545971556061,
      658.6983973717191,
      739.6595451176414,
      813.4982482100497,
      884.1817955604099,
      978.2546064920116,
      1042.0984118199015,
      1075.491539988678,
      1164.5869017683265,
      1178.164013999655,
      1224.4298055016009,
      1242.530535339252,
      1269.4099457812622,
      1247.974319714358,
      1246.4674782321767,
      1205.611117791815,
      1176.5266949905479,
      1114.6653294295363,
      1067.1395643170088,
      1029.2053349849266,
      943.5147505150563,
      880.0179245353114,
      782.0022582594803,
      721.7273763543714,
      647.4669937677728,
      572.3265765516791,
      518.9707062583966,
      438.5101466907101,
      379.5851243496988,
      336.48730352619555,
      289.2098684803768,
      226.9610975454534,
      197.4787505819242,
      167.71174682369076,
      130.30913731425812,
      107.43148381511406,
      89.76599506934515,
      71.95645337574726,
      54.46874639493042,
      43.61942758410189,
      29.628262568703715,
      24.71641412083784,
      17.85849536457313
    ]
  },
  "p_high": 0.09645177411294353,
  "p_high_mf": 0.026986506746626688,
  "p_low": 0.904047976011994,
  "p_low_mf": 0.9735132433783108,
  "p_two_sided": 0.19290354822588707,
  "p_two_sided_mf": 0.053973013493253376,
  "provenance": {
    "dat_url": "GAUSSIAN_CONTROL_FROM: https://github.com/gradient-pulse/phi-mesh/releases/download/data-2026-02-15-planck-lensing-R3/planck_pr3_lensing_mv_dat_klm.fits",
    "mf_url": "GAUSSIAN_CONTROL_MF_ZERO_FROM: https://github.com/gradient-pulse/phi-mesh/releases/download/data-2026-02-15-planck-lensing-R3/planck_pr3_lensing_mv_mf_klm.fits"
  },
  "seed": 731,
  "surrogate": {
    "D0_mean": 0.0016594916823211645,
    "D0_std": 0.0009495054517044848,
    "D1_mean": 21.443237943784194,
    "D1_std": 3.416958505080308,
    "D_mf_mean": 21.443238022312062,
    "D_mf_std": 3.4169585471327193,
    "v0_mean_curve": [
      0.998725499471029,
      0.9982271455128988,
      0.9975577856699629,
      0.9966694418589268,
      0.9955009231567388,
      0.9939771359761549,
      0.9920165729522707,
      0.9895172074635836,
      0.9863639132181805,
      0.9824251492818188,
      0.9775582300821923,
      0.971601378122964,
      0.9643909632364911,
      0.9557447007497146,
      0.9454927139282245,
      0.9334502137502035,
      0.919452460606894,
      0.9033453318277966,
      0.8849987430572501,
      0.8643103834787986,
      0.841228218078615,
      0.8157181936899822,
      0.7878148066202825,
      0.7576082324981691,
      0.7252247734069811,
      0.6908643608093247,
      0.6547634627024329,
      0.6172059586842846,
      0.578529992421469,
      0.5390939261118569,
      0.49928987630208405,
      0.45950702349344935,
      0.42014401626586867,
      0.3815808245340977,
      0.344158679326375,
      0.3082270158131918,
      0.2740457299550377,
      0.2418606777191164,
      0.21185235659281412,
      0.1841520296732585,
      0.15882236544291156,
      0.13589567820231094,
      0.11534771982828773,
      0.0971141579945881,
      0.08109027862548823,
      0.06714695739746109,
      0.055130433400472,
      0.04488023630778001,
      0.03622390747070319,
      0.028986348470052124,
      0.02299148114522297,
      0.01807559521993002,
      0.014084638595581052,
      0.010875654856363933,
      0.008324626922607428,
      0.0063144963582356765,
      0.004746478398640954,
      0.0035341567993164066,
      0.0026076482137044276,
      0.0019071076711018882,
      0.0013806864420572917
    ],