{
  "diagnostics": {
    "excess_kurt_x_obs": -0.013087652072972134,
    "imag_frac_nonzero_eps1e-12": 0.9922480620155039,
    "imag_max_abs": 0.029957663226211146,
    "skew_x_obs": 0.015607957149205993,
    "v1_delta_bandwidth_dnu": 0.10000000000000009,
    "v1_symmetry_corr": 0.9990970445141137,
    "verify_l2_from_curves": {
      "D0_match": true,
      "D0_recomputed": 0.0011730102768527746,
      "D0_reported": 0.0011730102768527746,
      "D1_match": true,
      "D1_recomputed": 18.532374555970033,
      "D1_reported": 18.532374555970033,
      "tol_abs": 1e-12,
      "tol_rel": 1e-10,
      "verify_dnu": 0.10000000000000009
    }
  },
  "hint": "This script compares observed morphology against phase-randomized surrogates that preserve |a_lm|. V0(nu) is excursion-set area fraction; V1(nu) is a perimeter proxy estimated from |\u2207x| in a nu-band. Distances D0 and D1 are L2 distances (sqrt(sum((a-b)^2)*dnu)) to surrogate-mean curves. D_mf combines them as sqrt(D0^2 + D1^2). Z_mf is the scale-free combined z-distance.",
  "kind": "planck_pr3_lensing_phi_topology_mf_v0_v1",
  "lmax": 256,
  "metric": "Minkowski-style morphology: V0(area) + V1(perimeter proxy) vs phase-random surrogates",
  "n_sims": 2000,
  "nside": 256,
  "observed": {
    "D0_L2": 0.0011730102768527746,
    "D0_sum_sq_legacy": 1.3759531096022217e-05,
    "D1_L2": 18.532374555970033,
    "D1_sum_sq_legacy": 3434.489066827652,
    "D_mf": 18.53237459309299,
    "Z0": -0.6872009396495501,
    "Z1": 0.41035570305172714,
    "Z_mf": 0.8003979850563729,
    "map_mean": 1.7818656026411032e-08,
    "map_std": 0.04758479668308825,
    "v0_curve": [
      0.9987525939941406,
      0.9982490539550781,
      0.9976272583007812,
      0.9968083699544271,
      0.9957008361816406,
      0.9941825866699219,
      0.9922231038411459,
      0.989715576171875,
      0.9865900675455729,
      0.9827537536621094,
      0.9777399698893229,
      0.9717636108398438,
      0.9644749959309896,
      0.9558919270833334,
      0.9456443786621094,
      0.9335861206054688,
      0.9196751912434896,
      0.9035123189290365,
      0.8853492736816406,
      0.8644358317057291,
      0.8410199483235677,
      0.8155136108398438,
      0.7877489725748698,
      0.7569618225097656,
      0.7245496114095052,
      0.6901664733886719,
      0.6539014180501302,
      0.6164232889811198,
      0.5778910319010416,
      0.5383783976236979,
      0.49869537353515625,
      0.4589118957519531,
      0.4196154276529948,
      0.38128026326497394,
      0.3444061279296875,
      0.3083750406901042,
      0.2744293212890625,
      0.24260075887044272,
      0.21253204345703125,
      0.18461227416992188,
      0.1593755086263021,
      0.1362940470377604,
      0.11562601725260417,
      0.09713236490885417,
      0.0809771219889323,
      0.06722640991210938,
      0.055080413818359375,
      0.04475529988606771,
      0.03614934285481771,
      0.02890777587890625,
      0.022946675618489582,
      0.018039703369140625,
      0.014052073160807291,
      0.010754903157552084,
      0.008336385091145834,
      0.006387074788411458,
      0.004887898763020833,
      0.0036760965983072915,
      0.00270843505859375,
      0.0019900004069010415,
      0.001461029052734375
    ],
    "v1_curve": [
      9.866531921243897,
      13.10289709805932,
      15.672038133166986,
      22.587386232495504,
      30.413002954416054,
      42.817438675181165,
      53.515174908980974,
      67.45016726872645,
      83.3213564779274,
      105.2411276926455,
      135.55079850524237,
      161.9676436518403,
      196.09829676218007,
      240.54735751491623,
      276.0505171004437,
      323.597165199618,
      374.04486093440113,
      422.95801916440826,
      491.94332556720303,
      556.5641810766355,
      625.5824666804763,
      673.6602855846314,
      729.9718846045639,
      774.5513732771543,
      839.5896265786965,
      875.660800018608,
      910.3033020150062,
      968.2669755469279,
      961.0540325416883,
      978.0467624764384,
      984.0951539980416,
      989.3813545348213,
      965.7826723374047,
      932.6193643525042,
      891.9061915118839,
      869.3491426419012,
      791.2076320585004,
      755.8613354097092,
      698.1162715108161,
      637.1653171101921,
      574.1946973431819,
      520.413182747157,
      460.77653241067213,
      411.75663811540807,
      351.29679620494596,
      301.4009807046825,
      262.77807577762746,
      215.30434178221003,
      179.83637403211353,
      148.718744847584,
      126.07792469589012,
      96.7767610968651,
      82.70866073120959,
      62.99704392184044,
      49.24741375693245,
      37.80225634373557,
      28.481680476512366,
      25.01332951021602,
      17.145848324546648,
      13.158000885839282,
      9.184570539343259
    ]
  },
  "p_high": 0.7056471764117941,
  "p_high_mf": 0.2983508245877061,
  "p_low": 0.29485257371314344,
  "p_low_mf": 0.7021489255372314,
  "p_two_sided": 0.5897051474262869,
  "p_two_sided_mf": 0.5967016491754122,
  "provenance": {
    "dat_url": "GAUSSIAN_CONTROL_FROM: https://github.com/gradient-pulse/phi-mesh/releases/download/data-2026-02-15-planck-lensing-R3/planck_pr3_lensing_mv_dat_klm.fits",
    "mf_url": "GAUSSIAN_CONTROL_MF_ZERO_FROM: https://github.com/gradient-pulse/phi-mesh/releases/download/data-2026-02-15-planck-lensing-R3/planck_pr3_lensing_mv_mf_klm.fits"
  },
  "seed": 731,
  "surrogate": {
    "D0_mean": 0.0018955424444408156,
    "D0_std": 0.0010514132416007882,
    "D1_mean": 17.30106412843001,
    "D1_std": 3.0005929450548208,
    "D_mf_mean": 17.301064254621867,
    "D_mf_std": 3.00059300032011,
    "v0_mean_curve": [
      0.998696872711182,
      0.9981917673746751,
      0.9975151271820046,
      0.9966173426310233,
      0.995437543869017,
      0.9939032452901215,
      0.9919295711517334,
      0.9894169807434102,
      0.9862482566833498,
      0.9822964731852213,
      0.9774166762034109,
      0.971448754628498,
      0.9642297159830714,
      0.9555732727050795,
      0.945319012959798,
      0.9332830448150629,
      0.9192934996287031,
      0.9032044912974043,
      0.8848864873250342,
      0.8642379182179782,
      0.8411850484212243,
      0.8157252775828047,
      0.7878819758097337,
      0.7577315451304123,
      0.7254032967885318,
      0.6910886007944738,
      0.6550334142049153,
      0.6175288092295325,
      0.5788878580729164,
      0.5394792550404868,
      0.4996893513997393,
      0.45990451240539465,
      0.4205275402069092,
      0.3819268449147542,
      0.3444716116587322,
      0.30848800595601367,
      0.2742580642700199,
      0.2420272693634032,
      0.21196110916137684,
      0.1842015291849772,
      0.15882730547587084,
      0.1358537947336834,
      0.11526893107096349,
      0.09700036621093745,
      0.08095675468444832,
      0.0669925524393717,
      0.05496403058369951,
      0.04471602249145509,
      0.03606073061625162,
      0.028823131561279282,
      0.022837575912475587,
      0.017934806187947582,
      0.013954393386840819,
      0.010761663436889654,
      0.008223972320556659,
      0.006228804270426434,
      0.0046718654632568355,
      0.003472971598307291,
      0.0025562318166097004,
      0.0018640066782633442,
      0.001345886230468748
    ],