{
  "diagnostics": {
    "excess_kurt_x_obs": 0.0013299521818752602,
    "imag_frac_nonzero_eps1e-12": 0.9937888198757764,
    "imag_max_abs": 0.014831668924371409,
    "skew_x_obs": -0.028532244191128115,
    "v1_delta_bandwidth_dnu": 0.10000000000000009,
    "v1_symmetry_corr": 0.9989790029605947,
    "verify_l2_from_curves": {
      "D0_match": true,
      "D0_recomputed": 0.0010512245819404636,
      "D0_reported": 0.0010512245819404636,
      "D1_match": true,
      "D1_recomputed": 16.742303196169996,
      "D1_reported": 16.742303196169996,
      "tol_abs": 1e-12,
      "tol_rel": 1e-10,
      "verify_dnu": 0.10000000000000009
    }
  },
  "hint": "This script compares observed morphology against phase-randomized surrogates that preserve |a_lm|. V0(nu) is excursion-set area fraction; V1(nu) is a perimeter proxy estimated from |\u2207x| in a nu-band. Distances D0 and D1 are L2 distances (sqrt(sum((a-b)^2)*dnu)) to surrogate-mean curves. D_mf combines them as sqrt(D0^2 + D1^2). Z_mf is the scale-free combined z-distance.",
  "kind": "planck_pr3_lensing_phi_topology_mf_v0_v1",
  "lmax": 320,
  "metric": "Minkowski-style morphology: V0(area) + V1(perimeter proxy) vs phase-random surrogates",
  "n_sims": 2000,
  "nside": 256,
  "observed": {
    "D0_L2": 0.0010512245819404636,
    "D0_sum_sq_legacy": 1.1050731216759017e-05,
    "D1_L2": 16.742303196169996,
    "D1_sum_sq_legacy": 2803.0471631248383,
    "D_mf": 16.742303229172418,
    "Z0": -0.62753950827436,
    "Z1": -1.2341538449168397,
    "Z_mf": 1.3845365821704547,
    "map_mean": -4.897135354204931e-08,
    "map_std": 0.06226046422436028,
    "v0_curve": [
      0.9985059102376302,
      0.9979362487792969,
      0.9972241719563802,
      0.9962755839029948,
      0.9950688680013021,
      0.9935391743977865,
      0.9914067586263021,
      0.9887987772623698,
      0.9854647318522135,
      0.9813283284505209,
      0.9764480590820312,
      0.9704271952311198,
      0.963141123453776,
      0.9544321695963541,
      0.9441808064778646,
      0.9320017496744791,
      0.9181378682454427,
      0.9024442036946615,
      0.8844248453776041,
      0.8641522725423177,
      0.8414052327473959,
      0.8161506652832031,
      0.7887624104817709,
      0.7589569091796875,
      0.726739247639974,
      0.6930376688639323,
      0.6571159362792969,
      0.6197827657063802,
      0.5810724894205729,
      0.541680653889974,
      0.5017560323079427,
      0.4622764587402344,
      0.4228045145670573,
      0.38402684529622394,
      0.3464622497558594,
      0.30999501546223956,
      0.27538299560546875,
      0.24252192179361978,
      0.21223958333333334,
      0.1842168172200521,
      0.158721923828125,
      0.13557942708333334,
      0.11459604899088542,
      0.09601847330729167,
      0.07993189493815105,
      0.0658429463704427,
      0.053815205891927086,
      0.04351806640625,
      0.03485743204752604,
      0.027820587158203125,
      0.021814982096354168,
      0.0171356201171875,
      0.013281504313151041,
      0.010295867919921875,
      0.00777435302734375,
      0.005779266357421875,
      0.0042724609375,
      0.00316619873046875,
      0.0023409525553385415,
      0.0016759236653645833,
      0.00118255615234375
    ],
    "v1_curve": [
      12.645676972236565,
      16.61020514729187,
      23.181518390172627,
      27.589406993542262,
      37.92872281209293,
      49.489766671901805,
      64.4075486176753,
      83.04042165413252,
      101.85037550118032,
      133.8567963238178,
      151.46558316009614,
      189.7794878271661,
      225.2944304197492,
      274.0478667888298,
      332.38831073240596,
      384.2960942348693,
      435.4883716151052,
      512.249458026171,
      575.0604448162861,
      650.6157127744327,
      734.5426145300419,
      819.3855834415632,
      887.9368711835294,
      972.9897332205628,
      1034.4388886455695,
      1085.2843848268515,
      1143.7789335009345,
      1215.235137683618,
      1242.7631026466725,
      1251.4018446351888,
      1262.405729349647,
      1265.4592148460094,
      1249.1154246100714,
      1223.6704989907435,
      1183.2715085305006,
      1142.4872101353064,
      1064.1260020853128,
      1018.0702709941634,
      965.1428420143782,
      855.2073463868785,
      803.7892972549554,
      708.152728076114,
      629.2483370316505,
      566.0692610650759,
      489.392039749973,
      413.2698041023202,
      354.0889765289291,
      293.5685866312951,
      256.06821675019535,
      203.49576392749418,
      165.2159410510422,
      133.0784815395531,
      108.44573563004693,
      86.52513210110214,
      68.59991488319439,
      52.81997450989478,
      38.83934406966844,
      29.924987987507667,
      23.169004445678635,
      18.137592003424608,
      12.70170812322282
    ]
  },
  "p_high": 0.6591704147926037,
  "p_high_mf": 0.9015492253873063,
  "p_low": 0.34132933533233384,
  "p_low_mf": 0.09895052473763119,
  "p_two_sided": 0.6826586706646677,
  "p_two_sided_mf": 0.19790104947526238,
  "provenance": {
    "dat_url": "GAUSSIAN_CONTROL_FROM: https://github.com/gradient-pulse/phi-mesh/releases/download/data-2026-02-15-planck-lensing-R3/planck_pr3_lensing_mv_dat_klm.fits",
    "mf_url": "GAUSSIAN_CONTROL_MF_ZERO_FROM: https://github.com/gradient-pulse/phi-mesh/releases/download/data-2026-02-15-planck-lensing-R3/planck_pr3_lensing_mv_mf_klm.fits"
  },
  "seed": 731,
  "surrogate": {
    "D0_mean": 0.0016375303148701034,
    "D0_std": 0.0009342929412394975,
    "D1_mean": 20.487062968032486,
    "D1_std": 3.034273066754349,
    "D_mf_mean": 20.487063049544524,
    "D_mf_std": 3.034273102050276,
    "v0_mean_curve": [
      0.9985857919057223,
      0.9980497430165625,
      0.9973359788258881,
      0.9963952007293706,
      0.9951669667561848,
      0.9935792020161937,
      0.991547879536948,
      0.9889726924896232,
      0.9857410666147872,
      0.9817256018320709,
      0.9767894318898541,
      0.9707770919799789,
      0.9635225359598794,
      0.9548575916290293,
      0.944610937754313,
      0.9326094684600821,
      0.9186856225331635,
      0.9026941413879401,
      0.8844989039103194,
      0.8640125662485767,
      0.8411565100351963,
      0.8159015439351394,
      0.788273019154868,
      0.7583431549072255,
      0.7262328726450613,
      0.6921318155924483,
      0.6562585913340249,
      0.6189084752400709,
      0.5803844350179043,
      0.5410425510406497,
      0.501268339157104,
      0.4614474531809488,
      0.4219907220204668,
      0.38327346420288055,
      0.34566295496622734,
      0.3094964752197269,
      0.2750520699818929,
      0.242591604868571,
      0.21231014124552372,
      0.18432765897115058,
      0.15874934260050452,
      0.13560101826985688,
      0.11486979484558105,
      0.09648726654052739,
      0.08034484036763534,
      0.06632536633809406,
      0.054266717910766586,
      0.044006485621134385,
      0.03536689058939619,
      0.028164260228474954,
      0.02222257614135741,
      0.017375710169474284,
      0.013459028244018564,
      0.010328045527140292,
      0.007850865046183255,
      0.0059104213714599564,
      0.00440626653035482,
      0.003253678003946946,
      0.0023795789082845073,
      0.0017230072021484366,
      0.0012356147766113292
    ],