{
  "diagnostics": {
    "excess_kurt_x_obs": -0.009033903442185132,
    "imag_frac_nonzero_eps1e-12": 0.9922480620155039,
    "imag_max_abs": 0.019455942841363833,
    "skew_x_obs": 0.009333828126962799,
    "v1_delta_bandwidth_dnu": 0.10000000000000009,
    "v1_symmetry_corr": 0.9992272305140182,
    "verify_l2_from_curves": {
      "D0_match": true,
      "D0_recomputed": 0.0011933418653410945,
      "D0_reported": 0.0011933418653410945,
      "D1_match": true,
      "D1_recomputed": 17.71230518268837,
      "D1_reported": 17.71230518268837,
      "tol_abs": 1e-12,
      "tol_rel": 1e-10,
      "verify_dnu": 0.10000000000000009
    }
  },
  "hint": "This script compares observed morphology against phase-randomized surrogates that preserve |a_lm|. V0(nu) is excursion-set area fraction; V1(nu) is a perimeter proxy estimated from |\u2207x| in a nu-band. Distances D0 and D1 are L2 distances (sqrt(sum((a-b)^2)*dnu)) to surrogate-mean curves. D_mf combines them as sqrt(D0^2 + D1^2). Z_mf is the scale-free combined z-distance.",
  "kind": "planck_pr3_lensing_phi_topology_mf_v0_v1",
  "lmax": 256,
  "metric": "Minkowski-style morphology: V0(area) + V1(perimeter proxy) vs phase-random surrogates",
  "n_sims": 2000,
  "nside": 256,
  "observed": {
    "D0_L2": 0.0011933418653410945,
    "D0_sum_sq_legacy": 1.4240648075757614e-05,
    "D1_L2": 17.71230518268837,
    "D1_sum_sq_legacy": 3137.257548846891,
    "D_mf": 17.712305222888244,
    "Z0": -0.7897237546959285,
    "Z1": 0.043800772360064466,
    "Z_mf": 0.7909374920879483,
    "map_mean": 6.514569201651379e-10,
    "map_std": 0.04840615916596234,
    "v0_curve": [
      0.9985847473144531,
      0.998101552327474,
      0.9974314371744791,
      0.9965413411458334,
      0.995391845703125,
      0.9938913981119791,
      0.9919306437174479,
      0.989447275797526,
      0.9864629109700521,
      0.9825261433919271,
      0.977715810139974,
      0.9719072977701823,
      0.9647789001464844,
      0.9563509623209635,
      0.9462674458821615,
      0.9341417948404948,
      0.9202092488606771,
      0.9038683573404948,
      0.8854598999023438,
      0.8645642598470052,
      0.8412958780924479,
      0.8153216044108073,
      0.7873255411783854,
      0.7571894327799479,
      0.7246322631835938,
      0.6904691060384115,
      0.6542015075683594,
      0.6168797810872396,
      0.5776812235514323,
      0.538458506266276,
      0.4987653096516927,
      0.4588966369628906,
      0.41971715291341144,
      0.3812217712402344,
      0.34385426839192706,
      0.30819956461588544,
      0.2739206949869792,
      0.24168268839518228,
      0.21212387084960938,
      0.18446985880533853,
      0.1593144734700521,
      0.1365814208984375,
      0.11593246459960938,
      0.0976727803548177,
      0.08150609334309895,
      0.0675188700358073,
      0.05538304646809896,
      0.04531987508138021,
      0.036455790201822914,
      0.02909088134765625,
      0.023110707600911457,
      0.018113454182942707,
      0.014043172200520834,
      0.01076507568359375,
      0.008173624674479166,
      0.006137847900390625,
      0.004578908284505208,
      0.0033861796061197915,
      0.0024744669596354165,
      0.0017979939778645833,
      0.0012766520182291667
    ],
    "v1_curve": [
      10.681907312741092,
      14.60181252367154,
      20.867929394307357,
      28.18477582411991,
      35.24681738591781,
      43.864039783219056,
      59.168306556384074,
      72.3240959033412,
      87.38557383858785,
      107.72938328756972,
      133.75206744360648,
      163.86544562810258,
      190.70467271510194,
      224.5128265537469,
      272.1390671912377,
      315.8681998759134,
      364.70696110554906,
      413.58394021943076,
      478.3577699431597,
      530.8589573301491,
      598.1392180719874,
      653.3602347390917,
      722.226499315225,
      753.7661938833617,
      818.1646072080281,
      855.0966641281562,
      888.2600139848212,
      910.9040389860894,
      940.4549829868854,
      935.6485482045161,
      979.24503876143,
      951.2510171776161,
      923.3803995558878,
      900.3526612647045,
      893.8199889006365,
      835.9783468772861,
      789.191741566611,
      723.9184592610898,
      673.5225979731678,
      609.9014412746302,
      558.6388485762192,
      515.1233702178223,
      455.3968849255707,
      399.5842498619496,
      353.1432502259427,
      303.92412786826924,
      252.04257553814546,
      216.37715793867952,
      187.47070699182095,
      147.88394559464655,
      120.809796012782,
      101.53281254318328,
      80.59491409608394,
      63.77332382467831,
      51.439301298220634,
      40.26219763604647,
      29.29647251720203,
      23.12654207733835,
      18.19517091213486,
      12.487970786676641,
      8.76204092724943
    ]
  },
  "p_high": 0.760119940029985,
  "p_high_mf": 0.42778610694652675,
  "p_low": 0.24037981009495252,
  "p_low_mf": 0.5727136431784108,
  "p_two_sided": 0.48075962018990503,
  "p_two_sided_mf": 0.8555722138930535,
  "provenance": {
    "dat_url": "GAUSSIAN_CONTROL_FROM: https://github.com/gradient-pulse/phi-mesh/releases/download/data-2026-02-15-planck-lensing-R3/planck_pr3_lensing_mv_dat_klm.fits",
    "mf_url": "GAUSSIAN_CONTROL_MF_ZERO_FROM: https://github.com/gradient-pulse/phi-mesh/releases/download/data-2026-02-15-planck-lensing-R3/planck_pr3_lensing_mv_mf_klm.fits"
  },
  "seed": 731,
  "surrogate": {
    "D0_mean": 0.0022697282638741985,
    "D0_std": 0.0013629910359573148,
    "D1_mean": 17.562427472012367,
    "D1_std": 3.421805201148846,
    "D_mf_mean": 17.562427652417888,
    "D_mf_std": 3.4218052993572816,
    "v0_mean_curve": [
      0.9986995162963874,
      0.9981947695414229,
      0.9975193411509197,
      0.9966228955586757,
      0.9954449297587078,
      0.9939146855672207,
      0.9919450956980387,
      0.9894357185363757,
      0.9862765051523849,
      0.9823280932108569,
      0.9774540475209551,
      0.9714951909383144,
      0.9642834288279215,
      0.9556389109293635,
      0.9453822326660155,
      0.9333491191864018,
      0.9193618106842045,
      0.9032731018066401,
      0.8849574317932151,
      0.8643050251007102,
      0.8412445176442469,
      0.8157636235555024,
      0.787898092269898,
      0.7577244841257722,
      0.7253764979044616,
      0.691042077382407,
      0.6549701881408684,
      0.6174443594614657,
      0.5787860399882002,
      0.5393549823760984,
      0.49955422910054564,
      0.4597647724151608,
      0.42037888463338124,
      0.3817876040140785,
      0.3443518873850503,
      0.3083789068857829,
      0.27416541226704905,
      0.24194965934753407,
      0.21190029398600235,
      0.1841527061462404,
      0.15878992144266765,
      0.13583749898274736,
      0.11526480611165375,
      0.09701547177632656,
      0.08097460746765131,
      0.06701771036783852,
      0.05500364240010575,
      0.04475968678792324,
      0.0361105785369873,
      0.028882059097289997,
      0.022895559946695926,
      0.01798923365275063,
      0.014012278874715149,
      0.01081436793009438,
      0.008270605087280275,
      0.006268093744913736,
      0.004707200368245445,
      0.003501047134399411,
      0.002580389658610025,
      0.0018847707112630214,
      0.0013632570902506534
    ],