{
  "diagnostics": {
    "excess_kurt_x_obs": -0.10127005129377631,
    "imag_frac_nonzero_eps1e-12": 0.9896907216494846,
    "imag_max_abs": 0.02229346330017729,
    "skew_x_obs": -0.034923665190314014,
    "v1_delta_bandwidth_dnu": 0.10000000000000009,
    "v1_symmetry_corr": 0.9959845079120013,
    "verify_l2_from_curves": {
      "D0_match": true,
      "D0_recomputed": 0.0019789036049185074,
      "D0_reported": 0.0019789036049185074,
      "D1_match": true,
      "D1_recomputed": 9.901713836720301,
      "D1_reported": 9.901713836720301,
      "tol_abs": 1e-12,
      "tol_rel": 1e-10,
      "verify_dnu": 0.10000000000000009
    }
  },
  "hint": "This script compares observed morphology against phase-randomized surrogates that preserve |a_lm|. V0(nu) is excursion-set area fraction; V1(nu) is a perimeter proxy estimated from |\u2207x| in a nu-band. Distances D0 and D1 are L2 distances (sqrt(sum((a-b)^2)*dnu)) to surrogate-mean curves. D_mf combines them as sqrt(D0^2 + D1^2). Z_mf is the scale-free combined z-distance.",
  "kind": "planck_pr3_lensing_phi_topology_mf_v0_v1",
  "lmax": 192,
  "metric": "Minkowski-style morphology: V0(area) + V1(perimeter proxy) vs phase-random surrogates",
  "n_sims": 2000,
  "nside": 256,
  "observed": {
    "D0_L2": 0.0019789036049185074,
    "D0_sum_sq_legacy": 3.91605947755946e-05,
    "D1_L2": 9.901713836720301,
    "D1_sum_sq_legacy": 980.4393690429818,
    "D_mf": 9.901714034466847,
    "Z0": -1.3344173098002958,
    "Z1": -1.2763094983278893,
    "Z_mf": 1.8465198326085337,
    "map_mean": -1.4779082372909485e-08,
    "map_std": 0.041090442707612196,
    "v0_curve": [
      0.998816172281901,
      0.998358408610026,
      0.9976768493652344,
      0.9967422485351562,
      0.9955418904622396,
      0.9939117431640625,
      0.9918746948242188,
      0.9892997741699219,
      0.9859301249186198,
      0.9819157918294271,
      0.9769630432128906,
      0.9706001281738281,
      0.9631767272949219,
      0.95428466796875,
      0.9437548319498698,
      0.9314219156901041,
      0.9172566731770834,
      0.9011001586914062,
      0.882940928141276,
      0.8621126810709635,
      0.8389371236165365,
      0.8133557637532552,
      0.785614013671875,
      0.7561225891113281,
      0.7242151896158854,
      0.6906522115071615,
      0.6555671691894531,
      0.6187527974446615,
      0.580877939860026,
      0.5418179829915365,
      0.5027084350585938,
      0.4634246826171875,
      0.4244982401529948,
      0.3860816955566406,
      0.3487599690755208,
      0.3126169840494792,
      0.2784843444824219,
      0.24586105346679688,
      0.21536890665690103,
      0.18657811482747397,
      0.1604131062825521,
      0.137115478515625,
      0.11580785115559895,
      0.0968615214029948,
      0.08028030395507812,
      0.06619898478190105,
      0.053882598876953125,
      0.043360392252604164,
      0.034572601318359375,
      0.027277628580729168,
      0.021096547444661457,
      0.016204833984375,
      0.012307484944661459,
      0.009207407633463541,
      0.0068511962890625,
      0.005084991455078125,
      0.0036404927571614585,
      0.0026041666666666665,
      0.0018208821614583333,
      0.0012334187825520833,
      0.0008646647135416666
    ],
    "v1_curve": [
      4.725267930334807,
      6.649718765172425,
      9.843752862459967,
      12.509918868859925,
      17.086292837349887,
      23.861897283496436,
      28.41377675777039,
      36.56181094139862,
      46.96534097037029,
      55.65162011296996,
      70.44500181839793,
      86.70937641992903,
      101.04144448858924,
      125.31820893150876,
      143.13940358603125,
      171.857067249555,
      194.1550926260997,
      221.59618199774582,
      257.40497607344963,
      289.9907510122776,
      329.3991604503077,
      363.10822677681625,
      395.65890990280616,
      428.03724479373005,
      468.37337097173025,
      498.40623975609105,
      523.0251087026162,
      556.1888536630006,
      571.6637705643878,
      577.1064139074145,
      607.1436307626942,
      607.7490149944529,
      599.1185945801675,
      595.100911300987,
      581.4098640600579,
      551.3063720712447,
      543.8150422661157,
      507.3779225227384,
      478.4101959235786,
      439.92432101439897,
      391.10889586639007,
      354.83269152358383,
      318.88978205196133,
      288.4752592989063,
      242.2612806521687,
      204.47144797650543,
      180.36823067417822,
      143.6777260015443,
      118.84114419753467,
      99.75439390354957,
      80.52462510945364,
      65.92430753958593,
      50.38382606390541,
      38.67701251203475,
      29.4168289219933,
      22.620083396099783,
      16.671055333715543,
      12.608592487205073,
      9.587660129517882,
      6.067871351200849,
      3.6745370856443538
    ]
  },
  "p_high": 0.95952023988006,
  "p_high_mf": 0.9645177411294353,
  "p_low": 0.04097951024487756,
  "p_low_mf": 0.035982008995502246,
  "p_two_sided": 0.08195902048975512,
  "p_two_sided_mf": 0.07196401799100449,
  "provenance": {
    "dat_url": "GAUSSIAN_CONTROL_FROM: https://github.com/gradient-pulse/phi-mesh/releases/download/data-2026-02-15-planck-lensing-R3/planck_pr3_lensing_mv_dat_klm.fits",
    "mf_url": "GAUSSIAN_CONTROL_MF_ZERO_FROM: https://github.com/gradient-pulse/phi-mesh/releases/download/data-2026-02-15-planck-lensing-R3/planck_pr3_lensing_mv_mf_klm.fits"
  },
  "seed": 731,
  "surrogate": {
    "D0_mean": 0.008567471756379745,
    "D0_std": 0.004937412084715283,
    "D1_mean": 21.706279494279567,
    "D1_std": 9.248983630557158,
    "D_mf_mean": 21.7062813013589,
    "D_mf_std": 9.248984675382365,
    "v0_mean_curve": [
      0.998686887741088,
      0.9981620413462324,
      0.9974560457865379,
      0.9965168526967375,
      0.995284587860107,
      0.9936821327209469,
      0.9916223042805993,
      0.989006458282469,
      0.9857171618143696,
      0.9816300532023117,
      0.9765994427998863,
      0.9704805647532128,
      0.9631053307851153,
      0.9543123900095623,
      0.9439324862162286,
      0.9318004385630316,
      0.9177614256540939,
      0.9016709791819245,
      0.8834250666300444,
      0.8629057960510241,
      0.8400693848927814,
      0.8148909556070982,
      0.7873954950968423,
      0.7576428489685062,
      0.7257727966308583,
      0.691928201675414,
      0.6563467000325516,
      0.6192891330718983,
      0.5810673923492414,
      0.5420191497802725,
      0.5025071182250982,
      0.46290161069234165,
      0.42360833867390896,
      0.38498305130004856,
      0.3473933982849122,
      0.3111727097829181,
      0.27663058662414575,
      0.244015183766683,
      0.21352470461527448,
      0.18531388219197634,
      0.15949604098002115,
      0.13610450808207208,
      0.11513122940063475,
      0.09652406056722007,
      0.08019214566548646,
      0.06600656954447436,
      0.05382095591227201,
      0.04346484565734873,
      0.03476068305969236,
      0.027523068745930985,
      0.021573775609334298,
      0.01673970222473145,
      0.012857367833455396,
      0.009772953669230143,
      0.007350831985473635,
      0.005471413930257162,
      0.004028413772583009,
      0.0029334532419840447,
      0.0021118570963541633,
      0.0015042578379313143,
      0.0010591621398925793
    ],