{
  "diagnostics": {
    "excess_kurt_x_obs": -0.1303400524705629,
    "imag_frac_nonzero_eps1e-12": 0.9896907216494846,
    "imag_max_abs": 0.06223027578904965,
    "skew_x_obs": 0.05438849227357009,
    "v1_delta_bandwidth_dnu": 0.10000000000000009,
    "v1_symmetry_corr": 0.9990815093044474,
    "verify_l2_from_curves": {
      "D0_match": true,
      "D0_recomputed": 0.0024059955672090993,
      "D0_reported": 0.0024059955672090993,
      "D1_match": true,
      "D1_recomputed": 8.319788509365214,
      "D1_reported": 8.319788509365214,
      "tol_abs": 1e-12,
      "tol_rel": 1e-10,
      "verify_dnu": 0.10000000000000009
    }
  },
  "hint": "This script compares observed morphology against phase-randomized surrogates that preserve |a_lm|. V0(nu) is excursion-set area fraction; V1(nu) is a perimeter proxy estimated from |\u2207x| in a nu-band. Distances D0 and D1 are L2 distances (sqrt(sum((a-b)^2)*dnu)) to surrogate-mean curves. D_mf combines them as sqrt(D0^2 + D1^2). Z_mf is the scale-free combined z-distance.",
  "kind": "planck_pr3_lensing_phi_topology_mf_v0_v1",
  "lmax": 192,
  "metric": "Minkowski-style morphology: V0(area) + V1(perimeter proxy) vs phase-random surrogates",
  "n_sims": 2000,
  "nside": 256,
  "observed": {
    "D0_L2": 0.0024059955672090993,
    "D0_sum_sq_legacy": 5.788814669429831e-05,
    "D1_L2": 8.319788509365214,
    "D1_sum_sq_legacy": 692.188808405654,
    "D_mf": 8.319788857259548,
    "Z0": -1.4251731672448968,
    "Z1": -1.53623692179311,
    "Z_mf": 2.0955052938408962,
    "map_mean": -1.6274291626411825e-09,
    "map_std": 0.04461856690065635,
    "v0_curve": [
      0.9991836547851562,
      0.9988314310709635,
      0.9982922871907552,
      0.9975318908691406,
      0.9965197245279948,
      0.9951680501302084,
      0.9934336344401041,
      0.9912300109863281,
      0.9883282979329427,
      0.984612782796224,
      0.9798291524251302,
      0.9738922119140625,
      0.9666798909505209,
      0.957922617594401,
      0.9473444620768229,
      0.9348704020182291,
      0.9204292297363281,
      0.9037513732910156,
      0.8846969604492188,
      0.863714853922526,
      0.8401273091634115,
      0.8139254252115885,
      0.785394032796224,
      0.7543436686197916,
      0.7208887736002604,
      0.6858660380045573,
      0.6493110656738281,
      0.6111564636230469,
      0.5719591776529948,
      0.5324757893880209,
      0.4929097493489583,
      0.4541206359863281,
      0.4162788391113281,
      0.37811024983723956,
      0.3419850667317708,
      0.3074353535970052,
      0.274688720703125,
      0.24361801147460938,
      0.21440887451171875,
      0.18770472208658853,
      0.16276677449544272,
      0.14007568359375,
      0.11946868896484375,
      0.10111109415690105,
      0.08485666910807292,
      0.0706024169921875,
      0.05811309814453125,
      0.04736200968424479,
      0.03832244873046875,
      0.030643463134765625,
      0.024349212646484375,
      0.018747965494791668,
      0.014451344807942709,
      0.010842641194661459,
      0.008007049560546875,
      0.005859375,
      0.004192352294921875,
      0.0029385884602864585,
      0.0020535786946614585,
      0.001361846923828125,
      0.00090789794921875
    ],
    "v1_curve": [
      3.9175005441562947,
      5.062126868697431,
      7.369415707806462,
      10.756713548479343,
      13.354917251395237,
      20.06836418178407,
      24.520882829257875,
      30.444479997224274,
      41.93960207659668,
      53.09529774965908,
      66.47296120957803,
      79.97520358711982,
      101.45859504040034,
      124.160566743696,
      146.1620112615375,
      173.0531332831594,
      204.93396249832932,
      239.76201671055998,
      269.1967666514247,
      301.42439012763316,
      336.2106595389321,
      370.1567082875957,
      421.4233766737477,
      454.6095281918212,
      478.7870785205735,
      513.7754786922333,
      529.3067981954015,
      549.9210384906482,
      566.3200576315706,
      578.6643342448681,
      570.5395041471447,
      565.2203218872622,
      544.550731249273,
      535.2968695062963,
      502.1774398246808,
      479.52445136950774,
      443.9941104107063,
      417.75547726986565,
      379.7467327441842,
      341.15211975818323,
      308.7721930039271,
      278.64223754486227,
      244.89133750385844,
      214.06853114089515,
      186.30408218605254,
      161.7806254450856,
      136.9599004196934,
      119.58338291359622,
      98.62140655933688,
      82.1784805226393,
      69.68607744767088,
      56.888149571591896,
      43.521945171514,
      36.246961045802124,
      27.510853193608703,
      20.763356108561965,
      15.004450028310263,
      11.07326936603173,
      9.15194455563007,
      5.8106716180895415,
      3.651476893274679
    ]
  },
  "p_high": 0.9630184907546226,
  "p_high_mf": 0.9895052473763118,
  "p_low": 0.037481259370314844,
  "p_low_mf": 0.010994502748625687,
  "p_two_sided": 0.07496251874062969,
  "p_two_sided_mf": 0.021989005497251374,
  "provenance": {
    "dat_url": "GAUSSIAN_CONTROL_FROM: https://github.com/gradient-pulse/phi-mesh/releases/download/data-2026-02-15-planck-lensing-R3/planck_pr3_lensing_mv_dat_klm.fits",
    "mf_url": "GAUSSIAN_CONTROL_MF_ZERO_FROM: https://github.com/gradient-pulse/phi-mesh/releases/download/data-2026-02-15-planck-lensing-R3/planck_pr3_lensing_mv_mf_klm.fits"
  },
  "seed": 731,
  "surrogate": {
    "D0_mean": 0.010203368446674155,
    "D0_std": 0.005471175755111015,
    "D1_mean": 23.123525025252253,
    "D1_std": 9.636362924156243,
    "D_mf_mean": 23.12352738024023,
    "D_mf_std": 9.636364228010988,
    "v0_mean_curve": [
      0.9991310946146639,
      0.9987379074096682,
      0.9981912148793528,
      0.9974381427764901,
      0.9964214089711523,
      0.9950649878183991,
      0.9932740173339845,
      0.9909398822784425,
      0.9879438800811771,
      0.9841432902018235,
      0.979374553044636,
      0.973473021189371,
      0.9662567259470619,
      0.9575410334269212,
      0.9471321531931558,
      0.9348485336303723,
      0.920522710800173,
      0.9040051606496171,
      0.8851630446116114,
      0.8639139149983728,
      0.8402182820638023,
      0.8140738722483338,
      0.7855346508026136,
      0.7547129605611176,
      0.7217858810424806,
      0.6869547767639155,
      0.6504979979197193,
      0.6127420457204186,
      0.5740182043711346,
      0.5346893895467139,
      0.4951533527374258,
      0.45577181498209596,
      0.4169314441680909,
      0.3789922243754073,
      0.3422770036061604,
      0.30707179896036735,
      0.2736201019287115,
      0.242129357655843,
      0.21274004427591947,
      0.18557721646626793,
      0.16067856788635218,
      0.13807109387715671,
      0.11772431882222482,
      0.09956194496154801,
      0.08350390052795394,
      0.06944914372762055,
      0.057256366729736226,
      0.04678208414713542,
      0.03787343406677243,
      0.030369864145914752,
      0.024117417017618804,
      0.018962221145629888,
      0.01475362332661947,
      0.011357940038045253,
      0.008650057474772134,
      0.006514621734619143,
      0.004850819905598955,
      0.0035710067749023426,
      0.0025977706909179684,
      0.0018667418162028016,
      0.0013258908589680975
    ],