{
  "diagnostics": {
    "excess_kurt_x_obs": -0.010420811381637751,
    "imag_frac_nonzero_eps1e-12": 0.9937888198757764,
    "imag_max_abs": 0.017860969612648745,
    "skew_x_obs": -0.0029651855862780816,
    "v1_delta_bandwidth_dnu": 0.10000000000000009,
    "v1_symmetry_corr": 0.9911658050193934,
    "verify_l2_from_curves": {
      "D0_match": true,
      "D0_recomputed": 0.0015145080858457404,
      "D0_reported": 0.0015145080858457404,
      "D1_match": true,
      "D1_recomputed": 20.15042058382026,
      "D1_reported": 20.15042058382026,
      "tol_abs": 1e-12,
      "tol_rel": 1e-10,
      "verify_dnu": 0.10000000000000009
    }
  },
  "hint": "This script compares observed morphology against phase-randomized surrogates that preserve |a_lm|. V0(nu) is excursion-set area fraction; V1(nu) is a perimeter proxy estimated from |\u2207x| in a nu-band. Distances D0 and D1 are L2 distances (sqrt(sum((a-b)^2)*dnu)) to surrogate-mean curves. D_mf combines them as sqrt(D0^2 + D1^2). Z_mf is the scale-free combined z-distance.",
  "kind": "planck_pr3_lensing_phi_topology_mf_v0_v1",
  "lmax": 320,
  "metric": "Minkowski-style morphology: V0(area) + V1(perimeter proxy) vs phase-random surrogates",
  "n_sims": 2000,
  "nside": 256,
  "observed": {
    "D0_L2": 0.0015145080858457404,
    "D0_sum_sq_legacy": 2.2937347420921263e-05,
    "D1_L2": 20.15042058382026,
    "D1_sum_sq_legacy": 4060.394497048469,
    "D_mf": 20.150420640735568,
    "Z0": -0.4701775503445132,
    "Z1": -0.26956930814217217,
    "Z_mf": 0.5419728228797239,
    "map_mean": 9.276588855353558e-08,
    "map_std": 0.0649074289941199,
    "v0_curve": [
      0.9986979166666666,
      0.9981702168782552,
      0.997503916422526,
      0.9965655008951823,
      0.9953994750976562,
      0.9938303629557291,
      0.9918301900227865,
      0.9893582661946615,
      0.9862149556477865,
      0.9821548461914062,
      0.9771893819173177,
      0.9711125691731771,
      0.9638582865397135,
      0.9549458821614584,
      0.9446881612141927,
      0.9324925740559896,
      0.9184913635253906,
      0.902551015218099,
      0.8844197591145834,
      0.8638483683268229,
      0.8409385681152344,
      0.8156280517578125,
      0.78778076171875,
      0.7575556437174479,
      0.7258160909016927,
      0.6917406717936198,
      0.6557235717773438,
      0.6184399922688802,
      0.5798861185709635,
      0.5404027303059896,
      0.5008633931477865,
      0.46092478434244794,
      0.42163340250651044,
      0.3829968770345052,
      0.3453559875488281,
      0.30942535400390625,
      0.2750447591145833,
      0.24253718058268228,
      0.21223958333333334,
      0.18411382039388022,
      0.15841039021809897,
      0.13553746541341147,
      0.11466598510742188,
      0.096343994140625,
      0.08036041259765625,
      0.06643422444661458,
      0.054412841796875,
      0.04409662882486979,
      0.035695393880208336,
      0.028490702311197918,
      0.022555033365885418,
      0.017766316731770832,
      0.013731638590494791,
      0.010579427083333334,
      0.00806427001953125,
      0.00615692138671875,
      0.004647572835286458,
      0.0034548441569010415,
      0.0025609334309895835,
      0.0018603006998697917,
      0.0013427734375
    ],
    "v1_curve": [
      21.681156893694038,
      28.17426729775506,
      35.264326993271084,
      52.145465788309586,
      66.35927271535465,
      77.1080061654917,
      92.1821690088118,
      119.20949438557903,
      169.40715240736253,
      183.09114622488585,
      218.2691439376104,
      274.1722726296142,
      315.42451073493316,
      366.59883423559216,
      417.08706656466006,
      501.33190653809083,
      533.5684853377425,
      611.9339124311174,
      672.0744854404103,
      773.3687692535557,
      837.8231878805424,
      884.8285852191324,
      965.3001885651792,
      1007.4011532867511,
      1037.992535725843,
      1111.6720601851227,
      1136.8666852482434,
      1149.9772565409746,
      1172.1775027421731,
      1183.5660272954894,
      1165.2013690614094,
      1163.6593243515233,
      1113.3126042173235,
      1079.9247690170337,
      1039.1772524159478,
      976.4746710616046,
      912.631129128545,
      859.6905175943389,
      786.2739741233229,
      718.0983831772111,
      637.6224342659539,
      577.1948167743896,
      508.91891242064264,
      448.59635973719315,
      381.7497827862533,
      330.56131321120597,
      286.91501871157453,
      239.39083533463943,
      197.03680526875723,
      167.51909777216773,
      134.1351498517438,
      108.72446488399686,
      89.55519745737372,
      72.1375223729537,
      54.9363387934443,
      42.94174204025055,
      33.60104158739056,
      27.692764892165783,
      18.503028841450757,
      16.421187229175295,
      9.536338701955733
    ]
  },
  "p_high": 0.600199900049975,
  "p_high_mf": 0.5347326336831584,
  "p_low": 0.4002998500749625,
  "p_low_mf": 0.4657671164417791,
  "p_two_sided": 0.800599700149925,
  "p_two_sided_mf": 0.9315342328835582,
  "provenance": {
    "dat_url": "GAUSSIAN_CONTROL_FROM: https://github.com/gradient-pulse/phi-mesh/releases/download/data-2026-02-15-planck-lensing-R3/planck_pr3_lensing_mv_dat_klm.fits",
    "mf_url": "GAUSSIAN_CONTROL_MF_ZERO_FROM: https://github.com/gradient-pulse/phi-mesh/releases/download/data-2026-02-15-planck-lensing-R3/planck_pr3_lensing_mv_mf_klm.fits"
  },
  "seed": 731,
  "surrogate": {
    "D0_mean": 0.0021017778396140796,
    "D0_std": 0.0012490382693474606,
    "D1_mean": 21.238743906766167,
    "D1_std": 4.037267189081927,
    "D_mf_mean": 21.238744031509523,
    "D_mf_std": 4.037267273091915,
    "v0_mean_curve": [
      0.9985992450714115,
      0.9980614172617585,
      0.9973443832397452,
      0.9963974730173747,
      0.9951581999460859,
      0.993553501764934,
      0.9915018939971911,
      0.9888991533915193,
      0.985636168797812,
      0.9815839449564613,
      0.9766039676666253,
      0.9705443662007651,
      0.9632429173787433,
      0.9545318552652989,
      0.9442386525472009,
      0.9321912333170574,
      0.9182400716145829,
      0.9022257277170811,
      0.8840319436391195,
      0.8635572020212808,
      0.8407334950764965,
      0.8155430151621491,
      0.7880023320515951,
      0.7581747773488369,
      0.7261919307708744,
      0.6922192598978685,
      0.6565038178761802,
      0.6192849070231122,
      0.5809007364908849,
      0.5416838855743408,
      0.502014888763427,
      0.46228749020894483,
      0.42287875239054395,
      0.3841798299153652,
      0.34655373064677,
      0.31033336257934563,
      0.2758199361165364,
      0.24325356419881175,
      0.21285559527079276,
      0.1847560176849366,
      0.1590409081776934,
      0.13576563199361194,
      0.11490552330017081,
      0.09640971374511723,
      0.08017242558797213,
      0.0660757007598878,
      0.05396368662516277,
      0.043667204538981125,
      0.03500818761189782,
      0.027797869364420608,
      0.021861571629842123,
      0.017028163909912127,
      0.01313407516479492,
      0.010029766718546555,
      0.007583350499471026,
      0.0056776981353759874,
      0.004207244873046873,
      0.003087504704793291,
      0.0022421620686848896,
      0.0016105772654215515,
      0.0011452026367187499
    ],