{
  "diagnostics": {
    "excess_kurt_x_obs": -0.015060654923058081,
    "imag_frac_nonzero_eps1e-12": 0.9937888198757764,
    "imag_max_abs": 0.02122726332721737,
    "skew_x_obs": -0.01774762958647193,
    "v1_delta_bandwidth_dnu": 0.10000000000000009,
    "v1_symmetry_corr": 0.9972085178747258,
    "verify_l2_from_curves": {
      "D0_match": true,
      "D0_recomputed": 0.0017058048259682268,
      "D0_reported": 0.0017058048259682268,
      "D1_match": true,
      "D1_recomputed": 21.363970583391964,
      "D1_reported": 21.363970583391964,
      "tol_abs": 1e-12,
      "tol_rel": 1e-10,
      "verify_dnu": 0.10000000000000009
    }
  },
  "hint": "This script compares observed morphology against phase-randomized surrogates that preserve |a_lm|. V0(nu) is excursion-set area fraction; V1(nu) is a perimeter proxy estimated from |\u2207x| in a nu-band. Distances D0 and D1 are L2 distances (sqrt(sum((a-b)^2)*dnu)) to surrogate-mean curves. D_mf combines them as sqrt(D0^2 + D1^2). Z_mf is the scale-free combined z-distance.",
  "kind": "planck_pr3_lensing_phi_topology_mf_v0_v1",
  "lmax": 320,
  "metric": "Minkowski-style morphology: V0(area) + V1(perimeter proxy) vs phase-random surrogates",
  "n_sims": 2000,
  "nside": 256,
  "observed": {
    "D0_L2": 0.0017058048259682268,
    "D0_sum_sq_legacy": 2.90977010429649e-05,
    "D1_L2": 21.363970583391964,
    "D1_sum_sq_legacy": 4564.192390880367,
    "D_mf": 21.3639706514919,
    "Z0": 1.6408691361425283,
    "Z1": 0.3360300467777724,
    "Z_mf": 1.6749231965324853,
    "map_mean": 7.2703700120431885e-09,
    "map_std": 0.06005254998361601,
    "v0_curve": [
      0.9985669453938802,
      0.9980481465657552,
      0.9973627726236979,
      0.996435801188151,
      0.9952570597330729,
      0.9936981201171875,
      0.9916585286458334,
      0.9892120361328125,
      0.985986073811849,
      0.9819933573404948,
      0.9771982828776041,
      0.971246083577474,
      0.9639561971028646,
      0.9552625020345052,
      0.9451281229654948,
      0.9329338073730469,
      0.9188550313313802,
      0.9025014241536459,
      0.8841044108072916,
      0.8635813395182291,
      0.8406473795572916,
      0.8152478535970052,
      0.7874552408854166,
      0.7575861612955729,
      0.7251230875651041,
      0.6912371317545573,
      0.6556879679361979,
      0.6183738708496094,
      0.5800971984863281,
      0.5411224365234375,
      0.5015551249186198,
      0.46161651611328125,
      0.42237218221028644,
      0.3836263020833333,
      0.3456929524739583,
      0.30980173746744794,
      0.27573394775390625,
      0.2432835896809896,
      0.21291224161783853,
      0.18480809529622397,
      0.15909194946289062,
      0.1358362833658854,
      0.11501312255859375,
      0.0965258280436198,
      0.0803387959798177,
      0.06617101033528645,
      0.054180145263671875,
      0.044108072916666664,
      0.03548304239908854,
      0.028238932291666668,
      0.02219390869140625,
      0.017279307047526043,
      0.013454437255859375,
      0.01027679443359375,
      0.007676442464192708,
      0.005816141764322917,
      0.004319508870442708,
      0.0031344095865885415,
      0.002307891845703125,
      0.0016377766927083333,
      0.00115966796875
    ],
    "v1_curve": [
      23.477164546696937,
      22.405103601951,
      34.81611331325282,
      48.23822533581566,
      59.586298197508704,
      68.0377519622813,
      92.45574692390008,
      110.44988000347446,
      141.3925347475811,
      171.35477732897976,
      204.92203239018576,
      249.8559572563076,
      287.4821279017725,
      344.46245796600385,
      411.41637216827434,
      471.7466144331836,
      540.6243980933681,
      624.8995687166012,
      706.8469959764983,
      789.2677570513757,
      829.8817058188989,
      926.0120448910135,
      1008.9234885877194,
      1083.1825837350916,
      1136.4799898150727,
      1169.0189307854341,
      1220.7062405254426,
      1257.5031191598714,
      1279.2049470819104,
      1285.5041133660554,
      1272.8626261703776,
      1297.297579278338,
      1248.6051727792778,
      1224.0232953265258,
      1185.7889668145413,
      1112.805546601091,
      1042.4487786062919,
      976.8086001987302,
      909.3353621726053,
      836.3163419602336,
      741.7977536190318,
      676.4801763188856,
      590.9503235112888,
      518.0511760809662,
      453.6598015740664,
      393.91397541329144,
      329.31644718248515,
      292.4058150996328,
      233.8773094222519,
      192.74939455460833,
      170.38126463869568,
      130.95996837021795,
      104.02505631124464,
      80.64711269681058,
      61.22943807050558,
      48.69920204985054,
      34.80027811237225,
      27.689382210301158,
      21.337275807243437,
      15.165415392625299,
      12.061925062648633
    ]
  },
  "p_high": 0.06846576711644178,
  "p_high_mf": 0.34382808595702147,
  "p_low": 0.9320339830084957,
  "p_low_mf": 0.656671664167916,
  "p_two_sided": 0.13693153423288357,
  "p_two_sided_mf": 0.6876561719140429,
  "provenance": {
    "dat_url": "GAUSSIAN_CONTROL_FROM: https://github.com/gradient-pulse/phi-mesh/releases/download/data-2026-02-15-planck-lensing-R3/planck_pr3_lensing_mv_dat_klm.fits",
    "mf_url": "GAUSSIAN_CONTROL_MF_ZERO_FROM: https://github.com/gradient-pulse/phi-mesh/releases/download/data-2026-02-15-planck-lensing-R3/planck_pr3_lensing_mv_mf_klm.fits"
  },
  "seed": 731,
  "surrogate": {
    "D0_mean": 0.00098188829384684,
    "D0_std": 0.0004411787120472149,
    "D1_mean": 20.460541236147982,
    "D1_std": 2.688537396899657,
    "D_mf_mean": 20.46054126416953,
    "D_mf_std": 2.6885373991275996,
    "v0_mean_curve": [
      0.9986691093444818,
      0.9981575387318936,
      0.9974729188283287,
      0.9965640137990316,
      0.9953761615753182,
      0.9938309688568112,
      0.9918472131093349,
      0.9893238321940108,
      0.9861480909983327,
      0.9821870587666828,
      0.9772994899749755,
      0.9713297494252512,
      0.9641118570963542,
      0.9554677340189602,
      0.9452219111124674,
      0.9331978206634529,
      0.9192346808115655,
      0.9031812744140634,
      0.8848942451477051,
      0.8642783597310391,
      0.8412698764801042,
      0.8158494898478185,
      0.788041842778525,
      0.7579286142985037,
      0.7256344858805338,
      0.6913521073659253,
      0.6553070201873775,
      0.6177995160420726,
      0.5791598116556811,
      0.5397407073974608,
      0.4999251995086676,
      0.4601131006876627,
      0.4206991596221928,
      0.3820677522023524,
      0.34457160886128735,
      0.3085481592814135,
      0.2742820758819584,
      0.24200217882792174,
      0.21189958635965983,
      0.18411660703023325,
      0.15871850458780948,
      0.13573253758748383,
      0.11513256136576339,
      0.09686520512898751,
      0.0808150119781494,
      0.06685974121093746,
      0.054842412312825585,
      0.04460155804951988,
      0.035960957845052065,
      0.02874188105265295,
      0.02276894124348955,
      0.017876190821329737,
      0.013912574132283537,
      0.010731503168741859,
      0.008201587041219075,
      0.0062097422281900995,
      0.0046603164672851605,
      0.0034652309417724527,
      0.0025520884195963526,
      0.0018624515533447275,
      0.0013460839589436821
    ],