{
  "diagnostics": {
    "excess_kurt_x_obs": -0.14966161805204203,
    "imag_frac_nonzero_eps1e-12": 0.9846153846153847,
    "imag_max_abs": 0.014678471230478107,
    "skew_x_obs": -0.1036841658023034,
    "v1_delta_bandwidth_dnu": 0.10000000000000009,
    "v1_symmetry_corr": 0.9987504308496855,
    "verify_l2_from_curves": {
      "D0_match": true,
      "D0_recomputed": 0.010180691682836494,
      "D0_reported": 0.010180691682836494,
      "D1_match": true,
      "D1_recomputed": 15.316754145941264,
      "D1_reported": 15.316754145941264,
      "tol_abs": 1e-12,
      "tol_rel": 1e-10,
      "verify_dnu": 0.10000000000000009
    }
  },
  "hint": "This script compares observed morphology against phase-randomized surrogates that preserve |a_lm|. V0(nu) is excursion-set area fraction; V1(nu) is a perimeter proxy estimated from |\u2207x| in a nu-band. Distances D0 and D1 are L2 distances (sqrt(sum((a-b)^2)*dnu)) to surrogate-mean curves. D_mf combines them as sqrt(D0^2 + D1^2). Z_mf is the scale-free combined z-distance.",
  "kind": "planck_pr3_lensing_phi_topology_mf_v0_v1",
  "lmax": 128,
  "metric": "Minkowski-style morphology: V0(area) + V1(perimeter proxy) vs phase-random surrogates",
  "n_sims": 2000,
  "nside": 256,
  "observed": {
    "D0_L2": 0.010180691682836494,
    "D0_sum_sq_legacy": 0.0010364648314097607,
    "D1_L2": 15.316754145941264,
    "D1_sum_sq_legacy": 2346.029575672087,
    "D_mf": 15.31675752937586,
    "Z0": -0.3911153421277384,
    "Z1": -0.3934179018164257,
    "Z_mf": 0.5547511661252608,
    "map_mean": 9.925375943585038e-09,
    "map_std": 0.03404101629401175,
    "v0_curve": [
      0.9989458719889323,
      0.9984054565429688,
      0.9976056416829427,
      0.9965387980143229,
      0.995208740234375,
      0.9934336344401041,
      0.991235097249349,
      0.9881757100423177,
      0.9844169616699219,
      0.979882558186849,
      0.9741490681966146,
      0.967413584391276,
      0.9595603942871094,
      0.9503161112467448,
      0.939520517985026,
      0.9272333780924479,
      0.9130948384602865,
      0.8972422281901041,
      0.8795089721679688,
      0.859778086344401,
      0.8377634684244791,
      0.81353759765625,
      0.7871665954589844,
      0.7584889729817709,
      0.7279141743977865,
      0.6954625447591146,
      0.6610158284505209,
      0.6255772908528646,
      0.5879338582356771,
      0.5495897928873698,
      0.509741465250651,
      0.4695549011230469,
      0.42980066935221356,
      0.3907890319824219,
      0.35260772705078125,
      0.3157081604003906,
      0.28045399983723956,
      0.24735132853190103,
      0.21578852335611978,
      0.18672943115234375,
      0.16006851196289062,
      0.1358617146809896,
      0.11421712239583333,
      0.09508005777994792,
      0.07837549845377605,
      0.0640716552734375,
      0.051747639973958336,
      0.04134241739908854,
      0.032468159993489586,
      0.025066375732421875,
      0.019102732340494793,
      0.014406840006510416,
      0.010632832845052084,
      0.007764180501302083,
      0.005574544270833333,
      0.003917694091796875,
      0.002658843994140625,
      0.0017420450846354167,
      0.0010884602864583333,
      0.0006739298502604166,
      0.0003662109375
    ],
    "v1_curve": [
      2.9329180663513394,
      4.694671389652252,
      6.289406673950709,
      7.759944781197943,
      11.40543897446528,
      13.601830740415343,
      18.168106348003917,
      23.21178811556524,
      28.196328865801643,
      35.49871395557237,
      43.79193432358909,
      50.91989434838297,
      60.000603053124664,
      71.72763248798728,
      83.25282222706876,
      96.14529140158595,
      112.2317732157787,
      128.19630901597733,
      143.44423413481417,
      164.5088888842923,
      185.15585155708249,
      208.51517205290045,
      219.64990203705986,
      245.18107838235895,
      261.60277058166895,
      280.11236124613765,
      298.29396799043525,
      316.7102245834295,
      330.0992337360912,
      331.79905793070645,
      346.5775804530626,
      337.119837194296,
      335.99580592554486,
      324.2366645157507,
      316.18043343972454,
      297.809700205444,
      283.6183099271856,
      263.162061950038,
      245.4008044253215,
      219.17938226078343,
      200.40282214133012,
      177.08994207628757,
      156.41419928151552,
      134.01507524068813,
      117.09121768578208,
      96.88753166269349,
      82.6896037745464,
      70.23341234746987,
      54.725689431476695,
      46.40597509901506,
      36.095962502577734,
      27.982774649531002,
      21.492786307253773,
      16.65354983932147,
      11.802226055785024,
      8.620644135742833,
      6.299518932537364,
      4.553541795096005,
      2.8752016636501527,
      1.9999249614790344,
      1.2254847018869535
    ]
  },
  "p_high": 0.5812093953023488,
  "p_high_mf": 0.5872063968015993,
  "p_low": 0.4192903548225887,
  "p_low_mf": 0.41329335332333833,
  "p_two_sided": 0.8385807096451774,
  "p_two_sided_mf": 0.8265867066466767,
  "provenance": {
    "dat_url": "GAUSSIAN_CONTROL_FROM: https://github.com/gradient-pulse/phi-mesh/releases/download/data-2026-02-15-planck-lensing-R3/planck_pr3_lensing_mv_dat_klm.fits",
    "mf_url": "GAUSSIAN_CONTROL_MF_ZERO_FROM: https://github.com/gradient-pulse/phi-mesh/releases/download/data-2026-02-15-planck-lensing-R3/planck_pr3_lensing_mv_mf_klm.fits"
  },
  "seed": 731,
  "surrogate": {
    "D0_mean": 0.013044665108302891,
    "D0_std": 0.0073225801112425356,
    "D1_mean": 18.63486934921844,
    "D1_std": 8.43407274543764,
    "D_mf_mean": 18.63487417018586,
    "D_mf_std": 8.434075359980088,
    "v0_mean_curve": [
      0.9989657630920412,
      0.998509819666545,
      0.9978819751739519,
      0.997029571533205,
      0.9958902505238862,
      0.9943849366505915,
      0.9924233957926444,
      0.9898997128804548,
      0.986692187627158,
      0.9826642907460541,
      0.9776643613179536,
      0.9715293070475254,
      0.9640986372629801,
      0.955201244354249,
      0.9446578413645422,
      0.9323078918457037,
      0.9179903227488184,
      0.9015700060526521,
      0.8829427305857355,
      0.8620171680450425,
      0.8387503592173259,
      0.8131468226114904,
      0.7852464663187664,
      0.7551493625640893,
      0.7229987646738667,
      0.6889726765950518,
      0.6533263225555419,
      0.6163152815500896,
      0.5782541777292902,
      0.5394904054005933,
      0.5003712374369301,
      0.4612594178517666,
      0.4225169067382816,
      0.38449818674723313,
      0.34752366511027,
      0.3119024626413982,
      0.2778854935963948,
      0.24571201133727982,
      0.21555264409383143,
      0.1875504786173506,
      0.16181096649169935,
      0.13838809839884428,
      0.11728153419494652,
      0.09845755831400546,
      0.08185424868265785,
      0.067361110051473,
      0.054858151753743506,
      0.04420114262898764,
      0.03521702893575032,
      0.027736136754353873,
      0.021587234497070326,
      0.01659494527180988,
      0.012597717285156273,
      0.00944164021809894,
      0.006987241744995115,
      0.005102046330769875,
      0.003674952824910481,
      0.002609358469645179,
      0.001828508377075196,
      0.0012624912261962901,
      0.0008592465718587245
    ],