{
  "diagnostics": {
    "excess_kurt_x_obs": -0.00020506182346302637,
    "imag_frac_nonzero_eps1e-12": 0.9922480620155039,
    "imag_max_abs": 0.009117336647315318,
    "skew_x_obs": 0.015869882568652297,
    "v1_delta_bandwidth_dnu": 0.10000000000000009,
    "v1_symmetry_corr": 0.998282959464551,
    "verify_l2_from_curves": {
      "D0_match": true,
      "D0_recomputed": 0.0009736990943022825,
      "D0_reported": 0.0009736990943022825,
      "D1_match": true,
      "D1_recomputed": 16.05402221698438,
      "D1_reported": 16.05402221698438,
      "tol_abs": 1e-12,
      "tol_rel": 1e-10,
      "verify_dnu": 0.10000000000000009
    }
  },
  "hint": "This script compares observed morphology against phase-randomized surrogates that preserve |a_lm|. V0(nu) is excursion-set area fraction; V1(nu) is a perimeter proxy estimated from |\u2207x| in a nu-band. Distances D0 and D1 are L2 distances (sqrt(sum((a-b)^2)*dnu)) to surrogate-mean curves. D_mf combines them as sqrt(D0^2 + D1^2). Z_mf is the scale-free combined z-distance.",
  "kind": "planck_pr3_lensing_phi_topology_mf_v0_v1",
  "lmax": 256,
  "metric": "Minkowski-style morphology: V0(area) + V1(perimeter proxy) vs phase-random surrogates",
  "n_sims": 2000,
  "nside": 256,
  "observed": {
    "D0_L2": 0.0009736990943022825,
    "D0_sum_sq_legacy": 9.480899262450845e-06,
    "D1_L2": 16.05402221698438,
    "D1_sum_sq_legacy": 2577.3162934342777,
    "D_mf": 16.054022246512492,
    "Z0": -0.16666728968864264,
    "Z1": 0.042545056460575215,
    "Z_mf": 0.17201182308606422,
    "map_mean": 4.280483718779177e-09,
    "map_std": 0.04531496515309699,
    "v0_curve": [
      0.9988225301106771,
      0.998327891031901,
      0.9976514180501302,
      0.9968121846516927,
      0.9956499735514323,
      0.9940719604492188,
      0.9921531677246094,
      0.9896240234375,
      0.986456553141276,
      0.9823951721191406,
      0.9773712158203125,
      0.9715614318847656,
      0.9642804463704427,
      0.9556999206542969,
      0.945550282796224,
      0.9337323506673177,
      0.9194920857747396,
      0.9034067789713541,
      0.8848177591959635,
      0.8642425537109375,
      0.8413721720377604,
      0.8160934448242188,
      0.7879867553710938,
      0.7580884297688802,
      0.7255833943684896,
      0.6912358601888021,
      0.6549720764160156,
      0.6175829569498698,
      0.5784517923990885,
      0.5387420654296875,
      0.4989980061848958,
      0.4595197041829427,
      0.4202423095703125,
      0.38120778401692706,
      0.34347279866536456,
      0.30724334716796875,
      0.27318572998046875,
      0.24125798543294272,
      0.21124267578125,
      0.18347930908203125,
      0.15830357869466147,
      0.13530731201171875,
      0.1149915059407552,
      0.09692764282226562,
      0.08115768432617188,
      0.0671374003092448,
      0.055493672688802086,
      0.045246124267578125,
      0.036745707194010414,
      0.029496510823567707,
      0.023504892985026043,
      0.018498738606770832,
      0.014467875162760416,
      0.011194864908854166,
      0.008602142333984375,
      0.00641632080078125,
      0.00479888916015625,
      0.0035641988118489585,
      0.0026486714680989585,
      0.0019365946451822917,
      0.00138092041015625
    ],
    "v1_curve": [
      9.483270383266998,
      12.433949285532778,
      15.879872470441342,
      21.971500058782713,
      30.40816303207031,
      38.64723283814018,
      50.10248736047843,
      65.9344617265162,
      79.46966563929593,
      106.15514242340134,
      127.23426810935658,
      153.21526989603416,
      184.55470406113577,
      219.3431784160182,
      263.4693013508158,
      305.56703696406163,
      364.29732190935545,
      413.1310645330498,
      466.07669343292685,
      520.6070655597175,
      578.3432256610791,
      652.0848129296055,
      700.7213922282671,
      756.3403599363304,
      839.6981590092948,
      873.4319050535256,
      910.4921131459995,
      946.1603240943822,
      983.1443356207475,
      1008.1812107498056,
      1007.0222408241153,
      998.0139741945025,
      998.7130624997134,
      989.7818923007511,
      947.6805396133273,
      928.6270898357814,
      845.6708110508885,
      815.9520371754763,
      756.1098426632924,
      707.7801485914838,
      647.6156553781896,
      592.7065963048725,
      528.0102134149333,
      466.77938236586544,
      414.0419195515549,
      352.54732590594506,
      308.82910463993096,
      261.10939695087956,
      225.03315972766254,
      185.15361962465786,
      157.02513662185345,
      130.66584735338003,
      104.09648645713554,
      89.09546685069765,
      66.08088216521811,
      55.73334019703352,
      42.03907005452863,
      33.77252807868035,
      23.479886137719138,
      18.623753686893465,
      14.907579639739843
    ]
  },
  "p_high": 0.4912543728135932,
  "p_high_mf": 0.46776611694152925,
  "p_low": 0.5092453773113443,
  "p_low_mf": 0.5327336331834083,
  "p_two_sided": 0.9825087456271864,
  "p_two_sided_mf": 0.9355322338830585,
  "provenance": {
    "dat_url": "GAUSSIAN_CONTROL_FROM: https://github.com/gradient-pulse/phi-mesh/releases/download/data-2026-02-15-planck-lensing-R3/planck_pr3_lensing_mv_dat_klm.fits",
    "mf_url": "GAUSSIAN_CONTROL_MF_ZERO_FROM: https://github.com/gradient-pulse/phi-mesh/releases/download/data-2026-02-15-planck-lensing-R3/planck_pr3_lensing_mv_mf_klm.fits"
  },
  "seed": 731,
  "surrogate": {
    "D0_mean": 0.001048309833115471,
    "D0_std": 0.00044766275945670915,
    "D1_mean": 15.957661379985216,
    "D1_std": 2.2649126600279845,
    "D_mf_mean": 15.957661420669966,
    "D_mf_std": 2.2649126602020933,
    "v0_mean_curve": [
      0.9986773929595949,
      0.998168645858764,
      0.9974880975087494,
      0.9965851548512795,
      0.9954005463918038,
      0.993862894058228,
      0.9918877728780126,
      0.9893723227183038,
      0.9862040049235022,
      0.9822526969909658,
      0.9773776016235364,
      0.9714194240570069,
      0.9642096595764154,
      0.9555747553507487,
      0.9453352546691897,
      0.9333159122467036,
      0.9193493455251073,
      0.9032824751536053,
      0.8849888242085774,
      0.864364911397297,
      0.8413416347503655,
      0.8158968887329112,
      0.7880629927317289,
      0.7579111868540443,
      0.7255755983988464,
      0.6912524611155195,
      0.6551827398935972,
      0.6176384290059418,
      0.5789662526448568,
      0.5395173498789467,
      0.49968681208292637,
      0.4598563556671152,
      0.42044127146403026,
      0.38181015714009625,
      0.34432905133565195,
      0.30833107312520397,
      0.2740896396636963,
      0.2418494351704915,
      0.21178261884053565,
      0.18402766482035277,
      0.1586601206461588,
      0.13570978991190583,
      0.11514528020222987,
      0.09690703328450517,
      0.08088176409403493,
      0.06694803682963056,
      0.05494517771402994,
      0.04471410433451328,
      0.036074780146280995,
      0.028854837417602523,
      0.02287594159444176,
      0.017978462855021155,
      0.014006432851155612,
      0.01081289227803549,
      0.008275927225748707,
      0.006277264912923173,
      0.00471734046936035,
      0.0035135313669840545,
      0.0025919329325358015,
      0.00189653396606445,
      0.0013733412424723308
    ],