{
  "diagnostics": {
    "excess_kurt_x_obs": 0.02060769375436644,
    "imag_frac_nonzero_eps1e-12": 0.9937888198757764,
    "imag_max_abs": 0.026519060757729026,
    "skew_x_obs": -0.006321473013302187,
    "v1_delta_bandwidth_dnu": 0.10000000000000009,
    "v1_symmetry_corr": 0.9992702596355989,
    "verify_l2_from_curves": {
      "D0_match": true,
      "D0_recomputed": 0.00138133114127861,
      "D0_reported": 0.00138133114127861,
      "D1_match": true,
      "D1_recomputed": 23.354238320470994,
      "D1_reported": 23.354238320470994,
      "tol_abs": 1e-12,
      "tol_rel": 1e-10,
      "verify_dnu": 0.10000000000000009
    }
  },
  "hint": "This script compares observed morphology against phase-randomized surrogates that preserve |a_lm|. V0(nu) is excursion-set area fraction; V1(nu) is a perimeter proxy estimated from |\u2207x| in a nu-band. Distances D0 and D1 are L2 distances (sqrt(sum((a-b)^2)*dnu)) to surrogate-mean curves. D_mf combines them as sqrt(D0^2 + D1^2). Z_mf is the scale-free combined z-distance.",
  "kind": "planck_pr3_lensing_phi_topology_mf_v0_v1",
  "lmax": 320,
  "metric": "Minkowski-style morphology: V0(area) + V1(perimeter proxy) vs phase-random surrogates",
  "n_sims": 2000,
  "nside": 256,
  "observed": {
    "D0_L2": 0.00138133114127861,
    "D0_sum_sq_legacy": 1.908075721866066e-05,
    "D1_L2": 23.354238320470994,
    "D1_sum_sq_legacy": 5454.204475293554,
    "D_mf": 23.354238361321734,
    "Z0": -0.29257501430810684,
    "Z1": -0.024487815937185357,
    "Z_mf": 0.29359801110832207,
    "map_mean": 1.3439013389829104e-08,
    "map_std": 0.062024261478842824,
    "v0_curve": [
      0.9985453287760416,
      0.9979832967122396,
      0.9972318013509115,
      0.9962679545084635,
      0.9950383504231771,
      0.9934870402018229,
      0.991418202718099,
      0.9888458251953125,
      0.9856452941894531,
      0.9819018046061198,
      0.9771308898925781,
      0.9710858662923177,
      0.9639244079589844,
      0.9551963806152344,
      0.9451370239257812,
      0.9332478841145834,
      0.9193331400553385,
      0.9033788045247396,
      0.8851814270019531,
      0.8649406433105469,
      0.8422063191731771,
      0.8166669209798177,
      0.7889417012532552,
      0.75909423828125,
      0.7268422444661459,
      0.6926002502441406,
      0.6563809712727865,
      0.6187082926432291,
      0.5798301696777344,
      0.5402755737304688,
      0.5003191630045573,
      0.4604377746582031,
      0.42047754923502606,
      0.3814684549967448,
      0.3437461853027344,
      0.3076057434082031,
      0.2732988993326823,
      0.24082183837890625,
      0.21109644571940103,
      0.18354670206705728,
      0.15826288859049478,
      0.1352818806966146,
      0.11490249633789062,
      0.09671529134114583,
      0.08070119222005208,
      0.06689453125,
      0.05484898885091146,
      0.044672648111979164,
      0.03617223103841146,
      0.028734842936197918,
      0.022960662841796875,
      0.018068949381510418,
      0.014029184977213541,
      0.010804494222005209,
      0.008251190185546875,
      0.00620269775390625,
      0.0046844482421875,
      0.0034853617350260415,
      0.00251007080078125,
      0.001842498779296875,
      0.0013071695963541667
    ],
    "v1_curve": [
      11.958951845819797,
      17.969642991024845,
      25.248654349482003,
      30.40696979649715,
      39.60318052228735,
      50.066655468068745,
      66.43055601890995,
      81.91804745694185,
      101.3152989878055,
      119.30651312711376,
      159.73862514765432,
      196.2098486464636,
      230.24788975603664,
      277.80043059072835,
      328.22429235355776,
      380.370390066948,
      448.4084626554983,
      497.90474620671756,
      576.6761806268197,
      648.6718678646894,
      728.5454166944717,
      808.6784956709421,
      883.5323632720186,
      957.5580256235461,
      1020.5370276003464,
      1078.3726949224633,
      1152.7174260187155,
      1180.1701764321317,
      1243.8973594603983,
      1240.9084589199506,
      1253.1421995405642,
      1272.5921384425756,
      1272.4868969433933,
      1245.2550792619243,
      1207.5839436145482,
      1127.4818584143393,
      1085.110345411673,
      1028.9954593268185,
      929.6375548937385,
      862.0141220218388,
      792.6415467895707,
      723.9435212073311,
      637.8093527904823,
      573.4310448183118,
      483.90801834128416,
      428.0385579848388,
      368.31940854730925,
      306.7356072877669,
      278.898998258883,
      220.2072435908294,
      176.85043657772857,
      143.92520583867892,
      131.256778540194,
      96.90570704610478,
      74.74074850173808,
      58.63164132320205,
      41.02153040237944,
      37.1003231331168,
      29.295990327231248,
      22.875363427320043,
      18.1985488262085
    ]
  },
  "p_high": 0.5297351324337831,
  "p_high_mf": 0.4607696151924038,
  "p_low": 0.4707646176911544,
  "p_low_mf": 0.5397301349325337,
  "p_two_sided": 0.9415292353823088,
  "p_two_sided_mf": 0.9215392303848076,
  "provenance": {
    "dat_url": "GAUSSIAN_CONTROL_FROM: https://github.com/gradient-pulse/phi-mesh/releases/download/data-2026-02-15-planck-lensing-R3/planck_pr3_lensing_mv_dat_klm.fits",
    "mf_url": "GAUSSIAN_CONTROL_MF_ZERO_FROM: https://github.com/gradient-pulse/phi-mesh/releases/download/data-2026-02-15-planck-lensing-R3/planck_pr3_lensing_mv_mf_klm.fits"
  },
  "seed": 731,
  "surrogate": {
    "D0_mean": 0.001651100820302379,
    "D0_std": 0.0009220530319779051,
    "D1_mean": 23.46166741224702,
    "D1_std": 4.387042603211208,
    "D_mf_mean": 23.461667483536527,
    "D_mf_std": 4.387042629523297,
    "v0_mean_curve": [
      0.9986716721852634,
      0.9981585292816175,
      0.997474076588947,
      0.9965652268727604,
      0.9953746738433836,
      0.9938274631500247,
      0.9918401037851978,
      0.9893137238820391,
      0.9861330458323165,
      0.9821691379547117,
      0.9772777837117498,
      0.9713029441833488,
      0.9640742308298763,
      0.9554223995208734,
      0.9451755250294986,
      0.9331523323059099,
      0.9191858056386317,
      0.9031223036448163,
      0.8848335119883237,
      0.8642267519632983,
      0.8412229944864914,
      0.8158068110148107,
      0.7880033111572258,
      0.7579035485585536,
      0.7256222661336262,
      0.6913550879160542,
      0.6553257478078207,
      0.6178385308583577,
      0.5792108516693107,
      0.5398021780649815,
      0.49999861081441177,
      0.46019800376892084,
      0.42079453659057636,
      0.38217026964823403,
      0.34467778078715033,
      0.3086581471761075,
      0.2743787186940516,
      0.2420947214762374,
      0.21198639615376863,
      0.18418390337626087,
      0.15877004305521647,
      0.13576645088195802,
      0.11516180102030463,
      0.09687515830993662,
      0.0808089911142985,
      0.06684203783671061,
      0.054813667297363304,
      0.04456498781840003,
      0.035918260574340825,
      0.028695515950520854,
      0.022720306396484376,
      0.017831129074096678,
      0.013868659337361698,
      0.010688158035278316,
      0.008161860783894852,
      0.0061785227457682255,
      0.004631193796793616,
      0.003440408706665036,
      0.0025316212972005224,
      0.0018467191060384084,
      0.001332854588826495
    ],