{
  "diagnostics": {
    "excess_kurt_x_obs": -0.019962173113181603,
    "imag_frac_nonzero_eps1e-12": 0.9937888198757764,
    "imag_max_abs": 0.018975844339677177,
    "skew_x_obs": -0.02475801566861773,
    "v1_delta_bandwidth_dnu": 0.10000000000000009,
    "v1_symmetry_corr": 0.9984264305736684,
    "verify_l2_from_curves": {
      "D0_match": true,
      "D0_recomputed": 0.0016051702538387596,
      "D0_reported": 0.0016051702538387596,
      "D1_match": true,
      "D1_recomputed": 25.294185543515795,
      "D1_reported": 25.294185543515795,
      "tol_abs": 1e-12,
      "tol_rel": 1e-10,
      "verify_dnu": 0.10000000000000009
    }
  },
  "hint": "This script compares observed morphology against phase-randomized surrogates that preserve |a_lm|. V0(nu) is excursion-set area fraction; V1(nu) is a perimeter proxy estimated from |\u2207x| in a nu-band. Distances D0 and D1 are L2 distances (sqrt(sum((a-b)^2)*dnu)) to surrogate-mean curves. D_mf combines them as sqrt(D0^2 + D1^2). Z_mf is the scale-free combined z-distance.",
  "kind": "planck_pr3_lensing_phi_topology_mf_v0_v1",
  "lmax": 320,
  "metric": "Minkowski-style morphology: V0(area) + V1(perimeter proxy) vs phase-random surrogates",
  "n_sims": 2000,
  "nside": 256,
  "observed": {
    "D0_L2": 0.0016051702538387596,
    "D0_sum_sq_legacy": 2.576571543808786e-05,
    "D1_L2": 25.294185543515795,
    "D1_sum_sq_legacy": 6397.9582230980295,
    "D_mf": 25.294185594447885,
    "Z0": 0.7265989018409941,
    "Z1": 1.667403168937639,
    "Z_mf": 1.818840095208982,
    "map_mean": -1.2345387671487915e-08,
    "map_std": 0.06009395110024733,
    "v0_curve": [
      0.9985516866048177,
      0.9980036417643229,
      0.9972737630208334,
      0.9962743123372396,
      0.9950841267903646,
      0.9935696919759115,
      0.9915148417154948,
      0.9889005025227865,
      0.9857025146484375,
      0.9816029866536459,
      0.9766031901041666,
      0.970757802327474,
      0.9635531107584635,
      0.9549242655436198,
      0.9442571004231771,
      0.9323221842447916,
      0.9181531270345052,
      0.9022560119628906,
      0.8840611775716146,
      0.8637046813964844,
      0.8410669962565104,
      0.8160578409830729,
      0.7884559631347656,
      0.7587560017903646,
      0.7262166341145834,
      0.691949208577474,
      0.6560351053873698,
      0.6189549763997396,
      0.580804189046224,
      0.5415369669596354,
      0.5015246073404948,
      0.46173858642578125,
      0.42239634195963544,
      0.3838539123535156,
      0.3459459940592448,
      0.3092943827311198,
      0.2753893534342448,
      0.24292373657226562,
      0.21268590291341147,
      0.18463516235351562,
      0.15916315714518228,
      0.13582992553710938,
      0.11520640055338542,
      0.09669240315755208,
      0.08037312825520833,
      0.06645711263020833,
      0.054356892903645836,
      0.043889363606770836,
      0.035282135009765625,
      0.02811431884765625,
      0.02215576171875,
      0.017220815022786457,
      0.013214111328125,
      0.009942372639973959,
      0.007502237955729167,
      0.005643208821614583,
      0.00421905517578125,
      0.00311279296875,
      0.0022570292154947915,
      0.0016301472981770833,
      0.0011571248372395833
    ],
    "v1_curve": [
      13.858070775871585,
      19.748911932198187,
      25.210734216701812,
      31.430623974230556,
      39.66999090719402,
      51.249851357758544,
      70.63745779822358,
      86.97905245081304,
      110.19511871385487,
      136.07518489991784,
      161.40982212421525,
      194.36125612444437,
      235.54317690995347,
      292.14884195233645,
      331.9026461311813,
      400.4253541473086,
      447.11051963120434,
      532.0791198056714,
      593.284190992305,
      671.7652923121701,
      744.9001903858422,
      818.1134114971974,
      892.3895347363834,
      988.0925952279949,
      1057.3922969671803,
      1130.5486600053325,
      1166.145130963547,
      1214.7338470008817,
      1277.142795023615,
      1253.6826196742777,
      1302.1525548897835,
      1307.8964664352418,
      1297.9714278697872,
      1251.3332495492712,
      1231.4532842443778,
      1196.78440927812,
      1124.9427044640645,
      1078.4806636389624,
      973.662245305934,
      899.7070320930944,
      855.4462001876836,
      755.4450406182244,
      687.7039454336265,
      602.2754621699596,
      525.9334040687731,
      444.5235565229781,
      405.1605715271388,
      333.0622471739926,
      265.971033661579,
      224.7617655998304,
      192.2140012936254,
      159.57936326806092,
      128.60090431396412,
      99.57818886218051,
      73.86279484446474,
      57.8879145358325,
      49.854132395860006,
      34.391753163754,
      26.447215265779466,
      16.590478527044922,
      14.354835121211744
    ]
  },
  "p_high": 0.19790104947526238,
  "p_high_mf": 0.054972513743128434,
  "p_low": 0.8025987006496752,
  "p_low_mf": 0.9455272363818091,
  "p_two_sided": 0.39580209895052476,
  "p_two_sided_mf": 0.10994502748625687,
  "provenance": {
    "dat_url": "GAUSSIAN_CONTROL_FROM: https://github.com/gradient-pulse/phi-mesh/releases/download/data-2026-02-15-planck-lensing-R3/planck_pr3_lensing_mv_dat_klm.fits",
    "mf_url": "GAUSSIAN_CONTROL_MF_ZERO_FROM: https://github.com/gradient-pulse/phi-mesh/releases/download/data-2026-02-15-planck-lensing-R3/planck_pr3_lensing_mv_mf_klm.fits"
  },
  "seed": 731,
  "surrogate": {
    "D0_mean": 0.0011618131358029325,
    "D0_std": 0.0006101813764271964,
    "D1_mean": 20.56394129034615,
    "D1_std": 2.8368929250527026,
    "D_mf_mean": 20.56394133092559,
    "D_mf_std": 2.8368929343983122,
    "v0_mean_curve": [
      0.9986401863098149,
      0.9981201165517148,
      0.9974260272979735,
      0.9965082766215002,
      0.9953070704142262,
      0.9937533257802319,
      0.9917563877105711,
      0.9892224229176823,
      0.9860315176645923,
      0.9820601463317886,
      0.977165440877278,
      0.9711859982808428,
      0.9639623654683428,
      0.9553186734517412,
      0.9450784308115657,
      0.9330636692047098,
      0.919118408203124,
      0.9030806954701723,
      0.884819780349732,
      0.8642355283101408,
      0.8412682813008618,
      0.8158941682179767,
      0.788126179377238,
      0.7580551643371597,
      0.7258036956787105,
      0.691561157226562,
      0.6555629762013756,
      0.6180918579101554,
      0.5794727249145506,
      0.5400689563751222,
      0.5002619082132972,
      0.460448315302531,
      0.42101538976033587,
      0.38235955619812056,
      0.34483842086791994,
      0.3087665697733563,
      0.2744572575887047,
      0.24213542811075825,
      0.2119968344370523,
      0.18416680844624836,
      0.15872200520833318,
      0.13570012219746916,
      0.11507032966613762,
      0.09676693852742538,
      0.08069617716471368,
      0.06672313435872393,
      0.054693524678548225,
      0.04445323816935216,
      0.03581134351094554,
      0.028593557993570974,
      0.022628712972005208,
      0.017746456146240208,
      0.013792970657348653,
      0.010624895095825206,
      0.008108147303263348,
      0.006129629770914713,
      0.004595109303792317,
      0.003410880406697591,
      0.00250819905598959,
      0.0018270435333251904,
      0.0013188565572102872
    ],