probe,n_events,n_intervals,n_ratios,mean,std,cv,median,q25,q75
p00,155,154,153,1.0417332848705396,0.3108108878644542,0.29835937123107276,1.0,0.8333333333333235,1.1999999999999964
