{
  "diagnostics": {
    "excess_kurt_x_obs": -0.0010376565455767484,
    "imag_frac_nonzero_eps1e-12": 0.9937888198757764,
    "imag_max_abs": 0.02000525540066434,
    "skew_x_obs": -0.003627717577446246,
    "v1_delta_bandwidth_dnu": 0.10000000000000009,
    "v1_symmetry_corr": 0.9994971681753184,
    "verify_l2_from_curves": {
      "D0_match": true,
      "D0_recomputed": 0.00047125080665894314,
      "D0_reported": 0.00047125080665894314,
      "D1_match": true,
      "D1_recomputed": 20.598517620200095,
      "D1_reported": 20.598517620200095,
      "tol_abs": 1e-12,
      "tol_rel": 1e-10,
      "verify_dnu": 0.10000000000000009
    }
  },
  "hint": "This script compares observed morphology against phase-randomized surrogates that preserve |a_lm|. V0(nu) is excursion-set area fraction; V1(nu) is a perimeter proxy estimated from |\u2207x| in a nu-band. Distances D0 and D1 are L2 distances (sqrt(sum((a-b)^2)*dnu)) to surrogate-mean curves. D_mf combines them as sqrt(D0^2 + D1^2). Z_mf is the scale-free combined z-distance.",
  "kind": "planck_pr3_lensing_phi_topology_mf_v0_v1",
  "lmax": 320,
  "metric": "Minkowski-style morphology: V0(area) + V1(perimeter proxy) vs phase-random surrogates",
  "n_sims": 2000,
  "nside": 256,
  "observed": {
    "D0_L2": 0.00047125080665894314,
    "D0_sum_sq_legacy": 2.2207732277670438e-06,
    "D1_L2": 20.598517620200095,
    "D1_sum_sq_legacy": 4242.989281496934,
    "D_mf": 20.59851762559071,
    "Z0": -1.1291298130727465,
    "Z1": 0.16801361505488036,
    "Z_mf": 1.1415615224829125,
    "map_mean": 2.4757318323592275e-10,
    "map_std": 0.059358713932911006,
    "v0_curve": [
      0.9985860188802084,
      0.9980964660644531,
      0.9974581400553385,
      0.9965260823567709,
      0.9953969319661459,
      0.9938227335611979,
      0.9918009440104166,
      0.9891103108723959,
      0.9859275817871094,
      0.9819959004720052,
      0.9770698547363281,
      0.9712041219075521,
      0.9640185038248698,
      0.955328623453776,
      0.945184071858724,
      0.9331207275390625,
      0.9192759195963541,
      0.9032262166341146,
      0.8851140340169271,
      0.8643951416015625,
      0.8414929707845052,
      0.8160591125488281,
      0.7886886596679688,
      0.7584075927734375,
      0.7257893880208334,
      0.690948486328125,
      0.6554896036783854,
      0.617767333984375,
      0.5788358052571615,
      0.5394605000813802,
      0.4998054504394531,
      0.4601325988769531,
      0.4210929870605469,
      0.3824882507324219,
      0.3447621663411458,
      0.3085619608561198,
      0.27414576212565106,
      0.24207560221354166,
      0.21197636922200522,
      0.18426513671875,
      0.15884780883789062,
      0.1359736124674479,
      0.11520894368489583,
      0.09702428181966145,
      0.08083216349283855,
      0.0669720967610677,
      0.05496342976888021,
      0.04451115926106771,
      0.035703023274739586,
      0.028638203938802082,
      0.022646586100260418,
      0.017731984456380207,
      0.013899485270182291,
      0.010669708251953125,
      0.008168538411458334,
      0.006114959716796875,
      0.004498799641927083,
      0.0033582051595052085,
      0.0024019877115885415,
      0.00174713134765625,
      0.0012690226236979167
    ],
    "v1_curve": [
      15.99550773006094,
      20.545442535780296,
      27.07873100548294,
      36.58046830165681,
      46.356104817656224,
      64.41619461736646,
      78.55215747700383,
      100.15111027960289,
      120.13189767943028,
      160.66898364582,
      185.85527682118834,
      227.12087418004558,
      273.8611893376318,
      323.7483716356234,
      384.8839453238357,
      441.9618521290137,
      515.5068910225418,
      590.7673364140028,
      666.2260614038353,
      751.3706456681206,
      833.0833095427172,
      883.0179926694323,
      973.488640684127,
      1044.3035856325066,
      1132.589644466655,
      1151.217305252519,
      1233.6877002059719,
      1286.5751657976186,
      1318.9561032835925,
      1295.1969117503315,
      1321.9693630919514,
      1285.1317291305954,
      1283.0779945058541,
      1246.709426968181,
      1187.2458252824206,
      1146.4582738149263,
      1072.5060457378456,
      1004.1059077179489,
      937.4688353916661,
      857.7335354654125,
      782.8883694780533,
      694.0437676937128,
      613.2610923748304,
      550.1666085095153,
      479.2816371511008,
      404.9432756099153,
      350.3855418931966,
      300.268904809616,
      243.38023614183723,
      200.7212633243424,
      167.4526480513942,
      132.15537256633812,
      110.09765271207068,
      87.20528511706885,
      72.1721407988984,
      53.6065944672067,
      40.084571120102915,
      33.03402427242428,
      21.827657269077296,
      17.765899958501358,
      10.273043810981937
    ]
  },
  "p_high": 0.9115442278860569,
  "p_high_mf": 0.4047976011994003,
  "p_low": 0.08895552223888056,
  "p_low_mf": 0.5957021489255372,
  "p_two_sided": 0.17791104447776113,
  "p_two_sided_mf": 0.8095952023988006,
  "provenance": {
    "dat_url": "GAUSSIAN_CONTROL_FROM: https://github.com/gradient-pulse/phi-mesh/releases/download/data-2026-02-15-planck-lensing-R3/planck_pr3_lensing_mv_dat_klm.fits",
    "mf_url": "GAUSSIAN_CONTROL_MF_ZERO_FROM: https://github.com/gradient-pulse/phi-mesh/releases/download/data-2026-02-15-planck-lensing-R3/planck_pr3_lensing_mv_mf_klm.fits"
  },
  "seed": 731,
  "surrogate": {
    "D0_mean": 0.0009198505842247756,
    "D0_std": 0.00039729690277598797,
    "D1_mean": 20.165430332863455,
    "D1_std": 2.577691618593979,
    "D_mf_mean": 20.165430357681686,
    "D_mf_std": 2.577691619166578,
    "v0_mean_curve": [
      0.9986651477813725,
      0.9981527328491213,
      0.9974669303894049,
      0.9965584265391024,
      0.9953694960276289,
      0.9938251126607254,
      0.9918409474690747,
      0.9893157806396488,
      0.9861411012013745,
      0.9821835390726722,
      0.9772984848022466,
      0.9713336251576732,
      0.9641165936787912,
      0.9554767723083505,
      0.9452360579172784,
      0.9332175865173343,
      0.919259101867677,
      0.9032033481597891,
      0.8849180348714203,
      0.8643059031168622,
      0.8413000914255784,
      0.8158767534891771,
      0.788066869099935,
      0.7579511216481537,
      0.7256502755483,
      0.6913547356923417,
      0.655310026168824,
      0.6177954781850182,
      0.5791456139882399,
      0.5397171732584637,
      0.49990022913614734,
      0.4600882854461664,
      0.42066906229654943,
      0.3820427939097083,
      0.3445455112457271,
      0.3085177377065027,
      0.27424589284261064,
      0.24197486368815094,
      0.21188321685791017,
      0.18409985033671084,
      0.15870554669698042,
      0.13571845881144193,
      0.1151219870249431,
      0.09685826619466147,
      0.08081502850850424,
      0.06685967826843266,
      0.05484886932373053,
      0.044607924779256146,
      0.03596934382120769,
      0.028750371297200573,
      0.02277870496114096,
      0.017890150705973284,
      0.013924069722493505,
      0.010739711761474608,
      0.008208002726236984,
      0.006216821670532225,
      0.004666393280029299,
      0.0034715868631998727,
      0.002557942072550458,
      0.0018681767781575504,
      0.0013517831166585258
    ],