{
  "diagnostics": {
    "excess_kurt_x_obs": -0.002174201045097135,
    "imag_frac_nonzero_eps1e-12": 0.9896907216494846,
    "imag_max_abs": 0.015687044165573167,
    "skew_x_obs": -0.025351251127255447,
    "v1_delta_bandwidth_dnu": 0.10000000000000009,
    "v1_symmetry_corr": 0.9993121209948987,
    "verify_l2_from_curves": {
      "D0_match": true,
      "D0_recomputed": 0.002895638358267667,
      "D0_reported": 0.002895638358267667,
      "D1_match": true,
      "D1_recomputed": 11.704997678407755,
      "D1_reported": 11.704997678407755,
      "tol_abs": 1e-12,
      "tol_rel": 1e-10,
      "verify_dnu": 0.10000000000000009
    }
  },
  "hint": "This script compares observed morphology against phase-randomized surrogates that preserve |a_lm|. V0(nu) is excursion-set area fraction; V1(nu) is a perimeter proxy estimated from |\u2207x| in a nu-band. Distances D0 and D1 are L2 distances (sqrt(sum((a-b)^2)*dnu)) to surrogate-mean curves. D_mf combines them as sqrt(D0^2 + D1^2). Z_mf is the scale-free combined z-distance.",
  "kind": "planck_pr3_lensing_phi_topology_mf_v0_v1",
  "lmax": 192,
  "metric": "Minkowski-style morphology: V0(area) + V1(perimeter proxy) vs phase-random surrogates",
  "n_sims": 2000,
  "nside": 256,
  "observed": {
    "D0_L2": 0.002895638358267667,
    "D0_sum_sq_legacy": 8.384721501871063e-05,
    "D1_L2": 11.704997678407755,
    "D1_sum_sq_legacy": 1370.069706515308,
    "D_mf": 11.704998036576189,
    "Z0": 0.7162573092117462,
    "Z1": -0.5964988471525868,
    "Z_mf": 0.9321134092231568,
    "map_mean": -2.2774040141682224e-08,
    "map_std": 0.03580999781403014,
    "v0_curve": [
      0.9984906514485677,
      0.9979934692382812,
      0.9972496032714844,
      0.9963633219401041,
      0.9950790405273438,
      0.9933904012044271,
      0.9913291931152344,
      0.9886919657389323,
      0.985497792561849,
      0.9813969930013021,
      0.9764734903971354,
      0.9705683390299479,
      0.963287353515625,
      0.954718271891276,
      0.9445063273111979,
      0.9324493408203125,
      0.9185600280761719,
      0.9026260375976562,
      0.8845990498860677,
      0.8640111287434896,
      0.8410835266113281,
      0.815820058186849,
      0.7884470621744791,
      0.7581787109375,
      0.7261619567871094,
      0.692175547281901,
      0.6565017700195312,
      0.6189231872558594,
      0.5808499654134115,
      0.5418548583984375,
      0.5021934509277344,
      0.46274566650390625,
      0.4233843485514323,
      0.3848419189453125,
      0.3469390869140625,
      0.3102124532063802,
      0.27532068888346356,
      0.24238967895507812,
      0.21194839477539062,
      0.18375523885091147,
      0.15825271606445312,
      0.13525263468424478,
      0.11443201700846355,
      0.09619140625,
      0.0802294413248698,
      0.06601587931315105,
      0.05394109090169271,
      0.043804168701171875,
      0.035107930501302086,
      0.027801513671875,
      0.021874745686848957,
      0.017059326171875,
      0.013257344563802084,
      0.01007843017578125,
      0.00762939453125,
      0.005812327067057292,
      0.00432586669921875,
      0.0032107035319010415,
      0.0023714701334635415,
      0.0017522176106770833,
      0.0012563069661458333
    ],
    "v1_curve": [
      7.812455250764573,
      10.017704902176396,
      13.782536950927204,
      18.49552153577437,
      24.85136953142818,
      29.669621299353363,
      41.870861784932316,
      47.441963589904645,
      59.36897425405329,
      76.83305700058987,
      89.2669808031902,
      111.827532356165,
      131.17199258209482,
      153.2286251458175,
      185.46873749063693,
      218.20400199145016,
      241.1286120453956,
      279.9764971590252,
      317.1103863331824,
      357.7621134503106,
      393.7847470070166,
      431.0010048770858,
      475.05628292912576,
      516.3896435441222,
      542.3176306447152,
      575.4321058240785,
      613.1270486769216,
      628.3973370004669,
      647.9275440991212,
      649.4058121262727,
      654.8108807126481,
      665.62205139836,
      660.1041803817487,
      645.5236305617211,
      621.1986735593822,
      601.171551400396,
      578.7702366578426,
      539.7103086952562,
      495.3084045767221,
      463.91018373334066,
      429.6948481813196,
      376.3519777238442,
      341.7993538710221,
      291.8002207997651,
      269.40706747620004,
      230.6762845907521,
      199.93849104733582,
      174.89200719805518,
      145.53369718833414,
      114.67036618134584,
      96.69962691241423,
      76.41609651011787,
      64.23755099775288,
      50.69633616267846,
      41.37913633921677,
      29.373307494768014,
      22.80559613242324,
      18.561927027191118,
      12.328521972256526,
      10.051357242521236,
      8.23351263942803
    ]
  },
  "p_high": 0.20389805097451275,
  "p_high_mf": 0.6911544227886057,
  "p_low": 0.7966016991504248,
  "p_low_mf": 0.30934532733633185,
  "p_two_sided": 0.4077961019490255,
  "p_two_sided_mf": 0.6186906546726637,
  "provenance": {
    "dat_url": "GAUSSIAN_CONTROL_FROM: https://github.com/gradient-pulse/phi-mesh/releases/download/data-2026-02-15-planck-lensing-R3/planck_pr3_lensing_mv_dat_klm.fits",
    "mf_url": "GAUSSIAN_CONTROL_MF_ZERO_FROM: https://github.com/gradient-pulse/phi-mesh/releases/download/data-2026-02-15-planck-lensing-R3/planck_pr3_lensing_mv_mf_klm.fits"
  },
  "seed": 731,
  "surrogate": {
    "D0_mean": 0.002127032423032073,
    "D0_std": 0.0010730863411103735,
    "D1_mean": 13.269283047389601,
    "D1_std": 2.6224449157765015,
    "D_mf_mean": 13.269283252075791,
    "D_mf_std": 2.6224449621547925,
    "v0_mean_curve": [
      0.9987340075174981,
      0.9982354469299338,
      0.9975640131632468,
      0.9966723086039231,
      0.9954989725748687,
      0.9939709917704246,
      0.9920015455881744,
      0.9894937979380262,
      0.986328305562337,
      0.9823774528503421,
      0.9774908332824711,
      0.9715161552429202,
      0.9642886358896894,
      0.9556233164469389,
      0.9453485374450707,
      0.933289452234902,
      0.9192791188557942,
      0.9031641190846741,
      0.884811173121134,
      0.8641219628651947,
      0.8410408706665053,
      0.815549850463868,
      0.78767552693685,
      0.7575012238820397,
      0.7251653569539386,
      0.6908607273101802,
      0.6548137658437092,
      0.6173174552917472,
      0.5787140057881665,
      0.5393420193990068,
      0.4995808258056645,
      0.45983477401733347,
      0.42048970667521046,
      0.3819368578592946,
      0.3445237318674728,
      0.3085815868377687,
      0.27437568600972534,
      0.24215567843119326,
      0.21210767491658555,
      0.18435332234700544,
      0.15897090911865217,
      0.13599646631876616,
      0.11539767646789552,
      0.09710799535115554,
      0.08104815228780121,
      0.06707084528605145,
      0.055029590606689494,
      0.04476188151041665,
      0.03609240277608231,
      0.02884529431660973,
      0.022846483866373703,
      0.017934496561686233,
      0.013950598398844426,
      0.010751776377360025,
      0.00821179262797037,
      0.0062136046091715354,
      0.004656786600748701,
      0.0034556999206542976,
      0.0025413608551025425,
      0.0018501186370849594,
      0.0013346163431803386
    ],