{
  "diagnostics": {
    "excess_kurt_x_obs": -0.16726760278825425,
    "imag_frac_nonzero_eps1e-12": 0.9846153846153847,
    "imag_max_abs": 0.018737264619229886,
    "skew_x_obs": 0.04471800444628484,
    "v1_delta_bandwidth_dnu": 0.10000000000000009,
    "v1_symmetry_corr": 0.9991209123461109,
    "verify_l2_from_curves": {
      "D0_match": true,
      "D0_recomputed": 0.006240242080085417,
      "D0_reported": 0.006240242080085417,
      "D1_match": true,
      "D1_recomputed": 8.431631810376585,
      "D1_reported": 8.431631810376585,
      "tol_abs": 1e-12,
      "tol_rel": 1e-10,
      "verify_dnu": 0.10000000000000009
    }
  },
  "hint": "This script compares observed morphology against phase-randomized surrogates that preserve |a_lm|. V0(nu) is excursion-set area fraction; V1(nu) is a perimeter proxy estimated from |\u2207x| in a nu-band. Distances D0 and D1 are L2 distances (sqrt(sum((a-b)^2)*dnu)) to surrogate-mean curves. D_mf combines them as sqrt(D0^2 + D1^2). Z_mf is the scale-free combined z-distance.",
  "kind": "planck_pr3_lensing_phi_topology_mf_v0_v1",
  "lmax": 128,
  "metric": "Minkowski-style morphology: V0(area) + V1(perimeter proxy) vs phase-random surrogates",
  "n_sims": 2000,
  "nside": 256,
  "observed": {
    "D0_L2": 0.006240242080085417,
    "D0_sum_sq_legacy": 0.00038940621218068726,
    "D1_L2": 8.431631810376585,
    "D1_sum_sq_legacy": 710.9241498575426,
    "D_mf": 8.43163411957466,
    "Z0": -0.5753408391079919,
    "Z1": -1.2760529308273834,
    "Z_mf": 1.3997600377988517,
    "map_mean": 1.4711177637472447e-08,
    "map_std": 0.031534641936731944,
    "v0_curve": [
      0.9991811116536459,
      0.9987653096516927,
      0.9982884724934896,
      0.997589111328125,
      0.9966227213541666,
      0.9953282674153646,
      0.9937311808268229,
      0.9914944966634115,
      0.9886436462402344,
      0.9848861694335938,
      0.9800504048665365,
      0.9742291768391927,
      0.9667345682779948,
      0.957787831624349,
      0.9475084940592448,
      0.9348602294921875,
      0.9202105204264323,
      0.9031448364257812,
      0.8839073181152344,
      0.8622881571451823,
      0.8379325866699219,
      0.811163584391276,
      0.7824999491373698,
      0.7517102559407552,
      0.7189483642578125,
      0.6846809387207031,
      0.6484578450520834,
      0.610876719156901,
      0.5724385579427084,
      0.5335515340169271,
      0.4950002034505208,
      0.4564857482910156,
      0.41875457763671875,
      0.3818651835123698,
      0.3454488118489583,
      0.3106956481933594,
      0.27706273396809894,
      0.24512863159179688,
      0.2152837117513021,
      0.1877415974934896,
      0.16291300455729166,
      0.14009730021158853,
      0.11972554524739583,
      0.10107167561848958,
      0.08464304606119792,
      0.06995137532552083,
      0.057309468587239586,
      0.046513875325520836,
      0.03744379679361979,
      0.029513041178385418,
      0.023240407307942707,
      0.017866770426432293,
      0.013757069905598959,
      0.0103302001953125,
      0.007668813069661458,
      0.005619049072265625,
      0.004025777180989583,
      0.0028394063313802085,
      0.001964569091796875,
      0.001308441162109375,
      0.00084686279296875
    ],
    "v1_curve": [
      2.3102679773102444,
      3.2278898553884066,
      4.2050518013767,
      5.839089746805484,
      9.168920981456619,
      11.564395976833163,
      15.225509756836857,
      20.176715714321066,
      25.51552182895197,
      34.541234376487004,
      43.93162709586677,
      52.89804288955489,
      67.04455226277605,
      82.35559563622266,
      97.39939072060567,
      119.44083601123408,
      140.44392281018938,
      158.02576428243083,
      178.4385580711208,
      195.87398811439766,
      217.230986030343,
      241.63874948593286,
      262.44313055604954,
      280.0056041518679,
      296.56764546626454,
      316.7449789157145,
      332.321760859197,
      337.6512757017021,
      346.20619503439866,
      351.13488888179353,
      347.26578348971844,
      343.51897646979876,
      337.18500900316104,
      325.6159916418462,
      321.4244487993014,
      297.9069555416966,
      285.72748134415696,
      266.8853670140769,
      247.02707192885035,
      219.29667653954394,
      201.5710916026077,
      180.19880152815992,
      161.25417144731927,
      144.32416265577592,
      124.04403777272051,
      107.6738408221117,
      93.20232144731854,
      77.09203717418413,
      65.39609563040753,
      54.03933268487505,
      44.562660301879696,
      36.02526795079796,
      28.971836541323963,
      22.57070036759887,
      18.175125719928708,
      13.332211812932893,
      10.660959100336894,
      7.2878604317009685,
      5.423265731362899,
      3.861334443747731,
      2.665756461583492
    ]
  },
  "p_high": 0.6606696651674163,
  "p_high_mf": 0.928535732133933,
  "p_low": 0.33983008495752126,
  "p_low_mf": 0.07196401799100449,
  "p_two_sided": 0.6796601699150425,
  "p_two_sided_mf": 0.14392803598200898,
  "provenance": {
    "dat_url": "GAUSSIAN_CONTROL_FROM: https://github.com/gradient-pulse/phi-mesh/releases/download/data-2026-02-15-planck-lensing-R3/planck_pr3_lensing_mv_dat_klm.fits",
    "mf_url": "GAUSSIAN_CONTROL_MF_ZERO_FROM: https://github.com/gradient-pulse/phi-mesh/releases/download/data-2026-02-15-planck-lensing-R3/planck_pr3_lensing_mv_mf_klm.fits"
  },
  "seed": 731,
  "surrogate": {
    "D0_mean": 0.009435174006287479,
    "D0_std": 0.005553111667086735,
    "D1_mean": 17.33953689670915,
    "D1_std": 6.980827261261603,
    "D_mf_mean": 17.339539770555557,
    "D_mf_std": 6.980828707500874,
    "v0_mean_curve": [
      0.9989304873148604,
      0.9984718596140559,
      0.9978438002268488,
      0.9969953619639075,
      0.9958604901631669,
      0.9943668384552001,
      0.9924224344889325,
      0.9899227199554438,
      0.9867442804972333,
      0.9827508691151956,
      0.9777932071685789,
      0.9717097905476895,
      0.9643349583943679,
      0.9554925537109384,
      0.9450077641805023,
      0.9327091738382962,
      0.9184390494028725,
      0.9020594221750899,
      0.8834607181549063,
      0.8625583597819031,
      0.8393046531677252,
      0.8137009213765461,
      0.7857948665618892,
      0.7556663417816158,
      0.7234656759897868,
      0.6893817539215079,
      0.6536332976023362,
      0.6165056374867753,
      0.5783159160614012,
      0.5393939921061195,
      0.50010054842631,
      0.46080002085367816,
      0.42186036427815726,
      0.3836455891927082,
      0.3464957154591885,
      0.3107107480367023,
      0.27657823816935184,
      0.24432926432291702,
      0.21416288630167665,
      0.18622375551859574,
      0.16060127512613898,
      0.1373296267191572,
      0.11641899617513027,
      0.09781379063924156,
      0.08144623247782377,
      0.06719274775187177,
      0.0549072691599528,
      0.04443581962585449,
      0.03560941696166993,
      0.02825318717956544,
      0.022185599009195978,
      0.017237257639567027,
      0.01325472323099773,
      0.01008147621154784,
      0.007585804621378596,
      0.005644066492716475,
      0.004154770533243816,
      0.0030232137044270816,
      0.002174969991048182,
      0.0015466594696044915,
      0.00108721733093262
    ],