{
  "diagnostics": {
    "excess_kurt_x_obs": 0.15159855366183228,
    "imag_frac_nonzero_eps1e-12": 0.9846153846153847,
    "imag_max_abs": 0.024910244685962535,
    "skew_x_obs": 0.24869257649428048,
    "v1_delta_bandwidth_dnu": 0.10000000000000009,
    "v1_symmetry_corr": 0.9917964727594762,
    "verify_l2_from_curves": {
      "D0_match": true,
      "D0_recomputed": 0.017468265817431695,
      "D0_reported": 0.017468265817431695,
      "D1_match": true,
      "D1_recomputed": 26.329591173870124,
      "D1_reported": 26.329591173870124,
      "tol_abs": 1e-12,
      "tol_rel": 1e-10,
      "verify_dnu": 0.10000000000000009
    }
  },
  "hint": "This script compares observed morphology against phase-randomized surrogates that preserve |a_lm|. V0(nu) is excursion-set area fraction; V1(nu) is a perimeter proxy estimated from |\u2207x| in a nu-band. Distances D0 and D1 are L2 distances (sqrt(sum((a-b)^2)*dnu)) to surrogate-mean curves. D_mf combines them as sqrt(D0^2 + D1^2). Z_mf is the scale-free combined z-distance.",
  "kind": "planck_pr3_lensing_phi_topology_mf_v0_v1",
  "lmax": 128,
  "metric": "Minkowski-style morphology: V0(area) + V1(perimeter proxy) vs phase-random surrogates",
  "n_sims": 2000,
  "nside": 256,
  "observed": {
    "D0_L2": 0.017468265817431695,
    "D0_sum_sq_legacy": 0.0030514031066845235,
    "D1_L2": 26.329591173870124,
    "D1_sum_sq_legacy": 6932.473713831389,
    "D_mf": 26.32959696849631,
    "Z0": 1.3660520758377166,
    "Z1": 1.8107593716150805,
    "Z_mf": 2.26824773245613,
    "map_mean": 8.463073578668262e-09,
    "map_std": 0.030651622031725525,
    "v0_curve": [
      0.9994557698567709,
      0.9991874694824219,
      0.9987780253092448,
      0.9982515970865885,
      0.9975204467773438,
      0.9965095520019531,
      0.9951642354329427,
      0.9932632446289062,
      0.9907455444335938,
      0.9874725341796875,
      0.9832013448079427,
      0.9780807495117188,
      0.9717241923014323,
      0.9636154174804688,
      0.9536794026692709,
      0.9417584737141927,
      0.927466074625651,
      0.9110590616861979,
      0.8922144571940104,
      0.8706576029459635,
      0.8459637959798177,
      0.8184763590494791,
      0.7883961995442709,
      0.7558364868164062,
      0.7201194763183594,
      0.6820780436197916,
      0.6429519653320312,
      0.6022313435872396,
      0.5614178975423177,
      0.5209643046061198,
      0.48068873087565106,
      0.4411824544270833,
      0.40263112386067706,
      0.36525853474934894,
      0.329681396484375,
      0.29572296142578125,
      0.2635650634765625,
      0.23357772827148438,
      0.20537948608398438,
      0.17942937215169272,
      0.15613683064778647,
      0.13500086466471353,
      0.11664581298828125,
      0.10016250610351562,
      0.08563486735026042,
      0.07291030883789062,
      0.06179682413736979,
      0.05229949951171875,
      0.043896993001302086,
      0.036777496337890625,
      0.030634562174479168,
      0.025318145751953125,
      0.020640055338541668,
      0.01662445068359375,
      0.013278961181640625,
      0.010487874348958334,
      0.008307139078776041,
      0.006613413492838542,
      0.00518798828125,
      0.004076639811197917,
      0.0031941731770833335
    ],
    "v1_curve": [
      2.1169777750576135,
      2.5803769444497138,
      4.627725650950984,
      5.631920806635483,
      7.03897837123411,
      10.782402215633867,
      12.526069418923482,
      18.092804654710598,
      25.209586392517547,
      31.94973099570856,
      42.01124524298178,
      48.575461267130365,
      62.72286332039029,
      78.10043057596378,
      99.10312810191122,
      117.88280400248071,
      133.9005316413362,
      158.80595587539074,
      183.70031402688025,
      217.16016193223786,
      237.13415226574634,
      264.4565652278391,
      294.0819756173749,
      322.21162197337657,
      343.6319293915637,
      364.4765008360319,
      374.2602743313895,
      384.27218402841504,
      393.92789865791957,
      386.8988380844092,
      388.81777640166155,
      370.9397065122678,
      361.20447288108346,
      345.0498571860864,
      318.45468775950565,
      298.13824030828556,
      276.2686543497399,
      250.94357975802419,
      226.28554597299134,
      204.09188847576803,
      182.15409246823708,
      158.85987834366705,
      135.58477496158037,
      119.89015855736992,
      105.50917096190382,
      89.75294480686652,
      77.75381191508586,
      67.76750421336563,
      56.268947106193025,
      48.2814739888112,
      40.84483556385222,
      34.78780205148569,
      30.250686573914987,
      23.866340933617384,
      21.271106510039406,
      16.598161060927332,
      13.12729152374717,
      11.173544434110026,
      8.801906135745888,
      7.092186075314649,
      5.485484210245893
    ]
  },
  "p_high": 0.10794602698650675,
  "p_high_mf": 0.06146926536731634,
  "p_low": 0.8925537231384307,
  "p_low_mf": 0.9390304847576212,
  "p_two_sided": 0.2158920539730135,
  "p_two_sided_mf": 0.12293853073463268,
  "provenance": {
    "dat_url": "GAUSSIAN_CONTROL_FROM: https://github.com/gradient-pulse/phi-mesh/releases/download/data-2026-02-15-planck-lensing-R3/planck_pr3_lensing_mv_dat_klm.fits",
    "mf_url": "GAUSSIAN_CONTROL_MF_ZERO_FROM: https://github.com/gradient-pulse/phi-mesh/releases/download/data-2026-02-15-planck-lensing-R3/planck_pr3_lensing_mv_mf_klm.fits"
  },
  "seed": 731,
  "surrogate": {
    "D0_mean": 0.009883446111762317,
    "D0_std": 0.005552364979217992,
    "D1_mean": 15.040645295111734,
    "D1_std": 6.234371090781311,
    "D_mf_mean": 15.040648799196525,
    "D_mf_std": 6.234372943413327,
    "v0_mean_curve": [
      0.998770353953044,
      0.9982921180725104,
      0.9976504179636618,
      0.996797086079914,
      0.9956752007802324,
      0.9942111352284759,
      0.9923181826273615,
      0.9899015076955162,
      0.9868402601877825,
      0.9830044275919593,
      0.9782501316070548,
      0.9724109090169285,
      0.9653164679209386,
      0.9567889099121101,
      0.946638945897422,
      0.9346697839101141,
      0.9207130750020341,
      0.9045967222849517,
      0.8861903184254956,
      0.8653850212097154,
      0.8421129957834871,
      0.8163584257761639,
      0.7881495412190754,
      0.757583345413208,
      0.7247986202239984,
      0.6900145479838061,
      0.653471947987875,
      0.6155035667419428,
      0.5764732615152995,
      0.5367382895151765,
      0.49671760495503775,
      0.4568063386281335,
      0.41741003481547045,
      0.3789221216837566,
      0.3416797154744463,
      0.30598696581522594,
      0.2721229178110759,
      0.24030123011271196,
      0.21068001111348483,
      0.18338778177897128,
      0.15846503766377787,
      0.13591882514953596,
      0.1157086881001789,
      0.0977563819885255,
      0.08195539347330716,
      0.0681800053914387,
      0.05628158887227369,
      0.046088615417480445,
      0.03743617057800292,
      0.030159051895141623,
      0.024100953420003277,
      0.01909365971883137,
      0.014997569402058908,
      0.011678912480672203,
      0.009013468424479185,
      0.006893119812011718,
      0.005222808202107745,
      0.003919924418131518,
      0.00291352844238281,
      0.0021433048248291004,
      0.0015609181722005191
    ],