D1_L2_mean,D1_L2_std,D_mf_mean,D_mf_std,Z_mf_mean,Z_mf_std,cohort,lmax,n_rows,p_two_sided_mf_mean,p_two_sided_mf_std,v1_energy_ratio_mean,v1_energy_ratio_std,v1_peak_shift_mean,v1_peak_shift_std
19.49778382805292,13.06672682370577,19.497788920321092,13.066731372716331,1.5994281622757893,1.090380989560213,gaussian,128,40,0.3798350824587705,0.29950333728248024,1.0026159943580857,0.010699619935365019,-0.020000000000000007,0.13243285671789132
16.835043411459388,6.656019399206956,16.835044308000274,6.656020148556679,1.162047194267129,0.6105702984386698,gaussian,192,40,0.4752123938030984,0.2831952907184616,1.0015288184123634,0.005698632004533759,0.012499999999999989,0.08825226081218288
18.407934525471507,6.053481960570728,18.40793475146424,6.053482131454554,1.1684383370257534,0.8133279785821758,gaussian,256,40,0.4910544727636183,0.2871217234831364,0.9993644399351901,0.004431088105635657,-0.004999999999999982,0.09323254631461961
22.82447823053547,5.189261656101892,22.82447836539682,5.189261785904653,1.373749854718378,1.2266331823250252,gaussian,320,40,0.49670164917541226,0.3273266340534372,0.9999895659710853,0.00300281330585102,0.012500000000000044,0.08529736822224368
