D1_L2_mean,D1_L2_std,D_mf_mean,D_mf_std,Z_mf_mean,Z_mf_std,cohort,gc_v1_mean_bump_count_mean,gc_v1_mean_bump_count_std,gc_v1_mean_peak_height_mean,gc_v1_mean_peak_height_std,gc_v1_obs_bump_count_mean,gc_v1_obs_bump_count_std,gc_v1_obs_peak_height_mean,gc_v1_obs_peak_height_std,lmax,n_rows,p_two_sided_mf_mean,p_two_sided_mf_std,v1_energy_ratio_mean,v1_energy_ratio_std,v1_peak_shift_mean,v1_peak_shift_std
19.32924085486069,7.880496063131125,19.329246059508122,7.880497179661589,1.2178496755355865,0.9163423618091091,gaussian,1.0,0.0,334.77977443510866,55.32152297902159,1.6666666666666667,0.5773502691896257,348.23045220877793,59.389968987105696,128,3,0.4904214559386973,0.34547785536275716,1.0126826722687736,0.01010030305568345,-0.10000000000000009,0.0
15.846629942460057,2.6133910046108437,15.846630216350002,2.6133911100509857,1.2235912583542605,0.4640914338075194,gaussian,1.0,0.0,639.4389129958025,60.703202410780115,1.6666666666666667,0.5773502691896257,652.0538227070475,59.984991023372935,192,3,0.6260203231717475,0.4032340449279062,1.0054560260447898,0.007484964866368134,0.03333333333333336,0.05773502691896264
19.30393195560028,7.839955155640797,19.303932393842654,7.839955688332347,1.632796567833786,0.949656652800176,gaussian,1.0,0.0,933.0219588139267,25.50972943861865,1.3333333333333333,0.5773502691896257,944.5535536911806,31.819595069198474,256,3,0.29585207396301844,0.2961153386522579,1.0028230965235592,0.0016551226509735827,-0.0999999999999998,2.5645761365345365e-16
22.290166648944567,1.3433411276492033,22.29016669547326,1.3433411122882137,0.6343219287154946,0.31069251036069473,gaussian,1.0,0.0,1272.161503573707,16.286761479839026,1.3333333333333333,0.5773502691896257,1272.8237780272027,12.586263306818283,320,3,0.5450608029318674,0.19331568233735594,0.9994375654560127,0.003417047806128116,-0.033333333333333215,0.05773502691896237
