D1_L2_mean,D1_L2_std,D_mf_mean,D_mf_std,Z_mf_mean,Z_mf_std,cohort,gc_v1_mean_bump_count_mean,gc_v1_mean_bump_count_std,gc_v1_mean_peak_height_mean,gc_v1_mean_peak_height_std,gc_v1_obs_bump_count_mean,gc_v1_obs_bump_count_std,gc_v1_obs_peak_height_mean,gc_v1_obs_peak_height_std,lmax,n_rows,p_two_sided_mf_mean,p_two_sided_mf_std,v1_energy_ratio_mean,v1_energy_ratio_std,v1_peak_shift_mean,v1_peak_shift_std
20.86379903083497,0.0,20.863805072880773,0.0,0.582281876315393,0.0,gaussian,1.0,0.0,271.2174307234016,0.0,1.0,0.0,281.0988207993301,0.0,128,1,0.8085957021489255,0.0,1.0026877639125937,0.0,-0.10000000000000009,0.0
18.85066752931705,0.0,18.85066791674022,0.0,1.084881866491675,0.0,gaussian,1.0,0.0,577.5218019984361,0.0,1.0,0.0,594.2516817307159,0.0,192,1,0.6866566716641679,0.0,1.0124368691168337,0.0,0.0,0.0
19.30393195560028,7.839955155640797,19.303932393842654,7.839955688332347,1.632796567833786,0.949656652800176,gaussian,1.0,0.0,933.0219588139267,25.50972943861865,1.3333333333333333,0.5773502691896257,944.5535536911806,31.819595069198474,256,3,0.29585207396301844,0.2961153386522579,1.0028230965235592,0.0016551226509735827,-0.0999999999999998,2.5645761365345365e-16
22.28465625595231,0.0,22.284656309745074,0.0,0.4016921421606143,0.0,gaussian,1.0,0.0,1255.0825386696179,0.0,1.0,0.0,1265.1787717781106,0.0,320,1,0.656671664167916,0.0,1.0033496212559552,0.0,0.0,0.0
