D1_L2_mean,D1_L2_std,D_mf_mean,D_mf_std,Z_mf_mean,Z_mf_std,cohort,gc_v1_mean_bump_count_mean,gc_v1_mean_bump_count_std,gc_v1_mean_peak_height_mean,gc_v1_mean_peak_height_std,gc_v1_obs_bump_count_mean,gc_v1_obs_bump_count_std,gc_v1_obs_peak_height_mean,gc_v1_obs_peak_height_std,lmax,n_rows,p_two_sided_mf_mean,p_two_sided_mf_std,v1_energy_ratio_mean,v1_energy_ratio_std,v1_peak_shift_mean,v1_peak_shift_std
20.86379903083497,0.0,20.863805072880773,0.0,0.582281876315393,0.0,gaussian,1.0,0.0,271.2174307234016,0.0,1.0,0.0,281.0988207993301,0.0,128,1,0.8085957021489255,0.0,1.0026877639125937,0.0,-0.10000000000000009,0.0
18.85066752931705,0.0,18.85066791674022,0.0,1.084881866491675,0.0,gaussian,1.0,0.0,577.5218019984361,0.0,1.0,0.0,594.2516817307159,0.0,192,1,0.6866566716641679,0.0,1.0124368691168337,0.0,0.0,0.0
17.973974023567653,6.931936980302005,17.9739743971801,6.931937431547535,1.5540678062542719,0.7912172333844006,gaussian,1.0,0.0,926.4033091963321,24.679079299336916,1.5,0.5773502691896257,936.6703272209012,30.39032946907109,256,4,0.2513743128435782,0.25762236081821954,1.0026047676531569,0.0014201962220464308,-0.09999999999999987,2.5639502485114184e-16
22.28465625595231,0.0,22.284656309745074,0.0,0.4016921421606143,0.0,gaussian,1.0,0.0,1255.0825386696179,0.0,1.0,0.0,1265.1787717781106,0.0,320,2,0.656671664167916,0.0,1.0033496212559552,0.0,0.0,0.0
