D1_L2_mean,D1_L2_std,D_mf_mean,D_mf_std,Z_mf_mean,Z_mf_std,cohort,lmax,n_rows,p_two_sided_mf_mean,p_two_sided_mf_std,v1_energy_ratio_mean,v1_energy_ratio_std,v1_peak_shift_mean,v1_peak_shift_std
21.913419745779045,13.927527771548645,21.913424264509576,13.927531010011963,1.1249781054067163,0.9393304450450819,gaussian,128,10,0.5222388805597201,0.35838066055471324,1.0108593652277231,0.01687102012170398,0.05,0.11785113019775798
18.44574638911212,10.343268290682495,18.44574730796383,10.343269078412572,1.4327588341670237,0.9797560573053297,gaussian,192,10,0.4256871564217891,0.3580621818741078,1.0044140814589715,0.006369168397564891,-0.029999999999999936,0.08232726023485633
17.932209258143068,4.328232866962697,17.932209450367633,4.328233099641097,1.422363640219999,0.7166832807747127,gaussian,256,10,0.3485257371314343,0.2473794191373484,1.0008716216046536,0.003972032465693898,0.010000000000000009,0.05676462121975472
21.086928011678424,1.406953312294017,21.086928041960512,1.406953319167664,0.8776328403988236,0.3497295392450253,gaussian,320,10,0.6697651174412793,0.16327376978684452,0.9996840777270203,0.0031189909894490946,0.020000000000000108,0.10327955589886428
