D1_L2_mean,D1_L2_std,D_mf_mean,D_mf_std,Z_mf_mean,Z_mf_std,cohort,gc_v1_mean_bump_count_mean,gc_v1_mean_bump_count_std,gc_v1_mean_peak_height_mean,gc_v1_mean_peak_height_std,gc_v1_obs_bump_count_mean,gc_v1_obs_bump_count_std,gc_v1_obs_peak_height_mean,gc_v1_obs_peak_height_std,lmax,n_rows,p_two_sided_mf_mean,p_two_sided_mf_std,v1_energy_ratio_mean,v1_energy_ratio_std,v1_peak_shift_mean,v1_peak_shift_std
21.317070770951734,12.534616830904309,21.317075447970783,12.534619619456919,1.1464100062056863,0.8963047266308477,gaussian,1.0,0.0,316.62664932242694,40.821773890948506,1.7692307692307692,0.5991446895152781,327.4417136611736,39.86912495224094,128,13,0.5148963979548686,0.3411959806690899,1.0112801283910426,0.015202483151168403,0.015384615384615365,0.12142318453899058
17.845950286038565,9.09256937763224,17.845951056052947,9.092570090200354,1.3844893935948475,0.8742150347125034,gaussian,1.0,0.0,612.9496436259286,42.42611116806327,1.6923076923076923,0.6304251719561152,626.7151056431346,45.03945702533889,192,13,0.4719178872102411,0.36190325730481426,1.004654530209545,0.0063222589286362745,-0.01538461538461533,0.08006407690254347
18.248760649863964,4.965500971118748,18.24876089886187,4.965501276477418,1.4709250850539501,0.7375974009664167,gaussian,1.0,0.0,947.5952023577963,21.94386715884267,1.5384615384615385,0.5188745216627707,957.1040111975628,27.967170565731973,256,13,0.3363702764002614,0.24707294926920148,1.0013219619705547,0.003608560636949991,-0.01538461538461533,0.06887372317211941
21.364598466432145,1.4365997927140626,21.364598500463458,1.4365997979857716,0.8214841684719014,0.3452622521524732,gaussian,1.0,0.0,1277.2059754661236,32.1868736402837,1.5384615384615385,0.5188745216627707,1282.5832079127736,35.06908377176495,320,13,0.640987198708338,0.1709176525564218,0.9996271902798648,0.0030420060416197557,0.007692307692307802,0.0954073587443027
