{
  "diagnostics": {
    "excess_kurt_x_obs": -0.013523854183386419,
    "imag_frac_nonzero_eps1e-12": 0.9922480620155039,
    "imag_max_abs": 0.030952321776848857,
    "skew_x_obs": -0.04485743184915423,
    "v1_delta_bandwidth_dnu": 0.10000000000000009,
    "v1_symmetry_corr": 0.9996887860312266,
    "verify_l2_from_curves": {
      "D0_match": true,
      "D0_recomputed": 0.0038068795771356826,
      "D0_reported": 0.0038068795771356826,
      "D1_match": true,
      "D1_recomputed": 20.698704927105133,
      "D1_reported": 20.698704927105133,
      "tol_abs": 1e-12,
      "tol_rel": 1e-10,
      "verify_dnu": 0.10000000000000009
    }
  },
  "hint": "This script compares observed morphology against phase-randomized surrogates that preserve |a_lm|. V0(nu) is excursion-set area fraction; V1(nu) is a perimeter proxy estimated from |\u2207x| in a nu-band. Distances D0 and D1 are L2 distances (sqrt(sum((a-b)^2)*dnu)) to surrogate-mean curves. D_mf combines them as sqrt(D0^2 + D1^2). Z_mf is the scale-free combined z-distance.",
  "kind": "planck_pr3_lensing_phi_topology_mf_v0_v1",
  "lmax": 256,
  "metric": "Minkowski-style morphology: V0(area) + V1(perimeter proxy) vs phase-random surrogates",
  "n_sims": 2000,
  "nside": 256,
  "observed": {
    "D0_L2": 0.0038068795771356826,
    "D0_sum_sq_legacy": 0.00014492332114812741,
    "D1_L2": 20.698704927105133,
    "D1_sum_sq_legacy": 4284.36385659366,
    "D_mf": 20.698705277183365,
    "Z0": 0.08998045513334614,
    "Z1": -0.019664713508350647,
    "Z_mf": 0.09210419785965039,
    "map_mean": 3.923175442612411e-08,
    "map_std": 0.04998636979952889,
    "v0_curve": [
      0.9983927408854166,
      0.9978421529134115,
      0.9971059163411459,
      0.9961535135904948,
      0.9949022928873698,
      0.9932238260904948,
      0.9911359151204427,
      0.9884796142578125,
      0.985198974609375,
      0.9811846415201823,
      0.9762713114420573,
      0.970160166422526,
      0.9628995259602865,
      0.9540939331054688,
      0.9437637329101562,
      0.9318987528483073,
      0.917870839436849,
      0.9018719991048177,
      0.8838615417480469,
      0.863311767578125,
      0.8406931559244791,
      0.8156967163085938,
      0.7883211771647135,
      0.7585258483886719,
      0.7271041870117188,
      0.6931025187174479,
      0.6575228373209635,
      0.6204249064127604,
      0.5815086364746094,
      0.5424639383951823,
      0.5032183329264323,
      0.46381505330403644,
      0.42436854044596356,
      0.3854624430338542,
      0.34795252482096356,
      0.3114458719889323,
      0.27684656778971356,
      0.24403889973958334,
      0.21325047810872397,
      0.1849034627278646,
      0.15867741902669272,
      0.13512802124023438,
      0.1140149434407552,
      0.0954577128092448,
      0.0792681376139323,
      0.0651563008626302,
      0.05312983194986979,
      0.04290135701497396,
      0.034435272216796875,
      0.027208964029947918,
      0.021361033121744793,
      0.016749064127604168,
      0.012961069742838541,
      0.009908040364583334,
      0.007397969563802083,
      0.005526224772135417,
      0.004091898600260417,
      0.0030263264973958335,
      0.002162933349609375,
      0.001529693603515625,
      0.0010922749837239583
    ],
    "v1_curve": [
      11.619729593983452,
      13.57907892459512,
      18.71442608526029,
      23.309989928039123,
      31.839835050180476,
      41.42784892861465,
      51.84688597475771,
      66.8948626020854,
      81.54626743681696,
      98.49044829301909,
      123.80374295887869,
      152.30993413751838,
      179.4673992809715,
      216.03041523478421,
      252.48373972825954,
      293.0512351848125,
      354.75574446780234,
      392.3678337590554,
      448.46742686561385,
      486.2039457220841,
      538.5183575119074,
      610.0563149631121,
      655.1296560210217,
      705.3680683616581,
      768.450103983023,
      804.2506337599879,
      843.2138248319626,
      892.4027495621565,
      897.2367260903544,
      910.5197533110183,
      900.7946475983571,
      913.9309548260039,
      907.557140573558,
      891.5342271374461,
      864.4590300061807,
      821.6959339446057,
      783.1119996201489,
      733.1662086157171,
      677.018595311593,
      620.3602733461704,
      567.0893012645435,
      515.255037211028,
      462.89873086003905,
      397.0893339546837,
      357.7823127386376,
      299.11254500196077,
      251.99437982330858,
      210.58278341938328,
      182.9934259269718,
      146.6860097451905,
      121.2066068170404,
      99.21507974379459,
      77.34449883788486,
      62.80853618961203,
      51.03470330643678,
      38.44965355774513,
      27.927233806833932,
      21.025143430967063,
      16.268039185802596,
      11.685983561140683,
      8.75709173997439
    ]
  },
  "p_high": 0.3733133433283358,
  "p_high_mf": 0.4287856071964018,
  "p_low": 0.6271864067966016,
  "p_low_mf": 0.5717141429285357,
  "p_two_sided": 0.7466266866566716,
  "p_two_sided_mf": 0.8575712143928036,
  "provenance": {
    "dat_url": "GAUSSIAN_CONTROL_FROM: https://github.com/gradient-pulse/phi-mesh/releases/download/data-2026-02-15-planck-lensing-R3/planck_pr3_lensing_mv_dat_klm.fits",
    "mf_url": "GAUSSIAN_CONTROL_MF_ZERO_FROM: https://github.com/gradient-pulse/phi-mesh/releases/download/data-2026-02-15-planck-lensing-R3/planck_pr3_lensing_mv_mf_klm.fits"
  },
  "seed": 731,
  "surrogate": {
    "D0_mean": 0.0035908759287137906,
    "D0_std": 0.0024005618564807906,
    "D1_mean": 20.813774260254615,
    "D1_std": 5.851564178680614,
    "D_mf_mean": 20.81377462668402,
    "D_mf_std": 5.851564469401938,
    "v0_mean_curve": [
      0.9986891415913903,
      0.9981806634267156,
      0.9974978237152102,
      0.9965916347503683,
      0.9954033610026023,
      0.9938605950673441,
      0.9918757101694746,
      0.9893494078318292,
      0.9861675052642832,
      0.9821985626220706,
      0.9773020496368422,
      0.9713177750905324,
      0.9640813236236577,
      0.9554176998138437,
      0.9451492074330656,
      0.9331027189890532,
      0.9191094646453863,
      0.9030201536814376,
      0.884709744771322,
      0.8640788122812917,
      0.841062400817871,
      0.8156406459808342,
      0.7878412933349598,
      0.7577305596669516,
      0.7254506848653157,
      0.6911994355519622,
      0.6552039775848387,
      0.6177524998982744,
      0.579160389582316,
      0.5398009891510006,
      0.5000378570556651,
      0.4602880687713627,
      0.42092262140909875,
      0.3823288135528565,
      0.3448666826883946,
      0.30886082204182885,
      0.2745950082143148,
      0.24230649693807008,
      0.2122004375457762,
      0.18437526766459192,
      0.15893591054280568,
      0.13590485509236658,
      0.11526409085591649,
      0.09694415346781399,
      0.08085306549072269,
      0.0668593215942381,
      0.05481348927815749,
      0.044546892166137775,
      0.03588440895080564,
      0.028647468566894548,
      0.022666023254394516,
      0.01777176856994625,
      0.013802759170532223,
      0.010623314539591476,
      0.008100426991780615,
      0.006118973414103179,
      0.004579093297322586,
      0.003393068949381514,
      0.002490269978841147,
      0.0018097324371337898,
      0.0013017578124999995
    ],