{
  "diagnostics": {
    "excess_kurt_x_obs": -0.04571355993255066,
    "imag_frac_nonzero_eps1e-12": 0.9896907216494846,
    "imag_max_abs": 0.010789555073772864,
    "skew_x_obs": -0.016330994712547914,
    "v1_delta_bandwidth_dnu": 0.10000000000000009,
    "v1_symmetry_corr": 0.999067487664,
    "verify_l2_from_curves": {
      "D0_match": true,
      "D0_recomputed": 0.001969004378092918,
      "D0_reported": 0.001969004378092918,
      "D1_match": true,
      "D1_recomputed": 14.096354879133528,
      "D1_reported": 14.096354879133528,
      "tol_abs": 1e-12,
      "tol_rel": 1e-10,
      "verify_dnu": 0.10000000000000009
    }
  },
  "hint": "This script compares observed morphology against phase-randomized surrogates that preserve |a_lm|. V0(nu) is excursion-set area fraction; V1(nu) is a perimeter proxy estimated from |\u2207x| in a nu-band. Distances D0 and D1 are L2 distances (sqrt(sum((a-b)^2)*dnu)) to surrogate-mean curves. D_mf combines them as sqrt(D0^2 + D1^2). Z_mf is the scale-free combined z-distance.",
  "kind": "planck_pr3_lensing_phi_topology_mf_v0_v1",
  "lmax": 192,
  "metric": "Minkowski-style morphology: V0(area) + V1(perimeter proxy) vs phase-random surrogates",
  "n_sims": 2000,
  "nside": 256,
  "observed": {
    "D0_L2": 0.001969004378092918,
    "D0_sum_sq_legacy": 3.876978240949075e-05,
    "D1_L2": 14.096354879133528,
    "D1_sum_sq_legacy": 1987.0722087847146,
    "D_mf": 14.096355016650577,
    "Z0": -0.8170128689877038,
    "Z1": -0.21437977542834027,
    "Z_mf": 0.8446707738546566,
    "map_mean": 1.700987482521991e-08,
    "map_std": 0.03786341333871442,
    "v0_curve": [
      0.9987386067708334,
      0.9982185363769531,
      0.9975433349609375,
      0.996606190999349,
      0.9954121907552084,
      0.9938519795735677,
      0.9918200174967448,
      0.9893302917480469,
      0.9860699971516927,
      0.9819526672363281,
      0.9770889282226562,
      0.97100830078125,
      0.9636866251627604,
      0.9546051025390625,
      0.9440867106119791,
      0.9319953918457031,
      0.917999267578125,
      0.9018529256184896,
      0.883612314860026,
      0.8631490071614584,
      0.8401056925455729,
      0.815008799235026,
      0.787390391031901,
      0.7578824361165365,
      0.7256978352864584,
      0.6918500264485677,
      0.6561444600423177,
      0.6187540690104166,
      0.5802993774414062,
      0.541290283203125,
      0.5016517639160156,
      0.4613393147786458,
      0.4218915303548177,
      0.38323084513346356,
      0.34610621134440106,
      0.310028076171875,
      0.2755750020345052,
      0.24308268229166666,
      0.21326065063476562,
      0.1851221720377604,
      0.15964889526367188,
      0.13660430908203125,
      0.11556116739908855,
      0.09728368123372395,
      0.08073043823242188,
      0.0666033426920573,
      0.054430643717447914,
      0.0439453125,
      0.03515625,
      0.028025309244791668,
      0.021971384684244793,
      0.017031351725260418,
      0.013126373291015625,
      0.010033925374348959,
      0.007605234781901042,
      0.005695343017578125,
      0.004155476888020833,
      0.0030530293782552085,
      0.0022150675455729165,
      0.001605987548828125,
      0.0011393229166666667
    ],
    "v1_curve": [
      7.591157237102603,
      11.569881507753466,
      14.739388820291937,
      19.93750563208502,
      23.3690680399836,
      28.4533325427347,
      41.39450413200123,
      47.85753492764383,
      62.21897616014766,
      81.6302300000173,
      93.78642754771626,
      113.90368707447087,
      130.06428086661572,
      158.06591218289844,
      199.50717235857064,
      212.18694171682176,
      252.7734109608084,
      283.54848486107807,
      317.2412580984575,
      350.5095400805674,
      399.9182739878447,
      427.5318043514978,
      470.1980084862624,
      503.1888778531568,
      540.5856427642915,
      567.5228986262459,
      593.2620256563498,
      621.345007463059,
      627.1304669026778,
      625.4036713932469,
      640.0616257558049,
      647.9036674692538,
      618.8307677600063,
      608.287754391376,
      590.4002252523763,
      568.5504444226906,
      527.0693209027752,
      486.3444466724973,
      451.6705779495432,
      419.0528963222485,
      378.52166544948443,
      342.4050824622243,
      298.6987977570117,
      263.5421397103737,
      228.51294291608437,
      193.1200255720164,
      166.5429639867435,
      142.8661304195654,
      116.65674139018319,
      97.49891036278318,
      78.57033951200903,
      65.97889343618642,
      50.17582879519339,
      40.29062958046048,
      30.118272919287094,
      24.261643180155748,
      18.016854391682898,
      12.493474563265618,
      9.851641063219095,
      8.114652376285871,
      5.100111574833763
    ]
  },
  "p_high": 0.800599700149925,
  "p_high_mf": 0.49775112443778113,
  "p_low": 0.19990004997501248,
  "p_low_mf": 0.5027486256871564,
  "p_two_sided": 0.39980009995002497,
  "p_two_sided_mf": 0.9955022488755623,
  "provenance": {
    "dat_url": "GAUSSIAN_CONTROL_FROM: https://github.com/gradient-pulse/phi-mesh/releases/download/data-2026-02-15-planck-lensing-R3/planck_pr3_lensing_mv_dat_klm.fits",
    "mf_url": "GAUSSIAN_CONTROL_MF_ZERO_FROM: https://github.com/gradient-pulse/phi-mesh/releases/download/data-2026-02-15-planck-lensing-R3/planck_pr3_lensing_mv_mf_klm.fits"
  },
  "seed": 731,
  "surrogate": {
    "D0_mean": 0.00424511945873418,
    "D0_std": 0.002785898689039522,
    "D1_mean": 15.15417344388281,
    "D1_std": 4.934320705559622,
    "D_mf_mean": 15.154174127937099,
    "D_mf_std": 4.934321217115239,
    "v0_mean_curve": [
      0.998763556162518,
      0.9982724488576274,
      0.9976085103352847,
      0.9967241764068583,
      0.9955583572387704,
      0.994035666147869,
      0.9920718212127689,
      0.9895619233449311,
      0.9863956445058198,
      0.9824372221628818,
      0.9775361442565921,
      0.9715385964711514,
      0.9642737401326494,
      0.9555761629740385,
      0.9452606131235763,
      0.933150624593098,
      0.9190905799865715,
      0.9029237747192385,
      0.8845225340525313,
      0.8637956790924078,
      0.8406879056294753,
      0.81517835744222,
      0.7873006381988529,
      0.7571401964823402,
      0.7248371461232491,
      0.6905725510915132,
      0.6545864156087238,
      0.6171752338409425,
      0.5786512101491299,
      0.5393794059753407,
      0.4997221514383959,
      0.46007446606953917,
      0.42082527669270836,
      0.3823469155629472,
      0.34499097569783527,
      0.30908035786946597,
      0.2748852621714272,
      0.24265574391682979,
      0.21257651837666855,
      0.1847807362874347,
      0.15934540939331096,
      0.1362976710001627,
      0.11562579282124832,
      0.09726837285359709,
      0.08113015492757147,
      0.06708827654520669,
      0.05499279594421391,
      0.04467583338419603,
      0.035970387776692696,
      0.02869535319010418,
      0.022680265426635773,
      0.017757792790730777,
      0.013773271560668958,
      0.010581312179565436,
      0.008053256988525404,
      0.006068263371785481,
      0.0045271224975586,
      0.0033450533548990834,
      0.0024452355702718116,
      0.001771084467569987,
      0.0012695134480794287
    ],