{
  "diagnostics": {
    "excess_kurt_x_obs": -0.0551711463656992,
    "imag_frac_nonzero_eps1e-12": 0.9896907216494846,
    "imag_max_abs": 0.01919329790948611,
    "skew_x_obs": -0.028033292279946703,
    "v1_delta_bandwidth_dnu": 0.10000000000000009,
    "v1_symmetry_corr": 0.996411709497596,
    "verify_l2_from_curves": {
      "D0_match": true,
      "D0_recomputed": 0.0012242779958269502,
      "D0_reported": 0.0012242779958269502,
      "D1_match": true,
      "D1_recomputed": 7.932890827952298,
      "D1_reported": 7.932890827952298,
      "tol_abs": 1e-12,
      "tol_rel": 1e-10,
      "verify_dnu": 0.10000000000000009
    }
  },
  "hint": "This script compares observed morphology against phase-randomized surrogates that preserve |a_lm|. V0(nu) is excursion-set area fraction; V1(nu) is a perimeter proxy estimated from |\u2207x| in a nu-band. Distances D0 and D1 are L2 distances (sqrt(sum((a-b)^2)*dnu)) to surrogate-mean curves. D_mf combines them as sqrt(D0^2 + D1^2). Z_mf is the scale-free combined z-distance.",
  "kind": "planck_pr3_lensing_phi_topology_mf_v0_v1",
  "lmax": 192,
  "metric": "Minkowski-style morphology: V0(area) + V1(perimeter proxy) vs phase-random surrogates",
  "n_sims": 2000,
  "nside": 256,
  "observed": {
    "D0_L2": 0.0012242779958269502,
    "D0_sum_sq_legacy": 1.4988566110660527e-05,
    "D1_L2": 7.932890827952298,
    "D1_sum_sq_legacy": 629.3075688820965,
    "D_mf": 7.93289092242332,
    "Z0": -1.114074959065729,
    "Z1": -1.6327891093064284,
    "Z_mf": 1.9766545701985934,
    "map_mean": -8.574572070285437e-08,
    "map_std": 0.03750628226164564,
    "v0_curve": [
      0.9987958272298177,
      0.998284657796224,
      0.9975713094075521,
      0.9965387980143229,
      0.9952252705891927,
      0.9935480753580729,
      0.9914296468098959,
      0.988867441813151,
      0.9855677286783854,
      0.9814402262369791,
      0.9765179951985677,
      0.9704411824544271,
      0.9632708231608073,
      0.9545504252115885,
      0.9442850748697916,
      0.9322433471679688,
      0.9180577596028646,
      0.9018211364746094,
      0.8835372924804688,
      0.8628896077473959,
      0.8401921590169271,
      0.8148651123046875,
      0.7874005635579427,
      0.7575963338216146,
      0.7256317138671875,
      0.6916376749674479,
      0.6560897827148438,
      0.6189168294270834,
      0.5806897481282552,
      0.5415992736816406,
      0.5020586649576823,
      0.46287282307942706,
      0.4234809875488281,
      0.3850212097167969,
      0.3472646077473958,
      0.31099828084309894,
      0.27647145589192706,
      0.24398676554361978,
      0.21361160278320312,
      0.18509038289388022,
      0.15950520833333334,
      0.13596471150716147,
      0.11519368489583333,
      0.0965410868326823,
      0.08037439982096355,
      0.06636810302734375,
      0.0542449951171875,
      0.04386138916015625,
      0.035074869791666664,
      0.027772267659505207,
      0.0216522216796875,
      0.016679128011067707,
      0.012765248616536459,
      0.009677886962890625,
      0.007272084554036458,
      0.005474090576171875,
      0.003991444905598958,
      0.002910614013671875,
      0.002109527587890625,
      0.0015284220377604167,
      0.0010846455891927083
    ],
    "v1_curve": [
      6.282686635360473,
      8.463319564812675,
      11.992748930039477,
      16.63066740001696,
      21.44942479607681,
      27.1195574709214,
      32.66612585509648,
      43.72406281847305,
      55.01264213605188,
      67.1062344451337,
      78.0810551314812,
      100.10336076783058,
      114.05999890692492,
      139.016658076217,
      162.0026658527337,
      192.58799448531929,
      221.43090716554718,
      255.46212695475438,
      286.0066027884374,
      321.24273966874233,
      359.66477352870396,
      397.116763835746,
      434.87204121680475,
      471.9712475227513,
      505.03898695720255,
      538.5328048110765,
      556.3223074008357,
      583.261769629881,
      606.7222166717135,
      618.9282976010331,
      628.9194859559769,
      627.1860636298184,
      635.5574424428219,
      621.5342262950248,
      608.1656495669966,
      588.6272169590121,
      562.0692444364286,
      532.2801951304382,
      497.0944701722414,
      460.38821007019544,
      433.67561372874513,
      382.03015560654956,
      353.0251175318249,
      319.3629796699822,
      273.4983726968918,
      242.42307820672818,
      214.24825598912784,
      181.1253235081356,
      159.88970506946353,
      132.95956107335837,
      104.84883377942502,
      89.71304459223919,
      72.57741279593945,
      60.526848623181415,
      48.95578677390154,
      36.93121204587434,
      33.8857650273372,
      20.26183497775175,
      13.40500078762321,
      11.479770614371358,
      10.40889670178557
    ]
  },
  "p_high": 0.912543728135932,
  "p_high_mf": 0.999000499750125,
  "p_low": 0.0879560219890055,
  "p_low_mf": 0.0014992503748125937,
  "p_two_sided": 0.175912043978011,
  "p_two_sided_mf": 0.0029985007496251873,
  "provenance": {
    "dat_url": "GAUSSIAN_CONTROL_FROM: https://github.com/gradient-pulse/phi-mesh/releases/download/data-2026-02-15-planck-lensing-R3/planck_pr3_lensing_mv_dat_klm.fits",
    "mf_url": "GAUSSIAN_CONTROL_MF_ZERO_FROM: https://github.com/gradient-pulse/phi-mesh/releases/download/data-2026-02-15-planck-lensing-R3/planck_pr3_lensing_mv_mf_klm.fits"
  },
  "seed": 731,
  "surrogate": {
    "D0_mean": 0.0033545256379068356,
    "D0_std": 0.001912122361915688,
    "D1_mean": 14.913564891765144,
    "D1_std": 4.27530660513658,
    "D_mf_mean": 14.913565327012849,
    "D_mf_std": 4.275306830383477,
    "v0_mean_curve": [
      0.9986596107482911,
      0.9981373430887873,
      0.9974377263387049,
      0.9965110975901283,
      0.9952951679229716,
      0.9937185719807939,
      0.9916950416564947,
      0.9891236222585026,
      0.9858874696095796,
      0.9818624566396096,
      0.976904987970989,
      0.9708594004313159,
      0.96356530570984,
      0.9548518403371191,
      0.9445453484853112,
      0.9324722251892086,
      0.9184740975697847,
      0.9023979384104412,
      0.8841305840810146,
      0.8635675023396814,
      0.8406434847513826,
      0.8153432515462249,
      0.7876893418629962,
      0.7577561988830561,
      0.7256733900705983,
      0.6916232910156256,
      0.6558316065470381,
      0.6185722045898441,
      0.580164806365966,
      0.540949410756429,
      0.5013057378133134,
      0.46162354278564555,
      0.422293109893799,
      0.3836837348937995,
      0.34615466435750253,
      0.31003921127319306,
      0.27563196309407545,
      0.24318404579162586,
      0.21287917709350604,
      0.18487073326110842,
      0.15924081738789903,
      0.13602798207600897,
      0.11522205352783207,
      0.09675475502014158,
      0.08053448994954428,
      0.0664359130859375,
      0.054304613113403316,
      0.04398311869303392,
      0.03528875923156745,
      0.028049820582071904,
      0.022085361480712874,
      0.017219361623128256,
      0.013292488098144546,
      0.010160339991251629,
      0.007686292648315428,
      0.0057561810811360675,
      0.004266248703002935,
      0.003129589716593423,
      0.0022717253367106117,
      0.001632635116577148,
      0.0011614462534586616
    ],