{
  "diagnostics": {
    "excess_kurt_x_obs": -0.05855847003029879,
    "imag_frac_nonzero_eps1e-12": 0.9846153846153847,
    "imag_max_abs": 0.013742022483411439,
    "skew_x_obs": -0.03791478823327756,
    "v1_delta_bandwidth_dnu": 0.10000000000000009,
    "v1_symmetry_corr": 0.9961093709457636,
    "verify_l2_from_curves": {
      "D0_match": true,
      "D0_recomputed": 0.002297134125599608,
      "D0_reported": 0.002297134125599608,
      "D1_match": true,
      "D1_recomputed": 8.094881730937386,
      "D1_reported": 8.094881730937386,
      "tol_abs": 1e-12,
      "tol_rel": 1e-10,
      "verify_dnu": 0.10000000000000009
    }
  },
  "hint": "This script compares observed morphology against phase-randomized surrogates that preserve |a_lm|. V0(nu) is excursion-set area fraction; V1(nu) is a perimeter proxy estimated from |\u2207x| in a nu-band. Distances D0 and D1 are L2 distances (sqrt(sum((a-b)^2)*dnu)) to surrogate-mean curves. D_mf combines them as sqrt(D0^2 + D1^2). Z_mf is the scale-free combined z-distance.",
  "kind": "planck_pr3_lensing_phi_topology_mf_v0_v1",
  "lmax": 128,
  "metric": "Minkowski-style morphology: V0(area) + V1(perimeter proxy) vs phase-random surrogates",
  "n_sims": 2000,
  "nside": 256,
  "observed": {
    "D0_L2": 0.002297134125599608,
    "D0_sum_sq_legacy": 5.276825190994271e-05,
    "D1_L2": 8.094881730937386,
    "D1_sum_sq_legacy": 655.2711023786381,
    "D_mf": 8.094882056873283,
    "Z0": -1.1744500788768928,
    "Z1": -0.7940611295947942,
    "Z_mf": 1.4176974519647345,
    "map_mean": 7.509763815724083e-09,
    "map_std": 0.028831964726508306,
    "v0_curve": [
      0.9985669453938802,
      0.997948964436849,
      0.9971809387207031,
      0.9961903889973959,
      0.9949328104654948,
      0.9933484395345052,
      0.9914461771647135,
      0.9889335632324219,
      0.9857355753580729,
      0.9818840026855469,
      0.9770151774088541,
      0.9709943135579427,
      0.9634119669596354,
      0.9543800354003906,
      0.9439582824707031,
      0.9318962097167969,
      0.9177322387695312,
      0.9015274047851562,
      0.8833173116048177,
      0.8625818888346354,
      0.8394813537597656,
      0.8144671122233073,
      0.7873064676920573,
      0.7579078674316406,
      0.7260348002115885,
      0.6924959818522135,
      0.6567980448404948,
      0.6195284525553385,
      0.5816497802734375,
      0.5427118937174479,
      0.5028025309244791,
      0.46265411376953125,
      0.42302703857421875,
      0.38432566324869794,
      0.3470471700032552,
      0.3105278015136719,
      0.27580006917317706,
      0.2432835896809896,
      0.2130126953125,
      0.18524169921875,
      0.15987523396809897,
      0.1369756062825521,
      0.1161956787109375,
      0.09753672281901042,
      0.08127212524414062,
      0.0667864481608073,
      0.054491678873697914,
      0.04402923583984375,
      0.03514226277669271,
      0.027842203776041668,
      0.021664937337239582,
      0.016651153564453125,
      0.012594858805338541,
      0.00940704345703125,
      0.006862640380859375,
      0.004990895589192708,
      0.0035451253255208335,
      0.0024592081705729165,
      0.0016988118489583333,
      0.001163482666015625,
      0.0007960001627604166
    ],
    "v1_curve": [
      3.947881439495937,
      5.353733655687489,
      7.0664881464797835,
      9.520151321584096,
      12.513342945343146,
      14.428850183888802,
      19.153730629524876,
      24.300779285539768,
      29.79539919916412,
      34.76273997685292,
      43.27732300842972,
      54.43422487410147,
      65.54915866055669,
      76.21216335431806,
      90.85389242877872,
      103.65111661473607,
      122.62159726574984,
      139.90153260154858,
      158.64824495273282,
      182.70619974322267,
      200.4907824137604,
      227.2867073089466,
      247.93744643798618,
      271.00037556160913,
      298.3402037238817,
      314.89062179693497,
      337.2816288167617,
      357.2224018670436,
      360.8898880021872,
      378.2729800149988,
      385.61129317746537,
      381.91057320958834,
      378.4090151549687,
      367.5124541050371,
      366.0594637015343,
      351.0877730765347,
      324.47259366383236,
      310.52581708140866,
      282.8641734779459,
      260.42335665857354,
      241.68614606364235,
      218.3069950240395,
      193.98807676452557,
      171.5264129519823,
      152.69731670921837,
      130.65482773833392,
      110.60145424766846,
      95.17794603558752,
      78.4167825208064,
      65.14316235045857,
      54.077683886667295,
      43.60812799451825,
      33.77029605797512,
      26.932142391899998,
      20.37523305648206,
      14.70936776480463,
      11.137480937738106,
      7.846089656014692,
      5.764596098456434,
      4.090743663020165,
      2.728116276663406
    ]
  },
  "p_high": 0.9250374812593704,
  "p_high_mf": 0.7711144427786107,
  "p_low": 0.07546226886556721,
  "p_low_mf": 0.22938530734632684,
  "p_two_sided": 0.15092453773113443,
  "p_two_sided_mf": 0.4587706146926537,
  "provenance": {
    "dat_url": "GAUSSIAN_CONTROL_FROM: https://github.com/gradient-pulse/phi-mesh/releases/download/data-2026-02-15-planck-lensing-R3/planck_pr3_lensing_mv_dat_klm.fits",
    "mf_url": "GAUSSIAN_CONTROL_MF_ZERO_FROM: https://github.com/gradient-pulse/phi-mesh/releases/download/data-2026-02-15-planck-lensing-R3/planck_pr3_lensing_mv_mf_klm.fits"
  },
  "seed": 731,
  "surrogate": {
    "D0_mean": 0.006394744796147812,
    "D0_std": 0.0034889611267825715,
    "D1_mean": 11.286778359436859,
    "D1_std": 4.019711467463825,
    "D_mf_mean": 11.286780319293193,
    "D_mf_std": 4.019712564930986,
    "v0_mean_curve": [
      0.9987672939300533,
      0.9982694129943861,
      0.9975981534322119,
      0.9967034924825027,
      0.9955200398763021,
      0.9939779923756923,
      0.9919855893452965,
      0.9894411627451577,
      0.9862330067952466,
      0.9822256978352872,
      0.9772755235036236,
      0.9712323748270668,
      0.9639235375722237,
      0.9551842021942153,
      0.9448364334106434,
      0.9327000083923316,
      0.9186288471221926,
      0.902462301890056,
      0.8840852635701516,
      0.8634114309946677,
      0.8403887055714926,
      0.8149824988047281,
      0.7872284304300948,
      0.7572084662119538,
      0.725053536097209,
      0.6909443257649741,
      0.6551092402140297,
      0.6178208618164062,
      0.5793975944519041,
      0.540194430669148,
      0.5005732269287119,
      0.46094375928242876,
      0.421666913986206,
      0.38312987836201917,
      0.34569783147176014,
      0.30969698524475126,
      0.2754039319356282,
      0.24306580162048377,
      0.21286765670776342,
      0.18495514424641915,
      0.1594038804372152,
      0.13626754061381002,
      0.11551603635152193,
      0.09708776855468738,
      0.08089227104187016,
      0.06680332120259608,
      0.05467274030049657,
      0.044340464909871424,
      0.03563181432088219,
      0.028368264516194647,
      0.02237495994567866,
      0.017477588017781598,
      0.013520920435587575,
      0.010354159037272133,
      0.007849384307861336,
      0.005889041900634776,
      0.0043738918304443404,
      0.0032144037882487026,
      0.002339650472005212,
      0.0016848697662353502,
      0.001199474334716797
    ],