{
  "diagnostics": {
    "excess_kurt_x_obs": -0.04618299493095668,
    "imag_frac_nonzero_eps1e-12": 0.9846153846153847,
    "imag_max_abs": 0.01211096895209771,
    "skew_x_obs": -0.012150563302213332,
    "v1_delta_bandwidth_dnu": 0.10000000000000009,
    "v1_symmetry_corr": 0.9833587054254415,
    "verify_l2_from_curves": {
      "D0_match": true,
      "D0_recomputed": 0.003718744537642779,
      "D0_reported": 0.003718744537642779,
      "D1_match": true,
      "D1_recomputed": 5.462588292364793,
      "D1_reported": 5.462588292364793,
      "tol_abs": 1e-12,
      "tol_rel": 1e-10,
      "verify_dnu": 0.10000000000000009
    }
  },
  "hint": "This script compares observed morphology against phase-randomized surrogates that preserve |a_lm|. V0(nu) is excursion-set area fraction; V1(nu) is a perimeter proxy estimated from |\u2207x| in a nu-band. Distances D0 and D1 are L2 distances (sqrt(sum((a-b)^2)*dnu)) to surrogate-mean curves. D_mf combines them as sqrt(D0^2 + D1^2). Z_mf is the scale-free combined z-distance.",
  "kind": "planck_pr3_lensing_phi_topology_mf_v0_v1",
  "lmax": 128,
  "metric": "Minkowski-style morphology: V0(area) + V1(perimeter proxy) vs phase-random surrogates",
  "n_sims": 2000,
  "nside": 256,
  "observed": {
    "D0_L2": 0.003718744537642779,
    "D0_sum_sq_legacy": 0.00013829060936247994,
    "D1_L2": 5.462588292364793,
    "D1_sum_sq_legacy": 298.3987085188088,
    "D_mf": 5.462589558162121,
    "Z0": -1.0225246367684038,
    "Z1": -1.5155698026206266,
    "Z_mf": 1.8282528434037455,
    "map_mean": 3.8598291576819044e-08,
    "map_std": 0.03178968607702395,
    "v0_curve": [
      0.998711903889974,
      0.9982198079427084,
      0.9974835713704427,
      0.996606190999349,
      0.9953231811523438,
      0.993804931640625,
      0.9917348225911459,
      0.9891408284505209,
      0.9859199523925781,
      0.9819005330403646,
      0.9771512349446615,
      0.971289316813151,
      0.964324951171875,
      0.9558753967285156,
      0.9457486470540365,
      0.9336115519205729,
      0.9194424947102865,
      0.9030494689941406,
      0.8843294779459635,
      0.8635139465332031,
      0.8403218587239584,
      0.8147226969401041,
      0.7863375345865885,
      0.7562777201334635,
      0.723974863688151,
      0.6899019877115885,
      0.6540018717447916,
      0.6170234680175781,
      0.579095204671224,
      0.5410601298014323,
      0.5018208821614584,
      0.46207936604817706,
      0.42293675740559894,
      0.383575439453125,
      0.3455238342285156,
      0.3089803059895833,
      0.27473195393880206,
      0.24295934041341147,
      0.21322758992513022,
      0.18567784627278647,
      0.16031010945638022,
      0.13709513346354166,
      0.11627960205078125,
      0.09761810302734375,
      0.0812517801920573,
      0.06679662068684895,
      0.05452601114908854,
      0.043914794921875,
      0.035268147786458336,
      0.02803802490234375,
      0.022162119547526043,
      0.017307281494140625,
      0.013301849365234375,
      0.010224660237630209,
      0.00771331787109375,
      0.005802154541015625,
      0.004337310791015625,
      0.003173828125,
      0.0022735595703125,
      0.00157928466796875,
      0.0010515848795572917
    ],
    "v1_curve": [
      6.960674835623434,
      11.184824829978147,
      13.981339169751593,
      18.80339062917885,
      24.68788238289967,
      28.24256406393718,
      38.81800677751364,
      47.500527584983416,
      56.44816063485239,
      69.1172402219845,
      83.29585738748308,
      95.69898257368604,
      110.19356339684148,
      119.23369242835827,
      138.19795239962917,
      154.3889392172573,
      170.22201286686348,
      186.8515037900512,
      209.67827744285097,
      217.76890253730693,
      238.69964064902854,
      254.542942392219,
      268.60605987292246,
      282.84595769042494,
      293.0497280789542,
      300.8744420900554,
      307.8118604110806,
      311.88186912570717,
      310.03795907908886,
      312.15926074488414,
      314.1330375146714,
      310.3170869613895,
      301.483914067031,
      291.37359353153596,
      282.25743918540104,
      269.61591722439965,
      249.4255757877569,
      233.26603857195374,
      214.15179753916698,
      197.32414590580242,
      180.5835355286842,
      160.0097837119734,
      143.7561842913667,
      128.87227888286964,
      111.09867843619328,
      96.13448879328297,
      82.8506319289037,
      69.67142398285152,
      57.61941320107526,
      48.66364477637535,
      39.48646333023764,
      32.211194594505216,
      25.507127346691856,
      20.860918640553585,
      15.65853007764773,
      12.672555499973967,
      9.52604991897384,
      7.37309882206084,
      5.583256214368032,
      4.126649056868017,
      3.0102211620712285
    ]
  },
  "p_high": 0.8695652173913043,
  "p_high_mf": 0.9960019990004998,
  "p_low": 0.13093453273363317,
  "p_low_mf": 0.004497751124437781,
  "p_two_sided": 0.26186906546726635,
  "p_two_sided_mf": 0.008995502248875561,
  "provenance": {
    "dat_url": "GAUSSIAN_CONTROL_FROM: https://github.com/gradient-pulse/phi-mesh/releases/download/data-2026-02-15-planck-lensing-R3/planck_pr3_lensing_mv_dat_klm.fits",
    "mf_url": "GAUSSIAN_CONTROL_MF_ZERO_FROM: https://github.com/gradient-pulse/phi-mesh/releases/download/data-2026-02-15-planck-lensing-R3/planck_pr3_lensing_mv_mf_klm.fits"
  },
  "seed": 731,
  "surrogate": {
    "D0_mean": 0.00870759234189488,
    "D0_std": 0.004878951200646766,
    "D1_mean": 15.117935758468057,
    "D1_std": 6.370770550724787,
    "D_mf_mean": 15.117938432188396,
    "D_mf_std": 6.370772024764997,
    "v0_mean_curve": [
      0.9986767883300798,
      0.9981382573445634,
      0.9974136263529457,
      0.9964506594340008,
      0.995183017094931,
      0.993540613174439,
      0.9914350789388029,
      0.9887635746002191,
      0.9854140872955308,
      0.9812639198303229,
      0.9761747156778968,
      0.9699962895711284,
      0.9625727062225328,
      0.9537487061818442,
      0.9433540547688791,
      0.9312344144185367,
      0.9172279485066724,
      0.901198365529377,
      0.8830297673543287,
      0.8626306521097827,
      0.8399345207214344,
      0.8149162114461265,
      0.7875888996124274,
      0.7580066267649334,
      0.7262960904439301,
      0.6926140696207681,
      0.6571711406707754,
      0.6202208620707201,
      0.5820775273640938,
      0.5430715440114335,
      0.5035587882995615,
      0.463928536097208,
      0.42457277107238806,
      0.38585457166035897,
      0.34815550041198745,
      0.31180792744954483,
      0.2771162859598793,
      0.24435505485534653,
      0.21373022842407216,
      0.18539183108011867,
      0.15945478820800782,
      0.13595975430806492,
      0.11489526430765773,
      0.09620886866251638,
      0.07982234319051111,
      0.06560835901896148,
      0.05340733973185217,
      0.04304349644978831,
      0.03434517033894852,
      0.02712717501322427,
      0.021205390930175788,
      0.016402133941650424,
      0.012554864247639953,
      0.009508601506551083,
      0.00712367757161458,
      0.0052753378550211595,
      0.003864526112874346,
      0.002795547485351559,
      0.0019997507731119805,
      0.0014135564168294274,
      0.00098807652791341
    ],