{
  "diagnostics": {
    "excess_kurt_x_obs": -0.2977359144450773,
    "imag_frac_nonzero_eps1e-12": 0.9846153846153847,
    "imag_max_abs": 0.03047274783758917,
    "skew_x_obs": -0.10912376393567619,
    "v1_delta_bandwidth_dnu": 0.10000000000000009,
    "v1_symmetry_corr": 0.9964463212860892,
    "verify_l2_from_curves": {
      "D0_match": true,
      "D0_recomputed": 0.021744558059265562,
      "D0_reported": 0.021744558059265562,
      "D1_match": true,
      "D1_recomputed": 24.921147260692123,
      "D1_reported": 24.921147260692123,
      "tol_abs": 1e-12,
      "tol_rel": 1e-10,
      "verify_dnu": 0.10000000000000009
    }
  },
  "hint": "This script compares observed morphology against phase-randomized surrogates that preserve |a_lm|. V0(nu) is excursion-set area fraction; V1(nu) is a perimeter proxy estimated from |\u2207x| in a nu-band. Distances D0 and D1 are L2 distances (sqrt(sum((a-b)^2)*dnu)) to surrogate-mean curves. D_mf combines them as sqrt(D0^2 + D1^2). Z_mf is the scale-free combined z-distance.",
  "kind": "planck_pr3_lensing_phi_topology_mf_v0_v1",
  "lmax": 128,
  "metric": "Minkowski-style morphology: V0(area) + V1(perimeter proxy) vs phase-random surrogates",
  "n_sims": 2000,
  "nside": 256,
  "observed": {
    "D0_L2": 0.021744558059265562,
    "D0_sum_sq_legacy": 0.004728258051927704,
    "D1_L2": 24.921147260692123,
    "D1_sum_sq_legacy": 6210.63580789102,
    "D_mf": 24.921156747127686,
    "Z0": 2.003043615122617,
    "Z1": 1.4902387231039544,
    "Z_mf": 2.496596718719703,
    "map_mean": -6.804854069987487e-09,
    "map_std": 0.03433912897709424,
    "v0_curve": [
      0.9993413289388021,
      0.998870849609375,
      0.9981702168782552,
      0.9972521464029948,
      0.9960645039876302,
      0.9943974812825521,
      0.9922459920247396,
      0.9895032246907552,
      0.9859364827473959,
      0.9816576639811198,
      0.9761161804199219,
      0.9693438212076823,
      0.9613380432128906,
      0.9518814086914062,
      0.9408671061197916,
      0.9279060363769531,
      0.9126663208007812,
      0.8955294291178385,
      0.8759994506835938,
      0.8547554016113281,
      0.8318595886230469,
      0.8066609700520834,
      0.779669443766276,
      0.7505696614583334,
      0.7200673421223959,
      0.6881573994954427,
      0.6548728942871094,
      0.620293935139974,
      0.5848286946614584,
      0.548614501953125,
      0.5118586222330729,
      0.47421010335286456,
      0.43614959716796875,
      0.3983256022135417,
      0.3609212239583333,
      0.32422510782877606,
      0.2884635925292969,
      0.2545064290364583,
      0.2222874959309896,
      0.19214884440104166,
      0.16440709431966147,
      0.1391474405924479,
      0.11642710367838542,
      0.0959943135579427,
      0.0780194600423177,
      0.06260426839192708,
      0.049648284912109375,
      0.03862889607747396,
      0.029570261637369793,
      0.022290547688802082,
      0.016541798909505207,
      0.011910756429036459,
      0.008490244547526041,
      0.005896250406901042,
      0.00409698486328125,
      0.0028050740559895835,
      0.001934051513671875,
      0.0013135274251302083,
      0.000881195068359375,
      0.000560760498046875,
      0.0003382364908854167
    ],
    "v1_curve": [
      2.8379495070987972,
      4.2198938345335195,
      6.469216693603225,
      8.545291686635364,
      11.799083349423713,
      14.713126060234565,
      19.917012441800207,
      25.96627380089112,
      31.596385962457365,
      38.21821020427692,
      49.2196854294303,
      59.09625840567417,
      71.8359678803283,
      84.65244530207426,
      99.02313730529015,
      119.99165444006547,
      137.46457106154867,
      153.4017981586046,
      177.7787726111658,
      190.18387630109748,
      217.96052885859507,
      228.74229587733646,
      249.9333058945412,
      268.9170064470052,
      274.0542800765049,
      294.2486432313539,
      297.9877481270774,
      311.848401241265,
      318.71269428479695,
      308.23542293665884,
      313.098670174755,
      318.88757526525995,
      303.3739794964862,
      296.73410424906376,
      290.0456848947992,
      272.1865345250468,
      259.2836006492425,
      246.79112837536752,
      221.41674387279042,
      203.28571593161047,
      187.26168318058524,
      165.90556014394454,
      146.89811205406565,
      130.084551879356,
      109.00700232985731,
      93.01159319332189,
      78.32696473642886,
      65.1395667417867,
      51.93315994248404,
      41.442716209978585,
      31.82126866532001,
      25.007564244008314,
      17.61769582092152,
      13.448885623797066,
      9.323739339655761,
      6.3550524642524815,
      4.746250362609242,
      3.172018600028381,
      2.449248925786439,
      1.587011965329391,
      1.0961557811532068
    ]
  },
  "p_high": 0.0399800099950025,
  "p_high_mf": 0.08095952023988005,
  "p_low": 0.960519740129935,
  "p_low_mf": 0.9195402298850575,
  "p_two_sided": 0.079960019990005,
  "p_two_sided_mf": 0.1619190404797601,
  "provenance": {
    "dat_url": "GAUSSIAN_CONTROL_FROM: https://github.com/gradient-pulse/phi-mesh/releases/download/data-2026-02-15-planck-lensing-R3/planck_pr3_lensing_mv_dat_klm.fits",
    "mf_url": "GAUSSIAN_CONTROL_MF_ZERO_FROM: https://github.com/gradient-pulse/phi-mesh/releases/download/data-2026-02-15-planck-lensing-R3/planck_pr3_lensing_mv_mf_klm.fits"
  },
  "seed": 731,
  "surrogate": {
    "D0_mean": 0.010638010527754097,
    "D0_std": 0.005544835593024056,
    "D1_mean": 15.408782553134497,
    "D1_std": 6.383114705102233,
    "D_mf_mean": 15.408786419160949,
    "D_mf_std": 6.383116645216246,
    "v0_mean_curve": [
      0.9994138069152828,
      0.9991119550069163,
      0.9986758308410658,
      0.9980551382700601,
      0.997189693450928,
      0.995996691385906,
      0.9943827133178701,
      0.992229251861572,
      0.9894050655364989,
      0.9857547645568864,
      0.9811076405843083,
      0.9752728703816718,
      0.9680522276560463,
      0.9592406215667754,
      0.9486291376749678,
      0.936035758336386,
      0.9212807572682705,
      0.9042143764495862,
      0.8847449639638267,
      0.8627882359822596,
      0.8383356227874776,
      0.811432318369548,
      0.7821820475260423,
      0.7507447446187349,
      0.7173309707641606,
      0.6821934407552096,
      0.6456580632527661,
      0.6080272140502929,
      0.569639202117921,
      0.530863664627075,
      0.49205248196919826,
      0.45352650896708224,
      0.4156410808563229,
      0.3786582107543947,
      0.3428608646392825,
      0.30848311996460026,
      0.27573359998067276,
      0.2447734254201251,
      0.21576194763183595,
      0.18878094736735018,
      0.16389754422505715,
      0.14114757855733231,
      0.12053981145222988,
      0.10203991063435869,
      0.08559421221415198,
      0.07111045074462886,
      0.05850068600972487,
      0.047634911219279104,
      0.038380818049112995,
      0.030576590220133423,
      0.024079750696818024,
      0.018745091756184874,
      0.014417999267578151,
      0.010956792195638028,
      0.00822341219584146,
      0.006090822855631523,
      0.0044505837758382115,
      0.003208021163940427,
      0.0022812678019205747,
      0.0015993639628092435,
      0.0011045633951822919
    ],