{
  "diagnostics": {
    "excess_kurt_x_obs": 0.039378761608216184,
    "imag_frac_nonzero_eps1e-12": 0.9896907216494846,
    "imag_max_abs": 0.03077581213480643,
    "skew_x_obs": 0.11456082779781147,
    "v1_delta_bandwidth_dnu": 0.10000000000000009,
    "v1_symmetry_corr": 0.9984826712641443,
    "verify_l2_from_curves": {
      "D0_match": true,
      "D0_recomputed": 0.008547672020109169,
      "D0_reported": 0.008547672020109169,
      "D1_match": true,
      "D1_recomputed": 23.544638921008872,
      "D1_reported": 23.544638921008872,
      "tol_abs": 1e-12,
      "tol_rel": 1e-10,
      "verify_dnu": 0.10000000000000009
    }
  },
  "hint": "This script compares observed morphology against phase-randomized surrogates that preserve |a_lm|. V0(nu) is excursion-set area fraction; V1(nu) is a perimeter proxy estimated from |\u2207x| in a nu-band. Distances D0 and D1 are L2 distances (sqrt(sum((a-b)^2)*dnu)) to surrogate-mean curves. D_mf combines them as sqrt(D0^2 + D1^2). Z_mf is the scale-free combined z-distance.",
  "kind": "planck_pr3_lensing_phi_topology_mf_v0_v1",
  "lmax": 192,
  "metric": "Minkowski-style morphology: V0(area) + V1(perimeter proxy) vs phase-random surrogates",
  "n_sims": 2000,
  "nside": 256,
  "observed": {
    "D0_L2": 0.008547672020109169,
    "D0_sum_sq_legacy": 0.0007306269696335709,
    "D1_L2": 23.544638921008872,
    "D1_sum_sq_legacy": 5543.500219206852,
    "D_mf": 23.54464047258702,
    "Z0": 1.771676829899526,
    "Z1": 1.7677191997138888,
    "Z_mf": 2.502732498418468,
    "map_mean": -8.346556474904862e-09,
    "map_std": 0.03875238527552122,
    "v0_curve": [
      0.9990679423014323,
      0.998694101969401,
      0.9982121785481771,
      0.9975229899088541,
      0.9965693155924479,
      0.9952481587727865,
      0.9935035705566406,
      0.9912592569986979,
      0.9884923299153646,
      0.9848175048828125,
      0.9801673889160156,
      0.9746373494466146,
      0.9676602681477865,
      0.9591967264811198,
      0.9491360982259115,
      0.9371248881022135,
      0.9230639139811198,
      0.9067802429199219,
      0.8879000345865885,
      0.8663914998372396,
      0.8423652648925781,
      0.8158137003580729,
      0.786596934000651,
      0.7551485697428385,
      0.7218424479166666,
      0.6867319742838541,
      0.6498018900553385,
      0.6117668151855469,
      0.5720914204915365,
      0.5321744283040365,
      0.4921366373697917,
      0.45188013712565106,
      0.412445068359375,
      0.3742256164550781,
      0.3376324971516927,
      0.302490234375,
      0.2690315246582031,
      0.23818333943684897,
      0.20954004923502603,
      0.18254470825195312,
      0.15815862019856772,
      0.13615798950195312,
      0.11673355102539062,
      0.09880701700846355,
      0.08318328857421875,
      0.06996790568033855,
      0.05820592244466146,
      0.048016866048177086,
      0.039354960123697914,
      0.03217951456705729,
      0.02596282958984375,
      0.020857493082682293,
      0.016713460286458332,
      0.013292948404947916,
      0.01052093505859375,
      0.008249918619791666,
      0.00640106201171875,
      0.004969278971354167,
      0.0038782755533854165,
      0.0029932657877604165,
      0.0022481282552083335
    ],
    "v1_curve": [
      5.040207519977268,
      6.859801350864124,
      8.258069294359451,
      11.779084685583271,
      16.805969279163328,
      24.643952411272256,
      30.081098963697215,
      39.564246073970956,
      50.401749384842354,
      65.17670207514652,
      76.18941682902955,
      98.6510615547389,
      117.95752108439024,
      147.58786517641644,
      173.12576160197273,
      207.2684955032683,
      237.8263625664722,
      281.84569505556834,
      321.8879891085848,
      362.0375883279052,
      401.71969442693785,
      441.4727563588526,
      488.5172357917467,
      529.0818818344329,
      550.7207089365504,
      571.0231768926551,
      603.5703454057843,
      624.2734131016689,
      648.6396823610654,
      646.6242689515811,
      654.3671399416444,
      629.3945762234578,
      616.322214769162,
      588.1933245112364,
      568.1492177461321,
      537.1760401233163,
      503.2832801242324,
      473.32077596508924,
      427.24408466776924,
      394.4420921827091,
      357.65764080532114,
      315.75716155442166,
      281.88758783313443,
      252.99098752456888,
      218.5291884459677,
      180.1635284382649,
      162.50920575120563,
      137.58070643290253,
      113.7833659713409,
      96.41543209941312,
      79.20571443445355,
      66.0399293733358,
      51.599850680746144,
      44.0504073820958,
      35.134171033054656,
      28.65733246077527,
      22.820232903464486,
      16.360264930887617,
      13.541656285647694,
      10.834377347556227,
      9.094322272527089
    ]
  },
  "p_high": 0.06546726636681659,
  "p_high_mf": 0.05847076461769116,
  "p_low": 0.935032483758121,
  "p_low_mf": 0.9420289855072463,
  "p_two_sided": 0.13093453273363317,
  "p_two_sided_mf": 0.11694152923538231,
  "provenance": {
    "dat_url": "GAUSSIAN_CONTROL_FROM: https://github.com/gradient-pulse/phi-mesh/releases/download/data-2026-02-15-planck-lensing-R3/planck_pr3_lensing_mv_dat_klm.fits",
    "mf_url": "GAUSSIAN_CONTROL_MF_ZERO_FROM: https://github.com/gradient-pulse/phi-mesh/releases/download/data-2026-02-15-planck-lensing-R3/planck_pr3_lensing_mv_mf_klm.fits"
  },
  "seed": 731,
  "surrogate": {
    "D0_mean": 0.004165329077201695,
    "D0_std": 0.0024735566153766325,
    "D1_mean": 15.39787843773644,
    "D1_std": 4.608628160281912,
    "D_mf_mean": 15.397879083851034,
    "D_mf_std": 4.608628547553952,
    "v0_mean_curve": [
      0.9988015174865731,
      0.9983188317616782,
      0.9976668955485013,
      0.996796482721963,
      0.9956449432373038,
      0.9941395371754962,
      0.9921938107808433,
      0.9897059211730946,
      0.9865584265391021,
      0.9826222693125402,
      0.9777465209960932,
      0.9717738876342784,
      0.9645332241058353,
      0.9558458347320555,
      0.9455403359731035,
      0.9334300543467201,
      0.9193597024281837,
      0.9031746152242034,
      0.8847464040120427,
      0.8639757811228431,
      0.8408155339558929,
      0.8152379360198984,
      0.7872787831624357,
      0.7570252717336023,
      0.7246186173756927,
      0.690258414586387,
      0.6541734256744387,
      0.6166690921783439,
      0.5780691598256416,
      0.5387295163472495,
      0.49904203478495274,
      0.4593756459554035,
      0.4201365102132161,
      0.38169698905944827,
      0.34440072377522757,
      0.3085641880035397,
      0.27446426264444984,
      0.24234141667683914,
      0.21236109224955235,
      0.18466405614217068,
      0.1593223037719725,
      0.1363676007588706,
      0.11576922925313311,
      0.09746893119811996,
      0.08138162930806488,
      0.06737756665547681,
      0.05529836845397944,
      0.044990715026855435,
      0.03627712694803873,
      0.02899164644877115,
      0.022956373850504534,
      0.018009329477945972,
      0.014000069936116516,
      0.010779582977294932,
      0.00821877543131512,
      0.0062057018280029285,
      0.004640682220458974,
      0.0034369589487711597,
      0.0025188039143880223,
      0.0018277657826741554,
      0.0013136679331461562
    ],