{
  "diagnostics": {
    "excess_kurt_x_obs": 0.12037871492643637,
    "imag_frac_nonzero_eps1e-12": 0.9896907216494846,
    "imag_max_abs": 0.030120909790114805,
    "skew_x_obs": -0.0442138566856437,
    "v1_delta_bandwidth_dnu": 0.10000000000000009,
    "v1_symmetry_corr": 0.9993860743562131,
    "verify_l2_from_curves": {
      "D0_match": true,
      "D0_recomputed": 0.006249806994577776,
      "D0_reported": 0.006249806994577776,
      "D1_match": true,
      "D1_recomputed": 27.237777905816717,
      "D1_reported": 27.237777905816717,
      "tol_abs": 1e-12,
      "tol_rel": 1e-10,
      "verify_dnu": 0.10000000000000009
    }
  },
  "hint": "This script compares observed morphology against phase-randomized surrogates that preserve |a_lm|. V0(nu) is excursion-set area fraction; V1(nu) is a perimeter proxy estimated from |\u2207x| in a nu-band. Distances D0 and D1 are L2 distances (sqrt(sum((a-b)^2)*dnu)) to surrogate-mean curves. D_mf combines them as sqrt(D0^2 + D1^2). Z_mf is the scale-free combined z-distance.",
  "kind": "planck_pr3_lensing_phi_topology_mf_v0_v1",
  "lmax": 192,
  "metric": "Minkowski-style morphology: V0(area) + V1(perimeter proxy) vs phase-random surrogates",
  "n_sims": 2000,
  "nside": 256,
  "observed": {
    "D0_L2": 0.006249806994577776,
    "D0_sum_sq_legacy": 0.0003906008746947326,
    "D1_L2": 27.237777905816717,
    "D1_sum_sq_legacy": 7418.965452465966,
    "D_mf": 27.237778622837155,
    "Z0": 0.41585736036484844,
    "Z1": 1.8029894252960021,
    "Z_mf": 1.8503265149423838,
    "map_mean": -3.1775593287384586e-08,
    "map_std": 0.03844433548341867,
    "v0_curve": [
      0.9979565938313802,
      0.9973322550455729,
      0.99652099609375,
      0.99542236328125,
      0.9941393534342448,
      0.9925053914388021,
      0.9905001322428385,
      0.9879417419433594,
      0.9847399393717448,
      0.9807599385579427,
      0.9757054646809896,
      0.9696973164876302,
      0.9624760945638021,
      0.9538434346516927,
      0.9436785380045573,
      0.9320958455403646,
      0.9186147054036459,
      0.9032402038574219,
      0.8857879638671875,
      0.8661244710286459,
      0.844183603922526,
      0.8194109598795573,
      0.7923978169759115,
      0.7630170186360677,
      0.7309621175130209,
      0.6966959635416666,
      0.6604169209798177,
      0.6227137247721354,
      0.5834172566731771,
      0.5432586669921875,
      0.5025545756022135,
      0.46168772379557294,
      0.4214986165364583,
      0.38202667236328125,
      0.34391148885091144,
      0.30725351969401044,
      0.2722918192545573,
      0.23982874552408853,
      0.2094090779622396,
      0.1817042032877604,
      0.15604400634765625,
      0.13349533081054688,
      0.1129773457845052,
      0.09470113118489583,
      0.0789655049641927,
      0.06532796223958333,
      0.053522745768229164,
      0.04345067342122396,
      0.035129547119140625,
      0.028092702229817707,
      0.022263844807942707,
      0.017541249593098957,
      0.013806660970052084,
      0.010650634765625,
      0.008249918619791666,
      0.006299336751302083,
      0.004781087239583333,
      0.00353240966796875,
      0.0026461283365885415,
      0.001941680908203125,
      0.00142669677734375
    ],
    "v1_curve": [
      7.734884623390944,
      9.437563597683177,
      12.090199935966194,
      16.236137444653647,
      19.91695223008601,
      24.033037740998328,
      32.232966727872515,
      39.92411713841415,
      48.0973669263635,
      62.04934053311002,
      78.12560673343759,
      94.26300483590161,
      113.4487379871349,
      138.86371677727212,
      162.11243397361156,
      186.09330965946717,
      218.44382976125002,
      249.9699120252816,
      287.6739745131759,
      331.57772419513094,
      366.5334401748815,
      410.8952148305465,
      449.56784748148107,
      496.1705762043197,
      539.3658001031301,
      564.8519565673307,
      603.7533436731992,
      631.6696371249992,
      643.7255066011061,
      663.9732234949818,
      675.2623135238499,
      661.7371829317557,
      645.3758326402175,
      628.7753949501072,
      618.8443786927514,
      575.3032685947493,
      562.1890586446675,
      514.8540484110838,
      474.45128725176113,
      431.38026799623367,
      380.84903162920733,
      336.12013027535454,
      307.85492980681954,
      268.58471730566043,
      223.65785360347363,
      202.34028830358977,
      174.1561711199403,
      144.42776174647085,
      112.83528098203391,
      95.2749753251597,
      78.42765277439034,
      58.229731177008006,
      49.872382178907635,
      38.93559952224186,
      28.94912399884757,
      24.059277052741965,
      18.499912688380324,
      14.295297161007623,
      10.402239253982517,
      7.85540230535347,
      6.0112858730425955
    ]
  },
  "p_high": 0.2688655672163918,
  "p_high_mf": 0.06046976511744128,
  "p_low": 0.7316341829085458,
  "p_low_mf": 0.9400299850074962,
  "p_two_sided": 0.5377311344327836,
  "p_two_sided_mf": 0.12093953023488256,
  "provenance": {
    "dat_url": "GAUSSIAN_CONTROL_FROM: https://github.com/gradient-pulse/phi-mesh/releases/download/data-2026-02-15-planck-lensing-R3/planck_pr3_lensing_mv_dat_klm.fits",
    "mf_url": "GAUSSIAN_CONTROL_MF_ZERO_FROM: https://github.com/gradient-pulse/phi-mesh/releases/download/data-2026-02-15-planck-lensing-R3/planck_pr3_lensing_mv_mf_klm.fits"
  },
  "seed": 731,
  "surrogate": {
    "D0_mean": 0.0049328229532859015,
    "D0_std": 0.00316691290527221,
    "D1_mean": 16.977284079825544,
    "D1_std": 5.690823075297115,
    "D_mf_mean": 16.97728489911501,
    "D_mf_std": 5.690823650057109,
    "v0_mean_curve": [
      0.9987420965830482,
      0.9982469476064041,
      0.9975785827636728,
      0.9966899204254155,
      0.9955217749277754,
      0.9939987767537428,
      0.9920348555246985,
      0.9895313886006675,
      0.9863715966542548,
      0.9824192008972168,
      0.9775348911285409,
      0.9715569254557289,
      0.9643148733774815,
      0.9556389090220122,
      0.9453526363372804,
      0.9332636413574229,
      0.9192230472564695,
      0.9030748119354245,
      0.8846960595448808,
      0.8639794591267901,
      0.8408791313171387,
      0.8153682587941492,
      0.7874823131561283,
      0.7573085301717112,
      0.7249696318308516,
      0.6906771818796795,
      0.6546566937764499,
      0.6171908728281655,
      0.5786124388376859,
      0.5392848701477051,
      0.49957489522298215,
      0.4598805777231846,
      0.4205891373952234,
      0.38208045832316073,
      0.34470752588907866,
      0.3087848243713384,
      0.2746095975240068,
      0.2424028250376383,
      0.21234906005859386,
      0.18459064102172854,
      0.159198621749878,
      0.13619981320699043,
      0.11556753921508787,
      0.09725188763936352,
      0.08115387535095205,
      0.0671400222778321,
      0.05506211725870771,
      0.04476515452067056,
      0.03606958834330242,
      0.02879820187886556,
      0.02278158823649092,
      0.01785485839843748,
      0.013865217844645157,
      0.010661228815714506,
      0.008118951797485346,
      0.006123048782348639,
      0.004575094858805339,
      0.0033831443786621115,
      0.0024781214396158843,
      0.0017975247701009106,
      0.0012909501393636052
    ],