{
  "diagnostics": {
    "excess_kurt_x_obs": -0.02896456821796045,
    "imag_frac_nonzero_eps1e-12": 0.9896907216494846,
    "imag_max_abs": 0.03174753734369796,
    "skew_x_obs": -0.030020700887549517,
    "v1_delta_bandwidth_dnu": 0.10000000000000009,
    "v1_symmetry_corr": 0.9910336977869748,
    "verify_l2_from_curves": {
      "D0_match": true,
      "D0_recomputed": 0.004358160375177756,
      "D0_reported": 0.004358160375177756,
      "D1_match": true,
      "D1_recomputed": 13.020068042222187,
      "D1_reported": 13.020068042222187,
      "tol_abs": 1e-12,
      "tol_rel": 1e-10,
      "verify_dnu": 0.10000000000000009
    }
  },
  "hint": "This script compares observed morphology against phase-randomized surrogates that preserve |a_lm|. V0(nu) is excursion-set area fraction; V1(nu) is a perimeter proxy estimated from |\u2207x| in a nu-band. Distances D0 and D1 are L2 distances (sqrt(sum((a-b)^2)*dnu)) to surrogate-mean curves. D_mf combines them as sqrt(D0^2 + D1^2). Z_mf is the scale-free combined z-distance.",
  "kind": "planck_pr3_lensing_phi_topology_mf_v0_v1",
  "lmax": 192,
  "metric": "Minkowski-style morphology: V0(area) + V1(perimeter proxy) vs phase-random surrogates",
  "n_sims": 2000,
  "nside": 256,
  "observed": {
    "D0_L2": 0.004358160375177756,
    "D0_sum_sq_legacy": 0.000189935618557695,
    "D1_L2": 13.020068042222187,
    "D1_sum_sq_legacy": 1695.2217182409534,
    "D_mf": 13.020068771617812,
    "Z0": -0.3655023734284026,
    "Z1": -0.7107982782910712,
    "Z_mf": 0.7992660241767734,
    "map_mean": -2.9619067692567235e-08,
    "map_std": 0.03928216509794904,
    "v0_curve": [
      0.9985516866048177,
      0.9979527791341146,
      0.9971745808919271,
      0.9961929321289062,
      0.9948717753092448,
      0.9933039347330729,
      0.9912452697753906,
      0.9886156717936198,
      0.9853617350260416,
      0.98150634765625,
      0.9765637715657552,
      0.9705785115559896,
      0.9632695515950521,
      0.9546025594075521,
      0.9443066914876302,
      0.9325841267903646,
      0.9188003540039062,
      0.9026476542154948,
      0.8846257527669271,
      0.8639564514160156,
      0.8409283955891927,
      0.8157132466634115,
      0.7879447937011719,
      0.7579485575358073,
      0.7258427937825521,
      0.6920827229817709,
      0.6565933227539062,
      0.6191075642903646,
      0.5807787577311198,
      0.5413589477539062,
      0.5016962687174479,
      0.4620679219563802,
      0.42241541544596356,
      0.38356272379557294,
      0.3464190165201823,
      0.3105112711588542,
      0.27600987752278644,
      0.24352518717447916,
      0.21331151326497397,
      0.18477249145507812,
      0.15939839680989584,
      0.13616561889648438,
      0.11536407470703125,
      0.09694925944010417,
      0.08051300048828125,
      0.06640116373697917,
      0.05420557657877604,
      0.0436553955078125,
      0.03495661417643229,
      0.027708689371744793,
      0.021771748860677082,
      0.016874949137369793,
      0.01293182373046875,
      0.009778340657552084,
      0.007314046223958333,
      0.005517323811848958,
      0.00411224365234375,
      0.0030072530110677085,
      0.0021464029947916665,
      0.0015169779459635417,
      0.0010579427083333333
    ],
    "v1_curve": [
      6.437484056773738,
      8.791565755730934,
      11.759691197792984,
      15.263969208108405,
      19.29156963411451,
      23.291352818939718,
      32.37099167834302,
      38.63285718430616,
      46.47146945953355,
      59.31912637824939,
      73.44765368106209,
      87.5179298474988,
      108.33625324960617,
      123.65937703483269,
      148.82878061420303,
      167.42644458702483,
      199.6647739383685,
      226.61371520877037,
      260.3167180244755,
      291.29488890585736,
      326.57846864045564,
      358.7805155123949,
      397.7482335668361,
      422.71920677219623,
      449.45525519411115,
      485.2375525132043,
      512.9361126661387,
      542.2677598105801,
      555.4594338554883,
      574.8941292268843,
      587.1239475972526,
      595.2006832347637,
      601.7528528704246,
      597.6935324540633,
      573.6506487613071,
      561.1630507405838,
      549.9891904814823,
      515.7854039791889,
      485.4853205276448,
      459.38395145317486,
      417.7162398118608,
      387.1707298092605,
      358.1643253663795,
      318.4684202678895,
      290.23889936055656,
      251.46549913253799,
      218.66586419045282,
      192.0590459877323,
      167.26680453145147,
      130.83250617108348,
      111.81735080560279,
      92.93927029229077,
      76.68489336210244,
      59.13464610762826,
      44.201829782992995,
      35.50250175259526,
      29.717545084559145,
      20.741204595433747,
      17.343397813380374,
      12.544844985100031,
      7.828538434958095
    ]
  },
  "p_high": 0.56071964017991,
  "p_high_mf": 0.728135932033983,
  "p_low": 0.4397801099450275,
  "p_low_mf": 0.2723638180909545,
  "p_two_sided": 0.879560219890055,
  "p_two_sided_mf": 0.544727636181909,
  "provenance": {
    "dat_url": "GAUSSIAN_CONTROL_FROM: https://github.com/gradient-pulse/phi-mesh/releases/download/data-2026-02-15-planck-lensing-R3/planck_pr3_lensing_mv_dat_klm.fits",
    "mf_url": "GAUSSIAN_CONTROL_MF_ZERO_FROM: https://github.com/gradient-pulse/phi-mesh/releases/download/data-2026-02-15-planck-lensing-R3/planck_pr3_lensing_mv_mf_klm.fits"
  },
  "seed": 731,
  "surrogate": {
    "D0_mean": 0.005641004225504135,
    "D0_std": 0.0035098099043607786,
    "D1_mean": 18.438054472353848,
    "D1_std": 7.622396670906117,
    "D_mf_mean": 18.438055421876367,
    "D_mf_std": 7.622397269366132,
    "v0_mean_curve": [
      0.9988950417836511,
      0.9984394626617425,
      0.9978189977010093,
      0.9969833024342865,
      0.9958730786641442,
      0.9944129606882739,
      0.9925150705973318,
      0.9900773010253897,
      0.9869765822092693,
      0.9830776557922353,
      0.9782341003417978,
      0.9722774658203117,
      0.9650386422475177,
      0.9563404108683262,
      0.9459932333628353,
      0.9338266010284415,
      0.9196652437845876,
      0.9033711916605628,
      0.8848102925618476,
      0.8638816153208405,
      0.8405416253407791,
      0.8147770328521735,
      0.7866369438171378,
      0.7562180754343667,
      0.7236699275970441,
      0.689186177571615,
      0.6530188604990645,
      0.6154715779622404,
      0.576872706731161,
      0.5375851287841794,
      0.4979735946655276,
      0.45842893473307317,
      0.41935422325134264,
      0.38108667882283553,
      0.34397575060526553,
      0.30833024342854826,
      0.274417044321696,
      0.24246187019348137,
      0.21264149983723984,
      0.18507610575358063,
      0.1598321711222332,
      0.13694325637817384,
      0.11639202944437663,
      0.09810814984639483,
      0.08200904464721673,
      0.0679637896219891,
      0.055830334345499597,
      0.04545556767781566,
      0.03666960207621262,
      0.02931445884704589,
      0.023213013331095354,
      0.01820740636189779,
      0.014145516713460296,
      0.010883040110270185,
      0.008288673400878905,
      0.0062492790222167865,
      0.004663792928059899,
      0.0034436829884847055,
      0.002516949335734054,
      0.001820365269978844,
      0.0013019822438557957
    ],