{
  "diagnostics": {
    "excess_kurt_x_obs": -0.10625446251301085,
    "imag_frac_nonzero_eps1e-12": 0.9896907216494846,
    "imag_max_abs": 0.0346996385527765,
    "skew_x_obs": -0.08945076820617152,
    "v1_delta_bandwidth_dnu": 0.10000000000000009,
    "v1_symmetry_corr": 0.9928855143431239,
    "verify_l2_from_curves": {
      "D0_match": true,
      "D0_recomputed": 0.0015596887630845424,
      "D0_reported": 0.0015596887630845424,
      "D1_match": true,
      "D1_recomputed": 10.494622151929317,
      "D1_reported": 10.494622151929317,
      "tol_abs": 1e-12,
      "tol_rel": 1e-10,
      "verify_dnu": 0.10000000000000009
    }
  },
  "hint": "This script compares observed morphology against phase-randomized surrogates that preserve |a_lm|. V0(nu) is excursion-set area fraction; V1(nu) is a perimeter proxy estimated from |\u2207x| in a nu-band. Distances D0 and D1 are L2 distances (sqrt(sum((a-b)^2)*dnu)) to surrogate-mean curves. D_mf combines them as sqrt(D0^2 + D1^2). Z_mf is the scale-free combined z-distance.",
  "kind": "planck_pr3_lensing_phi_topology_mf_v0_v1",
  "lmax": 192,
  "metric": "Minkowski-style morphology: V0(area) + V1(perimeter proxy) vs phase-random surrogates",
  "n_sims": 2000,
  "nside": 256,
  "observed": {
    "D0_L2": 0.0015596887630845424,
    "D0_sum_sq_legacy": 2.432629037692188e-05,
    "D1_L2": 10.494622151929317,
    "D1_sum_sq_legacy": 1101.3709411176544,
    "D_mf": 10.494622267828154,
    "Z0": -1.3776912729614679,
    "Z1": -1.2926766036415585,
    "Z_mf": 1.889191902691853,
    "map_mean": 2.947690977706437e-08,
    "map_std": 0.04382984923515779,
    "v0_curve": [
      0.9985453287760416,
      0.9979807535807291,
      0.9972445170084635,
      0.9962196350097656,
      0.9948946634928385,
      0.9932098388671875,
      0.9910481770833334,
      0.9882609049479166,
      0.9848721822102865,
      0.9806353251139323,
      0.9754918416341146,
      0.9690602620442709,
      0.9613138834635416,
      0.9525032043457031,
      0.9420280456542969,
      0.9296239217122396,
      0.9157193501790365,
      0.8997332255045573,
      0.881476084391276,
      0.8611946105957031,
      0.8385810852050781,
      0.8136456807454427,
      0.7865893046061198,
      0.7570584615071615,
      0.7257245381673177,
      0.6923383076985677,
      0.6576881408691406,
      0.6214815775553385,
      0.5840962727864584,
      0.5455207824707031,
      0.5065053304036459,
      0.4675801595052083,
      0.42890040079752606,
      0.39059193929036456,
      0.3529930114746094,
      0.3169212341308594,
      0.28188323974609375,
      0.24869791666666666,
      0.21725082397460938,
      0.18795013427734375,
      0.1608250935872396,
      0.13658014933268228,
      0.11447525024414062,
      0.09488169352213542,
      0.07805887858072917,
      0.06356048583984375,
      0.051105499267578125,
      0.040911356608072914,
      0.032343546549479164,
      0.025239308675130207,
      0.019339243570963543,
      0.014609018961588541,
      0.010921478271484375,
      0.008047739664713541,
      0.005868275960286458,
      0.004227956136067708,
      0.0030034383138020835,
      0.0021336873372395835,
      0.0014801025390625,
      0.0009969075520833333,
      0.000667572021484375
    ],
    "v1_curve": [
      10.818889132546909,
      14.32976629887383,
      18.095562404673778,
      24.78642411575832,
      30.64904328427422,
      38.51761586751103,
      48.06651568426228,
      60.53852636382715,
      71.25852929669736,
      86.36503871269677,
      112.68061300470761,
      122.31580738178663,
      152.50989443089927,
      170.05849144195395,
      199.57899178846924,
      227.6309655010638,
      248.43802445115816,
      284.3369999199503,
      302.9921535342937,
      346.7753740665722,
      366.4609674224419,
      405.99237209104103,
      427.11831015213886,
      457.11791322533,
      484.6992390331644,
      491.86836548535643,
      503.8730583054687,
      522.1298259328971,
      522.8479251373542,
      525.3014715580858,
      518.6107450491354,
      524.0301745446151,
      501.9740711488915,
      484.92111093715323,
      467.5819658612664,
      441.335434814523,
      426.06329774523164,
      388.2594710041408,
      368.0423843290856,
      334.91360170083635,
      302.07311281656814,
      270.8692409151111,
      244.93206428888797,
      209.79215061386375,
      178.92048858165393,
      156.51703404371656,
      132.16252368448815,
      107.46118599015242,
      90.32220654858419,
      73.90752923474052,
      59.91977457832459,
      45.94242480301081,
      35.823201356218455,
      27.116149658959003,
      21.65489538670233,
      14.830759178635098,
      11.664176794603573,
      8.445022672938899,
      6.115055394213216,
      4.56234315611307,
      2.863417802739088
    ]
  },
  "p_high": 0.9815092453773113,
  "p_high_mf": 0.95952023988006,
  "p_low": 0.01899050474762619,
  "p_low_mf": 0.04097951024487756,
  "p_two_sided": 0.03798100949525238,
  "p_two_sided_mf": 0.08195902048975512,
  "provenance": {
    "dat_url": "GAUSSIAN_CONTROL_FROM: https://github.com/gradient-pulse/phi-mesh/releases/download/data-2026-02-15-planck-lensing-R3/planck_pr3_lensing_mv_dat_klm.fits",
    "mf_url": "GAUSSIAN_CONTROL_MF_ZERO_FROM: https://github.com/gradient-pulse/phi-mesh/releases/download/data-2026-02-15-planck-lensing-R3/planck_pr3_lensing_mv_mf_klm.fits"
  },
  "seed": 731,
  "surrogate": {
    "D0_mean": 0.009607014472374793,
    "D0_std": 0.005841167660147705,
    "D1_mean": 28.640152902477986,
    "D1_std": 14.037177356990501,
    "D_mf_mean": 28.640154595235266,
    "D_mf_std": 14.03717840598961,
    "v0_mean_curve": [
      0.998595752716064,
      0.9980307998657234,
      0.9972722409566225,
      0.996264352798461,
      0.9949444103240962,
      0.9932368532816597,
      0.9910521087646488,
      0.988289072036744,
      0.9848321921030662,
      0.9805599358876543,
      0.9753384024302166,
      0.9690197448730465,
      0.9614482224782323,
      0.9524707094828284,
      0.9419373741149889,
      0.9296995989481621,
      0.9156207040150948,
      0.8995708885192866,
      0.8814378910064679,
      0.8611390234629315,
      0.8386213645935056,
      0.8138689524332675,
      0.7868979638417578,
      0.7577558409372962,
      0.7265448322296126,
      0.6934058628082294,
      0.6585325050353998,
      0.6221679954528796,
      0.5845769627888998,
      0.5460412502288827,
      0.506919501622518,
      0.46755813471476193,
      0.42832823689778643,
      0.38960511716206775,
      0.35175648117065406,
      0.31514054234822575,
      0.2800664787292483,
      0.24682835070292175,
      0.21565273157755524,
      0.18673133405049663,
      0.1601958548227946,
      0.13612895011901865,
      0.11455052947998065,
      0.0954299182891847,
      0.0786816755930583,
      0.06419077237447109,
      0.05180532010396319,
      0.04134504699707033,
      0.03262389564514153,
      0.025449119567871124,
      0.01962062009175621,
      0.014947443008422835,
      0.011248675028483075,
      0.00835917790730795,
      0.006136309941609711,
      0.004445800145467124,
      0.003179430643717447,
      0.0022450281778971337,
      0.0015630582173665362,
      0.0010741303761800135,
      0.000727989832560222
    ],