{
  "diagnostics": {
    "excess_kurt_x_obs": 0.004376326661117869,
    "imag_frac_nonzero_eps1e-12": 0.9937888198757764,
    "imag_max_abs": 0.026486232215447957,
    "skew_x_obs": -0.011393914830594015,
    "v1_delta_bandwidth_dnu": 0.10000000000000009,
    "v1_symmetry_corr": 0.9954837804586804,
    "verify_l2_from_curves": {
      "D0_match": true,
      "D0_recomputed": 0.0009492385894049619,
      "D0_reported": 0.0009492385894049619,
      "D1_match": true,
      "D1_recomputed": 21.61422890716986,
      "D1_reported": 21.61422890716986,
      "tol_abs": 1e-12,
      "tol_rel": 1e-10,
      "verify_dnu": 0.10000000000000009
    }
  },
  "hint": "This script compares observed morphology against phase-randomized surrogates that preserve |a_lm|. V0(nu) is excursion-set area fraction; V1(nu) is a perimeter proxy estimated from |\u2207x| in a nu-band. Distances D0 and D1 are L2 distances (sqrt(sum((a-b)^2)*dnu)) to surrogate-mean curves. D_mf combines them as sqrt(D0^2 + D1^2). Z_mf is the scale-free combined z-distance.",
  "kind": "planck_pr3_lensing_phi_topology_mf_v0_v1",
  "lmax": 320,
  "metric": "Minkowski-style morphology: V0(area) + V1(perimeter proxy) vs phase-random surrogates",
  "n_sims": 2000,
  "nside": 256,
  "observed": {
    "D0_L2": 0.0009492385894049619,
    "D0_sum_sq_legacy": 9.010538996155212e-06,
    "D1_L2": 21.61422890716986,
    "D1_sum_sq_legacy": 4671.748912515367,
    "D_mf": 21.61422892801386,
    "Z0": -0.7979668258481504,
    "Z1": -0.11036659188423165,
    "Z_mf": 0.8055630575928323,
    "map_mean": 4.839053159812317e-08,
    "map_std": 0.062365572497937706,
    "v0_curve": [
      0.9986572265625,
      0.9981231689453125,
      0.9973653157552084,
      0.9964497884114584,
      0.9951909383138021,
      0.9935620625813802,
      0.9915758768717448,
      0.9888839721679688,
      0.9856071472167969,
      0.9816144307454427,
      0.9767265319824219,
      0.9707819620768229,
      0.9637006123860677,
      0.9549967447916666,
      0.944848378499349,
      0.9326883951822916,
      0.9188486735026041,
      0.9029223124186198,
      0.8846906026204427,
      0.8641611735026041,
      0.8412996927897135,
      0.8163134256998698,
      0.7887369791666666,
      0.7590154012044271,
      0.7268536885579427,
      0.692406972249349,
      0.6563618977864584,
      0.6187705993652344,
      0.580413818359375,
      0.5408401489257812,
      0.5008354187011719,
      0.461090087890625,
      0.42131296793619794,
      0.3825213114420573,
      0.34494272867838544,
      0.3088175455729167,
      0.2743721008300781,
      0.24197260538736978,
      0.21178817749023438,
      0.18372344970703125,
      0.15830103556315103,
      0.13564427693684897,
      0.11492411295572917,
      0.09655125935872395,
      0.08036295572916667,
      0.06641642252604167,
      0.054255167643229164,
      0.044097900390625,
      0.035504659016927086,
      0.028310139973958332,
      0.022509256998697918,
      0.017709096272786457,
      0.013787587483723959,
      0.010663350423177084,
      0.008124033610026041,
      0.006211598714192708,
      0.004689534505208333,
      0.0034395853678385415,
      0.0025266011555989585,
      0.001827239990234375,
      0.0013109842936197917
    ],
    "v1_curve": [
      19.863680493166008,
      26.82882107120267,
      35.52602010722949,
      45.14822744073993,
      62.73600346131612,
      71.78951418349455,
      97.83487934871819,
      126.78902261649938,
      150.68223590849243,
      182.95645588538883,
      218.99887474201446,
      247.45638567829977,
      292.52284196101556,
      370.632782262094,
      411.8501965271219,
      482.67855111485915,
      528.0367103377293,
      613.1026866768896,
      683.337839422036,
      762.732782911205,
      803.4339198553814,
      886.7835368991226,
      964.8504161506258,
      1028.3097834759728,
      1103.5942398068328,
      1153.1444777688453,
      1189.0953425613666,
      1194.0873571703935,
      1214.0838695915756,
      1227.4550342296448,
      1213.3069066338883,
      1215.3658525220628,
      1184.0551391335612,
      1128.6088201745915,
      1100.0567513692927,
      1034.5633555577542,
      976.8529113021185,
      914.5227414939797,
      828.2602030545398,
      772.3131173285599,
      683.0423222457758,
      614.1830245895699,
      547.6013677949782,
      481.3711150324411,
      421.27729784152314,
      359.7674959246081,
      311.40831280697114,
      264.11411641300964,
      216.33309993624945,
      178.47347942030564,
      149.11554117529982,
      123.14187664346895,
      97.0628783875245,
      73.57537580470968,
      62.5344538567726,
      48.33433900203714,
      38.228155963799985,
      29.160026675219427,
      21.984230235613097,
      17.08127898489436,
      11.928503865216914
    ]
  },
  "p_high": 0.7566216891554223,
  "p_high_mf": 0.48825587206396803,
  "p_low": 0.24387806096951525,
  "p_low_mf": 0.5122438780609695,
  "p_two_sided": 0.4877561219390305,
  "p_two_sided_mf": 0.9765117441279361,
  "provenance": {
    "dat_url": "GAUSSIAN_CONTROL_FROM: https://github.com/gradient-pulse/phi-mesh/releases/download/data-2026-02-15-planck-lensing-R3/planck_pr3_lensing_mv_dat_klm.fits",
    "mf_url": "GAUSSIAN_CONTROL_MF_ZERO_FROM: https://github.com/gradient-pulse/phi-mesh/releases/download/data-2026-02-15-planck-lensing-R3/planck_pr3_lensing_mv_mf_klm.fits"
  },
  "seed": 731,
  "surrogate": {
    "D0_mean": 0.0018360105100100861,
    "D0_std": 0.0011112892063684275,
    "D1_mean": 22.072115867134357,
    "D1_std": 4.148782273215387,
    "D_mf_mean": 22.072115960427336,
    "D_mf_std": 4.148782331928732,
    "v0_mean_curve": [
      0.9986463953653966,
      0.9981267229715971,
      0.9974324671427395,
      0.9965126495361326,
      0.9953089466094975,
      0.9937484029134117,
      0.9917455533345535,
      0.9892014172871905,
      0.9860027669270847,
      0.982019484202067,
      0.9771094811757389,
      0.9711154460906982,
      0.9638734874725335,
      0.9552090428670238,
      0.9449490127563487,
      0.9329205029805504,
      0.9189579849243156,
      0.9029080397288012,
      0.884644623438518,
      0.8640678202311192,
      0.8411090997060154,
      0.8157448075612386,
      0.7880041097005205,
      0.7579659481048585,
      0.7257571760813412,
      0.6915598735809322,
      0.6556042327880864,
      0.618182835896809,
      0.579618044535318,
      0.5402643076578775,
      0.5005055077870688,
      0.4607324333190923,
      0.4213223889668773,
      0.38268555259704573,
      0.3451567281087241,
      0.30908759180704726,
      0.2747578290303547,
      0.24241247495015514,
      0.21223431142171242,
      0.18435494105021139,
      0.1588703568776445,
      0.13579881223042797,
      0.11512065569559712,
      0.0967742519378661,
      0.08066226895650225,
      0.06665178108215332,
      0.05460312716166179,
      0.04433926010131827,
      0.0356873009999593,
      0.0284643732706706,
      0.022497568130493136,
      0.017619148254394538,
      0.0136721413930257,
      0.010509876251220723,
      0.008004489898681647,
      0.006037747065226238,
      0.004513133366902664,
      0.003340578715006504,
      0.002447578430175778,
      0.0017765197753906257,
      0.0012770455678304052
    ],