{
  "diagnostics": {
    "excess_kurt_x_obs": -0.04593792191813906,
    "imag_frac_nonzero_eps1e-12": 0.9896907216494846,
    "imag_max_abs": 0.02006603989733129,
    "skew_x_obs": 0.07727765257806089,
    "v1_delta_bandwidth_dnu": 0.10000000000000009,
    "v1_symmetry_corr": 0.9990568197074542,
    "verify_l2_from_curves": {
      "D0_match": true,
      "D0_recomputed": 0.006198332752231857,
      "D0_reported": 0.006198332752231857,
      "D1_match": true,
      "D1_recomputed": 17.767899465130952,
      "D1_reported": 17.767899465130952,
      "tol_abs": 1e-12,
      "tol_rel": 1e-10,
      "verify_dnu": 0.10000000000000009
    }
  },
  "hint": "This script compares observed morphology against phase-randomized surrogates that preserve |a_lm|. V0(nu) is excursion-set area fraction; V1(nu) is a perimeter proxy estimated from |\u2207x| in a nu-band. Distances D0 and D1 are L2 distances (sqrt(sum((a-b)^2)*dnu)) to surrogate-mean curves. D_mf combines them as sqrt(D0^2 + D1^2). Z_mf is the scale-free combined z-distance.",
  "kind": "planck_pr3_lensing_phi_topology_mf_v0_v1",
  "lmax": 192,
  "metric": "Minkowski-style morphology: V0(area) + V1(perimeter proxy) vs phase-random surrogates",
  "n_sims": 2000,
  "nside": 256,
  "observed": {
    "D0_L2": 0.006198332752231857,
    "D0_sum_sq_legacy": 0.00038419328907390106,
    "D1_L2": 17.767899465130952,
    "D1_sum_sq_legacy": 3156.9825140300054,
    "D_mf": 17.76790054627529,
    "Z0": 0.5581973138988411,
    "Z1": 0.47710823747690984,
    "Z_mf": 0.7343136329336428,
    "map_mean": -2.810689844843367e-08,
    "map_std": 0.040251413402964106,
    "v0_curve": [
      0.9990921020507812,
      0.9986750284830729,
      0.9981536865234375,
      0.9973564147949219,
      0.9963213602701823,
      0.9949124654134115,
      0.99298095703125,
      0.9906692504882812,
      0.9876988728841146,
      0.9839617411295573,
      0.9792060852050781,
      0.9735857645670573,
      0.966552734375,
      0.9583358764648438,
      0.9482765197753906,
      0.9363428751627604,
      0.9222361246744791,
      0.905981699625651,
      0.887427012125651,
      0.8665453592936198,
      0.8426081339518229,
      0.8159904479980469,
      0.7868690490722656,
      0.7556355794270834,
      0.7218640645345052,
      0.6865081787109375,
      0.6495018005371094,
      0.6113904317220052,
      0.5723241170247396,
      0.5325088500976562,
      0.49259312947591144,
      0.45264561971028644,
      0.413818359375,
      0.37560145060221356,
      0.33923594156901044,
      0.30414581298828125,
      0.2713788350423177,
      0.24013137817382812,
      0.21100234985351562,
      0.1840489705403646,
      0.159454345703125,
      0.13775126139322916,
      0.11799367268880208,
      0.1003100077311198,
      0.0847028096516927,
      0.07093556722005208,
      0.05876286824544271,
      0.048458099365234375,
      0.03963343302408854,
      0.03204472859700521,
      0.025740305582682293,
      0.020285288492838543,
      0.015844980875651043,
      0.012250264485677084,
      0.009274800618489584,
      0.00699615478515625,
      0.005144755045572917,
      0.0037371317545572915,
      0.0026690165201822915,
      0.0018908182779947917,
      0.0013109842936197917
    ],
    "v1_curve": [
      5.206079010396079,
      6.3158357408622186,
      8.77441541996537,
      11.526238976871221,
      17.198900819477576,
      24.031978889875557,
      28.77880649684538,
      36.56552093232243,
      47.98298990317188,
      60.64239163967705,
      74.23111978020931,
      91.60682479866526,
      113.91487034213702,
      134.58817150096493,
      160.4036117528267,
      191.43968603306644,
      220.3492291429216,
      259.84887023979286,
      293.99895052937893,
      338.58200930086844,
      383.2092700367862,
      411.59547636340653,
      462.01477647509495,
      495.2135980892461,
      530.116685294764,
      566.2413824900763,
      586.4101786503983,
      602.6467589512763,
      618.7472023669023,
      629.5349927102432,
      613.3471971147234,
      627.6532910325274,
      614.9520150606673,
      575.7609080801027,
      556.9164483465249,
      532.6859873326001,
      496.7890656653097,
      467.33730310152697,
      426.75267622994664,
      394.58475196183946,
      346.16884009400354,
      314.2356563192697,
      276.5402968172592,
      244.08878154175372,
      210.6934455603596,
      181.18126497178955,
      160.43723132354572,
      129.8542411858946,
      107.45217263624123,
      94.37363774216838,
      79.99573820776749,
      66.09356747838497,
      51.30423618685069,
      40.69068490617555,
      30.92132724552085,
      26.094655874049717,
      18.3069543800251,
      15.112237152114586,
      10.69165441610636,
      7.983399473353765,
      5.876667496875883
    ]
  },
  "p_high": 0.2493753123438281,
  "p_high_mf": 0.26936531734132935,
  "p_low": 0.7511244377811095,
  "p_low_mf": 0.7311344327836082,
  "p_two_sided": 0.4987506246876562,
  "p_two_sided_mf": 0.5387306346826587,
  "provenance": {
    "dat_url": "GAUSSIAN_CONTROL_FROM: https://github.com/gradient-pulse/phi-mesh/releases/download/data-2026-02-15-planck-lensing-R3/planck_pr3_lensing_mv_dat_klm.fits",
    "mf_url": "GAUSSIAN_CONTROL_MF_ZERO_FROM: https://github.com/gradient-pulse/phi-mesh/releases/download/data-2026-02-15-planck-lensing-R3/planck_pr3_lensing_mv_mf_klm.fits"
  },
  "seed": 731,
  "surrogate": {
    "D0_mean": 0.004753160982388604,
    "D0_std": 0.0025889980726513367,
    "D1_mean": 15.468495279689611,
    "D1_std": 4.819460249945116,
    "D_mf_mean": 15.468496086128795,
    "D_mf_std": 4.81946070077043,
    "v0_mean_curve": [
      0.9988665211995443,
      0.998400821685791,
      0.9977684968312603,
      0.9969205919901521,
      0.9957968571980805,
      0.9943221282958988,
      0.9924113941192626,
      0.9899584935506195,
      0.986848004023234,
      0.9829470055898029,
      0.9781048049926755,
      0.9721617107391365,
      0.9649492079416899,
      0.9562854493459065,
      0.9459828503926585,
      0.9338733476002997,
      0.9197775427500411,
      0.9035544363657626,
      0.8850717722574859,
      0.8642258294423419,
      0.8409627742767348,
      0.8152699337005616,
      0.7871864878336603,
      0.7567922108968117,
      0.7242356052398671,
      0.6897144470214848,
      0.653493540445963,
      0.6158597062428798,
      0.5771525853474941,
      0.5377254727681484,
      0.4979812870025637,
      0.4582987359364833,
      0.4190796438852945,
      0.38067754109700497,
      0.34346057637532507,
      0.3077389984130862,
      0.2737704245249431,
      0.24179416211446123,
      0.2119808642069499,
      0.18445379956563326,
      0.15926920954386398,
      0.13646158345540385,
      0.11599561309814445,
      0.09781587473551438,
      0.08181230545043924,
      0.06786798413594564,
      0.05583299891153971,
      0.04553729057312018,
      0.03681872049967454,
      0.02950236956278479,
      0.023431485493977885,
      0.01843947728474934,
      0.01437594858805338,
      0.011099852879842134,
      0.00848855209350586,
      0.0064279727935791,
      0.0048189786275227965,
      0.0035755647023518865,
      0.0026260732014973995,
      0.0019091142018636052,
      0.001373332341512044
    ],