{
  "diagnostics": {
    "excess_kurt_x_obs": -0.005312982885868678,
    "imag_frac_nonzero_eps1e-12": 0.9937888198757764,
    "imag_max_abs": 0.040366504265635664,
    "skew_x_obs": 0.005535521495719555,
    "v1_delta_bandwidth_dnu": 0.10000000000000009,
    "v1_symmetry_corr": 0.9996742950036328,
    "verify_l2_from_curves": {
      "D0_match": true,
      "D0_recomputed": 0.0008814305360839107,
      "D0_reported": 0.0008814305360839107,
      "D1_match": true,
      "D1_recomputed": 22.26894054438827,
      "D1_reported": 22.26894054438827,
      "tol_abs": 1e-12,
      "tol_rel": 1e-10,
      "verify_dnu": 0.10000000000000009
    }
  },
  "hint": "This script compares observed morphology against phase-randomized surrogates that preserve |a_lm|. V0(nu) is excursion-set area fraction; V1(nu) is a perimeter proxy estimated from |\u2207x| in a nu-band. Distances D0 and D1 are L2 distances (sqrt(sum((a-b)^2)*dnu)) to surrogate-mean curves. D_mf combines them as sqrt(D0^2 + D1^2). Z_mf is the scale-free combined z-distance.",
  "kind": "planck_pr3_lensing_phi_topology_mf_v0_v1",
  "lmax": 320,
  "metric": "Minkowski-style morphology: V0(area) + V1(perimeter proxy) vs phase-random surrogates",
  "n_sims": 2000,
  "nside": 256,
  "observed": {
    "D0_L2": 0.0008814305360839107,
    "D0_sum_sq_legacy": 7.769197899411695e-06,
    "D1_L2": 22.26894054438827,
    "D1_sum_sq_legacy": 4959.057129694993,
    "D_mf": 22.26894056183229,
    "Z0": -0.8219736522125609,
    "Z1": 0.4732538387414224,
    "Z_mf": 0.9484776649005228,
    "map_mean": -8.395953816157006e-09,
    "map_std": 0.06191903909218579,
    "v0_curve": [
      0.998711903889974,
      0.9982312520345052,
      0.9975140889485677,
      0.9965947469075521,
      0.9953893025716146,
      0.9939002990722656,
      0.9918721516927084,
      0.9893913269042969,
      0.9862251281738281,
      0.9822883605957031,
      0.9773915608723959,
      0.9715054829915365,
      0.9642244974772135,
      0.9556630452473959,
      0.9452972412109375,
      0.9333674112955729,
      0.9193992614746094,
      0.9034652709960938,
      0.8851432800292969,
      0.8644536336263021,
      0.8410606384277344,
      0.8155746459960938,
      0.7878494262695312,
      0.757378896077474,
      0.7254244486490885,
      0.6909014383951823,
      0.6545639038085938,
      0.6172027587890625,
      0.5783907572428385,
      0.5392799377441406,
      0.5002772013346354,
      0.46022923787434894,
      0.42095947265625,
      0.38196563720703125,
      0.34480031331380206,
      0.3089179992675781,
      0.2747611999511719,
      0.24224980672200522,
      0.2122472127278646,
      0.18417867024739584,
      0.15899531046549478,
      0.13573710123697916,
      0.1147931416829427,
      0.09650421142578125,
      0.08048756917317708,
      0.06660842895507812,
      0.054668426513671875,
      0.04453913370768229,
      0.035861968994140625,
      0.028650919596354168,
      0.022701263427734375,
      0.017950693766276043,
      0.013957977294921875,
      0.010852813720703125,
      0.008398691813151041,
      0.006384531656901042,
      0.004809061686197917,
      0.003635406494140625,
      0.0027033487955729165,
      0.0019632975260416665,
      0.0014483133951822917
    ],
    "v1_curve": [
      12.385307924057614,
      16.52281491284517,
      25.078549096851766,
      28.639598529418727,
      38.857926592770816,
      52.360862334789694,
      70.07852015612131,
      84.36526688918121,
      102.30428352630817,
      130.55990389614996,
      159.1753828032408,
      193.33654657281042,
      226.05283447256934,
      293.20650093885854,
      338.6564136495983,
      386.69773163835,
      444.36801409037537,
      521.1286281764013,
      598.5971612337992,
      695.8412039210344,
      760.4776173696652,
      840.6242673618601,
      904.5962348914995,
      982.7214876049023,
      1048.8183857675233,
      1119.2156359702149,
      1173.5834811019486,
      1217.2601708127527,
      1252.619423464871,
      1248.5284910064443,
      1282.627354162936,
      1287.7236058726344,
      1279.0914525487046,
      1254.8731143094976,
      1172.9129988068082,
      1146.3484246423159,
      1073.0264034554707,
      1018.4127552314757,
      951.4498932049115,
      852.6226776634225,
      800.0670087653499,
      718.6588685485194,
      620.9428154060731,
      562.3639460556485,
      474.26004936701435,
      409.3280410545391,
      347.58782390490126,
      295.72442721016864,
      261.3985394532011,
      201.99450600849485,
      174.908277608721,
      145.40783198228524,
      108.14492211189703,
      86.84757170382736,
      71.33741292271978,
      57.5784391916592,
      41.069400172600204,
      33.53253232228269,
      26.46615924961102,
      17.973471224355325,
      13.936084710738449
    ]
  },
  "p_high": 0.776111944027986,
  "p_high_mf": 0.2928535732133933,
  "p_low": 0.22438780609695153,
  "p_low_mf": 0.7076461769115442,
  "p_two_sided": 0.44877561219390305,
  "p_two_sided_mf": 0.5857071464267866,
  "provenance": {
    "dat_url": "GAUSSIAN_CONTROL_FROM: https://github.com/gradient-pulse/phi-mesh/releases/download/data-2026-02-15-planck-lensing-R3/planck_pr3_lensing_mv_dat_klm.fits",
    "mf_url": "GAUSSIAN_CONTROL_MF_ZERO_FROM: https://github.com/gradient-pulse/phi-mesh/releases/download/data-2026-02-15-planck-lensing-R3/planck_pr3_lensing_mv_mf_klm.fits"
  },
  "seed": 731,
  "surrogate": {
    "D0_mean": 0.0016544786841877488,
    "D0_std": 0.0009404780141346055,
    "D1_mean": 20.810190809471607,
    "D1_std": 3.0823833120848643,
    "D_mf_mean": 20.810190891421577,
    "D_mf_std": 3.0823833462585255,
    "v0_mean_curve": [
      0.9986523685455304,
      0.9981348864237468,
      0.997441296895347,
      0.9965246715545647,
      0.9953241628011066,
      0.9937651837666823,
      0.9917660452524818,
      0.9892253061930336,
      0.986028486887614,
      0.9820492350260414,
      0.9771451276143402,
      0.9711565481821685,
      0.9639214566548648,
      0.9552643623352044,
      0.9450130399068202,
      0.9329917971293128,
      0.9190351041158051,
      0.9029826348622645,
      0.8847199389139822,
      0.8641386661529538,
      0.8411677945454906,
      0.8157954400380454,
      0.7880501480102533,
      0.7579921716054281,
      0.7257583719889306,
      0.6915360781351731,
      0.6555614585876475,
      0.6181126721700041,
      0.5795198275248212,
      0.5401402276357011,
      0.5003566214243572,
      0.4605692214965823,
      0.4211625391642253,
      0.3825147755940756,
      0.34499571164449094,
      0.30893323834737124,
      0.2746151974995932,
      0.24227784665425622,
      0.21211789639790893,
      0.18426374181111677,
      0.15879483731587735,
      0.13574883906046545,
      0.11508589553833015,
      0.09676929982503239,
      0.08068320910135902,
      0.06670078531901048,
      0.05466098276774096,
      0.0444034576416015,
      0.035756535847981774,
      0.028536001841227128,
      0.02257151921590167,
      0.017693920135498076,
      0.013741835276285806,
      0.010576148351033524,
      0.008064358393351245,
      0.006092512130737306,
      0.004559380213419605,
      0.003380553563435864,
      0.0024823563893636037,
      0.0018052616119384772,
      0.0013006757100423156
    ],