{
  "diagnostics": {
    "excess_kurt_x_obs": -0.037676020884025885,
    "imag_frac_nonzero_eps1e-12": 0.9846153846153847,
    "imag_max_abs": 0.023579696652508243,
    "skew_x_obs": -0.024199733820883047,
    "v1_delta_bandwidth_dnu": 0.10000000000000009,
    "v1_symmetry_corr": 0.9994349154311998,
    "verify_l2_from_curves": {
      "D0_match": true,
      "D0_recomputed": 0.003056864004494684,
      "D0_reported": 0.003056864004494684,
      "D1_match": true,
      "D1_recomputed": 9.252902435676281,
      "D1_reported": 9.252902435676281,
      "tol_abs": 1e-12,
      "tol_rel": 1e-10,
      "verify_dnu": 0.10000000000000009
    }
  },
  "hint": "This script compares observed morphology against phase-randomized surrogates that preserve |a_lm|. V0(nu) is excursion-set area fraction; V1(nu) is a perimeter proxy estimated from |\u2207x| in a nu-band. Distances D0 and D1 are L2 distances (sqrt(sum((a-b)^2)*dnu)) to surrogate-mean curves. D_mf combines them as sqrt(D0^2 + D1^2). Z_mf is the scale-free combined z-distance.",
  "kind": "planck_pr3_lensing_phi_topology_mf_v0_v1",
  "lmax": 128,
  "metric": "Minkowski-style morphology: V0(area) + V1(perimeter proxy) vs phase-random surrogates",
  "n_sims": 2000,
  "nside": 256,
  "observed": {
    "D0_L2": 0.003056864004494684,
    "D0_sum_sq_legacy": 9.344417541975268e-05,
    "D1_L2": 9.252902435676281,
    "D1_sum_sq_legacy": 856.1620348414399,
    "D_mf": 9.252902940621478,
    "Z0": -1.1298364695179919,
    "Z1": -0.87023753000731,
    "Z_mf": 1.4261289585749612,
    "map_mean": -6.145271510699564e-09,
    "map_std": 0.030992683156313965,
    "v0_curve": [
      0.9987843831380209,
      0.9982681274414062,
      0.9975776672363281,
      0.9966583251953125,
      0.9953829447428385,
      0.993768056233724,
      0.9916547139485677,
      0.9890708923339844,
      0.9856376647949219,
      0.9813486735026041,
      0.9762484232584635,
      0.9701156616210938,
      0.9625841776529948,
      0.9537404378255209,
      0.9434115091959635,
      0.931311289469401,
      0.9175008138020834,
      0.9012705485026041,
      0.8829739888509115,
      0.8626429239908854,
      0.8402544657389323,
      0.8153266906738281,
      0.7880859375,
      0.7586720784505209,
      0.7270863850911459,
      0.6930580139160156,
      0.6574872334798177,
      0.6202494303385416,
      0.5813166300455729,
      0.5420341491699219,
      0.5030504862467448,
      0.4636878967285156,
      0.42447153727213544,
      0.3856353759765625,
      0.3476155598958333,
      0.31067530314127606,
      0.27543004353841144,
      0.24188995361328125,
      0.21117273966471353,
      0.18308130900065103,
      0.15800348917643228,
      0.13503901163736978,
      0.11449686686197917,
      0.096221923828125,
      0.0799268086751302,
      0.06600316365559895,
      0.05407587687174479,
      0.04395929972330729,
      0.035312652587890625,
      0.027970631917317707,
      0.021867116292317707,
      0.016977945963541668,
      0.012999216715494791,
      0.009955088297526041,
      0.0075836181640625,
      0.005709330240885417,
      0.004276275634765625,
      0.003231048583984375,
      0.0023511250813802085,
      0.0017267862955729167,
      0.0012690226236979167
    ],
    "v1_curve": [
      3.913153913136127,
      4.922765457708363,
      6.931261521263104,
      8.161369359584565,
      11.778420091037102,
      15.807786277390031,
      18.82345149545495,
      24.980707227816463,
      32.6129509806922,
      39.23457012996219,
      47.9288914947527,
      60.27399210640494,
      69.50084279076404,
      83.61968996941806,
      97.53278247323017,
      112.73498611357076,
      132.55905845219797,
      148.28946129834654,
      171.5979723099324,
      193.07815446891638,
      211.9715433547417,
      232.19851114219702,
      256.1254594546412,
      273.99760505181183,
      292.0118060527653,
      309.83016097779074,
      323.66925802620045,
      339.1000303969283,
      346.7761557674426,
      350.9737999304171,
      351.8862833092349,
      356.18716788486944,
      344.35156754276835,
      341.1090615778909,
      329.3258644981808,
      312.30267465369667,
      288.0904134627384,
      271.172984113357,
      248.26452216230862,
      221.26574121522344,
      203.10914523694893,
      182.86570380662488,
      161.9658264359636,
      141.94588769668718,
      124.48914373140117,
      108.72240190570606,
      92.15406624087794,
      79.81567725792247,
      66.39029141614395,
      55.35813061359648,
      45.92716119475818,
      36.79202684165476,
      29.845222404645142,
      22.13247900983186,
      17.911987002483038,
      13.729757571424644,
      10.556354731433334,
      8.191229976274267,
      6.686872815021802,
      4.43310570739393,
      3.543152530909569
    ]
  },
  "p_high": 0.9105447276361819,
  "p_high_mf": 0.7991004497751124,
  "p_low": 0.08995502248875563,
  "p_low_mf": 0.2013993003498251,
  "p_two_sided": 0.17991004497751126,
  "p_two_sided_mf": 0.4027986006996502,
  "provenance": {
    "dat_url": "GAUSSIAN_CONTROL_FROM: https://github.com/gradient-pulse/phi-mesh/releases/download/data-2026-02-15-planck-lensing-R3/planck_pr3_lensing_mv_dat_klm.fits",
    "mf_url": "GAUSSIAN_CONTROL_MF_ZERO_FROM: https://github.com/gradient-pulse/phi-mesh/releases/download/data-2026-02-15-planck-lensing-R3/planck_pr3_lensing_mv_mf_klm.fits"
  },
  "seed": 731,
  "surrogate": {
    "D0_mean": 0.008729588279765428,
    "D0_std": 0.005020836579731604,
    "D1_mean": 14.405113354804634,
    "D1_std": 5.920465093116674,
    "D_mf_mean": 14.405116227525221,
    "D_mf_std": 5.920466667949774,
    "v0_mean_curve": [
      0.9987748126983651,
      0.9982757593790685,
      0.997604418436685,
      0.9967063420613603,
      0.9955200487772625,
      0.9939698193868011,
      0.9919709491729736,
      0.9894179433186847,
      0.9862001120249427,
      0.9821819705963144,
      0.977226119359334,
      0.9711683896382652,
      0.9638445460001618,
      0.9550846322377533,
      0.9447117112477632,
      0.932560090382895,
      0.9184695574442553,
      0.9022942358652758,
      0.8839123522440574,
      0.8632362562815359,
      0.8402027873992917,
      0.8148005510965977,
      0.7870596097310384,
      0.7570497792561846,
      0.7249139366149898,
      0.6908317095438635,
      0.6550288467407218,
      0.6177886861165356,
      0.579422287623088,
      0.5402912629445398,
      0.5007537409464516,
      0.46118718147277893,
      0.4219670314788818,
      0.3834808324178056,
      0.3460718930562337,
      0.310087096532186,
      0.2758164723714191,
      0.2434792277018227,
      0.2132668819427487,
      0.1853286539713541,
      0.15973370424906408,
      0.1365419896443685,
      0.11572344843546574,
      0.09723314030965183,
      0.08098087819417327,
      0.0668355019887289,
      0.05465302276611336,
      0.0442766888936361,
      0.035521970113118514,
      0.028223073959350566,
      0.022200913747151656,
      0.017289837519327795,
      0.013325641632080075,
      0.010162956237792956,
      0.007669981002807636,
      0.0057262674967447835,
      0.004227043151855478,
      0.0030851268768310514,
      0.0022261047363281244,
      0.0015870711008707683,
      0.0011178220113118493
    ],