{
  "diagnostics": {
    "excess_kurt_x_obs": -0.007117085745083074,
    "imag_frac_nonzero_eps1e-12": 0.9937888198757764,
    "imag_max_abs": 0.03498060212768627,
    "skew_x_obs": -0.01340088565861076,
    "v1_delta_bandwidth_dnu": 0.10000000000000009,
    "v1_symmetry_corr": 0.9994111557879514,
    "verify_l2_from_curves": {
      "D0_match": true,
      "D0_recomputed": 0.0015620548490944727,
      "D0_reported": 0.0015620548490944727,
      "D1_match": true,
      "D1_recomputed": 20.949589194192082,
      "D1_reported": 20.949589194192082,
      "tol_abs": 1e-12,
      "tol_rel": 1e-10,
      "verify_dnu": 0.10000000000000009
    }
  },
  "hint": "This script compares observed morphology against phase-randomized surrogates that preserve |a_lm|. V0(nu) is excursion-set area fraction; V1(nu) is a perimeter proxy estimated from |\u2207x| in a nu-band. Distances D0 and D1 are L2 distances (sqrt(sum((a-b)^2)*dnu)) to surrogate-mean curves. D_mf combines them as sqrt(D0^2 + D1^2). Z_mf is the scale-free combined z-distance.",
  "kind": "planck_pr3_lensing_phi_topology_mf_v0_v1",
  "lmax": 320,
  "metric": "Minkowski-style morphology: V0(area) + V1(perimeter proxy) vs phase-random surrogates",
  "n_sims": 2000,
  "nside": 256,
  "observed": {
    "D0_L2": 0.0015620548490944727,
    "D0_sum_sq_legacy": 2.4400153515795535e-05,
    "D1_L2": 20.949589194192082,
    "D1_sum_sq_legacy": 4388.852874054093,
    "D_mf": 20.94958925242748,
    "Z0": -0.0029492958253632263,
    "Z1": -0.5141069620971783,
    "Z_mf": 0.5141154216930816,
    "map_mean": -4.986059346051159e-08,
    "map_std": 0.06175344378494674,
    "v0_curve": [
      0.9986228942871094,
      0.9980951944986979,
      0.9973640441894531,
      0.996392567952474,
      0.9951667785644531,
      0.9935811360677084,
      0.9915211995442709,
      0.9889450073242188,
      0.9857597351074219,
      0.9819234212239584,
      0.9770100911458334,
      0.971032460530599,
      0.9637832641601562,
      0.9551925659179688,
      0.9449297587076823,
      0.9328282674153646,
      0.9187342325846354,
      0.9027862548828125,
      0.8845647176106771,
      0.8637860616048177,
      0.8406168619791666,
      0.8151995340983073,
      0.7876052856445312,
      0.7576929728190104,
      0.7259178161621094,
      0.6917839050292969,
      0.6559371948242188,
      0.6188023885091146,
      0.5806020100911459,
      0.5413475036621094,
      0.5017611185709635,
      0.4619038899739583,
      0.4224510192871094,
      0.3837852478027344,
      0.3460540771484375,
      0.30953089396158856,
      0.2747662862141927,
      0.24233500162760416,
      0.2119420369466146,
      0.18410873413085938,
      0.15867233276367188,
      0.13517125447591147,
      0.11425399780273438,
      0.0959943135579427,
      0.08028030395507812,
      0.0663286844889323,
      0.05431365966796875,
      0.044124603271484375,
      0.0354461669921875,
      0.028401692708333332,
      0.02240753173828125,
      0.017578125,
      0.013638814290364584,
      0.010393778483072916,
      0.00792694091796875,
      0.005959828694661458,
      0.0044708251953125,
      0.0032666524251302085,
      0.0023969014485677085,
      0.001750946044921875,
      0.001255035400390625
    ],
    "v1_curve": [
      14.799755506056442,
      22.651414772148,
      29.46183711481008,
      37.939499486609904,
      52.10752880612436,
      60.9683421005596,
      81.78243476686397,
      89.22352923202385,
      123.16094418890314,
      145.05844861245043,
      183.09179143621273,
      214.54586449857376,
      263.0061895266354,
      318.3766062523264,
      371.10661147992386,
      428.5193054032645,
      512.8259751912096,
      555.8335621011031,
      625.4653325906351,
      736.7584985560346,
      783.5833782246438,
      862.8294504849439,
      929.2854117686035,
      996.2451083841237,
      1072.3491016764638,
      1141.9009515220566,
      1169.2135357135553,
      1204.7299813132768,
      1231.642963897611,
      1258.3110936356466,
      1265.9421028265772,
      1261.503965098065,
      1241.4841322237983,
      1199.4531477238527,
      1186.9173989580129,
      1113.8542359108496,
      1044.3917562106315,
      988.9334427534001,
      915.8022302312553,
      840.1482766403095,
      753.9173900786658,
      691.430849479091,
      604.0493909276915,
      523.7118317467881,
      460.03581639786216,
      393.6345178948439,
      344.460393455965,
      294.5836064378789,
      242.14190445018258,
      199.67819779904957,
      166.92945004896205,
      133.74976265157548,
      111.4107131389137,
      85.50169062995725,
      70.02980505041488,
      53.83349294168835,
      42.16802604279327,
      30.495751196618695,
      23.69682396204421,
      16.169052311024767,
      13.17697145209888
    ]
  },
  "p_high": 0.39730134932533734,
  "p_high_mf": 0.6721639180409795,
  "p_low": 0.6031984007996002,
  "p_low_mf": 0.328335832083958,
  "p_two_sided": 0.7946026986506747,
  "p_two_sided_mf": 0.656671664167916,
  "provenance": {
    "dat_url": "GAUSSIAN_CONTROL_FROM: https://github.com/gradient-pulse/phi-mesh/releases/download/data-2026-02-15-planck-lensing-R3/planck_pr3_lensing_mv_dat_klm.fits",
    "mf_url": "GAUSSIAN_CONTROL_MF_ZERO_FROM: https://github.com/gradient-pulse/phi-mesh/releases/download/data-2026-02-15-planck-lensing-R3/planck_pr3_lensing_mv_mf_klm.fits"
  },
  "seed": 731,
  "surrogate": {
    "D0_mean": 0.001564783492553531,
    "D0_std": 0.0009251847290437051,
    "D1_mean": 22.921889754067358,
    "D1_std": 3.8363622850578403,
    "D_mf_mean": 22.921889821117503,
    "D_mf_std": 3.8363623150822868,
    "v0_mean_curve": [
      0.9986629142761232,
      0.9981484540303558,
      0.9974601389567047,
      0.9965505924224859,
      0.9953564790089916,
      0.9938094787597657,
      0.9918221524556458,
      0.9892944971720374,
      0.9861103935241702,
      0.9821453215281197,
      0.9772517153422048,
      0.9712761834462484,
      0.9640513197580982,
      0.9554067217508947,
      0.9451541023254415,
      0.9331298980712898,
      0.9191660664876311,
      0.903107307434082,
      0.884824731826784,
      0.8642228946685794,
      0.8412265656789147,
      0.8158193136851006,
      0.7880400962829611,
      0.7579366086324075,
      0.7256665293375651,
      0.6913970120747874,
      0.6553794587453207,
      0.6178896948496508,
      0.5792588380177817,
      0.5398631985982258,
      0.500066688537598,
      0.46026344680786146,
      0.42085599644978805,
      0.38222641436258953,
      0.3447344042460126,
      0.3086962839762368,
      0.27441063563028983,
      0.242114013036092,
      0.21199318695068356,
      0.18418017387390132,
      0.1587561594645181,
      0.13574765141805023,
      0.11513202285766586,
      0.09684889157613114,
      0.08078196525573729,
      0.0668153642018635,
      0.054790953318278095,
      0.04454146003723141,
      0.03589569727579756,
      0.028675750732421897,
      0.02270260047912602,
      0.017812718073527013,
      0.013850342432657863,
      0.010670923868815102,
      0.008147825241088869,
      0.006163096110026041,
      0.004618483861287434,
      0.0034298642476399722,
      0.0025217685699462883,
      0.001837101618448895,
      0.0013246650695800755
    ],