{
  "diagnostics": {
    "excess_kurt_x_obs": -0.010610560733274266,
    "imag_frac_nonzero_eps1e-12": 0.9937888198757764,
    "imag_max_abs": 0.019036231712534605,
    "skew_x_obs": 0.007138370714595517,
    "v1_delta_bandwidth_dnu": 0.10000000000000009,
    "v1_symmetry_corr": 0.9998324288519154,
    "verify_l2_from_curves": {
      "D0_match": true,
      "D0_recomputed": 0.0008230206697025945,
      "D0_reported": 0.0008230206697025945,
      "D1_match": true,
      "D1_recomputed": 18.89038062868105,
      "D1_reported": 18.89038062868105,
      "tol_abs": 1e-12,
      "tol_rel": 1e-10,
      "verify_dnu": 0.10000000000000009
    }
  },
  "hint": "This script compares observed morphology against phase-randomized surrogates that preserve |a_lm|. V0(nu) is excursion-set area fraction; V1(nu) is a perimeter proxy estimated from |\u2207x| in a nu-band. Distances D0 and D1 are L2 distances (sqrt(sum((a-b)^2)*dnu)) to surrogate-mean curves. D_mf combines them as sqrt(D0^2 + D1^2). Z_mf is the scale-free combined z-distance.",
  "kind": "planck_pr3_lensing_phi_topology_mf_v0_v1",
  "lmax": 320,
  "metric": "Minkowski-style morphology: V0(area) + V1(perimeter proxy) vs phase-random surrogates",
  "n_sims": 2000,
  "nside": 256,
  "observed": {
    "D0_L2": 0.0008230206697025945,
    "D0_sum_sq_legacy": 6.773630227577065e-06,
    "D1_L2": 18.89038062868105,
    "D1_sum_sq_legacy": 3568.4648029644795,
    "D_mf": 18.89038064660983,
    "Z0": -0.5517105905128522,
    "Z1": -0.6796402440523669,
    "Z_mf": 0.8753830230359742,
    "map_mean": 1.7362808751806198e-08,
    "map_std": 0.06047757767035498,
    "v0_curve": [
      0.9987068176269531,
      0.9982147216796875,
      0.9975433349609375,
      0.9966786702473959,
      0.9955062866210938,
      0.9940439860026041,
      0.9920832316080729,
      0.9896748860677084,
      0.9864692687988281,
      0.9824714660644531,
      0.977569580078125,
      0.9715894063313802,
      0.9643096923828125,
      0.9554392496744791,
      0.9452552795410156,
      0.9333979288736979,
      0.9192822774251302,
      0.9029960632324219,
      0.8847478230794271,
      0.8640734354654948,
      0.8410924275716146,
      0.815619150797526,
      0.7878646850585938,
      0.7578875223795573,
      0.7255261739095052,
      0.691247304280599,
      0.6553090413411459,
      0.6177215576171875,
      0.578851064046224,
      0.5392786661783854,
      0.4993553161621094,
      0.45957183837890625,
      0.4201622009277344,
      0.3812395731608073,
      0.34392674763997394,
      0.3079414367675781,
      0.2736625671386719,
      0.241424560546875,
      0.21132787068684897,
      0.18375651041666666,
      0.1587855021158854,
      0.1358515421549479,
      0.11544291178385417,
      0.09740320841471355,
      0.08150609334309895,
      0.0674120585123698,
      0.055631001790364586,
      0.04527155558268229,
      0.036579132080078125,
      0.029210408528645832,
      0.023058573404947918,
      0.018057505289713543,
      0.014027913411458334,
      0.010759989420572916,
      0.008281707763671875,
      0.00617218017578125,
      0.004609425862630208,
      0.0033976236979166665,
      0.0024553934733072915,
      0.0017751057942708333,
      0.001270294189453125
    ],
    "v1_curve": [
      14.474982475925042,
      16.393657854883166,
      24.281995433556943,
      33.79629242464496,
      42.204668622723034,
      52.960615679122334,
      69.0711528297027,
      85.55726244571143,
      110.03062161337628,
      138.75053551828174,
      171.77356934703326,
      205.38449619514904,
      259.21562357885784,
      298.11555487375614,
      341.1424859568702,
      416.26487794329495,
      494.3801275464818,
      545.9559485869165,
      628.000479713542,
      711.5751456199431,
      779.3883689571413,
      873.085752021995,
      950.6745187805673,
      1014.959922122575,
      1081.6880501485778,
      1153.0959052790622,
      1200.3559792304661,
      1237.9060378468141,
      1280.8247417600123,
      1299.9286495658957,
      1284.610252706156,
      1315.2143958565493,
      1277.7430920874933,
      1253.6666050228998,
      1203.5498807168453,
      1154.133460731953,
      1092.5074077010152,
      1019.8070402069845,
      953.0181687687831,
      864.2433243676245,
      752.7748964542639,
      713.364033595648,
      619.8829920688171,
      558.2506826690118,
      482.1457312804998,
      421.3292335425784,
      351.21290280798786,
      308.3422184202948,
      260.96800079669634,
      214.03576470874123,
      174.35532283137607,
      140.62558730837463,
      110.71327633113489,
      87.89164322364226,
      71.87094575897049,
      57.6763613520556,
      41.33196195456889,
      34.02453846652315,
      24.40463061967246,
      17.663026573264027,
      11.778910627280833
    ]
  },
  "p_high": 0.6416791604197901,
  "p_high_mf": 0.7486256871564217,
  "p_low": 0.3588205897051474,
  "p_low_mf": 0.2518740629685157,
  "p_two_sided": 0.7176411794102948,
  "p_two_sided_mf": 0.5037481259370314,
  "provenance": {
    "dat_url": "GAUSSIAN_CONTROL_FROM: https://github.com/gradient-pulse/phi-mesh/releases/download/data-2026-02-15-planck-lensing-R3/planck_pr3_lensing_mv_dat_klm.fits",
    "mf_url": "GAUSSIAN_CONTROL_MF_ZERO_FROM: https://github.com/gradient-pulse/phi-mesh/releases/download/data-2026-02-15-planck-lensing-R3/planck_pr3_lensing_mv_mf_klm.fits"
  },
  "seed": 731,
  "surrogate": {
    "D0_mean": 0.0011625109474814235,
    "D0_std": 0.0006153412379908274,
    "D1_mean": 20.77426895817822,
    "D1_std": 2.7718904905696147,
    "D_mf_mean": 20.774268998733504,
    "D_mf_std": 2.7718904986682267,
    "v0_mean_curve": [
      0.9986711304982493,
      0.9981601479848227,
      0.9974762541453033,
      0.9965688559214276,
      0.9953798561096183,
      0.9938375682830802,
      0.9918538443247471,
      0.9893337828318294,
      0.9861611207326259,
      0.9822033659617092,
      0.977320536295574,
      0.9713522777557363,
      0.9641353327433279,
      0.9554931182861334,
      0.9452499179840097,
      0.9332312196095789,
      0.9192668285369883,
      0.9032077318827318,
      0.8849233697255454,
      0.8643006960550934,
      0.8412970116933175,
      0.815872896830242,
      0.7880569769541428,
      0.7579306786855058,
      0.725622686386108,
      0.6913258533477771,
      0.6552742392222093,
      0.6177545433044421,
      0.5791047999064135,
      0.5396755301157631,
      0.49985792795817047,
      0.4600384114583333,
      0.420628192901612,
      0.38198924700419074,
      0.3444990215301512,
      0.3084788532257078,
      0.2742179361979166,
      0.24195625686645508,
      0.2118764508565267,
      0.1841024665832518,
      0.15871036911010736,
      0.13573307228088377,
      0.11514448102315271,
      0.09688144111633319,
      0.080832342147827,
      0.06688087336222343,
      0.054871974945068305,
      0.04463312594095867,
      0.035989622116088874,
      0.028768136978149367,
      0.022796974182128886,
      0.017904420216878266,
      0.013936841328938781,
      0.010751990636189791,
      0.008218540191650392,
      0.006227529525756841,
      0.004673878987630205,
      0.003476619084676109,
      0.002562572479248048,
      0.0018709672292073567,
      0.001353820800781248
    ],