{
  "diagnostics": {
    "excess_kurt_x_obs": -0.05510086531847591,
    "imag_frac_nonzero_eps1e-12": 0.9922480620155039,
    "imag_max_abs": 0.0302611887059698,
    "skew_x_obs": 0.0004784389183932804,
    "v1_delta_bandwidth_dnu": 0.10000000000000009,
    "v1_symmetry_corr": 0.9972374697089714,
    "verify_l2_from_curves": {
      "D0_match": true,
      "D0_recomputed": 0.0007787589048823178,
      "D0_reported": 0.0007787589048823178,
      "D1_match": true,
      "D1_recomputed": 17.194551176103417,
      "D1_reported": 17.194551176103417,
      "tol_abs": 1e-12,
      "tol_rel": 1e-10,
      "verify_dnu": 0.10000000000000009
    }
  },
  "hint": "This script compares observed morphology against phase-randomized surrogates that preserve |a_lm|. V0(nu) is excursion-set area fraction; V1(nu) is a perimeter proxy estimated from |\u2207x| in a nu-band. Distances D0 and D1 are L2 distances (sqrt(sum((a-b)^2)*dnu)) to surrogate-mean curves. D_mf combines them as sqrt(D0^2 + D1^2). Z_mf is the scale-free combined z-distance.",
  "kind": "planck_pr3_lensing_phi_topology_mf_v0_v1",
  "lmax": 256,
  "metric": "Minkowski-style morphology: V0(area) + V1(perimeter proxy) vs phase-random surrogates",
  "n_sims": 2000,
  "nside": 256,
  "observed": {
    "D0_L2": 0.0007787589048823178,
    "D0_sum_sq_legacy": 6.064654319335063e-06,
    "D1_L2": 17.194551176103417,
    "D1_sum_sq_legacy": 2956.525901476392,
    "D_mf": 17.194551193738814,
    "Z0": -1.2600747076799357,
    "Z1": -0.8482071778467902,
    "Z_mf": 1.5189613838032525,
    "map_mean": -7.373759253756842e-08,
    "map_std": 0.05191232849617834,
    "v0_curve": [
      0.998833974202474,
      0.9983647664388021,
      0.9977340698242188,
      0.9969202677408854,
      0.9957427978515625,
      0.9942677815755209,
      0.9923171997070312,
      0.9897562662760416,
      0.9866523742675781,
      0.9826393127441406,
      0.9776763916015625,
      0.9716237386067709,
      0.9643287658691406,
      0.955322265625,
      0.9448204040527344,
      0.9326032002766927,
      0.9183794657389323,
      0.9020373026529948,
      0.8836669921875,
      0.8629976908365885,
      0.8397878011067709,
      0.814233144124349,
      0.7865791320800781,
      0.756354014078776,
      0.7240943908691406,
      0.6901804606119791,
      0.6544685363769531,
      0.6175359090169271,
      0.5792973836263021,
      0.540032704671224,
      0.5004475911458334,
      0.46076202392578125,
      0.42173131306966144,
      0.38327916463216144,
      0.3459765116373698,
      0.31017176310221356,
      0.2761090596516927,
      0.24350611368815103,
      0.21303431193033853,
      0.18515904744466147,
      0.1593170166015625,
      0.13637669881184897,
      0.11574427286783855,
      0.09738794962565105,
      0.0812225341796875,
      0.0670611063639323,
      0.054677327473958336,
      0.04445012410481771,
      0.03561528523763021,
      0.028275807698567707,
      0.022345225016276043,
      0.017396291097005207,
      0.013371785481770834,
      0.010342915852864584,
      0.007932027180989584,
      0.006028493245442708,
      0.004467010498046875,
      0.0032475789388020835,
      0.002346038818359375,
      0.0017178853352864583,
      0.0012296040852864583
    ],
    "v1_curve": [
      7.882481032731697,
      10.063189506862415,
      13.970948769438994,
      19.054479560138315,
      24.863173555093603,
      34.74610675985456,
      41.59765038162128,
      57.172797375387795,
      68.11205120654866,
      85.8200516102982,
      107.85060616385671,
      134.93225898813097,
      157.89351238401113,
      195.51414694038579,
      229.63693782342546,
      264.04197740427577,
      305.79855144237376,
      354.1028143444331,
      409.0573416906866,
      456.44335542189106,
      506.7803851925061,
      560.2937629484702,
      612.0910079538442,
      655.3768668474673,
      714.0374859121206,
      740.4593066764207,
      776.0658884618437,
      814.3565431028176,
      848.3288034324842,
      869.8502313964368,
      880.6517993917884,
      868.2064359584145,
      856.235578161313,
      854.7869961107605,
      833.8891397533988,
      797.5910558283625,
      773.647152412261,
      720.5350664539296,
      698.6375161499491,
      624.2513412259351,
      581.5480381004805,
      515.0190123809269,
      470.57390326196315,
      412.6427691941831,
      376.04782073316557,
      326.0784742977211,
      280.61240407457734,
      248.21990737157796,
      202.6463191880188,
      182.7131268615512,
      141.22916809356437,
      123.19399790006165,
      91.39033693828307,
      69.93387391586,
      58.02565817597163,
      46.15096331224512,
      36.20582479369517,
      28.240331633407486,
      21.66785221729777,
      16.560853497892737,
      11.466487537915913
    ]
  },
  "p_high": 0.9830084957521239,
  "p_high_mf": 0.8140929535232384,
  "p_low": 0.017491254372813594,
  "p_low_mf": 0.18640679660169915,
  "p_two_sided": 0.03498250874562719,
  "p_two_sided_mf": 0.3728135932033983,
  "provenance": {
    "dat_url": "GAUSSIAN_CONTROL_FROM: https://github.com/gradient-pulse/phi-mesh/releases/download/data-2026-02-15-planck-lensing-R3/planck_pr3_lensing_mv_dat_klm.fits",
    "mf_url": "GAUSSIAN_CONTROL_MF_ZERO_FROM: https://github.com/gradient-pulse/phi-mesh/releases/download/data-2026-02-15-planck-lensing-R3/planck_pr3_lensing_mv_mf_klm.fits"
  },
  "seed": 731,
  "surrogate": {
    "D0_mean": 0.00486218728037423,
    "D0_std": 0.003240624028562853,
    "D1_mean": 25.48321814547127,
    "D1_std": 9.771983998542648,
    "D_mf_mean": 25.48321867183198,
    "D_mf_std": 9.771984372785244,
    "v0_mean_curve": [
      0.9987625713348368,
      0.9982670745849606,
      0.9975979709625252,
      0.9967057692209887,
      0.9955283069610589,
      0.9939922275543205,
      0.9920095628102632,
      0.9894798259735105,
      0.9862827746073388,
      0.9822968095143626,
      0.9773647435506169,
      0.9713360907236731,
      0.964041601181029,
      0.9553058821360263,
      0.9449547640482588,
      0.932823097864787,
      0.9187478802998839,
      0.902574553807577,
      0.8841840057373032,
      0.8634816220601412,
      0.8404083156585715,
      0.8149507306416819,
      0.7871468734741215,
      0.7570823230743398,
      0.7248815186818435,
      0.6907262312571203,
      0.6548518060048427,
      0.6175537122090652,
      0.5791405824025466,
      0.5399496103922516,
      0.5003620694478358,
      0.46076918347676543,
      0.42153139686584556,
      0.3830470288594568,
      0.34565799395243346,
      0.30969593175252186,
      0.2754424209594726,
      0.24313000488281256,
      0.2129588832855226,
      0.18505294736226402,
      0.15951396814982124,
      0.13636858812967959,
      0.11560590235392253,
      0.09716646385192863,
      0.08096359252929683,
      0.06687122090657543,
      0.054732793172200526,
      0.044388586044311555,
      0.03567335764567058,
      0.028398433049519865,
      0.02239247767130531,
      0.017485966364542627,
      0.013523480097452807,
      0.010356143951416003,
      0.007852694829305007,
      0.005894922892252612,
      0.004379803975423174,
      0.0032201360066731748,
      0.002344312032063803,
      0.001688617070515952,
      0.0012034842173258495
    ],