{
  "diagnostics": {
    "excess_kurt_x_obs": -0.11888293424823893,
    "imag_frac_nonzero_eps1e-12": 0.9846153846153847,
    "imag_max_abs": 0.01470887693629669,
    "skew_x_obs": -0.06261932602011201,
    "v1_delta_bandwidth_dnu": 0.10000000000000009,
    "v1_symmetry_corr": 0.9979683240715395,
    "verify_l2_from_curves": {
      "D0_match": true,
      "D0_recomputed": 0.0045983494781288575,
      "D0_reported": 0.0045983494781288575,
      "D1_match": true,
      "D1_recomputed": 7.8367226304655535,
      "D1_reported": 7.8367226304655535,
      "tol_abs": 1e-12,
      "tol_rel": 1e-10,
      "verify_dnu": 0.10000000000000009
    }
  },
  "hint": "This script compares observed morphology against phase-randomized surrogates that preserve |a_lm|. V0(nu) is excursion-set area fraction; V1(nu) is a perimeter proxy estimated from |\u2207x| in a nu-band. Distances D0 and D1 are L2 distances (sqrt(sum((a-b)^2)*dnu)) to surrogate-mean curves. D_mf combines them as sqrt(D0^2 + D1^2). Z_mf is the scale-free combined z-distance.",
  "kind": "planck_pr3_lensing_phi_topology_mf_v0_v1",
  "lmax": 128,
  "metric": "Minkowski-style morphology: V0(area) + V1(perimeter proxy) vs phase-random surrogates",
  "n_sims": 2000,
  "nside": 256,
  "observed": {
    "D0_L2": 0.0045983494781288575,
    "D0_sum_sq_legacy": 0.0002114481792300792,
    "D1_L2": 7.8367226304655535,
    "D1_sum_sq_legacy": 614.142215868509,
    "D_mf": 7.836723979550949,
    "Z0": -0.6323456567011326,
    "Z1": -0.9973746523035585,
    "Z_mf": 1.180939129086013,
    "map_mean": -2.8984241686062204e-08,
    "map_std": 0.029228669079495704,
    "v0_curve": [
      0.9985949198404948,
      0.998040517171224,
      0.9973958333333334,
      0.9965502421061198,
      0.9953117370605469,
      0.9937413533528646,
      0.9917170206705729,
      0.9891942342122396,
      0.9858525594075521,
      0.9817123413085938,
      0.9763043721516927,
      0.969793955485026,
      0.9621289571126302,
      0.9527854919433594,
      0.942114512125651,
      0.9299176534016927,
      0.9158312479654948,
      0.8998031616210938,
      0.8818066914876302,
      0.861944834391276,
      0.8392448425292969,
      0.8148104349772135,
      0.7878646850585938,
      0.7583783467610677,
      0.7265446980794271,
      0.6928914388020834,
      0.6571502685546875,
      0.6200586954752604,
      0.5814666748046875,
      0.542510986328125,
      0.5030746459960938,
      0.46323903401692706,
      0.4243507385253906,
      0.3856671651204427,
      0.34865442911783856,
      0.31313832600911456,
      0.27935155232747394,
      0.24701563517252603,
      0.21620941162109375,
      0.18781407674153647,
      0.16180419921875,
      0.13799413045247397,
      0.11676025390625,
      0.0978240966796875,
      0.0812695821126302,
      0.06674702962239583,
      0.05409876505533854,
      0.04312769571940104,
      0.033838907877604164,
      0.02610015869140625,
      0.020005544026692707,
      0.015051523844401041,
      0.011248270670572916,
      0.0082244873046875,
      0.005917867024739583,
      0.004137674967447917,
      0.0028928120930989585,
      0.0020281473795572915,
      0.0013885498046875,
      0.000957489013671875,
      0.000644683837890625
    ],
    "v1_curve": [
      3.5658059660394144,
      4.7558873926497665,
      5.831247266254436,
      8.188957030039276,
      11.157566155484563,
      14.424444949415443,
      18.187426856538004,
      23.333743628645387,
      29.005087004851443,
      36.87923280878555,
      45.84098748604512,
      59.25046419840122,
      66.17522530701696,
      82.81941905201097,
      93.7188667975587,
      113.30530587693501,
      130.2937106298332,
      146.11216508103652,
      168.55542478362716,
      190.24110297564127,
      211.33139966798873,
      230.3438883368807,
      257.0180690043886,
      274.465994484564,
      298.3511642275561,
      317.63476636333587,
      335.8362022594285,
      346.0076406683594,
      366.4073954951062,
      372.1217772887098,
      377.51614558075426,
      375.0014902742467,
      372.5915810980884,
      361.3327422359276,
      346.8377558432988,
      330.57826129537966,
      318.41661621126804,
      299.1809319381209,
      279.20931944809274,
      257.00248918553024,
      233.62974608737596,
      218.35165008325197,
      192.23985752948715,
      166.8446526864622,
      149.0057154130971,
      130.87779563305114,
      114.82067130851986,
      95.04792109651515,
      79.4931007526315,
      64.36621142428719,
      55.02021956817051,
      40.98811505352257,
      30.740745266242158,
      23.817876501217576,
      18.90207101999246,
      12.881835403746589,
      9.070435621748956,
      7.380118581758629,
      4.742729800134022,
      3.5267786126445766,
      2.093788207756968
    ]
  },
  "p_high": 0.6986506746626686,
  "p_high_mf": 0.8695652173913043,
  "p_low": 0.30184907546226886,
  "p_low_mf": 0.13093453273363317,
  "p_two_sided": 0.6036981509245377,
  "p_two_sided_mf": 0.26186906546726635,
  "provenance": {
    "dat_url": "GAUSSIAN_CONTROL_FROM: https://github.com/gradient-pulse/phi-mesh/releases/download/data-2026-02-15-planck-lensing-R3/planck_pr3_lensing_mv_dat_klm.fits",
    "mf_url": "GAUSSIAN_CONTROL_MF_ZERO_FROM: https://github.com/gradient-pulse/phi-mesh/releases/download/data-2026-02-15-planck-lensing-R3/planck_pr3_lensing_mv_mf_klm.fits"
  },
  "seed": 731,
  "surrogate": {
    "D0_mean": 0.007425287693214679,
    "D0_std": 0.004470558443990271,
    "D1_mean": 13.356921589743123,
    "D1_std": 5.534729548748804,
    "D_mf_mean": 13.356923850231457,
    "D_mf_std": 5.534730879602036,
    "v0_mean_curve": [
      0.9986895160675063,
      0.9981735471089694,
      0.997480299631753,
      0.9965606511433917,
      0.9953528455098468,
      0.9937828311920164,
      0.9917671731313079,
      0.9892025063832606,
      0.9859773489634204,
      0.9819649270375551,
      0.9770183283487947,
      0.9709820861816407,
      0.9636944936116528,
      0.9549830156962087,
      0.9446722106933586,
      0.9326010659535728,
      0.9185959014892564,
      0.9025110365549739,
      0.8842213166554765,
      0.8636352322896319,
      0.8406822210947665,
      0.8153530921936039,
      0.7876734682718909,
      0.7577075881958021,
      0.7255957489013677,
      0.6915023396809885,
      0.6556665579477932,
      0.6183579057057704,
      0.5798979752858484,
      0.5406403102874756,
      0.5009617907206216,
      0.4612523339589437,
      0.4219088306427004,
      0.3832969532012943,
      0.34578750483194953,
      0.30970493189493864,
      0.27534585698445657,
      0.24295037269592276,
      0.21270715713500996,
      0.1847620162963867,
      0.15919696044921886,
      0.13603479576110847,
      0.11527318318684907,
      0.09684829648335776,
      0.08066217931111656,
      0.06659237035115541,
      0.05448082351684578,
      0.044175266901651924,
      0.03548909314473466,
      0.02824464416503907,
      0.022265818913777706,
      0.017380775451660148,
      0.013435793558756525,
      0.01028349049886068,
      0.007790350596110025,
      0.005844312667846671,
      0.00433922640482585,
      0.003188575108846026,
      0.002318393707275393,
      0.0016673069000244138,
      0.0011870810190836572
    ],