{
  "diagnostics": {
    "excess_kurt_x_obs": -0.15302681294811515,
    "imag_frac_nonzero_eps1e-12": 0.9896907216494846,
    "imag_max_abs": 0.047096583927826716,
    "skew_x_obs": 0.09437491363855187,
    "v1_delta_bandwidth_dnu": 0.10000000000000009,
    "v1_symmetry_corr": 0.9972384850384325,
    "verify_l2_from_curves": {
      "D0_match": true,
      "D0_recomputed": 0.004588071761309982,
      "D0_reported": 0.004588071761309982,
      "D1_match": true,
      "D1_recomputed": 16.742684653588643,
      "D1_reported": 16.742684653588643,
      "tol_abs": 1e-12,
      "tol_rel": 1e-10,
      "verify_dnu": 0.10000000000000009
    }
  },
  "hint": "This script compares observed morphology against phase-randomized surrogates that preserve |a_lm|. V0(nu) is excursion-set area fraction; V1(nu) is a perimeter proxy estimated from |\u2207x| in a nu-band. Distances D0 and D1 are L2 distances (sqrt(sum((a-b)^2)*dnu)) to surrogate-mean curves. D_mf combines them as sqrt(D0^2 + D1^2). Z_mf is the scale-free combined z-distance.",
  "kind": "planck_pr3_lensing_phi_topology_mf_v0_v1",
  "lmax": 192,
  "metric": "Minkowski-style morphology: V0(area) + V1(perimeter proxy) vs phase-random surrogates",
  "n_sims": 2000,
  "nside": 256,
  "observed": {
    "D0_L2": 0.004588071761309982,
    "D0_sum_sq_legacy": 0.0002105040248693006,
    "D1_L2": 16.742684653588643,
    "D1_sum_sq_legacy": 2803.1748940951243,
    "D_mf": 16.74268528223341,
    "Z0": -0.805844991126223,
    "Z1": -0.4982531551694036,
    "Z_mf": 0.9474398959086999,
    "map_mean": -1.6739205735358715e-08,
    "map_std": 0.04362022099661534,
    "v0_curve": [
      0.9992205301920573,
      0.9989039103190104,
      0.9984385172526041,
      0.9977595011393229,
      0.99688720703125,
      0.9957796732584635,
      0.9942779541015625,
      0.9921671549479166,
      0.9894688924153646,
      0.985968271891276,
      0.9814987182617188,
      0.9759051005045573,
      0.9688135782877604,
      0.9602915445963541,
      0.9500134785970052,
      0.9377365112304688,
      0.9231974283854166,
      0.9058952331542969,
      0.8860893249511719,
      0.8638839721679688,
      0.8390579223632812,
      0.81170654296875,
      0.781853993733724,
      0.7503077189127604,
      0.7165972391764323,
      0.6809539794921875,
      0.6443367004394531,
      0.606756846110026,
      0.5680669148763021,
      0.5290273030598959,
      0.49013392130533856,
      0.4516563415527344,
      0.41394805908203125,
      0.3772481282552083,
      0.3419151306152344,
      0.3073221842447917,
      0.27494049072265625,
      0.2440668741861979,
      0.2154693603515625,
      0.18874740600585938,
      0.16408157348632812,
      0.1415227254231771,
      0.12094879150390625,
      0.1025708516438802,
      0.08626810709635417,
      0.07173919677734375,
      0.05916722615559896,
      0.048220316569010414,
      0.03900782267252604,
      0.031141916910807293,
      0.0246429443359375,
      0.019346872965494793,
      0.015021006266276041,
      0.011533101399739584,
      0.00860595703125,
      0.00629425048828125,
      0.004545847574869792,
      0.00316619873046875,
      0.0022099812825520835,
      0.0015741984049479167,
      0.0010744730631510417
    ],
    "v1_curve": [
      4.061521572554355,
      6.0261898053501,
      8.8753690498558,
      12.280843354769104,
      15.03406055436968,
      18.41565194875076,
      27.53673987412948,
      34.93900118074289,
      46.600107918926234,
      56.80753340172041,
      75.43354276584536,
      93.80016880236575,
      109.79290712608174,
      132.26565433054517,
      162.34589231784162,
      194.95750527036557,
      225.9767281925624,
      264.91698724119954,
      298.94841687385866,
      333.5638047000737,
      374.3223878603464,
      407.20639753954083,
      441.4310477512456,
      473.5439348449629,
      501.81584955271353,
      523.8944847264623,
      546.330318762049,
      555.8637240633235,
      574.9320596327962,
      557.779722760422,
      559.0303759469685,
      553.1283898899021,
      541.0644977293695,
      510.7321658920771,
      500.37657683065146,
      473.46502450447764,
      447.1606148897572,
      412.46031757418933,
      382.4544964914934,
      349.1454530752501,
      315.311587982087,
      284.27721542837827,
      248.362017569757,
      223.43201428270172,
      195.05060797847776,
      167.56747883157507,
      143.81547261634182,
      121.97682372016163,
      102.11217552781082,
      86.76479951226663,
      70.18376816216214,
      57.88997007217988,
      45.972398850004666,
      37.404379015001325,
      30.51248615548541,
      21.588079788857833,
      16.72079319892921,
      11.931111417405424,
      8.957564773787238,
      5.755645410193252,
      4.581159484630327
    ]
  },
  "p_high": 0.7576211894052973,
  "p_high_mf": 0.6131934032983508,
  "p_low": 0.24287856071964017,
  "p_low_mf": 0.3873063468265867,
  "p_two_sided": 0.48575712143928035,
  "p_two_sided_mf": 0.7746126936531734,
  "provenance": {
    "dat_url": "GAUSSIAN_CONTROL_FROM: https://github.com/gradient-pulse/phi-mesh/releases/download/data-2026-02-15-planck-lensing-R3/planck_pr3_lensing_mv_dat_klm.fits",
    "mf_url": "GAUSSIAN_CONTROL_MF_ZERO_FROM: https://github.com/gradient-pulse/phi-mesh/releases/download/data-2026-02-15-planck-lensing-R3/planck_pr3_lensing_mv_mf_klm.fits"
  },
  "seed": 731,
  "surrogate": {
    "D0_mean": 0.008909672935727034,
    "D0_std": 0.005362819428060627,
    "D1_mean": 21.64587354199021,
    "D1_std": 9.8407583324475,
    "D_mf_mean": 21.645875472306827,
    "D_mf_std": 9.840759580990841,
    "v0_mean_curve": [
      0.9993426342010482,
      0.999026538213095,
      0.998577627182008,
      0.9979506403605145,
      0.9970836143493639,
      0.9959051545461003,
      0.9943221645355216,
      0.9922223205566406,
      0.989478880564371,
      0.9859419231414798,
      0.9814449634552006,
      0.9757956937154115,
      0.9687965583801276,
      0.9602445246378566,
      0.9499263318379714,
      0.9376392237345389,
      0.9231975135803224,
      0.9064309844970687,
      0.8872004572550466,
      0.865429710388185,
      0.8410691610972086,
      0.8141471029917412,
      0.7847533098856619,
      0.753034014383951,
      0.7191949615478515,
      0.6835079587300609,
      0.6462631797790548,
      0.6078440227508538,
      0.5686046352386475,
      0.5289500497182206,
      0.4892798175811762,
      0.44997269884745295,
      0.4114089069366449,
      0.37392214711507105,
      0.33780976676940927,
      0.3033230711619056,
      0.2706717828114829,
      0.24001361592610695,
      0.21145990180969215,
      0.18508488146464086,
      0.16091685676574713,
      0.13894499778747582,
      0.11912867355346687,
      0.10139116732279473,
      0.08564936828613283,
      0.0718003164927165,
      0.05971329180399583,
      0.04925497817993173,
      0.040283246994018446,
      0.032660511652628586,
      0.026242155710856106,
      0.020890167236328163,
      0.016470927556355767,
      0.012860534667968717,
      0.00994093259175618,
      0.007604703267415356,
      0.005754971822102872,
      0.004309094111124667,
      0.0031914393107096363,
      0.002337599436442059,
      0.0016926237742106098
    ],