{
  "diagnostics": {
    "imag_frac_nonzero_eps1e-12": 0.9922178988326849,
    "imag_max_abs": 0.0008270253304477365
  },
  "hint": "Topology v0: compare observed excursion-set area fraction curve V0(nu) against phase-randomized surrogates (preserve |a_lm|, randomize phases). Statistic D is L2 distance to surrogate-mean curve. High D => more non-null morphology.",
  "kind": "planck_pr3_lensing_phi_topology_area_fraction_v0",
  "lmax": 256,
  "metric": "V0 area-fraction curve (excursion sets) + L2 distance",
  "n_sims": 2000,
  "nside": 256,
  "observed": {
    "D_L2": 5.574044161927408e-06,
    "map_mean": -1.5470658953534817e-09,
    "map_std": 0.019406166488320234,
    "v0_curve": [
      0.9987843831380209,
      0.9982872009277344,
      0.9976209004720052,
      0.9967664082845052,
      0.9955495198567709,
      0.9940656026204427,
      0.9920247395833334,
      0.9894905090332031,
      0.9863560994466146,
      0.9823188781738281,
      0.9774195353190104,
      0.9714457194010416,
      0.9641507466634115,
      0.9554977416992188,
      0.9453074137369791,
      0.9330050150553385,
      0.9190864562988281,
      0.9030405680338541,
      0.8845532735188802,
      0.8639424641927084,
      0.8411394755045573,
      0.8156547546386719,
      0.7877489725748698,
      0.757500966389974,
      0.7253774007161459,
      0.6908315022786459,
      0.6547330220540365,
      0.6174265543619791,
      0.5786717732747396,
      0.539391835530599,
      0.4995409647623698,
      0.45991261800130206,
      0.4207344055175781,
      0.38207117716471356,
      0.3446337381998698,
      0.3086662292480469,
      0.2746086120605469,
      0.24231465657552084,
      0.21222050984700522,
      0.18464024861653647,
      0.15918731689453125,
      0.13609441121419272,
      0.11565399169921875,
      0.09714253743489583,
      0.08082071940104167,
      0.06695175170898438,
      0.05500157674153646,
      0.044782002766927086,
      0.03609593709309896,
      0.028683980305989582,
      0.022813161214192707,
      0.018039703369140625,
      0.013971964518229166,
      0.010770161946614584,
      0.008253733317057291,
      0.006201426188151042,
      0.004578908284505208,
      0.0034090677897135415,
      0.0025011698404947915,
      0.00179290771484375,
      0.0012575785319010417
    ]
  },
  "p_high": 0.6941529235382309,
  "p_low": 0.30634682658670664,
  "p_two_sided": 0.6126936531734133,
  "provenance": {
    "dat_url": "LCDM_PHI_FORWARD_CAMB",
    "mf_url": "MF_ZERO"
  },
  "seed": 1202,
  "surrogate": {
    "D_mean": 1.0480675377443217e-05,
    "D_std": 7.929646401963285e-06,
    "v0_mean_curve": [
      0.9986476542154945,
      0.9981313152313248,
      0.9974405199686693,
      0.9965270144144694,
      0.9953323109944665,
      0.9937838993072506,
      0.9917944259643564,
      0.9892666676839176,
      0.9860889631907116,
      0.9821272703806545,
      0.9772457567850742,
      0.9712813294728597,
      0.9640702139536556,
      0.9554356524149572,
      0.9452032737731929,
      0.9331968720753996,
      0.9192529538472493,
      0.9032068099975593,
      0.8849394989013681,
      0.8643420174916573,
      0.8413569501241046,
      0.8159465065002451,
      0.788147910435995,
      0.7580458494822172,
      0.7257584978739433,
      0.6914762484232578,
      0.6554358444213858,
      0.6179163303375244,
      0.5792640056610103,
      0.5398334700266513,
      0.5000038305918377,
      0.4601811415354413,
      0.42074635251363135,
      0.38209337679545113,
      0.34457092603047773,
      0.3085210088094074,
      0.274239446640015,
      0.24195806376139306,
      0.2118515288035078,
      0.18405755869547574,
      0.1586531944274904,
      0.13566792742411285,
      0.11506554985046391,
      0.09679695447285971,
      0.08075680669148769,
      0.06681400998433426,
      0.0548008378346761,
      0.04456821632385256,
      0.03592812283833816,
      0.028714897791544628,
      0.022747756322224946,
      0.017861489613850895,
      0.013902397791544613,
      0.010721466700235997,
      0.008196219126383462,
      0.006208215077718109,
      0.004659563064575201,
      0.0034659544626871788,
      0.00255505434672038,
      0.0018650557200113923,
      0.0013492616017659522
    ],
    "v0_std_curve": [
      8.54322461945368e-05,
      9.95536358250426e-05,
      0.00011588799172621177,
      0.00013442609085383977,
      0.0001544002489564876,
      0.00017522418349570867,
      0.00019723869341798628,
      0.00021888265527219585,
      0.00023994840943542212,
      0.00026242405512419767,
      0.00028096455273301705,
      0.00030048692129016117,
      0.00031957735625792256,
      0.00033270262624774576,
      0.00034230142550365297,
      0.0003552419940200244,
      0.0003673219391479372,
      0.0003829638647361485,
      0.0003960505447057342,
      0.0004105146009217513,
      0.0004366491450453825,
      0.00046295481107832274,
      0.0004976993892182909,
      0.0005349423381026552,
      0.0005786954625666833,
      0.0006050927226090526,
      0.0006352537786011323,
      0.0006593287604549433,
      0.0006758096507630409,
      0.0006984778925993684,
      0.0007088229821129108,
      0.0007164302612671507,
      0.0006989331756654607,
      0.0006687381896823592,
      0.0006482088543200916,
      0.0006080355758040454,
      0.0005651107801537522,
      0.0005314482949558092,
      0.0004978940737347184,
      0.0004585962960652107,
      0.0004342304953915623,
      0.0004113596921841485,
      0.00039035849894367733,
      0.0003718094530020171,
      0.0003619157622280404,
      0.0003506027555680977,
      0.00033843606951535355,
      0.0003245532274696376,
      0.0003142628125112194,
      0.0003015851848768875,
      0.0002832339535019483,
      0.00026384445193369837,
      0.00024293014925479194,
      0.00022173276911254932,
      0.000200063591408794,
      0.000177009672987339,
      0.00015443751424991506,
      0.00013435812880555393,
      0.00011501326214908196,
      9.84220084719426e-05,
      8.312595796114441e-05
    ]
  },
  "thresholds": {
    "n_nu": 61,
    "nu_max": 3.0,
    "nu_min": -3.0,
    "nus": [
      -3.0,
      -2.9,
      -2.8,
      -2.7,
      -2.6,
      -2.5,
      -2.4,
      -2.3,
      -2.2,
      -2.1,
      -2.0,
      -1.9,
      -1.7999999999999998,
      -1.7,
      -1.5999999999999999,
      -1.5,
      -1.4,
      -1.2999999999999998,
      -1.2,
      -1.0999999999999999,
      -1.0,
      -0.8999999999999999,
      -0.7999999999999998,
      -0.6999999999999997,
      -0.5999999999999996,
      -0.5,
      -0.3999999999999999,
      -0.2999999999999998,
      -0.19999999999999973,
      -0.09999999999999964,
      0.0,
      0.10000000000000009,
      0.20000000000000018,
      0.30000000000000027,
      0.40000000000000036,
      0.5,
      0.6000000000000001,
      0.7000000000000002,
      0.8000000000000003,
      0.9000000000000004,
      1.0,
      1.1000000000000005,
      1.2000000000000002,
      1.2999999999999998,
      1.4000000000000004,
      1.5,
      1.6000000000000005,
      1.7000000000000002,
      1.8000000000000007,
      1.9000000000000004,
      2.0,
      2.1000000000000005,
      2.2,
      2.3000000000000007,
      2.4000000000000004,
      2.5,
      2.6000000000000005,
      2.7,
      2.8000000000000007,
      2.9000000000000004,
      3.0
    ]
  }
}