{
  "diagnostics": {
    "imag_frac_nonzero_eps1e-12": 0.9922178988326849,
    "imag_max_abs": 0.0009692390099155111
  },
  "hint": "Topology v0: compare observed excursion-set area fraction curve V0(nu) against phase-randomized surrogates (preserve |a_lm|, randomize phases). Statistic D is L2 distance to surrogate-mean curve. High D => more non-null morphology.",
  "kind": "planck_pr3_lensing_phi_topology_area_fraction_v0",
  "lmax": 256,
  "metric": "V0 area-fraction curve (excursion sets) + L2 distance",
  "n_sims": 2000,
  "nside": 256,
  "observed": {
    "D_L2": 4.133934827121041e-06,
    "map_mean": 5.666007323782694e-09,
    "map_std": 0.019464703329634795,
    "v0_curve": [
      0.9986419677734375,
      0.9981638590494791,
      0.9975090026855469,
      0.9965807596842448,
      0.9954045613606771,
      0.9939104715983073,
      0.9919408162434896,
      0.9894841512044271,
      0.9863535563151041,
      0.9823875427246094,
      0.9774564107259115,
      0.9714520772298177,
      0.9642384847005209,
      0.9556808471679688,
      0.9455184936523438,
      0.9333140055338541,
      0.9192924499511719,
      0.9031143188476562,
      0.884619394938151,
      0.8640238444010416,
      0.8409996032714844,
      0.8156992594401041,
      0.7879002888997396,
      0.7579421997070312,
      0.7255363464355469,
      0.6913057963053385,
      0.6551717122395834,
      0.6176859537760416,
      0.5793596903483073,
      0.5396931966145834,
      0.500274658203125,
      0.46065521240234375,
      0.4213116963704427,
      0.3825276692708333,
      0.34460194905598956,
      0.3084093729654948,
      0.27376047770182294,
      0.24149068196614584,
      0.21131134033203125,
      0.18354670206705728,
      0.15828323364257812,
      0.13518269856770834,
      0.11457061767578125,
      0.0965588887532552,
      0.08051045735677083,
      0.0667126973470052,
      0.054723103841145836,
      0.044712066650390625,
      0.036074320475260414,
      0.028920491536458332,
      0.022931416829427082,
      0.01806640625,
      0.014120737711588541,
      0.010964711507161459,
      0.0084228515625,
      0.00634002685546875,
      0.004812876383463542,
      0.0036341349283854165,
      0.002696990966796875,
      0.001941680908203125,
      0.0014050801595052083
    ]
  },
  "p_high": 0.8285857071464268,
  "p_low": 0.17191404297851073,
  "p_two_sided": 0.34382808595702147,
  "provenance": {
    "dat_url": "LCDM_PHI_FORWARD_CAMB",
    "mf_url": "MF_ZERO"
  },
  "seed": 1216,
  "surrogate": {
    "D_mean": 1.1027253019269766e-05,
    "D_std": 8.714891074986115e-06,
    "v0_mean_curve": [
      0.9986485004425062,
      0.9981330382029231,
      0.9974441820780426,
      0.9965332272847472,
      0.9953393878936745,
      0.9937938810984274,
      0.9918048763275145,
      0.9892794329325347,
      0.9860990206400557,
      0.9821415761311852,
      0.9772561842600503,
      0.9712916876475013,
      0.9640761305491122,
      0.9554405949910474,
      0.9452053731282568,
      0.9331976381937666,
      0.9192466901143391,
      0.9032024402618406,
      0.8849257825215662,
      0.864323603947957,
      0.8413353176116956,
      0.815929425557454,
      0.7881372013092041,
      0.7580263849894217,
      0.7257361806233718,
      0.6914519418080626,
      0.6554072297414159,
      0.6179028358459482,
      0.57925498453776,
      0.5398197924296072,
      0.4999978930155438,
      0.4601752891540526,
      0.42074033927917437,
      0.3820926647186278,
      0.344571832656861,
      0.3085346298217771,
      0.27425478680928567,
      0.24196275583902985,
      0.2118595193227127,
      0.1840589688618979,
      0.1586612021128339,
      0.13566870117187507,
      0.11507439486185707,
      0.0968051255544025,
      0.08075926335652674,
      0.06681543032328295,
      0.05480222129821782,
      0.04456741714477537,
      0.035932247161865216,
      0.02871633974711097,
      0.0227532380421956,
      0.017865783055623363,
      0.013902992884318023,
      0.01072458521525068,
      0.008197586059570307,
      0.00620972061157226,
      0.00466162935892741,
      0.003468454996744795,
      0.0025558166503906223,
      0.0018655541737874362,
      0.0013497219085693362
    ],
    "v0_std_curve": [
      8.504170577237736e-05,
      0.0001002624094423058,
      0.00011660577697262617,
      0.00013456808443345798,
      0.00015527954176535364,
      0.00017649728833873187,
      0.00019838798354438787,
      0.00022119267271498492,
      0.00024358853563213916,
      0.00026394384883316423,
      0.0002850586283215917,
      0.0003043349408713704,
      0.00032102427235631756,
      0.00033490945115713367,
      0.00034835195004436306,
      0.0003571246636879253,
      0.0003674392950033603,
      0.00038068739080115673,
      0.00040253466259514007,
      0.0004216036849328558,
      0.00044567582881319443,
      0.0004740822676368727,
      0.000507829053015357,
      0.0005498660943112077,
      0.0005868173711705525,
      0.0006199808435514076,
      0.0006564464597392869,
      0.00068741221633685,
      0.0007125137534323453,
      0.0007247021825702878,
      0.0007279321494004741,
      0.0007200061705634531,
      0.0007041126142289154,
      0.0006795317503194425,
      0.0006540117163167009,
      0.000627851164473887,
      0.0005973964179634706,
      0.0005616582035148963,
      0.0005176571495544757,
      0.00047816018654311943,
      0.0004460806144252863,
      0.00041641943143060355,
      0.0003977823172137714,
      0.000377311653795443,
      0.0003740905463066433,
      0.0003614895883966132,
      0.000352982191653186,
      0.0003409008776214442,
      0.000329181516751642,
      0.0003100797147967645,
      0.00029247443492653997,
      0.00027173078717222907,
      0.0002499385425060005,
      0.0002248844491175926,
      0.00020215150151451478,
      0.00017730634257263298,
      0.0001565446842951679,
      0.00013555192984107212,
      0.00011848691556853158,
      0.00010101127755146383,
      8.580455125384514e-05
    ]
  },
  "thresholds": {
    "n_nu": 61,
    "nu_max": 3.0,
    "nu_min": -3.0,
    "nus": [
      -3.0,
      -2.9,
      -2.8,
      -2.7,
      -2.6,
      -2.5,
      -2.4,
      -2.3,
      -2.2,
      -2.1,
      -2.0,
      -1.9,
      -1.7999999999999998,
      -1.7,
      -1.5999999999999999,
      -1.5,
      -1.4,
      -1.2999999999999998,
      -1.2,
      -1.0999999999999999,
      -1.0,
      -0.8999999999999999,
      -0.7999999999999998,
      -0.6999999999999997,
      -0.5999999999999996,
      -0.5,
      -0.3999999999999999,
      -0.2999999999999998,
      -0.19999999999999973,
      -0.09999999999999964,
      0.0,
      0.10000000000000009,
      0.20000000000000018,
      0.30000000000000027,
      0.40000000000000036,
      0.5,
      0.6000000000000001,
      0.7000000000000002,
      0.8000000000000003,
      0.9000000000000004,
      1.0,
      1.1000000000000005,
      1.2000000000000002,
      1.2999999999999998,
      1.4000000000000004,
      1.5,
      1.6000000000000005,
      1.7000000000000002,
      1.8000000000000007,
      1.9000000000000004,
      2.0,
      2.1000000000000005,
      2.2,
      2.3000000000000007,
      2.4000000000000004,
      2.5,
      2.6000000000000005,
      2.7,
      2.8000000000000007,
      2.9000000000000004,
      3.0
    ]
  }
}