{
  "diagnostics": {
    "imag_frac_nonzero_eps1e-12": 0.9922178988326849,
    "imag_max_abs": 0.0008709057550815044
  },
  "hint": "Topology v0: compare observed excursion-set area fraction curve V0(nu) against phase-randomized surrogates (preserve |a_lm|, randomize phases). Statistic D is L2 distance to surrogate-mean curve. High D => more non-null morphology.",
  "kind": "planck_pr3_lensing_phi_topology_area_fraction_v0",
  "lmax": 256,
  "metric": "V0 area-fraction curve (excursion sets) + L2 distance",
  "n_sims": 2000,
  "nside": 256,
  "observed": {
    "D_L2": 6.974505415820302e-06,
    "map_mean": -6.860395434158913e-09,
    "map_std": 0.019489309101532203,
    "v0_curve": [
      0.9987881978352865,
      0.9982757568359375,
      0.9975916544596354,
      0.9967142740885416,
      0.9955533345540365,
      0.9940656026204427,
      0.9920832316080729,
      0.9895210266113281,
      0.986297607421875,
      0.982323964436849,
      0.9774805704752604,
      0.9715092976888021,
      0.9642715454101562,
      0.955529530843099,
      0.9452718098958334,
      0.9333661397298177,
      0.9191373189290365,
      0.9028739929199219,
      0.8847986857096354,
      0.864159901936849,
      0.8412857055664062,
      0.816015879313151,
      0.7879625956217448,
      0.757971445719401,
      0.7252527872721354,
      0.6908315022786459,
      0.6546618143717448,
      0.6171353658040365,
      0.5787302652994791,
      0.5391146341959635,
      0.4992713928222656,
      0.45989100138346356,
      0.4205576578776042,
      0.3821423848470052,
      0.3444633483886719,
      0.30855433146158856,
      0.2742411295572917,
      0.24214935302734375,
      0.21191024780273438,
      0.18368911743164062,
      0.15804290771484375,
      0.13503519694010416,
      0.11488087972005208,
      0.09703445434570312,
      0.08103179931640625,
      0.06719462076822917,
      0.055231730143229164,
      0.045148213704427086,
      0.0365753173828125,
      0.029364267985026043,
      0.023064931233723957,
      0.018179575602213543,
      0.014067331949869791,
      0.010808308919270834,
      0.008309682210286459,
      0.006268819173177083,
      0.004686991373697917,
      0.0034154256184895835,
      0.002521514892578125,
      0.0018285115559895833,
      0.001312255859375
    ]
  },
  "p_high": 0.6006996501749126,
  "p_low": 0.39980009995002497,
  "p_two_sided": 0.7996001999000499,
  "provenance": {
    "dat_url": "LCDM_PHI_FORWARD_CAMB",
    "mf_url": "MF_ZERO"
  },
  "seed": 1203,
  "surrogate": {
    "D_mean": 1.0831009907822188e-05,
    "D_std": 8.406192595637576e-06,
    "v0_mean_curve": [
      0.9986520735422784,
      0.9981357638041194,
      0.997446552276612,
      0.9965333340962702,
      0.9953388500213624,
      0.9937916113535565,
      0.991803575515747,
      0.9892771352132159,
      0.9860973555247003,
      0.98213615099589,
      0.977250553766886,
      0.9712850602467856,
      0.964070334752401,
      0.9554349606831867,
      0.9451980234781896,
      0.9331878789265954,
      0.9192362645467118,
      0.9031969458262141,
      0.884930534362795,
      0.864334299723307,
      0.841345017115273,
      0.815941085179647,
      0.7881457824707041,
      0.7580353857676189,
      0.7257434666951499,
      0.6914542541503901,
      0.6554135328928617,
      0.617905041376749,
      0.5792558968861901,
      0.5398274555206307,
      0.49999857266744063,
      0.4601641680399572,
      0.420736521402995,
      0.3820831813812258,
      0.3445760567982989,
      0.3085301628112791,
      0.27425402577718083,
      0.241963047027588,
      0.21186118253072125,
      0.18406891314188648,
      0.15866647148132304,
      0.13567833709716803,
      0.11508168093363437,
      0.09681139945983874,
      0.08076222991943359,
      0.06680515289306642,
      0.05479663213094077,
      0.044563558578491216,
      0.03593016942342123,
      0.028715274175008135,
      0.022747419357299823,
      0.017860993703206384,
      0.013901788711547871,
      0.010723459879557301,
      0.008196972529093433,
      0.006209271748860685,
      0.004660775502522779,
      0.0034666131337483725,
      0.002554887771606448,
      0.0018650252024332641,
      0.0013499209086100265
    ],
    "v0_std_curve": [
      8.394645549552511e-05,
      9.848559895503112e-05,
      0.00011541533475686545,
      0.00013360275245151716,
      0.00015313553164289363,
      0.00017442086154522392,
      0.00019584491531991202,
      0.00021952104224201327,
      0.00024130221832950504,
      0.0002623271351624976,
      0.0002835517053687284,
      0.00030501469320293585,
      0.00032340790942341505,
      0.0003402064118170083,
      0.00035371739293614047,
      0.0003741666152198565,
      0.0003823656603094355,
      0.000392597049549031,
      0.00039765459040255134,
      0.00041439299199385476,
      0.00043317989405352046,
      0.000456021987060348,
      0.0004895429509761901,
      0.0005324679227805761,
      0.0005733303423113601,
      0.0006146631933266174,
      0.000661371845840722,
      0.0006891203841839026,
      0.0007138387055673498,
      0.0007298634000971271,
      0.0007255638651813537,
      0.0007195189108802753,
      0.0007045974852657144,
      0.0006813013501856149,
      0.0006506728958853219,
      0.0006144767532136302,
      0.0005800809479565321,
      0.0005376816386677992,
      0.0004960769986422138,
      0.00046363954569451416,
      0.0004325792449967167,
      0.0004082400358907255,
      0.0003892750100756068,
      0.0003799600796211415,
      0.000367982693927059,
      0.00035868457178088946,
      0.0003472509681806086,
      0.0003343077731117455,
      0.00032158264662205397,
      0.0003045346596321014,
      0.0002888841678994126,
      0.00027120351668189564,
      0.000247940702825293,
      0.0002247571674848783,
      0.0002021549111046673,
      0.00018009601557399132,
      0.0001575009534538625,
      0.0001377225742474476,
      0.000117558134016041,
      0.00010056858656585064,
      8.643892154062536e-05
    ]
  },
  "thresholds": {
    "n_nu": 61,
    "nu_max": 3.0,
    "nu_min": -3.0,
    "nus": [
      -3.0,
      -2.9,
      -2.8,
      -2.7,
      -2.6,
      -2.5,
      -2.4,
      -2.3,
      -2.2,
      -2.1,
      -2.0,
      -1.9,
      -1.7999999999999998,
      -1.7,
      -1.5999999999999999,
      -1.5,
      -1.4,
      -1.2999999999999998,
      -1.2,
      -1.0999999999999999,
      -1.0,
      -0.8999999999999999,
      -0.7999999999999998,
      -0.6999999999999997,
      -0.5999999999999996,
      -0.5,
      -0.3999999999999999,
      -0.2999999999999998,
      -0.19999999999999973,
      -0.09999999999999964,
      0.0,
      0.10000000000000009,
      0.20000000000000018,
      0.30000000000000027,
      0.40000000000000036,
      0.5,
      0.6000000000000001,
      0.7000000000000002,
      0.8000000000000003,
      0.9000000000000004,
      1.0,
      1.1000000000000005,
      1.2000000000000002,
      1.2999999999999998,
      1.4000000000000004,
      1.5,
      1.6000000000000005,
      1.7000000000000002,
      1.8000000000000007,
      1.9000000000000004,
      2.0,
      2.1000000000000005,
      2.2,
      2.3000000000000007,
      2.4000000000000004,
      2.5,
      2.6000000000000005,
      2.7,
      2.8000000000000007,
      2.9000000000000004,
      3.0
    ]
  }
}