{
  "diagnostics": {
    "imag_frac_nonzero_eps1e-12": 0.9922178988326849,
    "imag_max_abs": 0.0008863898129607059
  },
  "hint": "Topology v0: compare observed excursion-set area fraction curve V0(nu) against phase-randomized surrogates (preserve |a_lm|, randomize phases). Statistic D is L2 distance to surrogate-mean curve. High D => more non-null morphology.",
  "kind": "planck_pr3_lensing_phi_topology_area_fraction_v0",
  "lmax": 256,
  "metric": "V0 area-fraction curve (excursion sets) + L2 distance",
  "n_sims": 2000,
  "nside": 256,
  "observed": {
    "D_L2": 1.642836003702661e-05,
    "map_mean": 1.3706475772923765e-08,
    "map_std": 0.01937480601908677,
    "v0_curve": [
      0.9986394246419271,
      0.9980977376302084,
      0.9973615010579427,
      0.9964650472005209,
      0.9952952067057291,
      0.9937324523925781,
      0.9917500813802084,
      0.9891802469889323,
      0.9859606424967448,
      0.9819971720377604,
      0.9770901997884115,
      0.971093495686849,
      0.9637502034505209,
      0.9550463358561198,
      0.9449170430501302,
      0.9328715006510416,
      0.9188321431477865,
      0.9028027852376302,
      0.884521484375,
      0.8640670776367188,
      0.8410186767578125,
      0.8158060709635416,
      0.787841796875,
      0.7578455607096354,
      0.7254727681477865,
      0.6912829081217448,
      0.6553548177083334,
      0.6182403564453125,
      0.5797322591145834,
      0.5404192606608073,
      0.5008684794108073,
      0.46107228597005206,
      0.42143885294596356,
      0.3829142252604167,
      0.345611572265625,
      0.30992889404296875,
      0.27542750040690106,
      0.24323018391927084,
      0.2127863566080729,
      0.18510564168294272,
      0.15936152140299478,
      0.13626480102539062,
      0.11511611938476562,
      0.09659322102864583,
      0.0803387959798177,
      0.06616592407226562,
      0.054168701171875,
      0.04374567667643229,
      0.035230000813802086,
      0.028176625569661457,
      0.022291819254557293,
      0.01747894287109375,
      0.013600667317708334,
      0.010538736979166666,
      0.008024851481119791,
      0.006056467692057292,
      0.004488627115885417,
      0.003314971923828125,
      0.0024159749348958335,
      0.0016949971516927083,
      0.00116729736328125
    ]
  },
  "p_high": 0.18490754622688654,
  "p_low": 0.815592203898051,
  "p_two_sided": 0.3698150924537731,
  "provenance": {
    "dat_url": "LCDM_PHI_FORWARD_CAMB",
    "mf_url": "MF_ZERO"
  },
  "seed": 1200,
  "surrogate": {
    "D_mean": 1.085193608923954e-05,
    "D_std": 8.85271889501136e-06,
    "v0_mean_curve": [
      0.9986479555765801,
      0.9981307525634759,
      0.997440428415936,
      0.9965284404754643,
      0.9953337504069014,
      0.9937866083780933,
      0.991798603693645,
      0.9892735939025881,
      0.9860941333770767,
      0.9821351038614922,
      0.9772495562235527,
      0.9712861824035638,
      0.9640713081359871,
      0.9554316851297996,
      0.945196659088135,
      0.9331847852071138,
      0.9192351938883472,
      0.903191316604613,
      0.8849251982371011,
      0.8643258209228524,
      0.8413440202077229,
      0.8159370835622157,
      0.7881424725850439,
      0.7580384260813401,
      0.7257526588439936,
      0.6914696846008298,
      0.655435214996339,
      0.6179256814320877,
      0.5792822062174475,
      0.5398495623270676,
      0.5000237439473472,
      0.46018922042846655,
      0.42075943247477193,
      0.38211035982767694,
      0.3446015116373699,
      0.30855900001525927,
      0.27425947888692204,
      0.2419689706166587,
      0.2118580894470214,
      0.18405651791890462,
      0.15864702351888033,
      0.13565517934163418,
      0.11505459149678568,
      0.09678702418009444,
      0.08074175643920889,
      0.06678890991210942,
      0.054782121022542256,
      0.044548149108886756,
      0.03591759236653644,
      0.02870562426249187,
      0.022746545791625942,
      0.01786383247375492,
      0.01390344047546386,
      0.010723293940226255,
      0.008197852452596016,
      0.006210030873616537,
      0.004661772410074875,
      0.0034690093994140573,
      0.002557357152303064,
      0.0018684844970703132,
      0.0013524767557779934
    ],
    "v0_std_curve": [
      8.317307182986353e-05,
      9.73555924644166e-05,
      0.00011299575261877372,
      0.00013058866324350626,
      0.00015117988736106832,
      0.00017184884143698272,
      0.00019548030530102293,
      0.0002166023022828014,
      0.0002404168213425828,
      0.0002606968533321058,
      0.00028462760045804486,
      0.00030739481366706846,
      0.0003266349961750578,
      0.00034232564166636467,
      0.0003560714753557584,
      0.0003673848198822918,
      0.0003816877413229067,
      0.00039212646007478813,
      0.0003982428748403551,
      0.0004201661422424541,
      0.00044022132715501545,
      0.00046124073531054273,
      0.000491397810369164,
      0.0005232541625919764,
      0.0005637895881106749,
      0.000604099595385873,
      0.0006418622781383278,
      0.0006806468131791371,
      0.000709395438732305,
      0.0007368665366726866,
      0.0007372550021613334,
      0.0007295146258001019,
      0.0007035847961606233,
      0.0006797969892942572,
      0.0006566762238190691,
      0.0006126050222491313,
      0.0005787399735160313,
      0.0005362995027236513,
      0.0005015231865038659,
      0.0004673712383676476,
      0.0004350975122642055,
      0.0004131145090815543,
      0.0003923868142130151,
      0.0003828321402713989,
      0.0003724431090714364,
      0.00036745377282958744,
      0.0003569414483507242,
      0.0003436662859787677,
      0.0003252204686958104,
      0.0003074097833890099,
      0.0002880218729820198,
      0.00026846215926309877,
      0.00024753217522257914,
      0.00022388111748293174,
      0.0002002460063418383,
      0.00017818467278262503,
      0.0001564460208872102,
      0.00013824170942959907,
      0.0001191478849076654,
      0.00010250878098757695,
      8.694520432190617e-05
    ]
  },
  "thresholds": {
    "n_nu": 61,
    "nu_max": 3.0,
    "nu_min": -3.0,
    "nus": [
      -3.0,
      -2.9,
      -2.8,
      -2.7,
      -2.6,
      -2.5,
      -2.4,
      -2.3,
      -2.2,
      -2.1,
      -2.0,
      -1.9,
      -1.7999999999999998,
      -1.7,
      -1.5999999999999999,
      -1.5,
      -1.4,
      -1.2999999999999998,
      -1.2,
      -1.0999999999999999,
      -1.0,
      -0.8999999999999999,
      -0.7999999999999998,
      -0.6999999999999997,
      -0.5999999999999996,
      -0.5,
      -0.3999999999999999,
      -0.2999999999999998,
      -0.19999999999999973,
      -0.09999999999999964,
      0.0,
      0.10000000000000009,
      0.20000000000000018,
      0.30000000000000027,
      0.40000000000000036,
      0.5,
      0.6000000000000001,
      0.7000000000000002,
      0.8000000000000003,
      0.9000000000000004,
      1.0,
      1.1000000000000005,
      1.2000000000000002,
      1.2999999999999998,
      1.4000000000000004,
      1.5,
      1.6000000000000005,
      1.7000000000000002,
      1.8000000000000007,
      1.9000000000000004,
      2.0,
      2.1000000000000005,
      2.2,
      2.3000000000000007,
      2.4000000000000004,
      2.5,
      2.6000000000000005,
      2.7,
      2.8000000000000007,
      2.9000000000000004,
      3.0
    ]
  }
}