{
  "diagnostics": {
    "imag_frac_nonzero_eps1e-12": 0.9922178988326849,
    "imag_max_abs": 0.0008611450366830866
  },
  "hint": "Topology v0: compare observed excursion-set area fraction curve V0(nu) against phase-randomized surrogates (preserve |a_lm|, randomize phases). Statistic D is L2 distance to surrogate-mean curve. High D => more non-null morphology.",
  "kind": "planck_pr3_lensing_phi_topology_area_fraction_v0",
  "lmax": 256,
  "metric": "V0 area-fraction curve (excursion sets) + L2 distance",
  "n_sims": 2000,
  "nside": 256,
  "observed": {
    "D_L2": 1.9441994723122755e-05,
    "map_mean": -1.0227657924900311e-08,
    "map_std": 0.019348539900426606,
    "v0_curve": [
      0.9985173543294271,
      0.9979680379231771,
      0.9973004659016927,
      0.9964129130045573,
      0.9952112833658854,
      0.9936777750651041,
      0.9918022155761719,
      0.9892934163411459,
      0.9862149556477865,
      0.9822044372558594,
      0.9773763020833334,
      0.9715067545572916,
      0.9642766316731771,
      0.9556935628255209,
      0.9455401102701823,
      0.933648427327474,
      0.91961669921875,
      0.9038251241048177,
      0.8858159383138021,
      0.8651326497395834,
      0.8423474629720052,
      0.8167813618977865,
      0.7888921101888021,
      0.7586949666341146,
      0.7264366149902344,
      0.6917673746744791,
      0.6554285685221354,
      0.6176198323567709,
      0.5790901184082031,
      0.5395978291829427,
      0.49961598714192706,
      0.45957692464192706,
      0.4200096130371094,
      0.3810564676920573,
      0.34369786580403644,
      0.3074531555175781,
      0.2730878194173177,
      0.24117660522460938,
      0.21097310384114584,
      0.18296432495117188,
      0.15763473510742188,
      0.1348597208658854,
      0.11438496907552083,
      0.09598032633463542,
      0.08016204833984375,
      0.0664354960123698,
      0.05469385782877604,
      0.04455693562825521,
      0.036014556884765625,
      0.029057820638020832,
      0.023324330647786457,
      0.018461863199869793,
      0.014507293701171875,
      0.0112457275390625,
      0.008673350016276041,
      0.006619771321614583,
      0.005049387613932292,
      0.003841400146484375,
      0.002895355224609375,
      0.0021489461263020835,
      0.00157928466796875
    ]
  },
  "p_high": 0.1294352823588206,
  "p_low": 0.8710644677661169,
  "p_two_sided": 0.2588705647176412,
  "provenance": {
    "dat_url": "LCDM_PHI_FORWARD_CAMB",
    "mf_url": "MF_ZERO"
  },
  "seed": 1209,
  "surrogate": {
    "D_mean": 1.0757487312224033e-05,
    "D_std": 9.06141222739906e-06,
    "v0_mean_curve": [
      0.9986510601043705,
      0.9981355870564796,
      0.9974470246632878,
      0.9965353266398103,
      0.9953416035970037,
      0.9937935237884512,
      0.9918064963022856,
      0.989279355367024,
      0.9861018085479752,
      0.9821440130869549,
      0.9772626972198476,
      0.9712990926106764,
      0.9640901641845707,
      0.9554548136393227,
      0.9452201824188224,
      0.933206080118814,
      0.9192529188791906,
      0.9032087364196787,
      0.8849300924936937,
      0.8643374894460037,
      0.8413414872487367,
      0.8159339249928799,
      0.7881374893188464,
      0.7580270004272444,
      0.7257332102457676,
      0.6914507077534993,
      0.6554058958689369,
      0.6178882026672378,
      0.5792277412414553,
      0.5397980505625404,
      0.49997066561381104,
      0.46014293479919416,
      0.4207097892761232,
      0.3820601202646895,
      0.3445567893981934,
      0.30852131525675386,
      0.2742432899475097,
      0.2419619598388672,
      0.21185752423604323,
      0.1840594469706218,
      0.158659850438436,
      0.1356740150451661,
      0.11507696533203135,
      0.09681004842122384,
      0.08076662572224919,
      0.06681358909606933,
      0.054804572423299225,
      0.04457553100585939,
      0.03594020334879558,
      0.02872911262512209,
      0.022762160619099952,
      0.01787294642130529,
      0.013909545262654604,
      0.010731523513793945,
      0.008204839070638018,
      0.006216140747070319,
      0.004666799545288091,
      0.003471529642740888,
      0.0025591646830240866,
      0.001868786493937175,
      0.0013520183563232417
    ],
    "v0_std_curve": [
      8.606149458041319e-05,
      0.00010141688233028847,
      0.00011827397987354417,
      0.00013630929159499675,
      0.00015622967638830292,
      0.0001772222807530406,
      0.00019879925790003433,
      0.00021716726700390866,
      0.00024086053528826222,
      0.0002618799458224495,
      0.0002815429625291808,
      0.00029985535697393513,
      0.0003176186004767274,
      0.00033785015076205014,
      0.00035228209101458805,
      0.0003649950986283681,
      0.00037336283599877186,
      0.00037907384299911513,
      0.0003948618288921534,
      0.0004143009182526549,
      0.00043001542045395936,
      0.0004567113986733286,
      0.0004925523422426705,
      0.0005288358701018187,
      0.0005622180818902993,
      0.0005990458331847063,
      0.0006364556065085199,
      0.0006723074133643243,
      0.0006969492308298703,
      0.0007152158292713186,
      0.0007260704274465198,
      0.0007240745785184916,
      0.0007167951911600298,
      0.0006960051761882624,
      0.0006656542374337957,
      0.000622519024383842,
      0.0005769079842526634,
      0.0005354029778267652,
      0.0004967954539302497,
      0.00046081750922557726,
      0.00042414514644347054,
      0.0004050398818245219,
      0.0003923196177028302,
      0.00038464775088132473,
      0.0003777764596874114,
      0.0003672711233933775,
      0.00035433593266065677,
      0.0003458307007537196,
      0.00033280213114893626,
      0.0003150656850370211,
      0.0002910681606120746,
      0.00026659286460826515,
      0.00024349855009859973,
      0.0002228512408269301,
      0.00019986686675995823,
      0.00017650212815052585,
      0.00015465724803794554,
      0.0001361160065767175,
      0.00011598066080760147,
      9.889662159648892e-05,
      8.480283773777784e-05
    ]
  },
  "thresholds": {
    "n_nu": 61,
    "nu_max": 3.0,
    "nu_min": -3.0,
    "nus": [
      -3.0,
      -2.9,
      -2.8,
      -2.7,
      -2.6,
      -2.5,
      -2.4,
      -2.3,
      -2.2,
      -2.1,
      -2.0,
      -1.9,
      -1.7999999999999998,
      -1.7,
      -1.5999999999999999,
      -1.5,
      -1.4,
      -1.2999999999999998,
      -1.2,
      -1.0999999999999999,
      -1.0,
      -0.8999999999999999,
      -0.7999999999999998,
      -0.6999999999999997,
      -0.5999999999999996,
      -0.5,
      -0.3999999999999999,
      -0.2999999999999998,
      -0.19999999999999973,
      -0.09999999999999964,
      0.0,
      0.10000000000000009,
      0.20000000000000018,
      0.30000000000000027,
      0.40000000000000036,
      0.5,
      0.6000000000000001,
      0.7000000000000002,
      0.8000000000000003,
      0.9000000000000004,
      1.0,
      1.1000000000000005,
      1.2000000000000002,
      1.2999999999999998,
      1.4000000000000004,
      1.5,
      1.6000000000000005,
      1.7000000000000002,
      1.8000000000000007,
      1.9000000000000004,
      2.0,
      2.1000000000000005,
      2.2,
      2.3000000000000007,
      2.4000000000000004,
      2.5,
      2.6000000000000005,
      2.7,
      2.8000000000000007,
      2.9000000000000004,
      3.0
    ]
  }
}