{
  "diagnostics": {
    "imag_frac_nonzero_eps1e-12": 0.9922178988326849,
    "imag_max_abs": 0.0009497143859706784
  },
  "hint": "Topology v0: compare observed excursion-set area fraction curve V0(nu) against phase-randomized surrogates (preserve |a_lm|, randomize phases). Statistic D is L2 distance to surrogate-mean curve. High D => more non-null morphology.",
  "kind": "planck_pr3_lensing_phi_topology_area_fraction_v0",
  "lmax": 256,
  "metric": "V0 area-fraction curve (excursion sets) + L2 distance",
  "n_sims": 2000,
  "nside": 256,
  "observed": {
    "D_L2": 1.5076655454280198e-05,
    "map_mean": -7.754258278774677e-11,
    "map_std": 0.01936994817389054,
    "v0_curve": [
      0.9987169901529948,
      0.9982198079427084,
      0.9975191752115885,
      0.99664306640625,
      0.9954719543457031,
      0.9939435323079427,
      0.9919878641764323,
      0.9895477294921875,
      0.9863306681315104,
      0.9823519388834635,
      0.9776178995768229,
      0.9716809590657552,
      0.9644762674967448,
      0.9559783935546875,
      0.9455273946126302,
      0.93365478515625,
      0.9198290506998698,
      0.9036954243977865,
      0.8853352864583334,
      0.8644816080729166,
      0.8413009643554688,
      0.8158378601074219,
      0.7881978352864584,
      0.7577718098958334,
      0.7255350748697916,
      0.6906967163085938,
      0.6546173095703125,
      0.6169586181640625,
      0.578155517578125,
      0.5389544169108073,
      0.49915313720703125,
      0.4589589436848958,
      0.4197947184244792,
      0.38098780314127606,
      0.34356053670247394,
      0.30805079142252606,
      0.27373504638671875,
      0.24155680338541666,
      0.21130243937174478,
      0.18380355834960938,
      0.15882364908854166,
      0.13617833455403647,
      0.11583709716796875,
      0.09748204549153645,
      0.08134078979492188,
      0.06743113199869792,
      0.05533472696940104,
      0.044934590657552086,
      0.03618494669596354,
      0.028961181640625,
      0.022919972737630207,
      0.017981211344401043,
      0.013978322347005209,
      0.010883331298828125,
      0.008382161458333334,
      0.00637054443359375,
      0.004845937093098958,
      0.0035769144694010415,
      0.0027173360188802085,
      0.002002716064453125,
      0.0014673868815104167
    ]
  },
  "p_high": 0.2063968015992004,
  "p_low": 0.7941029485257372,
  "p_two_sided": 0.4127936031984008,
  "provenance": {
    "dat_url": "LCDM_PHI_FORWARD_CAMB",
    "mf_url": "MF_ZERO"
  },
  "seed": 1205,
  "surrogate": {
    "D_mean": 1.0494900322086328e-05,
    "D_std": 8.049683389763566e-06,
    "v0_mean_curve": [
      0.9986555811564114,
      0.9981403903961176,
      0.9974507026672352,
      0.9965393333435054,
      0.9953451461791993,
      0.993798464457193,
      0.9918110434214271,
      0.9892848485310878,
      0.9861054922739667,
      0.9821436951955174,
      0.9772564716339106,
      0.9712884235382103,
      0.9640743471781417,
      0.9554387264251712,
      0.9452057062784825,
      0.9331938387552898,
      0.9192453200022387,
      0.9031996574401862,
      0.8849248479207372,
      0.8643269755045568,
      0.8413394997914633,
      0.8159364738464352,
      0.7881328474680589,
      0.7580271555582675,
      0.725730832417805,
      0.6914440072377513,
      0.6553996569315601,
      0.6178874867757166,
      0.5792351506551097,
      0.539807978947957,
      0.4999751065572105,
      0.46014526430765823,
      0.42071893056233794,
      0.3820741914113359,
      0.3445642515818276,
      0.30852762222290003,
      0.2742481218973795,
      0.24196788597106933,
      0.21186690902709995,
      0.18407718912760423,
      0.15867598915100103,
      0.1356854063669841,
      0.11508642133076996,
      0.09681150436401362,
      0.08076621500651036,
      0.06681105041503908,
      0.054804015477498386,
      0.04456917190551749,
      0.03593536885579431,
      0.028720050175984686,
      0.022753241856892877,
      0.01786457443237306,
      0.01390393511454264,
      0.010725801467895521,
      0.008198065439860017,
      0.00621025339762371,
      0.004661240259806325,
      0.003468146642049148,
      0.002557479222615556,
      0.0018672904968261728,
      0.0013512891133626314
    ],
    "v0_std_curve": [
      8.644739149712132e-05,
      0.00010178331277228906,
      0.0001186883617770408,
      0.00013591244085882159,
      0.00015516475227713965,
      0.0001752051100531742,
      0.0001985074152826703,
      0.00022232589477743896,
      0.00024408982834769145,
      0.0002689537283609818,
      0.000286036548789979,
      0.0003049341845835662,
      0.0003209886125977403,
      0.00033475416090216614,
      0.0003435365393030874,
      0.00035260400401315777,
      0.00035943468155693654,
      0.0003701037330092484,
      0.0003828620647633505,
      0.000405325201527885,
      0.00042955211471670004,
      0.0004583444050125887,
      0.0004908879458403705,
      0.0005265797905344256,
      0.0005619878465720702,
      0.0006085650420133219,
      0.0006415433354802131,
      0.000671678135426103,
      0.0006930987861637149,
      0.0007074574690115596,
      0.0007214767226914357,
      0.0007028677652028194,
      0.0006872102569944988,
      0.0006728488806331987,
      0.0006420994152221361,
      0.0006018018149508479,
      0.0005638945481428553,
      0.0005248233447760536,
      0.00048795769394346846,
      0.00046348762914546,
      0.0004366267580531146,
      0.00041672627904569955,
      0.0004016561732592897,
      0.0003833281332297597,
      0.00037228044455598296,
      0.0003566105763494209,
      0.0003431121179923367,
      0.0003332895991888523,
      0.00032024477383941547,
      0.00030385819630371076,
      0.00028469120286898496,
      0.0002643076296034578,
      0.00024035362345295176,
      0.00021884135941421275,
      0.00019695142973221377,
      0.00017582062543143874,
      0.00015530750361682723,
      0.00013543886769808012,
      0.00011711028286036708,
      0.00010072006498619283,
      8.572008941500017e-05
    ]
  },
  "thresholds": {
    "n_nu": 61,
    "nu_max": 3.0,
    "nu_min": -3.0,
    "nus": [
      -3.0,
      -2.9,
      -2.8,
      -2.7,
      -2.6,
      -2.5,
      -2.4,
      -2.3,
      -2.2,
      -2.1,
      -2.0,
      -1.9,
      -1.7999999999999998,
      -1.7,
      -1.5999999999999999,
      -1.5,
      -1.4,
      -1.2999999999999998,
      -1.2,
      -1.0999999999999999,
      -1.0,
      -0.8999999999999999,
      -0.7999999999999998,
      -0.6999999999999997,
      -0.5999999999999996,
      -0.5,
      -0.3999999999999999,
      -0.2999999999999998,
      -0.19999999999999973,
      -0.09999999999999964,
      0.0,
      0.10000000000000009,
      0.20000000000000018,
      0.30000000000000027,
      0.40000000000000036,
      0.5,
      0.6000000000000001,
      0.7000000000000002,
      0.8000000000000003,
      0.9000000000000004,
      1.0,
      1.1000000000000005,
      1.2000000000000002,
      1.2999999999999998,
      1.4000000000000004,
      1.5,
      1.6000000000000005,
      1.7000000000000002,
      1.8000000000000007,
      1.9000000000000004,
      2.0,
      2.1000000000000005,
      2.2,
      2.3000000000000007,
      2.4000000000000004,
      2.5,
      2.6000000000000005,
      2.7,
      2.8000000000000007,
      2.9000000000000004,
      3.0
    ]
  }
}