{
  "diagnostics": {
    "imag_frac_nonzero_eps1e-12": 0.9922178988326849,
    "imag_max_abs": 0.0009065039066008177
  },
  "hint": "Topology v0: compare observed excursion-set area fraction curve V0(nu) against phase-randomized surrogates (preserve |a_lm|, randomize phases). Statistic D is L2 distance to surrogate-mean curve. High D => more non-null morphology.",
  "kind": "planck_pr3_lensing_phi_topology_area_fraction_v0",
  "lmax": 256,
  "metric": "V0 area-fraction curve (excursion sets) + L2 distance",
  "n_sims": 2000,
  "nside": 256,
  "observed": {
    "D_L2": 4.4732867957372664e-06,
    "map_mean": 1.3466209984256753e-08,
    "map_std": 0.019463939515016297,
    "v0_curve": [
      0.9987017313639323,
      0.9981689453125,
      0.9974568684895834,
      0.9965947469075521,
      0.9953702290852865,
      0.9938672383626302,
      0.9918657938639323,
      0.9893468221028646,
      0.9860928853352865,
      0.9821879069010416,
      0.9773572285970052,
      0.971380869547526,
      0.964196523030599,
      0.9554862976074219,
      0.9453875223795573,
      0.9333953857421875,
      0.9196802775065104,
      0.9035555521647135,
      0.885369618733724,
      0.8646214803059896,
      0.8417015075683594,
      0.8161341349283854,
      0.7883555094401041,
      0.7580235799153646,
      0.7257639567057291,
      0.69122314453125,
      0.6550025939941406,
      0.61767578125,
      0.5789667765299479,
      0.5395151774088541,
      0.4992942810058594,
      0.4596506754557292,
      0.4205220540364583,
      0.3817087809244792,
      0.34420140584309894,
      0.3082542419433594,
      0.27359263102213544,
      0.24138768513997397,
      0.2115147908528646,
      0.18381373087565103,
      0.15846888224283853,
      0.1356379191080729,
      0.11487833658854167,
      0.09659576416015625,
      0.08072153727213542,
      0.06663894653320312,
      0.05472564697265625,
      0.044736226399739586,
      0.036127726236979164,
      0.028992970784505207,
      0.02301788330078125,
      0.018166859944661457,
      0.014207204182942709,
      0.010979970296223959,
      0.008364359537760416,
      0.006413777669270833,
      0.004840850830078125,
      0.0036748250325520835,
      0.0026868184407552085,
      0.0020243326822916665,
      0.0014597574869791667
    ]
  },
  "p_high": 0.7681159420289855,
  "p_low": 0.23238380809595202,
  "p_two_sided": 0.46476761619190404,
  "provenance": {
    "dat_url": "LCDM_PHI_FORWARD_CAMB",
    "mf_url": "MF_ZERO"
  },
  "seed": 1207,
  "surrogate": {
    "D_mean": 1.053633033566075e-05,
    "D_std": 8.324480682440637e-06,
    "v0_mean_curve": [
      0.9986493186950686,
      0.9981338170369469,
      0.9974449087778722,
      0.9965328680674226,
      0.9953396027882889,
      0.9937940540313709,
      0.991805978139243,
      0.9892789465586341,
      0.9861006476084373,
      0.9821396884918229,
      0.9772529627482092,
      0.9712858034769688,
      0.9640666713714603,
      0.9554300174713134,
      0.9451905078887948,
      0.9331815109252943,
      0.9192307332356776,
      0.9031850910186787,
      0.8849180456797279,
      0.8643222007751475,
      0.8413366209665953,
      0.8159384250640865,
      0.7881482842763268,
      0.7580423870086664,
      0.7257510541280104,
      0.6914714387257898,
      0.6554269822438562,
      0.6179133752187084,
      0.5792657597859693,
      0.5398346621195464,
      0.5000085767110192,
      0.46018359374999984,
      0.42075586446126284,
      0.3820998566945395,
      0.3445867106119787,
      0.3085439230600987,
      0.27425568135579437,
      0.2419612992604574,
      0.21185117594401046,
      0.18405651791890482,
      0.15865856234232553,
      0.1356671028137208,
      0.11506437937418604,
      0.09679128456115713,
      0.08074582544962586,
      0.06680263964335126,
      0.05479676818847658,
      0.0445626220703125,
      0.035925635655721065,
      0.02871223640441893,
      0.02274572308858233,
      0.017863054911295577,
      0.013901681900024419,
      0.010725772221883137,
      0.008199387232462572,
      0.0062105032602945975,
      0.00466424496968587,
      0.003470116933186848,
      0.002556932449340823,
      0.0018666877746582058,
      0.0013501129150390624
    ],
    "v0_std_curve": [
      8.486986970988201e-05,
      9.954485154216429e-05,
      0.00011660077281484039,
      0.00013513902535756725,
      0.00015515434333451299,
      0.000175491353941188,
      0.0001992714257989002,
      0.00022015769205015046,
      0.0002407238213584107,
      0.0002626150851331877,
      0.0002818317239726865,
      0.00030006701081625403,
      0.00031746463445094864,
      0.0003318260885654538,
      0.0003492970978107751,
      0.000363013732624002,
      0.0003730192467831244,
      0.00038254403264399446,
      0.00039658055625524244,
      0.00041000003891384935,
      0.00043697622415930543,
      0.00046483471774307007,
      0.0004979590797453168,
      0.0005350557334078018,
      0.0005718630945386399,
      0.0005970117053663399,
      0.0006369596518647698,
      0.000662036643445755,
      0.0006908714461511872,
      0.0007111472304814195,
      0.0007176666784760073,
      0.0007146346346074008,
      0.0006999043414771351,
      0.0006794884112379019,
      0.0006361379514413546,
      0.0005986525852362811,
      0.0005609793654502508,
      0.0005283781643795426,
      0.0004906280755604072,
      0.0004589960846350869,
      0.0004291363993545725,
      0.0004082918264345534,
      0.0003964080520881926,
      0.00038748006784563574,
      0.000374052737619326,
      0.0003603501424001338,
      0.00034726684185197896,
      0.0003338207735827233,
      0.0003172838643947008,
      0.00029971182050811694,
      0.0002836823141615726,
      0.0002615414637855015,
      0.00023834634566280712,
      0.00021459298248510035,
      0.0001933429107107539,
      0.00017207197116198824,
      0.0001497145454426786,
      0.0001325442080841599,
      0.00011566318964639258,
      0.00010143280186747203,
      8.622465823757707e-05
    ]
  },
  "thresholds": {
    "n_nu": 61,
    "nu_max": 3.0,
    "nu_min": -3.0,
    "nus": [
      -3.0,
      -2.9,
      -2.8,
      -2.7,
      -2.6,
      -2.5,
      -2.4,
      -2.3,
      -2.2,
      -2.1,
      -2.0,
      -1.9,
      -1.7999999999999998,
      -1.7,
      -1.5999999999999999,
      -1.5,
      -1.4,
      -1.2999999999999998,
      -1.2,
      -1.0999999999999999,
      -1.0,
      -0.8999999999999999,
      -0.7999999999999998,
      -0.6999999999999997,
      -0.5999999999999996,
      -0.5,
      -0.3999999999999999,
      -0.2999999999999998,
      -0.19999999999999973,
      -0.09999999999999964,
      0.0,
      0.10000000000000009,
      0.20000000000000018,
      0.30000000000000027,
      0.40000000000000036,
      0.5,
      0.6000000000000001,
      0.7000000000000002,
      0.8000000000000003,
      0.9000000000000004,
      1.0,
      1.1000000000000005,
      1.2000000000000002,
      1.2999999999999998,
      1.4000000000000004,
      1.5,
      1.6000000000000005,
      1.7000000000000002,
      1.8000000000000007,
      1.9000000000000004,
      2.0,
      2.1000000000000005,
      2.2,
      2.3000000000000007,
      2.4000000000000004,
      2.5,
      2.6000000000000005,
      2.7,
      2.8000000000000007,
      2.9000000000000004,
      3.0
    ]
  }
}