{
  "diagnostics": {
    "imag_frac_nonzero_eps1e-12": 0.9922178988326849,
    "imag_max_abs": 0.0009366759487049883
  },
  "hint": "Topology v0: compare observed excursion-set area fraction curve V0(nu) against phase-randomized surrogates (preserve |a_lm|, randomize phases). Statistic D is L2 distance to surrogate-mean curve. High D => more non-null morphology.",
  "kind": "planck_pr3_lensing_phi_topology_area_fraction_v0",
  "lmax": 256,
  "metric": "V0 area-fraction curve (excursion sets) + L2 distance",
  "n_sims": 2000,
  "nside": 256,
  "observed": {
    "D_L2": 5.066891950251892e-05,
    "map_mean": -6.630794604646603e-09,
    "map_std": 0.019396950878018862,
    "v0_curve": [
      0.9987500508626302,
      0.9982897440592448,
      0.9976336161295573,
      0.9968045552571615,
      0.9956105550130209,
      0.9941012064615885,
      0.9921824137369791,
      0.9897321065266927,
      0.986639658610026,
      0.9827308654785156,
      0.9780019124348959,
      0.97216796875,
      0.9649683634440104,
      0.9564743041992188,
      0.9461644490559896,
      0.934289296468099,
      0.9202601114908854,
      0.9040476481119791,
      0.8855387369791666,
      0.8648490905761719,
      0.8416112263997396,
      0.8159446716308594,
      0.7876001993815104,
      0.7573191324869791,
      0.7248802185058594,
      0.690558115641276,
      0.6539344787597656,
      0.615929921468099,
      0.5768750508626302,
      0.5376116434733073,
      0.4980621337890625,
      0.45818837483723956,
      0.4188791910807292,
      0.3807258605957031,
      0.34328333536783856,
      0.30737559000651044,
      0.2733929951985677,
      0.24135335286458334,
      0.21177800496419272,
      0.18396631876627603,
      0.15878677368164062,
      0.13587061564127603,
      0.11524709065755208,
      0.097076416015625,
      0.08105087280273438,
      0.0671374003092448,
      0.055438995361328125,
      0.04519780476888021,
      0.036786397298177086,
      0.029528299967447918,
      0.023624420166015625,
      0.018660227457682293,
      0.014636993408203125,
      0.0113372802734375,
      0.00867462158203125,
      0.006594340006510417,
      0.005011240641276042,
      0.0037905375162760415,
      0.002803802490234375,
      0.002056121826171875,
      0.0015169779459635417
    ]
  },
  "p_high": 0.004497751124437781,
  "p_low": 0.9960019990004998,
  "p_two_sided": 0.008995502248875561,
  "provenance": {
    "dat_url": "LCDM_PHI_FORWARD_CAMB",
    "mf_url": "MF_ZERO"
  },
  "seed": 1219,
  "surrogate": {
    "D_mean": 1.0783497902332687e-05,
    "D_std": 8.574556954090736e-06,
    "v0_mean_curve": [
      0.9986479473114012,
      0.9981328220367441,
      0.9974441140492764,
      0.9965323308308919,
      0.9953395862579341,
      0.9937911383310958,
      0.9918042004903153,
      0.9892780990600586,
      0.9860974082946766,
      0.9821387322743742,
      0.9772532583872472,
      0.9712845668792718,
      0.9640685291290286,
      0.9554354674021396,
      0.9452039667765305,
      0.9331971054077132,
      0.9192494163513201,
      0.9032097530364988,
      0.884941893895465,
      0.864348418553669,
      0.8413544565836576,
      0.8159451847076419,
      0.7881527283986415,
      0.7580345726013183,
      0.7257442150115982,
      0.6914574871063225,
      0.655416629155477,
      0.6179070014953617,
      0.579251262664795,
      0.5398104248046874,
      0.499984118779501,
      0.46016355514526486,
      0.4207459659576419,
      0.382089276631673,
      0.34457184982299893,
      0.3085311800638836,
      0.27424817021687853,
      0.241961848576863,
      0.21185432116190595,
      0.18405922698974544,
      0.15865324592590332,
      0.13566508420308454,
      0.11506948471069335,
      0.09679848098754884,
      0.0807556133270265,
      0.06680971908569337,
      0.054797358830769916,
      0.0445639266967773,
      0.035929203033447286,
      0.02871630414326987,
      0.02275001271565753,
      0.01786530240376793,
      0.013904009501139299,
      0.010722510019938148,
      0.008196103413899734,
      0.006209777196248371,
      0.004661767323811855,
      0.0034685885111490817,
      0.002556971867879234,
      0.0018682645161946637,
      0.0013516718546549447
    ],
    "v0_std_curve": [
      8.76874985667334e-05,
      0.00010218340318808079,
      0.00011858538122000026,
      0.00013591419553348087,
      0.00015722357512924762,
      0.0001773162222182535,
      0.0001991265679024707,
      0.00021998159037729708,
      0.00024056428091658657,
      0.000260506350659838,
      0.0002813683433968285,
      0.00030196010378858487,
      0.00032306589463630773,
      0.000338173709190252,
      0.000352226970885806,
      0.0003678963260511178,
      0.0003779680986046063,
      0.0003901099169790391,
      0.0004060532671391546,
      0.0004228443760036872,
      0.00044122776420221397,
      0.00047237936123775015,
      0.0005040276543039994,
      0.0005415651308869517,
      0.0005791149053527327,
      0.0006153388654542239,
      0.0006524865577966982,
      0.0006836296728548584,
      0.0006982694690918735,
      0.0007167918871654889,
      0.0007243206769187601,
      0.0007223133156771205,
      0.0007059579724729443,
      0.0006740658628110355,
      0.0006367212389994799,
      0.0005968615217085039,
      0.0005681866926366435,
      0.0005293793005001826,
      0.0004942398234960404,
      0.00047041683720410463,
      0.0004388350873293351,
      0.0004129908614820919,
      0.00039904818428477157,
      0.00037930192019435856,
      0.00036610403020941626,
      0.00036205845360382394,
      0.0003477781842348177,
      0.00034089454502200106,
      0.0003264946817849322,
      0.0003099383520879187,
      0.0002876222935633,
      0.00026624878988973073,
      0.00024377759413984996,
      0.00022072071073498778,
      0.0001994729064053828,
      0.00017597148035670445,
      0.00015621862031245102,
      0.00013619211468844945,
      0.00011788163715771087,
      0.00010113192301215428,
      8.50950123807445e-05
    ]
  },
  "thresholds": {
    "n_nu": 61,
    "nu_max": 3.0,
    "nu_min": -3.0,
    "nus": [
      -3.0,
      -2.9,
      -2.8,
      -2.7,
      -2.6,
      -2.5,
      -2.4,
      -2.3,
      -2.2,
      -2.1,
      -2.0,
      -1.9,
      -1.7999999999999998,
      -1.7,
      -1.5999999999999999,
      -1.5,
      -1.4,
      -1.2999999999999998,
      -1.2,
      -1.0999999999999999,
      -1.0,
      -0.8999999999999999,
      -0.7999999999999998,
      -0.6999999999999997,
      -0.5999999999999996,
      -0.5,
      -0.3999999999999999,
      -0.2999999999999998,
      -0.19999999999999973,
      -0.09999999999999964,
      0.0,
      0.10000000000000009,
      0.20000000000000018,
      0.30000000000000027,
      0.40000000000000036,
      0.5,
      0.6000000000000001,
      0.7000000000000002,
      0.8000000000000003,
      0.9000000000000004,
      1.0,
      1.1000000000000005,
      1.2000000000000002,
      1.2999999999999998,
      1.4000000000000004,
      1.5,
      1.6000000000000005,
      1.7000000000000002,
      1.8000000000000007,
      1.9000000000000004,
      2.0,
      2.1000000000000005,
      2.2,
      2.3000000000000007,
      2.4000000000000004,
      2.5,
      2.6000000000000005,
      2.7,
      2.8000000000000007,
      2.9000000000000004,
      3.0
    ]
  }
}