{
  "diagnostics": {
    "imag_frac_nonzero_eps1e-12": 0.9922178988326849,
    "imag_max_abs": 0.0009741995253337478
  },
  "hint": "Topology v0: compare observed excursion-set area fraction curve V0(nu) against phase-randomized surrogates (preserve |a_lm|, randomize phases). Statistic D is L2 distance to surrogate-mean curve. High D => more non-null morphology.",
  "kind": "planck_pr3_lensing_phi_topology_area_fraction_v0",
  "lmax": 256,
  "metric": "V0 area-fraction curve (excursion sets) + L2 distance",
  "n_sims": 2000,
  "nside": 256,
  "observed": {
    "D_L2": 3.2316597181540902e-06,
    "map_mean": 1.4896265872743744e-08,
    "map_std": 0.019470486091523676,
    "v0_curve": [
      0.9985567728678385,
      0.9980735778808594,
      0.9973615010579427,
      0.9964892069498698,
      0.9953524271647135,
      0.9938481648763021,
      0.9919420878092448,
      0.9894523620605469,
      0.9863815307617188,
      0.9823621114095052,
      0.977471669514974,
      0.9716059366861979,
      0.9643173217773438,
      0.9559275309244791,
      0.945550282796224,
      0.9333356221516927,
      0.91912841796875,
      0.9029935201009115,
      0.8846155802408854,
      0.8640797932942709,
      0.8409398396809896,
      0.8157666524251302,
      0.7878252665201823,
      0.7575874328613281,
      0.7253150939941406,
      0.6912066141764323,
      0.6552378336588541,
      0.6179453531901041,
      0.5794677734375,
      0.5398381551106771,
      0.5002352396647135,
      0.4608014424641927,
      0.42099761962890625,
      0.38187281290690106,
      0.34443918863932294,
      0.3084093729654948,
      0.27398045857747394,
      0.241729736328125,
      0.21169153849283853,
      0.1839930216471354,
      0.15868377685546875,
      0.1359888712565104,
      0.11546961466471355,
      0.09720993041992188,
      0.08114878336588542,
      0.0669097900390625,
      0.05489476521809896,
      0.044637044270833336,
      0.0359649658203125,
      0.028842926025390625,
      0.02294158935546875,
      0.017907460530598957,
      0.013875325520833334,
      0.010687510172526041,
      0.008145650227864584,
      0.006098429361979167,
      0.004545847574869792,
      0.0033976236979166665,
      0.0025087992350260415,
      0.0018107096354166667,
      0.0013020833333333333
    ]
  },
  "p_high": 0.8995502248875562,
  "p_low": 0.10094952523738131,
  "p_two_sided": 0.20189905047476261,
  "provenance": {
    "dat_url": "LCDM_PHI_FORWARD_CAMB",
    "mf_url": "MF_ZERO"
  },
  "seed": 1212,
  "surrogate": {
    "D_mean": 1.0701833431273471e-05,
    "D_std": 8.157567654657361e-06,
    "v0_mean_curve": [
      0.9986497904459644,
      0.9981336676279704,
      0.9974446411132809,
      0.9965330034891764,
      0.995339196523031,
      0.9937911523183192,
      0.9918046862284337,
      0.989280265808106,
      0.9861022796630868,
      0.9821419976552328,
      0.9772583084106469,
      0.9712909374237058,
      0.9640744463602703,
      0.9554375158945699,
      0.9451973018646229,
      0.9331847279866528,
      0.9192346680959048,
      0.9031908302307116,
      0.8849182879130033,
      0.8643232841491707,
      0.8413366756439207,
      0.8159312693277994,
      0.7881275431315106,
      0.7580267162323002,
      0.7257374356587718,
      0.6914571711222329,
      0.6554217306772863,
      0.6179156322479233,
      0.5792673104604069,
      0.5398316224416101,
      0.500000588099161,
      0.46017199707031287,
      0.4207374420166015,
      0.38208640225728346,
      0.3445786647796632,
      0.30854096285502036,
      0.2742602386474607,
      0.24197758547464965,
      0.21186981519063286,
      0.18406640243530267,
      0.15866460482279454,
      0.1356703281402589,
      0.11507931009928382,
      0.0968103682200113,
      0.08076293373107904,
      0.06681220436096193,
      0.05480398941040033,
      0.044572730382283515,
      0.03593794186909994,
      0.02871793937683102,
      0.022750855127970374,
      0.01786320749918622,
      0.013901031494140617,
      0.010719195048014328,
      0.008192965189615887,
      0.006203924814860042,
      0.00465592956542968,
      0.0034601465861002524,
      0.002549737930297848,
      0.0018614718119303376,
      0.0013471736907958956
    ],
    "v0_std_curve": [
      8.495894041633947e-05,
      0.00010010504747434206,
      0.00011652510500807256,
      0.00013625287623801784,
      0.00015651858145277001,
      0.00017742517211751546,
      0.00019990267896902807,
      0.0002220782920769423,
      0.00024534359418228115,
      0.00026722791143879134,
      0.0002847157067433059,
      0.0003048020343191376,
      0.00032037219599717316,
      0.00033436172594966435,
      0.00035035227168585226,
      0.00036282514090649117,
      0.0003711806114443066,
      0.000377106507403183,
      0.00039069475871815853,
      0.00041182111704990345,
      0.0004415043298864695,
      0.0004727965063272836,
      0.0005078049695081806,
      0.0005420395565432888,
      0.0005800007200507061,
      0.0006165806105211175,
      0.0006500830513047656,
      0.0006775189584958271,
      0.0006936619411498383,
      0.000709081900627294,
      0.0007150943402543211,
      0.0007046004167159943,
      0.0006961952884035063,
      0.0006687259717503799,
      0.0006451334032012156,
      0.0006113204932557203,
      0.0005762709493696698,
      0.0005395709931147595,
      0.0004989607754104428,
      0.00046664939810846874,
      0.00043414026598299904,
      0.00041216829031305314,
      0.0003946160647326531,
      0.00038583861245149506,
      0.00037273059910138606,
      0.0003647137115964589,
      0.0003522729435381549,
      0.00033634052444940916,
      0.00031855454585142203,
      0.0003011674830115106,
      0.0002835325115260755,
      0.00026292129684471883,
      0.00024051616052719288,
      0.00022029633486603874,
      0.00019717333890076748,
      0.00017623188036238458,
      0.00015657399978167078,
      0.00013594615829004257,
      0.00011745126795034358,
      9.994555991203742e-05,
      8.451587176458061e-05
    ]
  },
  "thresholds": {
    "n_nu": 61,
    "nu_max": 3.0,
    "nu_min": -3.0,
    "nus": [
      -3.0,
      -2.9,
      -2.8,
      -2.7,
      -2.6,
      -2.5,
      -2.4,
      -2.3,
      -2.2,
      -2.1,
      -2.0,
      -1.9,
      -1.7999999999999998,
      -1.7,
      -1.5999999999999999,
      -1.5,
      -1.4,
      -1.2999999999999998,
      -1.2,
      -1.0999999999999999,
      -1.0,
      -0.8999999999999999,
      -0.7999999999999998,
      -0.6999999999999997,
      -0.5999999999999996,
      -0.5,
      -0.3999999999999999,
      -0.2999999999999998,
      -0.19999999999999973,
      -0.09999999999999964,
      0.0,
      0.10000000000000009,
      0.20000000000000018,
      0.30000000000000027,
      0.40000000000000036,
      0.5,
      0.6000000000000001,
      0.7000000000000002,
      0.8000000000000003,
      0.9000000000000004,
      1.0,
      1.1000000000000005,
      1.2000000000000002,
      1.2999999999999998,
      1.4000000000000004,
      1.5,
      1.6000000000000005,
      1.7000000000000002,
      1.8000000000000007,
      1.9000000000000004,
      2.0,
      2.1000000000000005,
      2.2,
      2.3000000000000007,
      2.4000000000000004,
      2.5,
      2.6000000000000005,
      2.7,
      2.8000000000000007,
      2.9000000000000004,
      3.0
    ]
  }
}