{
  "diagnostics": {
    "imag_frac_nonzero_eps1e-12": 0.9922178988326849,
    "imag_max_abs": 0.0009047430267964676
  },
  "hint": "Topology v0: compare observed excursion-set area fraction curve V0(nu) against phase-randomized surrogates (preserve |a_lm|, randomize phases). Statistic D is L2 distance to surrogate-mean curve. High D => more non-null morphology.",
  "kind": "planck_pr3_lensing_phi_topology_area_fraction_v0",
  "lmax": 256,
  "metric": "V0 area-fraction curve (excursion sets) + L2 distance",
  "n_sims": 2000,
  "nside": 256,
  "observed": {
    "D_L2": 3.2949543779085824e-06,
    "map_mean": -8.012681176542891e-09,
    "map_std": 0.01946642571482678,
    "v0_curve": [
      0.9987373352050781,
      0.9982210795084635,
      0.9975471496582031,
      0.9966417948404948,
      0.9954083760579427,
      0.9938176472981771,
      0.9918594360351562,
      0.9893442789713541,
      0.9862111409505209,
      0.9822095235188802,
      0.9772847493489584,
      0.9714202880859375,
      0.964270273844401,
      0.9554519653320312,
      0.9452603658040365,
      0.933050791422526,
      0.9192352294921875,
      0.9030723571777344,
      0.8849398295084635,
      0.864251454671224,
      0.8414306640625,
      0.816162109375,
      0.7884623209635416,
      0.7582804361979166,
      0.725884755452474,
      0.6915359497070312,
      0.6553840637207031,
      0.6180801391601562,
      0.5788777669270834,
      0.5392494201660156,
      0.49957911173502606,
      0.4594866434733073,
      0.42020289103190106,
      0.3818206787109375,
      0.34409459431966144,
      0.3081982930501302,
      0.27411651611328125,
      0.24207941691080728,
      0.21197382609049478,
      0.18409220377604166,
      0.15837860107421875,
      0.13524500528971353,
      0.11452992757161458,
      0.09654617309570312,
      0.0804913838704427,
      0.06670506795247395,
      0.05484644571940104,
      0.044605255126953125,
      0.03608576456705729,
      0.028996785481770832,
      0.023040771484375,
      0.018070220947265625,
      0.014048258463541666,
      0.010939280192057291,
      0.008352915445963541,
      0.006341298421223958,
      0.004792531331380208,
      0.0035794576009114585,
      0.0026804606119791665,
      0.0019709269205729165,
      0.0014394124348958333
    ]
  },
  "p_high": 0.8935532233883059,
  "p_low": 0.10694652673663169,
  "p_two_sided": 0.21389305347326337,
  "provenance": {
    "dat_url": "LCDM_PHI_FORWARD_CAMB",
    "mf_url": "MF_ZERO"
  },
  "seed": 1215,
  "surrogate": {
    "D_mean": 1.0830751012336912e-05,
    "D_std": 8.766761138141618e-06,
    "v0_mean_curve": [
      0.9986490751902277,
      0.9981339893341067,
      0.9974450689951582,
      0.9965321388244633,
      0.9953375295003245,
      0.9937901770273836,
      0.9918026727040602,
      0.9892769279479992,
      0.9860975468953458,
      0.982136009852091,
      0.9772523021698015,
      0.9712860902150462,
      0.9640741558074947,
      0.9554374078114813,
      0.9452054443359375,
      0.9331969280242908,
      0.9192501900990804,
      0.903205045064291,
      0.884937100728352,
      0.8643432998657219,
      0.8413583145141593,
      0.8159556007385246,
      0.7881607487996437,
      0.75805116144816,
      0.7257521247863757,
      0.6914643376668296,
      0.6554181518554667,
      0.6179043407440187,
      0.5792447961171476,
      0.5398089523315442,
      0.49997951952616393,
      0.4601540139516192,
      0.42072041511535646,
      0.3820689188639323,
      0.344555441538493,
      0.3085217564900716,
      0.27423483594258624,
      0.2419489390055341,
      0.21184286435445107,
      0.1840496508280437,
      0.1586577568054198,
      0.13567456436157255,
      0.11507972971598313,
      0.09681273778279652,
      0.0807685114542643,
      0.06681551297505683,
      0.05481000328063968,
      0.04457357533772786,
      0.03593408521016437,
      0.028719977060953798,
      0.02275187110900879,
      0.01786697959899898,
      0.01390684064229329,
      0.010726104100545262,
      0.008198503494262696,
      0.006211557388305672,
      0.004663089116414382,
      0.003468193689982101,
      0.00255674171447754,
      0.0018670412699381485,
      0.001350421905517578
    ],
    "v0_std_curve": [
      8.6554292777382e-05,
      0.00010157263204865714,
      0.0001183148732275976,
      0.00013728173232750807,
      0.00015778985255128,
      0.0001791781136886934,
      0.00020114670762399234,
      0.0002213193166211317,
      0.00024141917025047028,
      0.0002642877503072658,
      0.000286365438254125,
      0.0003071663483142042,
      0.0003255125042249621,
      0.0003381544079978955,
      0.0003486754811015251,
      0.0003538016542381963,
      0.00036183276806369395,
      0.00037282308077218185,
      0.0003893053973601199,
      0.0004062864640388057,
      0.0004298356291334372,
      0.00046659523389310783,
      0.0005011539166429324,
      0.0005456959180167258,
      0.0005863664520001505,
      0.0006273019224112051,
      0.0006600114370289572,
      0.0006840299506487033,
      0.0007026660884306297,
      0.0007184819798076638,
      0.0007195737188668009,
      0.0007098948243231352,
      0.0006972578685184525,
      0.0006739913666026532,
      0.000649334058506913,
      0.0006168834925441629,
      0.0005770689103851491,
      0.0005418407060273794,
      0.0005135536750239072,
      0.0004806377967174424,
      0.00044974553560654814,
      0.0004208705378302982,
      0.00039687621253373936,
      0.0003843067248887382,
      0.000374547551756734,
      0.00035685020758447644,
      0.0003490231941469891,
      0.00033765212339859047,
      0.00032230881268288306,
      0.00030682240125600504,
      0.00028448752001473965,
      0.0002638421215962298,
      0.00024181061736978853,
      0.0002228626329978019,
      0.00019979132092259186,
      0.00017941562008852937,
      0.00015765186029112035,
      0.0001376591593497054,
      0.00011890359370299579,
      0.00010298523355385225,
      8.744009666570738e-05
    ]
  },
  "thresholds": {
    "n_nu": 61,
    "nu_max": 3.0,
    "nu_min": -3.0,
    "nus": [
      -3.0,
      -2.9,
      -2.8,
      -2.7,
      -2.6,
      -2.5,
      -2.4,
      -2.3,
      -2.2,
      -2.1,
      -2.0,
      -1.9,
      -1.7999999999999998,
      -1.7,
      -1.5999999999999999,
      -1.5,
      -1.4,
      -1.2999999999999998,
      -1.2,
      -1.0999999999999999,
      -1.0,
      -0.8999999999999999,
      -0.7999999999999998,
      -0.6999999999999997,
      -0.5999999999999996,
      -0.5,
      -0.3999999999999999,
      -0.2999999999999998,
      -0.19999999999999973,
      -0.09999999999999964,
      0.0,
      0.10000000000000009,
      0.20000000000000018,
      0.30000000000000027,
      0.40000000000000036,
      0.5,
      0.6000000000000001,
      0.7000000000000002,
      0.8000000000000003,
      0.9000000000000004,
      1.0,
      1.1000000000000005,
      1.2000000000000002,
      1.2999999999999998,
      1.4000000000000004,
      1.5,
      1.6000000000000005,
      1.7000000000000002,
      1.8000000000000007,
      1.9000000000000004,
      2.0,
      2.1000000000000005,
      2.2,
      2.3000000000000007,
      2.4000000000000004,
      2.5,
      2.6000000000000005,
      2.7,
      2.8000000000000007,
      2.9000000000000004,
      3.0
    ]
  }
}