{
  "diagnostics": {
    "imag_frac_nonzero_eps1e-12": 0.9922178988326849,
    "imag_max_abs": 0.0009631817950544717
  },
  "hint": "Topology v0: compare observed excursion-set area fraction curve V0(nu) against phase-randomized surrogates (preserve |a_lm|, randomize phases). Statistic D is L2 distance to surrogate-mean curve. High D => more non-null morphology.",
  "kind": "planck_pr3_lensing_phi_topology_area_fraction_v0",
  "lmax": 256,
  "metric": "V0 area-fraction curve (excursion sets) + L2 distance",
  "n_sims": 2000,
  "nside": 256,
  "observed": {
    "D_L2": 3.5218354293019244e-06,
    "map_mean": 8.384497826733854e-09,
    "map_std": 0.019365085326091828,
    "v0_curve": [
      0.9986445109049479,
      0.9981231689453125,
      0.9974085489908854,
      0.9964332580566406,
      0.9951909383138021,
      0.9936752319335938,
      0.9917271931966146,
      0.9891929626464844,
      0.9859657287597656,
      0.9819043477376302,
      0.9769363403320312,
      0.9708773295084635,
      0.9636306762695312,
      0.9551404317220052,
      0.9448661804199219,
      0.9329210917154948,
      0.9190343221028646,
      0.9031893412272135,
      0.8848965962727865,
      0.8644142150878906,
      0.8415425618489584,
      0.8162040710449219,
      0.7882855733235677,
      0.7583808898925781,
      0.7260233561197916,
      0.6917152404785156,
      0.6554438273111979,
      0.6182963053385416,
      0.5797259012858073,
      0.5404014587402344,
      0.5002352396647135,
      0.4604937235514323,
      0.42103830973307294,
      0.38242848714192706,
      0.3446947733561198,
      0.3086077372233073,
      0.2742360432942708,
      0.24194208780924478,
      0.21169153849283853,
      0.1838251749674479,
      0.15865325927734375,
      0.13557942708333334,
      0.11518096923828125,
      0.09719340006510417,
      0.08127593994140625,
      0.0670623779296875,
      0.0548858642578125,
      0.044413248697916664,
      0.03575897216796875,
      0.028414408365885418,
      0.022527058919270832,
      0.017525990804036457,
      0.013698577880859375,
      0.010506947835286459,
      0.007958730061848959,
      0.006005605061848958,
      0.004557291666666667,
      0.0034001668294270835,
      0.002475738525390625,
      0.00183868408203125,
      0.001308441162109375
    ]
  },
  "p_high": 0.8605697151424287,
  "p_low": 0.13993003498250875,
  "p_two_sided": 0.2798600699650175,
  "provenance": {
    "dat_url": "LCDM_PHI_FORWARD_CAMB",
    "mf_url": "MF_ZERO"
  },
  "seed": 1206,
  "surrogate": {
    "D_mean": 1.0466652469334806e-05,
    "D_std": 7.852196569109828e-06,
    "v0_mean_curve": [
      0.9986516450246185,
      0.9981371542612716,
      0.9974478505452473,
      0.9965370992024755,
      0.9953433424631769,
      0.9937971013387035,
      0.9918096256256104,
      0.9892823333740238,
      0.9861031932830808,
      0.9821432984669984,
      0.9772552789052322,
      0.9712854569753011,
      0.9640703220367427,
      0.9554341367085798,
      0.9452007605234771,
      0.93318668874105,
      0.9192342325846341,
      0.903191467920939,
      0.8849171816507984,
      0.8643191979726164,
      0.8413273073832208,
      0.8159263718922941,
      0.7881323649088539,
      0.7580283203125004,
      0.7257354259490951,
      0.6914525133768709,
      0.6554098428090414,
      0.6179034334818535,
      0.5792556400299059,
      0.539824751536051,
      0.5000049025217692,
      0.4601752630869554,
      0.4207533003489171,
      0.3820955880483,
      0.34458336702982617,
      0.3085478407541913,
      0.27426489448547314,
      0.24197003809611048,
      0.21185895474751804,
      0.18406631278991703,
      0.15865872319539376,
      0.13567347780863412,
      0.11507934252421056,
      0.09680795796712253,
      0.0807611033121747,
      0.06680871073404951,
      0.054801796595255615,
      0.04456809488932293,
      0.03593117904663083,
      0.02871578343709311,
      0.022748764673868827,
      0.017864076614379866,
      0.013900299708048493,
      0.010722216924031578,
      0.008195882161458333,
      0.006206032435099287,
      0.004657939910888675,
      0.0034635747273762964,
      0.0025526320139567043,
      0.0018641153971354206,
      0.0013489068349202492
    ],
    "v0_std_curve": [
      8.540239485364995e-05,
      0.00010030915548703212,
      0.0001167601872888721,
      0.00013437526387879872,
      0.00015344103810057877,
      0.0001737317851654716,
      0.00019533641122569266,
      0.00021690783211145758,
      0.00024002233150606118,
      0.0002618468531343911,
      0.0002821103917890808,
      0.00030205601273756673,
      0.0003179657718572146,
      0.00033950763509603903,
      0.00035532197258374604,
      0.00036588392865994685,
      0.00037588157051848456,
      0.00038346310134560634,
      0.0003986898397104409,
      0.00041222175229236013,
      0.00043473567781269974,
      0.00045193649758654586,
      0.00048574913499329866,
      0.0005301404253333538,
      0.0005757371466992213,
      0.0006128663622001934,
      0.0006405410313716162,
      0.0006695257634472981,
      0.0006861793291689163,
      0.0006969366348997698,
      0.0007001350855015626,
      0.0006906897920139219,
      0.0006791129697258505,
      0.0006720249757592753,
      0.0006537815503666184,
      0.0006186942866754176,
      0.000575287282884088,
      0.0005294461657041851,
      0.0004892939920818701,
      0.00045075252528316057,
      0.0004259546057801731,
      0.0004039138904373686,
      0.0003908640412028713,
      0.00037879251545934787,
      0.00036986610526926206,
      0.0003570466236490411,
      0.00034498736811275804,
      0.0003311276820757483,
      0.00031594215613576577,
      0.0003006589806189858,
      0.0002842110476755941,
      0.00026451624014365535,
      0.0002398598625877821,
      0.0002176491812405602,
      0.00019499061643324625,
      0.00017187947988580506,
      0.00015022317956194726,
      0.00013127290999480478,
      0.00011419606240921536,
      9.747451981238206e-05,
      8.419554808773866e-05
    ]
  },
  "thresholds": {
    "n_nu": 61,
    "nu_max": 3.0,
    "nu_min": -3.0,
    "nus": [
      -3.0,
      -2.9,
      -2.8,
      -2.7,
      -2.6,
      -2.5,
      -2.4,
      -2.3,
      -2.2,
      -2.1,
      -2.0,
      -1.9,
      -1.7999999999999998,
      -1.7,
      -1.5999999999999999,
      -1.5,
      -1.4,
      -1.2999999999999998,
      -1.2,
      -1.0999999999999999,
      -1.0,
      -0.8999999999999999,
      -0.7999999999999998,
      -0.6999999999999997,
      -0.5999999999999996,
      -0.5,
      -0.3999999999999999,
      -0.2999999999999998,
      -0.19999999999999973,
      -0.09999999999999964,
      0.0,
      0.10000000000000009,
      0.20000000000000018,
      0.30000000000000027,
      0.40000000000000036,
      0.5,
      0.6000000000000001,
      0.7000000000000002,
      0.8000000000000003,
      0.9000000000000004,
      1.0,
      1.1000000000000005,
      1.2000000000000002,
      1.2999999999999998,
      1.4000000000000004,
      1.5,
      1.6000000000000005,
      1.7000000000000002,
      1.8000000000000007,
      1.9000000000000004,
      2.0,
      2.1000000000000005,
      2.2,
      2.3000000000000007,
      2.4000000000000004,
      2.5,
      2.6000000000000005,
      2.7,
      2.8000000000000007,
      2.9000000000000004,
      3.0
    ]
  }
}