{
  "diagnostics": {
    "imag_frac_nonzero_eps1e-12": 0.9922178988326849,
    "imag_max_abs": 0.0008399039981311959
  },
  "hint": "Topology v0: compare observed excursion-set area fraction curve V0(nu) against phase-randomized surrogates (preserve |a_lm|, randomize phases). Statistic D is L2 distance to surrogate-mean curve. High D => more non-null morphology.",
  "kind": "planck_pr3_lensing_phi_topology_area_fraction_v0",
  "lmax": 256,
  "metric": "V0 area-fraction curve (excursion sets) + L2 distance",
  "n_sims": 2000,
  "nside": 256,
  "observed": {
    "D_L2": 2.8435985507506976e-06,
    "map_mean": -3.329968536884676e-09,
    "map_std": 0.01940528727304128,
    "v0_curve": [
      0.9985237121582031,
      0.9980214436848959,
      0.9973589579264323,
      0.9964319864908854,
      0.9952252705891927,
      0.9937413533528646,
      0.9917449951171875,
      0.9892934163411459,
      0.9861234029134115,
      0.9821039835611979,
      0.9772084554036459,
      0.9712168375651041,
      0.9639790852864584,
      0.955346425374349,
      0.9452832539876302,
      0.9334996541341146,
      0.9194755554199219,
      0.9033610026041666,
      0.885016123453776,
      0.8647143046061198,
      0.8417167663574219,
      0.816351572672526,
      0.7889963785807291,
      0.7584953308105469,
      0.726111094156901,
      0.691436767578125,
      0.6552658081054688,
      0.6177775065104166,
      0.5791066487630209,
      0.5394299825032552,
      0.4997851053873698,
      0.45998382568359375,
      0.4210065205891927,
      0.3821703592936198,
      0.3444989522298177,
      0.3084602355957031,
      0.27410252888997394,
      0.24171574910481772,
      0.21180597941080728,
      0.18395105997721353,
      0.15826416015625,
      0.13530095418294272,
      0.11476516723632812,
      0.0966046651204427,
      0.08067957560221355,
      0.0667572021484375,
      0.054842631022135414,
      0.044513702392578125,
      0.03576024373372396,
      0.028764088948567707,
      0.022890726725260418,
      0.0179901123046875,
      0.013928731282552084,
      0.010772705078125,
      0.00826263427734375,
      0.006276448567708333,
      0.004704793294270833,
      0.0034510294596354165,
      0.00255584716796875,
      0.0018679300944010417,
      0.00138092041015625
    ]
  },
  "p_high": 0.9295352323838081,
  "p_low": 0.07096451774112944,
  "p_two_sided": 0.14192903548225888,
  "provenance": {
    "dat_url": "LCDM_PHI_FORWARD_CAMB",
    "mf_url": "MF_ZERO"
  },
  "seed": 1218,
  "surrogate": {
    "D_mean": 1.082957349782979e-05,
    "D_std": 8.415892175752044e-06,
    "v0_mean_curve": [
      0.9986519406636565,
      0.9981360823313405,
      0.99744772338867,
      0.9965369351704912,
      0.9953440246582046,
      0.9937981376647939,
      0.9918097890218092,
      0.9892832616170236,
      0.9861078961690247,
      0.9821432387034114,
      0.9772577139536539,
      0.9712893187205003,
      0.9640729516347236,
      0.9554343083699531,
      0.9451993554433206,
      0.933190519332886,
      0.9192376874287927,
      0.903197500864665,
      0.8849273681640621,
      0.8643316472371427,
      0.8413395182291669,
      0.8159359003702792,
      0.7881333726247155,
      0.7580270195007337,
      0.7257386906941745,
      0.6914611454010017,
      0.655416301091512,
      0.6179067115783687,
      0.579262897491455,
      0.5398291606903078,
      0.49999581845601426,
      0.46015605926513603,
      0.42072755304972353,
      0.3820705165863037,
      0.3445608361562095,
      0.3085193449656169,
      0.27423966598510724,
      0.24194672520955418,
      0.21184146054585762,
      0.18405216217041007,
      0.1586531740824381,
      0.13566530863444048,
      0.11507021713256843,
      0.096806292851766,
      0.08076699193318693,
      0.06681566937764484,
      0.05481092198689784,
      0.044580648422241194,
      0.03594156455993659,
      0.02872595342000329,
      0.022758242925008106,
      0.017872407913208023,
      0.013911243438720694,
      0.010729777018229157,
      0.008202149709065753,
      0.006212954203287772,
      0.004663019180297848,
      0.003467711130777998,
      0.002555984497070313,
      0.00186641565958659,
      0.0013502286275227865
    ],
    "v0_std_curve": [
      8.578250539427795e-05,
      0.00010112712806064046,
      0.00011811099260381807,
      0.00013670125876903412,
      0.0001566684219754341,
      0.000178249004945703,
      0.00020005031568702926,
      0.00022344812511694822,
      0.00024599542674257074,
      0.00026782678315995657,
      0.0002901545597848381,
      0.00030761078156920003,
      0.00032495640553748917,
      0.0003401139619817267,
      0.00035444196541670864,
      0.0003665259759052487,
      0.00037224583443333796,
      0.0003811352646096649,
      0.00039241626488053274,
      0.00040875193223384573,
      0.00043406774291281206,
      0.00046098373659582284,
      0.0004939139633766852,
      0.0005219756181950267,
      0.0005650842292400496,
      0.000606389368684115,
      0.0006470483387870397,
      0.0006818981995469524,
      0.000705861063995852,
      0.0007306289349944464,
      0.0007375845465287285,
      0.0007326644890995634,
      0.0007140992051333642,
      0.0006919226737153802,
      0.0006533420879632186,
      0.0006155345509836676,
      0.0005734871606021802,
      0.000530819019489542,
      0.0004884968674231761,
      0.00044789096501607654,
      0.0004256570105057356,
      0.00040613736450308526,
      0.00038878199158192566,
      0.00038132792937909803,
      0.0003745720579918226,
      0.0003706473080336333,
      0.0003587889309178437,
      0.00034916425527604223,
      0.0003322732760374586,
      0.00031217834753201904,
      0.0002915513430546012,
      0.00027065162233314987,
      0.0002465992947050027,
      0.00022511836915380402,
      0.00020315472366040958,
      0.0001778745414168811,
      0.00015570394487609757,
      0.00013681180083296624,
      0.000117674548110421,
      0.00010121041355159132,
      8.648737812830647e-05
    ]
  },
  "thresholds": {
    "n_nu": 61,
    "nu_max": 3.0,
    "nu_min": -3.0,
    "nus": [
      -3.0,
      -2.9,
      -2.8,
      -2.7,
      -2.6,
      -2.5,
      -2.4,
      -2.3,
      -2.2,
      -2.1,
      -2.0,
      -1.9,
      -1.7999999999999998,
      -1.7,
      -1.5999999999999999,
      -1.5,
      -1.4,
      -1.2999999999999998,
      -1.2,
      -1.0999999999999999,
      -1.0,
      -0.8999999999999999,
      -0.7999999999999998,
      -0.6999999999999997,
      -0.5999999999999996,
      -0.5,
      -0.3999999999999999,
      -0.2999999999999998,
      -0.19999999999999973,
      -0.09999999999999964,
      0.0,
      0.10000000000000009,
      0.20000000000000018,
      0.30000000000000027,
      0.40000000000000036,
      0.5,
      0.6000000000000001,
      0.7000000000000002,
      0.8000000000000003,
      0.9000000000000004,
      1.0,
      1.1000000000000005,
      1.2000000000000002,
      1.2999999999999998,
      1.4000000000000004,
      1.5,
      1.6000000000000005,
      1.7000000000000002,
      1.8000000000000007,
      1.9000000000000004,
      2.0,
      2.1000000000000005,
      2.2,
      2.3000000000000007,
      2.4000000000000004,
      2.5,
      2.6000000000000005,
      2.7,
      2.8000000000000007,
      2.9000000000000004,
      3.0
    ]
  }
}