{
  "diagnostics": {
    "imag_frac_nonzero_eps1e-12": 0.9922178988326849,
    "imag_max_abs": 0.0009390912384270581
  },
  "hint": "Topology v0: compare observed excursion-set area fraction curve V0(nu) against phase-randomized surrogates (preserve |a_lm|, randomize phases). Statistic D is L2 distance to surrogate-mean curve. High D => more non-null morphology.",
  "kind": "planck_pr3_lensing_phi_topology_area_fraction_v0",
  "lmax": 256,
  "metric": "V0 area-fraction curve (excursion sets) + L2 distance",
  "n_sims": 2000,
  "nside": 256,
  "observed": {
    "D_L2": 6.971720813130213e-06,
    "map_mean": -8.207093710723446e-09,
    "map_std": 0.01946861600318196,
    "v0_curve": [
      0.9984842936197916,
      0.9979464213053385,
      0.9972114562988281,
      0.9962412516276041,
      0.9950459798177084,
      0.9934336344401041,
      0.9914398193359375,
      0.9888407389322916,
      0.9856541951497396,
      0.9817250569661459,
      0.9768943786621094,
      0.971075693766276,
      0.9640070597330729,
      0.9553362528483073,
      0.9451471964518229,
      0.9333546956380209,
      0.9196484883626302,
      0.9038518269856771,
      0.8858133951822916,
      0.8652191162109375,
      0.8421885172526041,
      0.816802978515625,
      0.7888933817545573,
      0.7586021423339844,
      0.7262585957845052,
      0.6918551127115885,
      0.6556523640950521,
      0.6179033915201823,
      0.5791358947753906,
      0.5396601359049479,
      0.4998677571614583,
      0.46011098225911456,
      0.42050806681315106,
      0.3820177714029948,
      0.3447265625,
      0.3088391621907552,
      0.2742907206217448,
      0.24184163411458334,
      0.21184412638346353,
      0.18395105997721353,
      0.15862147013346353,
      0.13551203409830728,
      0.11504364013671875,
      0.0966784159342448,
      0.08061599731445312,
      0.06649144490559895,
      0.054562886555989586,
      0.04425811767578125,
      0.03581873575846354,
      0.028692881266276043,
      0.022809346516927082,
      0.017871856689453125,
      0.013902028401692709,
      0.0107421875,
      0.00818634033203125,
      0.006173451741536458,
      0.004632314046223958,
      0.0034205118815104165,
      0.00246429443359375,
      0.0018170674641927083,
      0.0013147989908854167
    ]
  },
  "p_high": 0.5762118940529735,
  "p_low": 0.424287856071964,
  "p_two_sided": 0.848575712143928,
  "provenance": {
    "dat_url": "LCDM_PHI_FORWARD_CAMB",
    "mf_url": "MF_ZERO"
  },
  "seed": 1214,
  "surrogate": {
    "D_mean": 1.0652476005630891e-05,
    "D_std": 8.491322648980357e-06,
    "v0_mean_curve": [
      0.9986511611938478,
      0.9981354853312177,
      0.9974468339284256,
      0.9965347169240325,
      0.9953407281239833,
      0.9937923634847005,
      0.9918026383717856,
      0.9892741158803307,
      0.986092421213786,
      0.9821318448384596,
      0.977248929977417,
      0.9712827631632471,
      0.9640674692789724,
      0.9554352118174225,
      0.9451970170338972,
      0.9331909122467041,
      0.9192370452880869,
      0.9031943346659346,
      0.8849207642873128,
      0.8643275680541993,
      0.8413329696655274,
      0.8159280331929538,
      0.7881436850229904,
      0.75802990468343,
      0.7257418282826736,
      0.6914632625579836,
      0.6554262879689534,
      0.617921319325766,
      0.5792779108683273,
      0.5398451073964424,
      0.5000217138926186,
      0.4601884072621667,
      0.42074846013387057,
      0.3820998401641843,
      0.3445849456787115,
      0.3085483277638754,
      0.2742557589213058,
      0.24196862220764132,
      0.21185795275370245,
      0.18406316248575866,
      0.1586567236582442,
      0.13566580073038736,
      0.11507011286417645,
      0.09679936154683418,
      0.08075182342529308,
      0.06680061658223466,
      0.05478999773661295,
      0.04455702654520659,
      0.035924198150634794,
      0.0287099329630534,
      0.022745447794596297,
      0.017859675725301116,
      0.0139008928934733,
      0.0107218863169352,
      0.008194040934244796,
      0.0062074801127115775,
      0.004659779230753591,
      0.003466261545817055,
      0.002554615020751951,
      0.0018662109374999998,
      0.0013503697713216144
    ],
    "v0_std_curve": [
      8.409199830241952e-05,
      9.897461961871265e-05,
      0.00011527942689710235,
      0.0001341035763015938,
      0.00015489092878955138,
      0.00017789504798277242,
      0.00019938714950045258,
      0.00022161790359401834,
      0.00024387611808538502,
      0.0002650421817070892,
      0.0002864676762209857,
      0.00030784000907889734,
      0.00032446783660833545,
      0.00033998688689748115,
      0.0003521789739819764,
      0.00036623492584672356,
      0.0003767214033760894,
      0.0003924675638478972,
      0.00039783157236042194,
      0.0004117353392018805,
      0.00043585782263021384,
      0.0004644726807121173,
      0.0004940784267457662,
      0.0005380272328313778,
      0.0005777487528937542,
      0.0006168761901456499,
      0.0006503874396881793,
      0.0006783421803539854,
      0.0006955342831172916,
      0.000703536223777225,
      0.0007075572458916493,
      0.0006983835308212694,
      0.0006900112127956945,
      0.0006699187304933514,
      0.0006496564070515871,
      0.0006134169531037223,
      0.0005745864344376546,
      0.0005347932034859179,
      0.0004975680062977988,
      0.00046014234029662337,
      0.00044001748675854657,
      0.0004166660345296306,
      0.0003984447900801659,
      0.00038241778314323084,
      0.00037485893838866424,
      0.00036292893632725596,
      0.0003467133180454674,
      0.0003311901910204479,
      0.00031652677091556893,
      0.00029707038706247525,
      0.00028084358411288503,
      0.0002604608893189397,
      0.00023934030290872962,
      0.00021674311649596325,
      0.00019515236694445454,
      0.0001739378541400748,
      0.00015329595143599825,
      0.00013379957009992274,
      0.00011453782606293352,
      9.822149121790135e-05,
      8.345943228839642e-05
    ]
  },
  "thresholds": {
    "n_nu": 61,
    "nu_max": 3.0,
    "nu_min": -3.0,
    "nus": [
      -3.0,
      -2.9,
      -2.8,
      -2.7,
      -2.6,
      -2.5,
      -2.4,
      -2.3,
      -2.2,
      -2.1,
      -2.0,
      -1.9,
      -1.7999999999999998,
      -1.7,
      -1.5999999999999999,
      -1.5,
      -1.4,
      -1.2999999999999998,
      -1.2,
      -1.0999999999999999,
      -1.0,
      -0.8999999999999999,
      -0.7999999999999998,
      -0.6999999999999997,
      -0.5999999999999996,
      -0.5,
      -0.3999999999999999,
      -0.2999999999999998,
      -0.19999999999999973,
      -0.09999999999999964,
      0.0,
      0.10000000000000009,
      0.20000000000000018,
      0.30000000000000027,
      0.40000000000000036,
      0.5,
      0.6000000000000001,
      0.7000000000000002,
      0.8000000000000003,
      0.9000000000000004,
      1.0,
      1.1000000000000005,
      1.2000000000000002,
      1.2999999999999998,
      1.4000000000000004,
      1.5,
      1.6000000000000005,
      1.7000000000000002,
      1.8000000000000007,
      1.9000000000000004,
      2.0,
      2.1000000000000005,
      2.2,
      2.3000000000000007,
      2.4000000000000004,
      2.5,
      2.6000000000000005,
      2.7,
      2.8000000000000007,
      2.9000000000000004,
      3.0
    ]
  }
}