{
  "diagnostics": {
    "imag_frac_nonzero_eps1e-12": 0.9922178988326849,
    "imag_max_abs": 0.000910659256056086
  },
  "hint": "Topology v0: compare observed excursion-set area fraction curve V0(nu) against phase-randomized surrogates (preserve |a_lm|, randomize phases). Statistic D is L2 distance to surrogate-mean curve. High D => more non-null morphology.",
  "kind": "planck_pr3_lensing_phi_topology_area_fraction_v0",
  "lmax": 256,
  "metric": "V0 area-fraction curve (excursion sets) + L2 distance",
  "n_sims": 2000,
  "nside": 256,
  "observed": {
    "D_L2": 8.728896425859229e-06,
    "map_mean": -9.852605870030623e-09,
    "map_std": 0.019390134256785253,
    "v0_curve": [
      0.9987678527832031,
      0.9982795715332031,
      0.9976043701171875,
      0.9966850280761719,
      0.9955024719238281,
      0.9940503438313802,
      0.9920870463053385,
      0.989617665608724,
      0.9865303039550781,
      0.9825948079427084,
      0.9776166280110677,
      0.9715805053710938,
      0.9643719991048177,
      0.9554723103841146,
      0.9452629089355469,
      0.9330469767252604,
      0.918860117594401,
      0.9028307596842448,
      0.8843269348144531,
      0.8638216654459635,
      0.8408495585123698,
      0.8151143391927084,
      0.7873522440592448,
      0.7571894327799479,
      0.7250811258951823,
      0.6908849080403646,
      0.654748280843099,
      0.6174596150716146,
      0.5788472493489584,
      0.5396766662597656,
      0.500311533610026,
      0.46077855428059894,
      0.42121251424153644,
      0.3825174967447917,
      0.3450355529785156,
      0.3090629577636719,
      0.27493921915690106,
      0.2424952189127604,
      0.21218109130859375,
      0.18426640828450522,
      0.15889485677083334,
      0.13571802775065103,
      0.1148668924967448,
      0.09630839029947917,
      0.08057276407877605,
      0.06650797526041667,
      0.054553985595703125,
      0.044469197591145836,
      0.035991668701171875,
      0.028728485107421875,
      0.0227508544921875,
      0.017939249674479168,
      0.014005025227864584,
      0.010837554931640625,
      0.008305867513020834,
      0.006336212158203125,
      0.004812876383463542,
      0.0035502115885416665,
      0.0025838216145833335,
      0.00188446044921875,
      0.0013567606608072917
    ]
  },
  "p_high": 0.440279860069965,
  "p_low": 0.5602198900549725,
  "p_two_sided": 0.88055972013993,
  "provenance": {
    "dat_url": "LCDM_PHI_FORWARD_CAMB",
    "mf_url": "MF_ZERO"
  },
  "seed": 1213,
  "surrogate": {
    "D_mean": 1.030610451431575e-05,
    "D_std": 8.556249808093335e-06,
    "v0_mean_curve": [
      0.9986482836405449,
      0.9981313006083167,
      0.9974409332275399,
      0.9965274454752584,
      0.995331722895304,
      0.9937811222076411,
      0.991792220433554,
      0.9892654946645101,
      0.9860856539408362,
      0.9821199633280417,
      0.9772342135111473,
      0.9712689863840742,
      0.9640565668741883,
      0.9554239082336434,
      0.9451889324188246,
      0.9331831607818609,
      0.9192376772562657,
      0.903194716771442,
      0.8849213155110671,
      0.8643342234293637,
      0.8413490142822265,
      0.8159440269470215,
      0.7881507415771493,
      0.7580425173441565,
      0.7257584819793692,
      0.6914758790334069,
      0.6554445082346612,
      0.6179311415354412,
      0.579281642278036,
      0.5398580309549966,
      0.5000422833760575,
      0.46021337191263884,
      0.4207828547159828,
      0.38212646611531526,
      0.3446091753641762,
      0.30856205940246617,
      0.2742785619099932,
      0.2419779675801591,
      0.21186420059204097,
      0.18405931091308617,
      0.15865341631571447,
      0.13566484069824208,
      0.11505677350362156,
      0.09678554407755538,
      0.08073688125610344,
      0.06678776677449547,
      0.05478155453999835,
      0.04454563013712563,
      0.03591117795308431,
      0.028695444742838524,
      0.022731263478596997,
      0.017849957784016938,
      0.013892017364501946,
      0.010713542302449527,
      0.008188656489054359,
      0.006204019546508787,
      0.00465790303548177,
      0.003464221318562823,
      0.0025533574422200544,
      0.001864877700805662,
      0.0013495922088623067
    ],
    "v0_std_curve": [
      8.418235281348496e-05,
      9.868476369406269e-05,
      0.00011448639704652392,
      0.00013204045750896836,
      0.00015086705813116967,
      0.0001732545789600472,
      0.00019663313164938122,
      0.00021846854919056914,
      0.00023761545480707337,
      0.00026112668450366824,
      0.00028352605984512065,
      0.00029887033517299544,
      0.0003186996555353225,
      0.00033418868242217304,
      0.0003490097559956049,
      0.0003554100790191003,
      0.00036220364660784205,
      0.0003727187131643253,
      0.00038675298713266773,
      0.0004021049382802998,
      0.00042179769384907565,
      0.0004468002578507018,
      0.00047811732935199453,
      0.000512051462901882,
      0.0005415052806014141,
      0.0005888228995534492,
      0.0006233398344739619,
      0.0006596999825802027,
      0.0006869778754854615,
      0.0007052393397929489,
      0.0007139144305418737,
      0.0007104760527412336,
      0.0006910892064206179,
      0.0006633484944967073,
      0.0006381940001009192,
      0.0006030554376639601,
      0.0005678253346908036,
      0.0005300072789816753,
      0.00048433055184703063,
      0.0004576398567719388,
      0.00043149885087747264,
      0.0004065022881334578,
      0.000390922641695968,
      0.00037706431597929875,
      0.00036517756148768903,
      0.00035553589747624217,
      0.00034241817981225605,
      0.00033260976435220245,
      0.00032060001279267847,
      0.00030314949941304234,
      0.00028407663385881805,
      0.0002633532092560617,
      0.00024296746966771517,
      0.0002185987344207229,
      0.00019920125073746254,
      0.00017914048690252491,
      0.00015943729182819338,
      0.00013960569135838176,
      0.00012159543555665138,
      0.00010453649811533631,
      8.861693576525725e-05
    ]
  },
  "thresholds": {
    "n_nu": 61,
    "nu_max": 3.0,
    "nu_min": -3.0,
    "nus": [
      -3.0,
      -2.9,
      -2.8,
      -2.7,
      -2.6,
      -2.5,
      -2.4,
      -2.3,
      -2.2,
      -2.1,
      -2.0,
      -1.9,
      -1.7999999999999998,
      -1.7,
      -1.5999999999999999,
      -1.5,
      -1.4,
      -1.2999999999999998,
      -1.2,
      -1.0999999999999999,
      -1.0,
      -0.8999999999999999,
      -0.7999999999999998,
      -0.6999999999999997,
      -0.5999999999999996,
      -0.5,
      -0.3999999999999999,
      -0.2999999999999998,
      -0.19999999999999973,
      -0.09999999999999964,
      0.0,
      0.10000000000000009,
      0.20000000000000018,
      0.30000000000000027,
      0.40000000000000036,
      0.5,
      0.6000000000000001,
      0.7000000000000002,
      0.8000000000000003,
      0.9000000000000004,
      1.0,
      1.1000000000000005,
      1.2000000000000002,
      1.2999999999999998,
      1.4000000000000004,
      1.5,
      1.6000000000000005,
      1.7000000000000002,
      1.8000000000000007,
      1.9000000000000004,
      2.0,
      2.1000000000000005,
      2.2,
      2.3000000000000007,
      2.4000000000000004,
      2.5,
      2.6000000000000005,
      2.7,
      2.8000000000000007,
      2.9000000000000004,
      3.0
    ]
  }
}