{
  "diagnostics": {
    "imag_frac_nonzero_eps1e-12": 0.9922178988326849,
    "imag_max_abs": 0.0009486978164786219
  },
  "hint": "Topology v0: compare observed excursion-set area fraction curve V0(nu) against phase-randomized surrogates (preserve |a_lm|, randomize phases). Statistic D is L2 distance to surrogate-mean curve. High D => more non-null morphology.",
  "kind": "planck_pr3_lensing_phi_topology_area_fraction_v0",
  "lmax": 256,
  "metric": "V0 area-fraction curve (excursion sets) + L2 distance",
  "n_sims": 2000,
  "nside": 256,
  "observed": {
    "D_L2": 3.0210736887094376e-06,
    "map_mean": -1.3518770221185783e-08,
    "map_std": 0.019425480254512576,
    "v0_curve": [
      0.9987640380859375,
      0.9982732137044271,
      0.997589111328125,
      0.9967002868652344,
      0.9955329895019531,
      0.9939829508463541,
      0.9920399983723959,
      0.9895451863606771,
      0.9863166809082031,
      0.9823570251464844,
      0.9773712158203125,
      0.9714012145996094,
      0.9642041524251302,
      0.9555638631184896,
      0.9452374776204427,
      0.9330978393554688,
      0.9191436767578125,
      0.9031728108723959,
      0.8849143981933594,
      0.8640670776367188,
      0.8409678141276041,
      0.815453847249349,
      0.7878150939941406,
      0.758062998453776,
      0.725915273030599,
      0.6911633809407552,
      0.6546859741210938,
      0.6176033020019531,
      0.5788052876790365,
      0.5395189921061198,
      0.49987157185872394,
      0.4601707458496094,
      0.4206047058105469,
      0.3817456563313802,
      0.3443756103515625,
      0.30821863810221356,
      0.27413050333658856,
      0.24187342325846353,
      0.2119013468424479,
      0.18415705362955728,
      0.1587066650390625,
      0.13538742065429688,
      0.11494700113932292,
      0.09687423706054688,
      0.08078638712565105,
      0.06689707438151042,
      0.05506134033203125,
      0.04477691650390625,
      0.036061604817708336,
      0.028844197591145832,
      0.022797902425130207,
      0.017972310384114582,
      0.014067331949869791,
      0.010922749837239584,
      0.008434295654296875,
      0.006373087565104167,
      0.004746754964192708,
      0.0035235087076822915,
      0.00258636474609375,
      0.0019213358561197917,
      0.0014177958170572917
    ]
  },
  "p_high": 0.9090454772613693,
  "p_low": 0.09145427286356822,
  "p_two_sided": 0.18290854572713644,
  "provenance": {
    "dat_url": "LCDM_PHI_FORWARD_CAMB",
    "mf_url": "MF_ZERO"
  },
  "seed": 1204,
  "surrogate": {
    "D_mean": 1.0769926688838795e-05,
    "D_std": 8.532578810268648e-06,
    "v0_mean_curve": [
      0.9986461874643949,
      0.9981287956237791,
      0.9974388421376553,
      0.9965252596537255,
      0.9953299331665035,
      0.9937803707122804,
      0.9917928600311283,
      0.9892687123616529,
      0.9860887559254963,
      0.9821301167806002,
      0.9772463544209801,
      0.9712771466573061,
      0.964064029693604,
      0.955430492401124,
      0.9451978511810297,
      0.933183226267496,
      0.9192316862742098,
      0.903192120869954,
      0.8849311396280928,
      0.8643337008158376,
      0.8413484783172598,
      0.8159540863037111,
      0.7881589984893784,
      0.7580572732289652,
      0.7257767314910897,
      0.6914915663401286,
      0.6554487177530921,
      0.617933764139811,
      0.5792858549753827,
      0.5398480510711675,
      0.5000147800445554,
      0.46018683624267614,
      0.4207496236165365,
      0.38209422556559314,
      0.34458625221252465,
      0.30853772989908873,
      0.2742467899322508,
      0.2419599367777509,
      0.21184949239095036,
      0.18405488586425808,
      0.15864559300740572,
      0.1356524766286215,
      0.1150564664204918,
      0.09679379272460924,
      0.08075557200113939,
      0.06681231562296552,
      0.05480726750691726,
      0.04456755574544267,
      0.03592584101359054,
      0.028714989344278935,
      0.022747273127237948,
      0.017859029134114548,
      0.01389763196309404,
      0.01071877034505208,
      0.008192490259806316,
      0.006203345616658521,
      0.004655319213867186,
      0.003462380727132154,
      0.0025512828826904296,
      0.001862134933471675,
      0.001347162882486982
    ],
    "v0_std_curve": [
      8.704979198304517e-05,
      0.00010142764167153075,
      0.00011764283614316398,
      0.00013441332021039588,
      0.00015510017286561942,
      0.00017593644509688203,
      0.00019509608994559938,
      0.00021663936789201129,
      0.00023966402910766528,
      0.00026217765318958184,
      0.0002788512467948295,
      0.0002976950584444999,
      0.0003129228379889566,
      0.0003311941934360191,
      0.00034646812464328165,
      0.00036206166118891243,
      0.0003723466822292413,
      0.0003808180238995353,
      0.0003971656277356215,
      0.00041689030175019753,
      0.0004382471723291514,
      0.00046620372758111937,
      0.0005065445939972064,
      0.0005408623331192108,
      0.0005776451495108822,
      0.0006222472921844246,
      0.0006569627178521862,
      0.0006880750759490056,
      0.0007103139999348544,
      0.0007124902346142925,
      0.000720595646948388,
      0.0007108965457608347,
      0.0006975338113757457,
      0.0006730945715319143,
      0.000642291572200746,
      0.0006108323116704385,
      0.0005668538663126255,
      0.00053601657844489,
      0.0005051130620574853,
      0.000472591619090224,
      0.00044775090363283383,
      0.00042335138700391327,
      0.00040485095470443704,
      0.0003879573415997599,
      0.000376630059356437,
      0.0003656623519479461,
      0.000354274551381676,
      0.00033700304485310414,
      0.00031911617582930396,
      0.000298721711464858,
      0.00028198042251156543,
      0.0002595906486057143,
      0.0002378333071161783,
      0.0002140580980483212,
      0.00019088841885872153,
      0.00017024585348314299,
      0.00015175461064881782,
      0.00013211680402137806,
      0.00011528414364562793,
      9.859911447847167e-05,
      8.578853357328371e-05
    ]
  },
  "thresholds": {
    "n_nu": 61,
    "nu_max": 3.0,
    "nu_min": -3.0,
    "nus": [
      -3.0,
      -2.9,
      -2.8,
      -2.7,
      -2.6,
      -2.5,
      -2.4,
      -2.3,
      -2.2,
      -2.1,
      -2.0,
      -1.9,
      -1.7999999999999998,
      -1.7,
      -1.5999999999999999,
      -1.5,
      -1.4,
      -1.2999999999999998,
      -1.2,
      -1.0999999999999999,
      -1.0,
      -0.8999999999999999,
      -0.7999999999999998,
      -0.6999999999999997,
      -0.5999999999999996,
      -0.5,
      -0.3999999999999999,
      -0.2999999999999998,
      -0.19999999999999973,
      -0.09999999999999964,
      0.0,
      0.10000000000000009,
      0.20000000000000018,
      0.30000000000000027,
      0.40000000000000036,
      0.5,
      0.6000000000000001,
      0.7000000000000002,
      0.8000000000000003,
      0.9000000000000004,
      1.0,
      1.1000000000000005,
      1.2000000000000002,
      1.2999999999999998,
      1.4000000000000004,
      1.5,
      1.6000000000000005,
      1.7000000000000002,
      1.8000000000000007,
      1.9000000000000004,
      2.0,
      2.1000000000000005,
      2.2,
      2.3000000000000007,
      2.4000000000000004,
      2.5,
      2.6000000000000005,
      2.7,
      2.8000000000000007,
      2.9000000000000004,
      3.0
    ]
  }
}