{
  "diagnostics": {
    "imag_frac_nonzero_eps1e-12": 0.9922178988326849,
    "imag_max_abs": 0.0008851307913997256
  },
  "hint": "Topology v0: compare observed excursion-set area fraction curve V0(nu) against phase-randomized surrogates (preserve |a_lm|, randomize phases). Statistic D is L2 distance to surrogate-mean curve. High D => more non-null morphology.",
  "kind": "planck_pr3_lensing_phi_topology_area_fraction_v0",
  "lmax": 256,
  "metric": "V0 area-fraction curve (excursion sets) + L2 distance",
  "n_sims": 2000,
  "nside": 256,
  "observed": {
    "D_L2": 3.3591970073414333e-06,
    "map_mean": -1.611399712175463e-08,
    "map_std": 0.01943413066933213,
    "v0_curve": [
      0.998626708984375,
      0.9981282552083334,
      0.9974822998046875,
      0.9965565999348959,
      0.9953715006510416,
      0.9939092000325521,
      0.9919573465983073,
      0.9893722534179688,
      0.9861780802408854,
      0.982208251953125,
      0.977386474609375,
      0.9714393615722656,
      0.9643745422363281,
      0.9556910196940104,
      0.945367177327474,
      0.9333368937174479,
      0.9193674723307291,
      0.9033559163411459,
      0.884771982828776,
      0.864343007405599,
      0.8414497375488281,
      0.8159612019856771,
      0.7878697713216146,
      0.7581901550292969,
      0.7258593241373698,
      0.691778818766276,
      0.6556841532389323,
      0.617730458577474,
      0.5790456136067709,
      0.5394337972005209,
      0.4994036356608073,
      0.45934295654296875,
      0.4203198750813802,
      0.38143157958984375,
      0.34410349527994794,
      0.30829747517903644,
      0.27411651611328125,
      0.2420171101888021,
      0.21207682291666666,
      0.18391545613606772,
      0.15865453084309897,
      0.13552220662434897,
      0.1148541768391927,
      0.09655253092447917,
      0.08066940307617188,
      0.06671651204427083,
      0.054973602294921875,
      0.0446319580078125,
      0.036176045735677086,
      0.028962453206380207,
      0.022974650065104168,
      0.018095652262369793,
      0.014087677001953125,
      0.010889689127604166,
      0.008256276448567709,
      0.006256103515625,
      0.004779815673828125,
      0.0035807291666666665,
      0.0026499430338541665,
      0.0019315083821614583,
      0.001373291015625
    ]
  },
  "p_high": 0.8885557221389305,
  "p_low": 0.111944027986007,
  "p_two_sided": 0.223888055972014,
  "provenance": {
    "dat_url": "LCDM_PHI_FORWARD_CAMB",
    "mf_url": "MF_ZERO"
  },
  "seed": 1208,
  "surrogate": {
    "D_mean": 1.0291872574568619e-05,
    "D_std": 7.987587382439373e-06,
    "v0_mean_curve": [
      0.99865195719401,
      0.998135813395184,
      0.997446894327799,
      0.9965347137451175,
      0.9953399537404382,
      0.9937909698486321,
      0.9918042182922368,
      0.989277527491254,
      0.9860953750610348,
      0.9821334031422952,
      0.9772471796671562,
      0.9712805194854748,
      0.9640701719919851,
      0.9554398632049561,
      0.9452083250681538,
      0.9331977793375641,
      0.9192501296997081,
      0.9032007884979255,
      0.8849345760345465,
      0.8643364728291818,
      0.841349711736041,
      0.815939988454182,
      0.7881434764862072,
      0.7580280971527091,
      0.7257443536122631,
      0.6914619700113922,
      0.655425500869751,
      0.6179120750427249,
      0.5792584756215415,
      0.5398174699147545,
      0.4999899934132888,
      0.46016397031148293,
      0.42073089345296216,
      0.382077730178833,
      0.3445724620819094,
      0.3085385634104409,
      0.2742569230397537,
      0.24196072642008518,
      0.21185359700520862,
      0.1840545272827146,
      0.15865351486206056,
      0.13565935961405426,
      0.11506573295593264,
      0.09679383659362792,
      0.08075024477640794,
      0.06680019760131824,
      0.05479198328653973,
      0.04456062571207691,
      0.035927286148071245,
      0.02871910794576009,
      0.022753681818644192,
      0.01786896578470864,
      0.013906667709350593,
      0.010727454503377266,
      0.008201573689778651,
      0.006214103062947595,
      0.004665678660074866,
      0.0034718208312988197,
      0.0025607490539550763,
      0.001869951883951824,
      0.0013533980051676432
    ],
    "v0_std_curve": [
      8.532713821317083e-05,
      9.98917045386386e-05,
      0.00011623668888919583,
      0.0001333827789374231,
      0.00015152074780918075,
      0.000171088987755629,
      0.00019085915242277192,
      0.00021258486468218776,
      0.0002348603174295603,
      0.0002575540031936402,
      0.0002771511594836537,
      0.0002984461173466194,
      0.0003130931715265163,
      0.0003286853910128238,
      0.0003387320166403138,
      0.0003540852535359044,
      0.00036525393098994487,
      0.0003752952591837125,
      0.0003930318266079329,
      0.00040818603305045294,
      0.0004326582735677621,
      0.00046150301396253267,
      0.0004936757334697802,
      0.0005268049073847398,
      0.0005603907431255434,
      0.0006034072358972826,
      0.0006306018904307548,
      0.0006580786827985457,
      0.0006823461378700108,
      0.0006842162406491528,
      0.0006934121634985066,
      0.000688700172600781,
      0.0006786220551483575,
      0.0006642983061532586,
      0.0006339914147100691,
      0.0006104370247598662,
      0.0005773085662939768,
      0.0005406829246218326,
      0.0005035961626792627,
      0.0004714884701650123,
      0.00042806515301309773,
      0.00040300819637711753,
      0.0003786898408480606,
      0.00036502011733140915,
      0.0003594427866971962,
      0.0003495079636526215,
      0.0003409191003724404,
      0.00033270931577454593,
      0.00031857351165626537,
      0.0003042310641423604,
      0.0002831243418497709,
      0.0002605678465172945,
      0.000240816041672088,
      0.00021852344328433175,
      0.00019585540501131739,
      0.00017282021118930632,
      0.0001525518665161237,
      0.00013399898683867092,
      0.00011614170220028685,
      0.00010032313182454415,
      8.479040689130007e-05
    ]
  },
  "thresholds": {
    "n_nu": 61,
    "nu_max": 3.0,
    "nu_min": -3.0,
    "nus": [
      -3.0,
      -2.9,
      -2.8,
      -2.7,
      -2.6,
      -2.5,
      -2.4,
      -2.3,
      -2.2,
      -2.1,
      -2.0,
      -1.9,
      -1.7999999999999998,
      -1.7,
      -1.5999999999999999,
      -1.5,
      -1.4,
      -1.2999999999999998,
      -1.2,
      -1.0999999999999999,
      -1.0,
      -0.8999999999999999,
      -0.7999999999999998,
      -0.6999999999999997,
      -0.5999999999999996,
      -0.5,
      -0.3999999999999999,
      -0.2999999999999998,
      -0.19999999999999973,
      -0.09999999999999964,
      0.0,
      0.10000000000000009,
      0.20000000000000018,
      0.30000000000000027,
      0.40000000000000036,
      0.5,
      0.6000000000000001,
      0.7000000000000002,
      0.8000000000000003,
      0.9000000000000004,
      1.0,
      1.1000000000000005,
      1.2000000000000002,
      1.2999999999999998,
      1.4000000000000004,
      1.5,
      1.6000000000000005,
      1.7000000000000002,
      1.8000000000000007,
      1.9000000000000004,
      2.0,
      2.1000000000000005,
      2.2,
      2.3000000000000007,
      2.4000000000000004,
      2.5,
      2.6000000000000005,
      2.7,
      2.8000000000000007,
      2.9000000000000004,
      3.0
    ]
  }
}