{
  "diagnostics": {
    "imag_frac_nonzero_eps1e-12": 0.9922178988326849,
    "imag_max_abs": 0.0008763503136428684
  },
  "hint": "Topology v0: compare observed excursion-set area fraction curve V0(nu) against phase-randomized surrogates (preserve |a_lm|, randomize phases). Statistic D is L2 distance to surrogate-mean curve. High D => more non-null morphology.",
  "kind": "planck_pr3_lensing_phi_topology_area_fraction_v0",
  "lmax": 256,
  "metric": "V0 area-fraction curve (excursion sets) + L2 distance",
  "n_sims": 2000,
  "nside": 256,
  "observed": {
    "D_L2": 8.083489843601827e-06,
    "map_mean": -2.9316586101044225e-09,
    "map_std": 0.019512308379251473,
    "v0_curve": [
      0.9986101786295573,
      0.9981180826822916,
      0.9973653157552084,
      0.9964815775553385,
      0.9952418009440104,
      0.9935963948567709,
      0.9915860493977865,
      0.9889500935872396,
      0.9857737223307291,
      0.9817301432291666,
      0.97686767578125,
      0.9709065755208334,
      0.9638582865397135,
      0.9552090962727865,
      0.9449907938639323,
      0.9331563313802084,
      0.9191983540852865,
      0.9031461079915365,
      0.8846282958984375,
      0.8640950520833334,
      0.8412399291992188,
      0.8160807291666666,
      0.7881062825520834,
      0.757971445719401,
      0.7258834838867188,
      0.6916058858235677,
      0.6558876037597656,
      0.6184717814127604,
      0.5794118245442709,
      0.5398826599121094,
      0.5003331502278646,
      0.4604199727376302,
      0.42114512125651044,
      0.3828875223795573,
      0.34536997477213544,
      0.30942026774088544,
      0.2750498453776042,
      0.24269485473632812,
      0.21253331502278647,
      0.18441645304361978,
      0.15907160441080728,
      0.13603846232096353,
      0.1152051289876302,
      0.09694290161132812,
      0.08086903889973958,
      0.06686655680338542,
      0.054697672526041664,
      0.044268290201822914,
      0.035527547200520836,
      0.028291066487630207,
      0.022389729817708332,
      0.01755523681640625,
      0.013498942057291666,
      0.010313669840494791,
      0.007892608642578125,
      0.005847930908203125,
      0.004378000895182292,
      0.0032145182291666665,
      0.00232696533203125,
      0.0017267862955729167,
      0.0011914571126302083
    ]
  },
  "p_high": 0.5097451274362819,
  "p_low": 0.49075462268865566,
  "p_two_sided": 0.9815092453773113,
  "provenance": {
    "dat_url": "LCDM_PHI_FORWARD_CAMB",
    "mf_url": "MF_ZERO"
  },
  "seed": 1210,
  "surrogate": {
    "D_mean": 1.0645745821278575e-05,
    "D_std": 8.545306449249305e-06,
    "v0_mean_curve": [
      0.9986513964335114,
      0.998136470794677,
      0.9974485073089608,
      0.9965385761261,
      0.9953448874155687,
      0.9937975076039639,
      0.9918093770345061,
      0.98928193918864,
      0.9861035931905112,
      0.9821443405151358,
      0.9772611573537202,
      0.9712958901723238,
      0.9640837669372547,
      0.9554506384531654,
      0.9452140541076666,
      0.9332032267252622,
      0.9192576268513994,
      0.9032149569193517,
      0.8849407272338862,
      0.8643444175720213,
      0.8413525880177807,
      0.8159378013610825,
      0.7881316013336177,
      0.7580239931742357,
      0.7257282676696782,
      0.691439059575398,
      0.6553923416137689,
      0.6178851750691724,
      0.5792273337046306,
      0.5397973295847573,
      0.49997176043192515,
      0.46014881134033203,
      0.4207160320281989,
      0.3820629876454676,
      0.34455563990275045,
      0.30852417564392065,
      0.27424365997314487,
      0.2419545173645017,
      0.21184931246439584,
      0.18405595652262383,
      0.1586561679840087,
      0.1356738135019939,
      0.11507280413309723,
      0.09680734697977719,
      0.08076342201232924,
      0.06681571515401202,
      0.05481113560994475,
      0.04457698059082025,
      0.03594007746378588,
      0.028725517908732123,
      0.022762053807576496,
      0.017875862121582056,
      0.013914666493733713,
      0.010732405344645207,
      0.008204232533772794,
      0.006216425577799482,
      0.004667163848876953,
      0.003471523284912108,
      0.00255960591634115,
      0.0018694578806559233,
      0.0013527781168619804
    ],
    "v0_std_curve": [
      8.696191016334519e-05,
      0.0001015025202131525,
      0.00011809269399747152,
      0.00013626422189549596,
      0.00015594374648738755,
      0.0001762542014083682,
      0.00019815927266284686,
      0.0002205833274348387,
      0.0002408675220228716,
      0.00026141893840486783,
      0.00028499988501513336,
      0.0002998237172468924,
      0.00031583590534073086,
      0.00033101053601066263,
      0.00034511828268410307,
      0.0003590800881009046,
      0.0003708525044507464,
      0.00038098538863703404,
      0.0003934679965218652,
      0.00041247348605378853,
      0.0004340454014078269,
      0.000461783080062653,
      0.0005012191330279364,
      0.0005402421321186885,
      0.000576739293748738,
      0.0006123926357503488,
      0.0006397410525236024,
      0.0006689980448513154,
      0.0006960667377973512,
      0.0007052772203428617,
      0.0007219236826034057,
      0.0007239950380076834,
      0.0006920922823294501,
      0.0006718541016453686,
      0.0006394885254040575,
      0.0006023608517158642,
      0.000567620279127367,
      0.0005258133999248247,
      0.0004948461555141818,
      0.0004679832738692573,
      0.00044289303728066437,
      0.0004258796639368856,
      0.00041143096376362355,
      0.0003946536847215078,
      0.00037523523654012307,
      0.0003612240767164011,
      0.00034715809503657927,
      0.000336353032895605,
      0.00032047395231110453,
      0.0003026434372785067,
      0.0002812105537325493,
      0.00026001418959714753,
      0.0002376168921369595,
      0.0002176007229862,
      0.0001968629727751573,
      0.00017515999024506022,
      0.0001525100085553456,
      0.00013348967773950515,
      0.00011658616281586146,
      0.00010010916162146827,
      8.548889481547259e-05
    ]
  },
  "thresholds": {
    "n_nu": 61,
    "nu_max": 3.0,
    "nu_min": -3.0,
    "nus": [
      -3.0,
      -2.9,
      -2.8,
      -2.7,
      -2.6,
      -2.5,
      -2.4,
      -2.3,
      -2.2,
      -2.1,
      -2.0,
      -1.9,
      -1.7999999999999998,
      -1.7,
      -1.5999999999999999,
      -1.5,
      -1.4,
      -1.2999999999999998,
      -1.2,
      -1.0999999999999999,
      -1.0,
      -0.8999999999999999,
      -0.7999999999999998,
      -0.6999999999999997,
      -0.5999999999999996,
      -0.5,
      -0.3999999999999999,
      -0.2999999999999998,
      -0.19999999999999973,
      -0.09999999999999964,
      0.0,
      0.10000000000000009,
      0.20000000000000018,
      0.30000000000000027,
      0.40000000000000036,
      0.5,
      0.6000000000000001,
      0.7000000000000002,
      0.8000000000000003,
      0.9000000000000004,
      1.0,
      1.1000000000000005,
      1.2000000000000002,
      1.2999999999999998,
      1.4000000000000004,
      1.5,
      1.6000000000000005,
      1.7000000000000002,
      1.8000000000000007,
      1.9000000000000004,
      2.0,
      2.1000000000000005,
      2.2,
      2.3000000000000007,
      2.4000000000000004,
      2.5,
      2.6000000000000005,
      2.7,
      2.8000000000000007,
      2.9000000000000004,
      3.0
    ]
  }
}