{
  "diagnostics": {
    "imag_frac_nonzero_eps1e-12": 0.9922178988326849,
    "imag_max_abs": 0.0010526831211136493
  },
  "hint": "Topology v0: compare observed excursion-set area fraction curve V0(nu) against phase-randomized surrogates (preserve |a_lm|, randomize phases). Statistic D is L2 distance to surrogate-mean curve. High D => more non-null morphology.",
  "kind": "planck_pr3_lensing_phi_topology_area_fraction_v0",
  "lmax": 256,
  "metric": "V0 area-fraction curve (excursion sets) + L2 distance",
  "n_sims": 2000,
  "nside": 256,
  "observed": {
    "D_L2": 6.699117938315954e-06,
    "map_mean": -1.1132032107425728e-08,
    "map_std": 0.01943922812089207,
    "v0_curve": [
      0.9987157185872396,
      0.9982159932454427,
      0.99755859375,
      0.996673583984375,
      0.9955228169759115,
      0.9939651489257812,
      0.9918429056803385,
      0.9893239339192709,
      0.986114501953125,
      0.9821904500325521,
      0.977148691813151,
      0.9711481730143229,
      0.9637552897135416,
      0.9551556905110677,
      0.9450403849283854,
      0.9329325358072916,
      0.9189503987630209,
      0.9026819864908854,
      0.8843892415364584,
      0.8639513651529948,
      0.8410301208496094,
      0.8155072530110677,
      0.7878812154134115,
      0.7579383850097656,
      0.7256520589192709,
      0.6910972595214844,
      0.6552213033040365,
      0.618017832438151,
      0.5797958374023438,
      0.5407231648763021,
      0.5008290608723959,
      0.4610493977864583,
      0.42156982421875,
      0.38304901123046875,
      0.34527587890625,
      0.3085060119628906,
      0.27431615193684894,
      0.24207433064778647,
      0.21187337239583334,
      0.18392817179361978,
      0.15854644775390625,
      0.1353276570638021,
      0.11485036214192708,
      0.09669748942057292,
      0.0804583231608073,
      0.06671142578125,
      0.054674784342447914,
      0.044338226318359375,
      0.035825093587239586,
      0.028553009033203125,
      0.022672017415364582,
      0.01784515380859375,
      0.013851165771484375,
      0.010695139567057291,
      0.008085886637369791,
      0.006067911783854167,
      0.004534403483072917,
      0.0034230550130208335,
      0.0025113423665364585,
      0.001842498779296875,
      0.001331329345703125
    ]
  },
  "p_high": 0.6151924037981009,
  "p_low": 0.3853073463268366,
  "p_two_sided": 0.7706146926536732,
  "provenance": {
    "dat_url": "LCDM_PHI_FORWARD_CAMB",
    "mf_url": "MF_ZERO"
  },
  "seed": 1217,
  "surrogate": {
    "D_mean": 1.0671850475253038e-05,
    "D_std": 8.19704638068189e-06,
    "v0_mean_curve": [
      0.9986487706502272,
      0.9981333751678455,
      0.9974446207682274,
      0.9965330117543544,
      0.9953396466573077,
      0.993792448679604,
      0.9918048330942798,
      0.9892777608235677,
      0.9860980428059903,
      0.9821349690755204,
      0.9772468274434403,
      0.971280045191448,
      0.9640646400451672,
      0.955429159164428,
      0.9451924006144204,
      0.9331862188975018,
      0.9192367477416987,
      0.9031899515787762,
      0.8849229990641286,
      0.8643290532430024,
      0.841338309605917,
      0.8159410451253243,
      0.7881507358551023,
      0.7580402113596592,
      0.7257562821706132,
      0.6914788042704281,
      0.6554387709299736,
      0.6179326464335106,
      0.5792843837738039,
      0.539855299631754,
      0.5000169188181562,
      0.4601810162862154,
      0.4207487449645998,
      0.3820913352966308,
      0.34457605298360117,
      0.3085357233683269,
      0.2742608674367268,
      0.24197039413452132,
      0.21185529009501142,
      0.1840545419057209,
      0.15864805412292446,
      0.13565728251139322,
      0.11505821545918783,
      0.09678925005594885,
      0.08074597231547055,
      0.06679434331258141,
      0.05478689130147304,
      0.044548671086629195,
      0.0359164358774821,
      0.0287027835845947,
      0.02274008496602379,
      0.017862399419148793,
      0.013903172810872394,
      0.010725962956746427,
      0.008201942443847659,
      0.006214120229085295,
      0.00466592852274576,
      0.0034714845021565745,
      0.0025594946543375666,
      0.00187017250061035,
      0.001353888193766277
    ],
    "v0_std_curve": [
      8.660765935682404e-05,
      0.00010264361878776823,
      0.00012015529474254877,
      0.00013868761050853958,
      0.0001567424854843261,
      0.0001768449412599093,
      0.0001978474869523977,
      0.00021884126715482555,
      0.00024245641326165683,
      0.0002631116670845397,
      0.00028180556219259845,
      0.0002994972265133369,
      0.00031655953583516883,
      0.00032809429741758223,
      0.0003429600259910714,
      0.00035743932559186963,
      0.00036812568743657345,
      0.0003859959376749069,
      0.0003987394032318172,
      0.0004198520933233362,
      0.0004441582920052291,
      0.0004669117995439032,
      0.0004992074756459423,
      0.0005286900710554589,
      0.0005715076932418356,
      0.000610966025555485,
      0.0006442043085029105,
      0.0006737165113899693,
      0.0006944175718192829,
      0.000712003125346255,
      0.0007200312828348808,
      0.0007185781288680565,
      0.0007022105636700877,
      0.0006713471713724675,
      0.0006333414999012507,
      0.0006009472082077961,
      0.0005709987341993157,
      0.0005320694601279398,
      0.0004997513943546555,
      0.0004718596635450738,
      0.00044392534275936545,
      0.0004219233323146861,
      0.00040595824293646006,
      0.0003926495299309248,
      0.0003741647858101499,
      0.0003650612718067272,
      0.0003462415759551296,
      0.00033212090743640877,
      0.0003149296702182007,
      0.00029832179827162105,
      0.0002810868246720795,
      0.0002615038246370893,
      0.00024108845144016371,
      0.00021966614882746227,
      0.0002000350198085931,
      0.00017794277865807096,
      0.00015876480775675817,
      0.0001392127651426429,
      0.00012007542153939254,
      0.00010225313129415342,
      8.651157522636189e-05
    ]
  },
  "thresholds": {
    "n_nu": 61,
    "nu_max": 3.0,
    "nu_min": -3.0,
    "nus": [
      -3.0,
      -2.9,
      -2.8,
      -2.7,
      -2.6,
      -2.5,
      -2.4,
      -2.3,
      -2.2,
      -2.1,
      -2.0,
      -1.9,
      -1.7999999999999998,
      -1.7,
      -1.5999999999999999,
      -1.5,
      -1.4,
      -1.2999999999999998,
      -1.2,
      -1.0999999999999999,
      -1.0,
      -0.8999999999999999,
      -0.7999999999999998,
      -0.6999999999999997,
      -0.5999999999999996,
      -0.5,
      -0.3999999999999999,
      -0.2999999999999998,
      -0.19999999999999973,
      -0.09999999999999964,
      0.0,
      0.10000000000000009,
      0.20000000000000018,
      0.30000000000000027,
      0.40000000000000036,
      0.5,
      0.6000000000000001,
      0.7000000000000002,
      0.8000000000000003,
      0.9000000000000004,
      1.0,
      1.1000000000000005,
      1.2000000000000002,
      1.2999999999999998,
      1.4000000000000004,
      1.5,
      1.6000000000000005,
      1.7000000000000002,
      1.8000000000000007,
      1.9000000000000004,
      2.0,
      2.1000000000000005,
      2.2,
      2.3000000000000007,
      2.4000000000000004,
      2.5,
      2.6000000000000005,
      2.7,
      2.8000000000000007,
      2.9000000000000004,
      3.0
    ]
  }
}