{
  "diagnostics": {
    "imag_frac_nonzero_eps1e-12": 0.9922178988326849,
    "imag_max_abs": 0.0009830244645753544
  },
  "hint": "Topology v0: compare observed excursion-set area fraction curve V0(nu) against phase-randomized surrogates (preserve |a_lm|, randomize phases). Statistic D is L2 distance to surrogate-mean curve. High D => more non-null morphology.",
  "kind": "planck_pr3_lensing_phi_topology_area_fraction_v0",
  "lmax": 256,
  "metric": "V0 area-fraction curve (excursion sets) + L2 distance",
  "n_sims": 2000,
  "nside": 256,
  "observed": {
    "D_L2": 3.6034021653482764e-06,
    "map_mean": 8.565819527389258e-09,
    "map_std": 0.019479961105190156,
    "v0_curve": [
      0.9986915588378906,
      0.9981880187988281,
      0.9975191752115885,
      0.9965896606445312,
      0.9954516092936198,
      0.9937973022460938,
      0.9918746948242188,
      0.9893506368001302,
      0.986242930094401,
      0.982330322265625,
      0.9774907430013021,
      0.9714978535970052,
      0.9641253153483073,
      0.9554735819498698,
      0.9450887044270834,
      0.9331143697102865,
      0.9194056193033854,
      0.9031829833984375,
      0.8848686218261719,
      0.8641471862792969,
      0.8413963317871094,
      0.8156140645345052,
      0.7875582377115885,
      0.7575467427571615,
      0.7252845764160156,
      0.6907246907552084,
      0.655053456624349,
      0.6177012125651041,
      0.5790456136067709,
      0.5398826599121094,
      0.5001220703125,
      0.4605763753255208,
      0.4209734598795573,
      0.3823598225911458,
      0.34476979573567706,
      0.30863316853841144,
      0.27416102091471356,
      0.24223709106445312,
      0.21205520629882812,
      0.18428421020507812,
      0.15904998779296875,
      0.13617960611979166,
      0.11553955078125,
      0.09708404541015625,
      0.08071390787760417,
      0.06642659505208333,
      0.05446624755859375,
      0.044291178385416664,
      0.035641988118489586,
      0.028540293375651043,
      0.022563934326171875,
      0.017696380615234375,
      0.013769785563151041,
      0.0106353759765625,
      0.008238474527994791,
      0.006238301595052083,
      0.004671732584635417,
      0.0034879048665364585,
      0.00257110595703125,
      0.0018564860026041667,
      0.0013440450032552083
    ]
  },
  "p_high": 0.8515742128935532,
  "p_low": 0.1489255372313843,
  "p_two_sided": 0.2978510744627686,
  "provenance": {
    "dat_url": "LCDM_PHI_FORWARD_CAMB",
    "mf_url": "MF_ZERO"
  },
  "seed": 1211,
  "surrogate": {
    "D_mean": 1.0490788087923042e-05,
    "D_std": 8.135492190120751e-06,
    "v0_mean_curve": [
      0.9986525211334218,
      0.9981380526224763,
      0.9974495016733814,
      0.9965380713144939,
      0.995346195856731,
      0.9937986443837482,
      0.9918113829294846,
      0.989287357966106,
      0.9861104011535645,
      0.9821489156087233,
      0.9772640762329095,
      0.9712962837219232,
      0.9640804697672501,
      0.9554397977193183,
      0.9452059434254957,
      0.9331980457305897,
      0.9192443701426186,
      0.9031984831492101,
      0.884926286061604,
      0.8643273741404228,
      0.8413356030782064,
      0.8159228267669697,
      0.7881226088205963,
      0.7580180981953945,
      0.7257329972585037,
      0.6914493751525895,
      0.6554010798136406,
      0.6178880926767975,
      0.5792307701110827,
      0.5397952620188393,
      0.499962863286336,
      0.46014608955383257,
      0.4207150160471598,
      0.3820737088521325,
      0.3445716400146489,
      0.3085324885050454,
      0.2742507146199546,
      0.24197419420878147,
      0.21187044207255037,
      0.1840789667765299,
      0.158676752726237,
      0.13568983459472633,
      0.11509172439575222,
      0.09682153447469061,
      0.08077328236897775,
      0.06681769243876139,
      0.05480680211385094,
      0.044574534734090156,
      0.03594023704528808,
      0.02872247250874836,
      0.022754402796427344,
      0.017866359710693367,
      0.013904993693033864,
      0.010726017634073893,
      0.0081984011332194,
      0.0062087465922037776,
      0.004659737904866535,
      0.00346604919433594,
      0.0025535202026367226,
      0.0018646774291992203,
      0.0013491299947102865
    ],
    "v0_std_curve": [
      8.360740100399291e-05,
      9.903007372993323e-05,
      0.00011686881598824142,
      0.00013474361400401828,
      0.00015381651672859476,
      0.00017517670584920293,
      0.00019579030854485925,
      0.0002163057576244666,
      0.000235314471612013,
      0.0002555306507402867,
      0.00027748278440239873,
      0.0002954644696824055,
      0.000311741620038073,
      0.0003282990856603266,
      0.0003416528511416032,
      0.000352047344166675,
      0.000366905153429219,
      0.00038086591244601293,
      0.0003956867705763386,
      0.0004178200908467183,
      0.00043854009244960853,
      0.00046767708319892903,
      0.0005010712818293023,
      0.0005333341913622022,
      0.0005726438266966714,
      0.0006054502667054361,
      0.0006344902609900785,
      0.0006584522583360443,
      0.0006768582096281301,
      0.0006934379705429466,
      0.000703633988763819,
      0.0007046398926754591,
      0.0006952024608718216,
      0.0006723235958223895,
      0.0006513470143292588,
      0.0006167012947938802,
      0.0005781415316766042,
      0.0005295350249779535,
      0.000492678283119336,
      0.00046836556938781575,
      0.00043377609434063825,
      0.000406924001113725,
      0.00039221536453386193,
      0.0003721253630180483,
      0.000357074600892066,
      0.00035192986774041957,
      0.00034498715253786596,
      0.00033984251091328404,
      0.00032117008429373434,
      0.00030506534683690607,
      0.0002875463656600478,
      0.0002680126215403873,
      0.00024855565634217323,
      0.00022389261555736677,
      0.00020329564992991987,
      0.00017964062153845892,
      0.0001577922011366731,
      0.00013577965733677034,
      0.000115964647364026,
      9.965823018376162e-05,
      8.497228796675546e-05
    ]
  },
  "thresholds": {
    "n_nu": 61,
    "nu_max": 3.0,
    "nu_min": -3.0,
    "nus": [
      -3.0,
      -2.9,
      -2.8,
      -2.7,
      -2.6,
      -2.5,
      -2.4,
      -2.3,
      -2.2,
      -2.1,
      -2.0,
      -1.9,
      -1.7999999999999998,
      -1.7,
      -1.5999999999999999,
      -1.5,
      -1.4,
      -1.2999999999999998,
      -1.2,
      -1.0999999999999999,
      -1.0,
      -0.8999999999999999,
      -0.7999999999999998,
      -0.6999999999999997,
      -0.5999999999999996,
      -0.5,
      -0.3999999999999999,
      -0.2999999999999998,
      -0.19999999999999973,
      -0.09999999999999964,
      0.0,
      0.10000000000000009,
      0.20000000000000018,
      0.30000000000000027,
      0.40000000000000036,
      0.5,
      0.6000000000000001,
      0.7000000000000002,
      0.8000000000000003,
      0.9000000000000004,
      1.0,
      1.1000000000000005,
      1.2000000000000002,
      1.2999999999999998,
      1.4000000000000004,
      1.5,
      1.6000000000000005,
      1.7000000000000002,
      1.8000000000000007,
      1.9000000000000004,
      2.0,
      2.1000000000000005,
      2.2,
      2.3000000000000007,
      2.4000000000000004,
      2.5,
      2.6000000000000005,
      2.7,
      2.8000000000000007,
      2.9000000000000004,
      3.0
    ]
  }
}