{
  "diagnostics": {
    "imag_frac_nonzero_eps1e-12": 0.9922178988326849,
    "imag_max_abs": 0.0008637533527770629
  },
  "hint": "Topology v0: compare observed excursion-set area fraction curve V0(nu) against phase-randomized surrogates (preserve |a_lm|, randomize phases). Statistic D is L2 distance to surrogate-mean curve. High D => more non-null morphology.",
  "kind": "planck_pr3_lensing_phi_topology_area_fraction_v0",
  "lmax": 256,
  "metric": "V0 area-fraction curve (excursion sets) + L2 distance",
  "n_sims": 2000,
  "nside": 256,
  "observed": {
    "D_L2": 2.721939275222321e-06,
    "map_mean": -1.1675740409723015e-08,
    "map_std": 0.01938535184306226,
    "v0_curve": [
      0.9986305236816406,
      0.9980850219726562,
      0.9974047342936198,
      0.9964739481608073,
      0.9952799479166666,
      0.9936561584472656,
      0.9917322794596354,
      0.9892056783040365,
      0.9860254923502604,
      0.9820899963378906,
      0.9772288004557291,
      0.9714202880859375,
      0.9643122355143229,
      0.9556846618652344,
      0.9454371134440104,
      0.9335912068684896,
      0.9197273254394531,
      0.9036509195963541,
      0.8853734334309896,
      0.8648783365885416,
      0.8414268493652344,
      0.8160374959309896,
      0.787756601969401,
      0.7577654520670573,
      0.7254358927408854,
      0.6914075215657552,
      0.6555201212565104,
      0.617822011311849,
      0.578881581624349,
      0.5398445129394531,
      0.5001487731933594,
      0.46019236246744794,
      0.42067209879557294,
      0.3818702697753906,
      0.34444936116536456,
      0.30840810139973956,
      0.2739054361979167,
      0.24154281616210938,
      0.21129608154296875,
      0.18389129638671875,
      0.15857823689778647,
      0.1355565388997396,
      0.11499913533528645,
      0.09684244791666667,
      0.0809160868326823,
      0.06691996256510417,
      0.054875691731770836,
      0.04451878865559896,
      0.035976409912109375,
      0.028783162434895832,
      0.022759755452473957,
      0.017870585123697918,
      0.013942718505859375,
      0.010781606038411459,
      0.008267720540364584,
      0.006299336751302083,
      0.004796346028645833,
      0.0035756429036458335,
      0.0026372273763020835,
      0.0019620259602864585,
      0.0013885498046875
    ]
  },
  "p_high": 0.9280359820089955,
  "p_low": 0.07246376811594203,
  "p_two_sided": 0.14492753623188406,
  "provenance": {
    "dat_url": "LCDM_PHI_FORWARD_CAMB",
    "mf_url": "MF_ZERO"
  },
  "seed": 1201,
  "surrogate": {
    "D_mean": 1.048703611206818e-05,
    "D_std": 8.33322523615632e-06,
    "v0_mean_curve": [
      0.9986482995351167,
      0.9981325441996263,
      0.997442528406779,
      0.996530209859213,
      0.9953348128000888,
      0.9937866268157952,
      0.9917998085021983,
      0.989273139953612,
      0.9860968074798593,
      0.9821345202128089,
      0.9772497692108155,
      0.9712840035756419,
      0.964070168177287,
      0.9554338099161783,
      0.9452016830444341,
      0.9331923478444423,
      0.919242287317912,
      0.90320518175761,
      0.8849382820129393,
      0.8643445447285972,
      0.8413584715525297,
      0.815948368708291,
      0.7881535847981782,
      0.7580485382080074,
      0.7257535794576011,
      0.6914631964365625,
      0.655420017242431,
      0.6179033667246492,
      0.5792519315083824,
      0.5398221708933523,
      0.49998368771870944,
      0.4601570288340247,
      0.4207233200073243,
      0.38208086649576806,
      0.34457895215352297,
      0.30853951835632315,
      0.2742569255828867,
      0.24196866925557406,
      0.21185966873168932,
      0.18406543604532935,
      0.15866052627563504,
      0.13566774177551263,
      0.1150721721649171,
      0.09680506960550934,
      0.0807626711527506,
      0.06680643781026199,
      0.05479845364888516,
      0.04456288337707518,
      0.03593230438232416,
      0.02871764246622722,
      0.022750737508138063,
      0.0178633975982666,
      0.013900496164957678,
      0.010720984141031915,
      0.008195865631103525,
      0.006207341512044283,
      0.004660390218098959,
      0.0034658934275309233,
      0.0025536429087320944,
      0.0018645496368408215,
      0.0013494218190511075
    ],
    "v0_std_curve": [
      8.568644286296758e-05,
      0.00010078470579906607,
      0.00011792641591651761,
      0.0001362277615966785,
      0.00015515896501204417,
      0.00017591516315612415,
      0.00019829267763476086,
      0.00022001271730908684,
      0.0002439582057953053,
      0.00026489604681329205,
      0.00028568474309897615,
      0.00030115612574304745,
      0.00031891386612584356,
      0.00033542254513817954,
      0.00034833167216625235,
      0.00035612668042018305,
      0.00036674776980079646,
      0.0003797533462428969,
      0.0003919775406143761,
      0.00041641978219099433,
      0.00043855758944428744,
      0.00046391435119057164,
      0.0004955868531600167,
      0.0005338532573445861,
      0.000571583490454944,
      0.0006075719764354653,
      0.000643359127070804,
      0.0006693779236574099,
      0.000692432180768652,
      0.0007058275224130764,
      0.000704215783066677,
      0.000699029964421291,
      0.0006895963526937973,
      0.0006640187085282524,
      0.0006362721857588471,
      0.000609573810804011,
      0.0005711996899732689,
      0.0005308355216054029,
      0.00049713485148976,
      0.00045655352010068214,
      0.0004294281894273837,
      0.0004133806576786108,
      0.0003908031383283074,
      0.0003713754241550589,
      0.0003666821026880615,
      0.00035554715115140764,
      0.00034396760978854326,
      0.00032913493806332827,
      0.00031527754185439196,
      0.00029616924426393123,
      0.00028049665487203353,
      0.0002620861036835798,
      0.00024186767518272401,
      0.0002185327182845407,
      0.00019656546941132722,
      0.000173313230491871,
      0.00015261245592561212,
      0.00013313049303065192,
      0.00011610049766993853,
      0.0001000692401686375,
      8.560852341156822e-05
    ]
  },
  "thresholds": {
    "n_nu": 61,
    "nu_max": 3.0,
    "nu_min": -3.0,
    "nus": [
      -3.0,
      -2.9,
      -2.8,
      -2.7,
      -2.6,
      -2.5,
      -2.4,
      -2.3,
      -2.2,
      -2.1,
      -2.0,
      -1.9,
      -1.7999999999999998,
      -1.7,
      -1.5999999999999999,
      -1.5,
      -1.4,
      -1.2999999999999998,
      -1.2,
      -1.0999999999999999,
      -1.0,
      -0.8999999999999999,
      -0.7999999999999998,
      -0.6999999999999997,
      -0.5999999999999996,
      -0.5,
      -0.3999999999999999,
      -0.2999999999999998,
      -0.19999999999999973,
      -0.09999999999999964,
      0.0,
      0.10000000000000009,
      0.20000000000000018,
      0.30000000000000027,
      0.40000000000000036,
      0.5,
      0.6000000000000001,
      0.7000000000000002,
      0.8000000000000003,
      0.9000000000000004,
      1.0,
      1.1000000000000005,
      1.2000000000000002,
      1.2999999999999998,
      1.4000000000000004,
      1.5,
      1.6000000000000005,
      1.7000000000000002,
      1.8000000000000007,
      1.9000000000000004,
      2.0,
      2.1000000000000005,
      2.2,
      2.3000000000000007,
      2.4000000000000004,
      2.5,
      2.6000000000000005,
      2.7,
      2.8000000000000007,
      2.9000000000000004,
      3.0
    ]
  }
}