{
  "diagnostics": {
    "excess_kurt_x_obs": 0.04671817392968647,
    "imag_frac_nonzero_eps1e-12": 0.9846153846153847,
    "imag_max_abs": 0.03646372089418304,
    "skew_x_obs": 0.19629917470501432,
    "v1_delta_bandwidth_dnu": 0.10000000000000009,
    "v1_symmetry_corr": 0.997752726425187,
    "verify_l2_from_curves": {
      "D0_match": true,
      "D0_recomputed": 0.021816560670947106,
      "D0_reported": 0.021816560670947106,
      "D1_match": true,
      "D1_recomputed": 28.07120993165004,
      "D1_reported": 28.07120993165004,
      "tol_abs": 1e-12,
      "tol_rel": 1e-10,
      "verify_dnu": 0.10000000000000009
    }
  },
  "hint": "This script compares observed morphology against phase-randomized surrogates that preserve |a_lm|. V0(nu) is excursion-set area fraction; V1(nu) is a perimeter proxy estimated from |\u2207x| in a nu-band. Distances D0 and D1 are L2 distances (sqrt(sum((a-b)^2)*dnu)) to surrogate-mean curves. D_mf combines them as sqrt(D0^2 + D1^2). Z_mf is the scale-free combined z-distance.",
  "kind": "planck_pr3_lensing_phi_topology_mf_v0_v1",
  "lmax": 128,
  "metric": "Minkowski-style morphology: V0(area) + V1(perimeter proxy) vs phase-random surrogates",
  "n_sims": 2000,
  "nside": 256,
  "observed": {
    "D0_L2": 0.021816560670947106,
    "D0_sum_sq_legacy": 0.004759623195091155,
    "D1_L2": 28.07120993165004,
    "D1_sum_sq_legacy": 7879.928270267671,
    "D_mf": 28.071218409415135,
    "Z0": 1.2252260577158272,
    "Z1": 0.9490469714980605,
    "Z_mf": 1.5497964532852395,
    "map_mean": -2.3293402670396487e-09,
    "map_std": 0.035102632587597535,
    "v0_curve": [
      0.999457041422526,
      0.9991200764973959,
      0.9986699422200521,
      0.9980481465657552,
      0.9971771240234375,
      0.9959157307942709,
      0.9942372639973959,
      0.992150624593099,
      0.9895515441894531,
      0.9861424763997396,
      0.9819119771321615,
      0.976739247639974,
      0.9700508117675781,
      0.9620793660481771,
      0.952362060546875,
      0.9407946268717448,
      0.9268900553385416,
      0.9104817708333334,
      0.8913981119791666,
      0.8698501586914062,
      0.8456090291341146,
      0.8184738159179688,
      0.7883682250976562,
      0.755530039469401,
      0.7202072143554688,
      0.6832898457845052,
      0.6451924641927084,
      0.6055259704589844,
      0.5649223327636719,
      0.5238444010416666,
      0.48290379842122394,
      0.4427757263183594,
      0.4035682678222656,
      0.3657582600911458,
      0.32961400349934894,
      0.2952995300292969,
      0.26345570882161456,
      0.2334747314453125,
      0.20597330729166666,
      0.18049494425455728,
      0.15762837727864584,
      0.13737996419270834,
      0.1191253662109375,
      0.10290018717447917,
      0.08841705322265625,
      0.07538223266601562,
      0.06387964884440105,
      0.05355072021484375,
      0.04420344034830729,
      0.03620020548502604,
      0.029452006022135418,
      0.023938496907552082,
      0.019256591796875,
      0.01537322998046875,
      0.012042999267578125,
      0.009237925211588541,
      0.007143656412760417,
      0.005312601725260417,
      0.003925323486328125,
      0.002803802490234375,
      0.001995086669921875
    ],
    "v1_curve": [
      1.760013085015468,
      2.623028399512016,
      3.8366229456207708,
      4.885090112494364,
      7.431952168513421,
      10.001252448654336,
      13.26605745715184,
      16.427235703402914,
      20.76411425538505,
      27.604753105124377,
      33.93243017986198,
      41.532271028094115,
      52.097444263958835,
      62.84020764589526,
      76.93314500605602,
      91.09800429681725,
      106.92435851457363,
      125.92318489632079,
      146.2078497917033,
      168.93621004134053,
      185.276058918702,
      210.86139772203907,
      231.24147915773156,
      259.24255512473127,
      273.9448939621528,
      289.92377020870805,
      308.28749335157687,
      325.9419496984578,
      328.66712724607765,
      338.10813634752384,
      334.4071980428654,
      327.5635225272629,
      316.55709602629895,
      312.337480507939,
      291.0674749177477,
      270.65907933370147,
      248.71842226983782,
      229.35235796752715,
      205.58843061582468,
      186.92688671056422,
      163.80574555074182,
      146.27804381268055,
      127.32501481030314,
      113.2915757483683,
      100.74187281671291,
      88.63287837657109,
      76.36624101762432,
      67.14339030800835,
      59.50111874604185,
      48.37940604068293,
      41.611294781480815,
      35.287078963576356,
      29.508288032787483,
      24.003791125845687,
      21.226516015499882,
      16.323825842681938,
      13.493178367626705,
      10.671976795725683,
      8.490529586117615,
      6.030107381515318,
      5.018425314987715
    ]
  },
  "p_high": 0.11644177911044477,
  "p_high_mf": 0.17091454272863568,
  "p_low": 0.8840579710144928,
  "p_low_mf": 0.8295852073963018,
  "p_two_sided": 0.23288355822088955,
  "p_two_sided_mf": 0.34182908545727136,
  "provenance": {
    "dat_url": "GAUSSIAN_CONTROL_FROM: https://github.com/gradient-pulse/phi-mesh/releases/download/data-2026-02-15-planck-lensing-R3/planck_pr3_lensing_mv_dat_klm.fits",
    "mf_url": "GAUSSIAN_CONTROL_MF_ZERO_FROM: https://github.com/gradient-pulse/phi-mesh/releases/download/data-2026-02-15-planck-lensing-R3/planck_pr3_lensing_mv_mf_klm.fits"
  },
  "seed": 731,
  "surrogate": {
    "D0_mean": 0.013452290441717021,
    "D0_std": 0.0068267159162640435,
    "D1_mean": 20.04456096280698,
    "D1_std": 8.457588728377774,
    "D_mf_mean": 20.04456571874672,
    "D_mf_std": 8.457590909959473,
    "v0_mean_curve": [
      0.9988197561899821,
      0.9983223730723056,
      0.9976464290618894,
      0.996737831751505,
      0.9955334059397366,
      0.9939547297159832,
      0.991912935256958,
      0.989311169942218,
      0.986025613784791,
      0.9819315331776932,
      0.9768852647145583,
      0.9707373987833661,
      0.9633217347462965,
      0.9544771601359041,
      0.9440369695027667,
      0.9318354187011723,
      0.9177316576639807,
      0.9015706799825034,
      0.8832356694539388,
      0.8626456235249833,
      0.8397419738769525,
      0.8145043099721265,
      0.7869569079081216,
      0.7571541722615565,
      0.7252297318776437,
      0.6913349145253486,
      0.6557178967793775,
      0.6186342849731437,
      0.5803787619272877,
      0.5413192049662269,
      0.5018174851735437,
      0.462257272084554,
      0.4230076688130691,
      0.3844630565643306,
      0.34698798370361356,
      0.310902919769287,
      0.27649726359049487,
      0.24403455988566086,
      0.21368893686930324,
      0.18561836242675775,
      0.1599099642435709,
      0.13659201939900703,
      0.11567250951131207,
      0.09709665616353359,
      0.08076334381103516,
      0.06655806732177734,
      0.05432938194274899,
      0.043911137898763115,
      0.035139158884684274,
      0.027835128784179704,
      0.021816216786702498,
      0.016913144429524726,
      0.012969992319742848,
      0.009830247879028324,
      0.007363179524739594,
      0.0054508069356282544,
      0.003984077453613279,
      0.002877333958943682,
      0.002052539825439454,
      0.0014454898834228508,
      0.001005407333374023
    ],