{
  "diagnostics": {
    "excess_kurt_x_obs": -0.2296222692338339,
    "imag_frac_nonzero_eps1e-12": 0.9846153846153847,
    "imag_max_abs": 0.03849169733389931,
    "skew_x_obs": 0.026341472419092654,
    "v1_delta_bandwidth_dnu": 0.10000000000000009,
    "v1_symmetry_corr": 0.9928266915869625,
    "verify_l2_from_curves": {
      "D0_match": true,
      "D0_recomputed": 0.01587829006387474,
      "D0_reported": 0.01587829006387474,
      "D1_match": true,
      "D1_recomputed": 20.86379903083497,
      "D1_reported": 20.86379903083497,
      "tol_abs": 1e-12,
      "tol_rel": 1e-10,
      "verify_dnu": 0.10000000000000009
    }
  },
  "hint": "This script compares observed morphology against phase-randomized surrogates that preserve |a_lm|. V0(nu) is excursion-set area fraction; V1(nu) is a perimeter proxy estimated from |\u2207x| in a nu-band. Distances D0 and D1 are L2 distances (sqrt(sum((a-b)^2)*dnu)) to surrogate-mean curves. D_mf combines them as sqrt(D0^2 + D1^2). Z_mf is the scale-free combined z-distance.",
  "kind": "planck_pr3_lensing_phi_topology_mf_v0_v1",
  "lmax": 128,
  "metric": "Minkowski-style morphology: V0(area) + V1(perimeter proxy) vs phase-random surrogates",
  "n_sims": 2000,
  "nside": 256,
  "observed": {
    "D0_L2": 0.01587829006387474,
    "D0_sum_sq_legacy": 0.0025212009535254304,
    "D1_L2": 20.86379903083497,
    "D1_sum_sq_legacy": 4352.981099990698,
    "D_mf": 20.863805072880773,
    "Z0": -0.4295224857521866,
    "Z1": -0.3931445252304008,
    "Z_mf": 0.582281876315393,
    "map_mean": 2.4342499042237047e-08,
    "map_std": 0.03858453146871708,
    "v0_curve": [
      0.9990526835123698,
      0.9986483256022135,
      0.998138427734375,
      0.9973322550455729,
      0.9962183634440104,
      0.9947636922200521,
      0.9929593404134115,
      0.9906539916992188,
      0.9878082275390625,
      0.984124501546224,
      0.9797019958496094,
      0.9741096496582031,
      0.9671351114908854,
      0.9586308797200521,
      0.948523203531901,
      0.9362564086914062,
      0.9219474792480469,
      0.9053866068522135,
      0.886236826578776,
      0.8646392822265625,
      0.8400917053222656,
      0.812903086344401,
      0.7832489013671875,
      0.7512779235839844,
      0.7177289326985677,
      0.6818834940592448,
      0.6443010965983073,
      0.606103261311849,
      0.5676091512044271,
      0.528717041015625,
      0.4901885986328125,
      0.4525705973307292,
      0.41552098592122394,
      0.37938817342122394,
      0.3450279235839844,
      0.31177012125651044,
      0.28027979532877606,
      0.25002415974934894,
      0.22090276082356772,
      0.1936925252278646,
      0.1683502197265625,
      0.144805908203125,
      0.12356313069661458,
      0.10454050699869792,
      0.08705520629882812,
      0.07171376546223958,
      0.058319091796875,
      0.046765645345052086,
      0.03701909383138021,
      0.0286102294921875,
      0.02169036865234375,
      0.0162353515625,
      0.0118408203125,
      0.008402506510416666,
      0.005771636962890625,
      0.0039037068684895835,
      0.0025622049967447915,
      0.0016797383626302083,
      0.0010999043782552083,
      0.0007184346516927084,
      0.0004628499348958333
    ],
    "v1_curve": [
      2.593576146792538,
      3.1462086749456772,
      4.301643988842503,
      6.030234740655462,
      8.392261150289354,
      11.244426721962462,
      13.55203107874409,
      17.67742007350193,
      21.436498440072526,
      26.444047355190854,
      35.3226677083597,
      42.46976978913275,
      58.344862758492695,
      70.26675216174633,
      89.51622953648923,
      107.5767687510712,
      122.65685990503279,
      141.80096217966704,
      158.69754288848728,
      183.99429569902392,
      201.3671449085848,
      216.93655539941918,
      239.1580980215187,
      250.6911201283598,
      261.61367182720477,
      272.97111038622256,
      280.6967538716402,
      280.9955359401629,
      281.0988207993301,
      277.21258750401233,
      268.487076561193,
      263.24292240082445,
      258.7288463420145,
      245.10640119414686,
      234.61941399841248,
      218.32332322431165,
      208.13877472355196,
      194.83527309974133,
      181.76001687620794,
      170.19899974865334,
      156.38549957601742,
      141.76619514680826,
      126.86842472916982,
      116.41733273141364,
      102.19497260297784,
      90.65942609585922,
      79.21191213501372,
      66.99497147538526,
      58.54910156275707,
      47.323288657071956,
      39.49126977738154,
      30.11682662694158,
      23.691364399898497,
      18.061074224025198,
      13.024248984214504,
      9.223033565954143,
      6.428374089603587,
      4.521594167781366,
      2.843589967391997,
      1.9309047401070034,
      1.2149458369445396
    ]
  },
  "p_high": 0.6201899050474763,
  "p_high_mf": 0.5962018990504747,
  "p_low": 0.3803098450774613,
  "p_low_mf": 0.40429785107446276,
  "p_two_sided": 0.7606196901549226,
  "p_two_sided_mf": 0.8085957021489255,
  "provenance": {
    "dat_url": "GAUSSIAN_CONTROL_FROM: https://github.com/gradient-pulse/phi-mesh/releases/download/data-2026-02-15-planck-lensing-R3/planck_pr3_lensing_mv_dat_klm.fits",
    "mf_url": "GAUSSIAN_CONTROL_MF_ZERO_FROM: https://github.com/gradient-pulse/phi-mesh/releases/download/data-2026-02-15-planck-lensing-R3/planck_pr3_lensing_mv_mf_klm.fits"
  },
  "seed": 731,
  "surrogate": {
    "D0_mean": 0.020364886990442612,
    "D0_std": 0.010445546101529176,
    "D1_mean": 25.379359045164826,
    "D1_std": 11.485750721527996,
    "D_mf_mean": 25.379367497172993,
    "D_mf_std": 11.485754849152022,
    "v0_mean_curve": [
      0.9993235753377273,
      0.9989628785451273,
      0.9984388942718508,
      0.9976951014200847,
      0.9966550451914454,
      0.9952305514017757,
      0.9933152929941833,
      0.9907830282847081,
      0.9874975757598877,
      0.9833017724355052,
      0.9780277938842763,
      0.9715051962534573,
      0.9635548610687243,
      0.9540150210062663,
      0.9427271213531486,
      0.9295562534332279,
      0.9143992608388261,
      0.8971643409729001,
      0.8778118419647205,
      0.856313205718995,
      0.8327071024576828,
      0.8070397218068437,
      0.7793993879954036,
      0.7498981043497719,
      0.7186875890096022,
      0.6859234212239583,
      0.6517747192382808,
      0.6164460302988697,
      0.5801706517537436,
      0.543173829396566,
      0.5056947148640951,
      0.46801080004374196,
      0.43039721298217715,
      0.39312456576029486,
      0.35648767407735105,
      0.32077530161539713,
      0.2862717291514079,
      0.25325608634948743,
      0.22197774378458632,
      0.19265732701619478,
      0.16549557367960607,
      0.1406239973704023,
      0.118144743601481,
      0.09808393287658673,
      0.08042460823059089,
      0.06508459726969411,
      0.051968532562255865,
      0.0409200871785482,
      0.0317650655110677,
      0.02429644838968913,
      0.018301509857177732,
      0.013573432922363262,
      0.009905752817789715,
      0.007111205418904621,
      0.005020650863647467,
      0.0034828491210937484,
      0.002373309453328451,
      0.0015878213246663404,
      0.0010432516733805337,
      0.0006736272176106782,
      0.0004270464579264319
    ],