{
  "diagnostics": {
    "excess_kurt_x_obs": -0.025699019193974326,
    "imag_frac_nonzero_eps1e-12": 0.9937888198757764,
    "imag_max_abs": 0.014195640499998833,
    "skew_x_obs": 0.0311477094907943,
    "v1_delta_bandwidth_dnu": 0.10000000000000009,
    "v1_symmetry_corr": 0.9941398591490385,
    "verify_l2_from_curves": {
      "D0_match": true,
      "D0_recomputed": 0.0027240880504666933,
      "D0_reported": 0.0027240880504666933,
      "D1_match": true,
      "D1_recomputed": 20.188061572107106,
      "D1_reported": 20.188061572107106,
      "tol_abs": 1e-12,
      "tol_rel": 1e-10,
      "verify_dnu": 0.10000000000000009
    }
  },
  "hint": "This script compares observed morphology against phase-randomized surrogates that preserve |a_lm|. V0(nu) is excursion-set area fraction; V1(nu) is a perimeter proxy estimated from |\u2207x| in a nu-band. Distances D0 and D1 are L2 distances (sqrt(sum((a-b)^2)*dnu)) to surrogate-mean curves. D_mf combines them as sqrt(D0^2 + D1^2). Z_mf is the scale-free combined z-distance.",
  "kind": "planck_pr3_lensing_phi_topology_mf_v0_v1",
  "lmax": 320,
  "metric": "Minkowski-style morphology: V0(area) + V1(perimeter proxy) vs phase-random surrogates",
  "n_sims": 2000,
  "nside": 256,
  "observed": {
    "D0_L2": 0.0027240880504666933,
    "D0_sum_sq_legacy": 7.420655706695424e-05,
    "D1_L2": 20.188061572107106,
    "D1_sum_sq_legacy": 4075.5783003918727,
    "D_mf": 20.188061755895323,
    "Z0": 2.3071887432216065,
    "Z1": 0.1467745550283249,
    "Z_mf": 2.31185264817035,
    "map_mean": -1.2987670059208534e-08,
    "map_std": 0.06284578455357202,
    "v0_curve": [
      0.9988810221354166,
      0.9984156290690104,
      0.9978065490722656,
      0.9969940185546875,
      0.9958521525065104,
      0.9944305419921875,
      0.9924672444661459,
      0.9900538126627604,
      0.9869435628255209,
      0.9831619262695312,
      0.9783401489257812,
      0.9724693298339844,
      0.9652926127115885,
      0.9565594991048177,
      0.9459991455078125,
      0.9337972005208334,
      0.9196637471516927,
      0.903472900390625,
      0.88482666015625,
      0.8642654418945312,
      0.8410313924153646,
      0.8153050740559896,
      0.7869415283203125,
      0.7564913431803385,
      0.7238642374674479,
      0.6893157958984375,
      0.6532249450683594,
      0.6156832377115885,
      0.5770963033040365,
      0.5373128255208334,
      0.4977620442708333,
      0.45835113525390625,
      0.41894785563151044,
      0.3806724548339844,
      0.3435503641764323,
      0.3079846700032552,
      0.2739003499348958,
      0.24176152547200522,
      0.21208063761393228,
      0.18446985880533853,
      0.1592280069986979,
      0.13630167643229166,
      0.11614481608072917,
      0.09776560465494792,
      0.08171335856119792,
      0.06768035888671875,
      0.055675506591796875,
      0.04552459716796875,
      0.03657658894856771,
      0.029462178548177082,
      0.023410797119140625,
      0.018442789713541668,
      0.014434814453125,
      0.011231740315755209,
      0.008677164713541666,
      0.006526947021484375,
      0.005002339680989583,
      0.0037943522135416665,
      0.002811431884765625,
      0.00208282470703125,
      0.001506805419921875
    ],
    "v1_curve": [
      13.992637270529148,
      18.966707643243407,
      27.038391372365055,
      35.4182592539788,
      46.52496139340558,
      62.580805782910915,
      81.11539337676638,
      103.14669063424911,
      124.49996683190294,
      155.06686193299632,
      186.8171781877787,
      241.8688992075554,
      300.50079982189584,
      357.3724129138667,
      402.5139795636824,
      467.8657664181179,
      514.2619269315617,
      612.5909232597812,
      686.452583469535,
      771.311713739566,
      834.0431299352616,
      920.033919029316,
      980.3193398050929,
      1055.0919171968112,
      1099.5261538247066,
      1149.9611005953107,
      1202.2972931863585,
      1220.8719285430795,
      1229.0615346395819,
      1239.721782801713,
      1236.0724779102543,
      1235.0577326003436,
      1197.3951188120013,
      1140.821654606992,
      1093.5041680909685,
      1029.4121961188705,
      973.8241857232447,
      906.451068023239,
      823.1853897339073,
      762.1046081622399,
      692.151348359761,
      613.1316061778921,
      534.0419072260739,
      478.0186673057673,
      430.00843387462595,
      354.0956142376762,
      297.36695536509654,
      253.07682923023924,
      216.18179063330481,
      173.7490522849379,
      146.99637816581298,
      117.61927697887218,
      93.1812387181142,
      75.11863259370207,
      62.88822953966794,
      45.5783825292814,
      34.82119392472803,
      28.618356592268388,
      21.961744985317154,
      16.84761337877044,
      11.855122581354065
    ]
  },
  "p_high": 0.02848575712143928,
  "p_high_mf": 0.42278860569715143,
  "p_low": 0.9720139930034982,
  "p_low_mf": 0.5777111444277861,
  "p_two_sided": 0.05697151424287856,
  "p_two_sided_mf": 0.8455772113943029,
  "provenance": {
    "dat_url": "GAUSSIAN_CONTROL_FROM: https://github.com/gradient-pulse/phi-mesh/releases/download/data-2026-02-15-planck-lensing-R3/planck_pr3_lensing_mv_dat_klm.fits",
    "mf_url": "GAUSSIAN_CONTROL_MF_ZERO_FROM: https://github.com/gradient-pulse/phi-mesh/releases/download/data-2026-02-15-planck-lensing-R3/planck_pr3_lensing_mv_mf_klm.fits"
  },
  "seed": 731,
  "surrogate": {
    "D0_mean": 0.0012515764472726958,
    "D0_std": 0.0006382276298461301,
    "D1_mean": 19.796240218944234,
    "D1_std": 2.669545501856619,
    "D_mf_mean": 19.796240267422995,
    "D_mf_std": 2.66954551200947,
    "v0_mean_curve": [
      0.9987052809397365,
      0.998198823293051,
      0.9975181223551438,
      0.9966149692535424,
      0.9954284407297769,
      0.9938827342987053,
      0.9918943589528391,
      0.9893613452911405,
      0.9861702995300284,
      0.9821908830006925,
      0.9772795289357504,
      0.9712809626261392,
      0.9640226275126134,
      0.9553373495737711,
      0.9450467332204188,
      0.9329721972147623,
      0.9189622236887615,
      0.9028578319549558,
      0.884532793680827,
      0.8638949495951342,
      0.8408774630228674,
      0.8154615542093919,
      0.7876691996256503,
      0.7575960445404067,
      0.7253623956044539,
      0.6911561813354477,
      0.6552026615142827,
      0.6177918516794851,
      0.5792575003306067,
      0.5399486312866215,
      0.5002490062713623,
      0.4605180956522627,
      0.42117758687337203,
      0.3826040077209472,
      0.3451531200408941,
      0.3091377518971766,
      0.2748586991628016,
      0.24254825782775885,
      0.21239768282572422,
      0.1845406182607015,
      0.15906836255391438,
      0.1359989045461019,
      0.11531696383158385,
      0.0969596538543699,
      0.08083778317769354,
      0.06681145540873198,
      0.05474137624104811,
      0.04445209376017248,
      0.03578051630655924,
      0.028542404810587604,
      0.022559876124064106,
      0.01766501299540198,
      0.013706157048543293,
      0.010532595316569004,
      0.008016871770222976,
      0.00604586092631023,
      0.004514994303385414,
      0.0033397547403971324,
      0.002446849187215173,
      0.0017752157847086612,
      0.0012744305928548175
    ],