{
  "diagnostics": {
    "excess_kurt_x_obs": 0.007155162698657236,
    "imag_frac_nonzero_eps1e-12": 0.9922480620155039,
    "imag_max_abs": 0.027977773808966072,
    "skew_x_obs": 0.07636027946825551,
    "v1_delta_bandwidth_dnu": 0.10000000000000009,
    "v1_symmetry_corr": 0.9993585059446908,
    "verify_l2_from_curves": {
      "D0_match": true,
      "D0_recomputed": 0.007486673046668669,
      "D0_reported": 0.007486673046668669,
      "D1_match": true,
      "D1_recomputed": 27.831354488767282,
      "D1_reported": 27.831354488767282,
      "tol_abs": 1e-12,
      "tol_rel": 1e-10,
      "verify_dnu": 0.10000000000000009
    }
  },
  "hint": "This script compares observed morphology against phase-randomized surrogates that preserve |a_lm|. V0(nu) is excursion-set area fraction; V1(nu) is a perimeter proxy estimated from |\u2207x| in a nu-band. Distances D0 and D1 are L2 distances (sqrt(sum((a-b)^2)*dnu)) to surrogate-mean curves. D_mf combines them as sqrt(D0^2 + D1^2). Z_mf is the scale-free combined z-distance.",
  "kind": "planck_pr3_lensing_phi_topology_mf_v0_v1",
  "lmax": 256,
  "metric": "Minkowski-style morphology: V0(area) + V1(perimeter proxy) vs phase-random surrogates",
  "n_sims": 2000,
  "nside": 256,
  "observed": {
    "D0_L2": 0.007486673046668669,
    "D0_sum_sq_legacy": 0.0005605027330771508,
    "D1_L2": 27.831354488767282,
    "D1_sum_sq_legacy": 7745.842926794261,
    "D_mf": 27.831355495729994,
    "Z0": 2.346238646156117,
    "Z1": 1.9073321100799694,
    "Z_mf": 3.023698325372192,
    "map_mean": -4.432060332698722e-08,
    "map_std": 0.05044658415192153,
    "v0_curve": [
      0.998992919921875,
      0.9985198974609375,
      0.9979438781738281,
      0.9972178141276041,
      0.9961509704589844,
      0.9947980244954427,
      0.9929911295572916,
      0.9907201131184896,
      0.9878451029459635,
      0.984100341796875,
      0.9794896443684896,
      0.973669687906901,
      0.9665196736653646,
      0.9582366943359375,
      0.94793701171875,
      0.9356104532877604,
      0.9214019775390625,
      0.9051183064778646,
      0.8865038553873698,
      0.86553955078125,
      0.8418553670247396,
      0.8158480326334635,
      0.7869351704915365,
      0.755950927734375,
      0.7231038411458334,
      0.6880480448404948,
      0.6512540181477865,
      0.6130167643229166,
      0.5738385518391927,
      0.5340779622395834,
      0.4940897623697917,
      0.454345703125,
      0.41527684529622394,
      0.3768933614095052,
      0.3400077819824219,
      0.3045794169108073,
      0.2716560363769531,
      0.24004491170247397,
      0.21075057983398438,
      0.18375396728515625,
      0.15918604532877603,
      0.1364288330078125,
      0.11639022827148438,
      0.09873072306315105,
      0.08290735880533855,
      0.06907399495442708,
      0.05694707234700521,
      0.04692840576171875,
      0.03811772664388021,
      0.030895233154296875,
      0.02490234375,
      0.0198516845703125,
      0.015717824300130207,
      0.012288411458333334,
      0.009638468424479166,
      0.007413228352864583,
      0.005692799886067708,
      0.004350026448567708,
      0.0033200581868489585,
      0.0024922688802083335,
      0.001827239990234375
    ],
    "v1_curve": [
      8.104952297249309,
      10.096458397843401,
      12.52840513289492,
      17.83679543063459,
      23.599990557532273,
      32.49787912697493,
      39.91903249460042,
      54.09542336063528,
      66.41318482551807,
      82.01777882747666,
      107.89761265309112,
      132.6083375670949,
      160.2049544907854,
      191.86805868537485,
      237.19572210324253,
      278.33204338498564,
      320.6179806538029,
      371.13885296745923,
      428.7861668761302,
      487.59270172023133,
      545.5676386478665,
      605.2538926036797,
      661.532601463083,
      706.3750732002408,
      753.2542580490672,
      800.425783473116,
      842.3040517272922,
      885.7501362821163,
      903.1221606705699,
      917.7784653030526,
      928.1285946720884,
      938.6120924356281,
      912.0787429135378,
      879.7321716923009,
      855.7248306694964,
      804.8893661263309,
      771.9364804534615,
      735.8996298597051,
      677.2311488446607,
      619.6216598734321,
      568.4647541040243,
      506.6773416270804,
      465.9586283934121,
      405.4952214134191,
      354.516668335253,
      316.44337968211136,
      263.7832462242911,
      231.4319861071582,
      200.16426845484295,
      168.56690486715667,
      139.21543451210687,
      113.34853682455001,
      91.94052784407889,
      70.81443035954445,
      60.226994978446584,
      49.05833853613867,
      36.286527218397204,
      29.017599911090315,
      23.409279792678497,
      18.101480179304726,
      14.827396146335563
    ]
  },
  "p_high": 0.03248375812093953,
  "p_high_mf": 0.05247376311844078,
  "p_low": 0.968015992003998,
  "p_low_mf": 0.9480259870064968,
  "p_two_sided": 0.06496751624187906,
  "p_two_sided_mf": 0.10494752623688156,
  "provenance": {
    "dat_url": "GAUSSIAN_CONTROL_FROM: https://github.com/gradient-pulse/phi-mesh/releases/download/data-2026-02-15-planck-lensing-R3/planck_pr3_lensing_mv_dat_klm.fits",
    "mf_url": "GAUSSIAN_CONTROL_MF_ZERO_FROM: https://github.com/gradient-pulse/phi-mesh/releases/download/data-2026-02-15-planck-lensing-R3/planck_pr3_lensing_mv_mf_klm.fits"
  },
  "seed": 731,
  "surrogate": {
    "D0_mean": 0.0031317946720950595,
    "D0_std": 0.0018561105801015942,
    "D1_mean": 18.78503586071654,
    "D1_std": 4.7429173871934935,
    "D_mf_mean": 18.785036160946692,
    "D_mf_std": 4.742917595175141,
    "v0_mean_curve": [
      0.9986809813181555,
      0.9981662546793618,
      0.9974753411610938,
      0.9965601399739581,
      0.9953594627380352,
      0.9937963994344063,
      0.9917886854807545,
      0.9892347259521482,
      0.9860177224477131,
      0.9820126012166346,
      0.9770783786773677,
      0.9710525283813471,
      0.9637763245900463,
      0.9550738964080823,
      0.9447649676005039,
      0.9326913477579748,
      0.9186935977935796,
      0.9026075496673577,
      0.8843115743001295,
      0.8637144972483323,
      0.8407473780314125,
      0.8153958326975517,
      0.7876841659545901,
      0.7576907227834063,
      0.7255295321146644,
      0.6914146054585804,
      0.6555535329182952,
      0.6182254130045572,
      0.5797516841888429,
      0.540486265818278,
      0.5008127117156976,
      0.4611173432668046,
      0.4217809944152837,
      0.3831886692047113,
      0.34569815572102885,
      0.3096311372121172,
      0.27528812090555804,
      0.24290101687113438,
      0.21266978136698378,
      0.1847248299916586,
      0.1591638425191243,
      0.13601235707600923,
      0.11525529034932457,
      0.0968431231180827,
      0.08066584269205722,
      0.06659958585103345,
      0.05449530156453444,
      0.044191772460937466,
      0.0355095157623291,
      0.02826992543538414,
      0.02229502423604327,
      0.017419921875000053,
      0.013478820164998385,
      0.010332207361857092,
      0.00784046427408854,
      0.005893646876017249,
      0.004385665893554682,
      0.0032309474945068323,
      0.002357418696085611,
      0.0017017281850179007,
      0.0012155838012695326
    ],