{
  "diagnostics": {
    "imag_frac_nonzero_eps1e-12": 0.9922480620155039,
    "imag_max_abs": 0.0050463026842661445,
    "v1_delta_bandwidth_dnu": 0.10000000000000009,
    "verify_l2_from_curves": {
      "D0_match": true,
      "D0_recomputed": 0.1078087878671455,
      "D0_reported": 0.1078087878671455,
      "D1_match": true,
      "D1_recomputed": 198.28031845916624,
      "D1_reported": 198.28031845916624,
      "tol_abs": 1e-12,
      "tol_rel": 1e-10,
      "verify_dnu": 0.10000000000000009
    }
  },
  "hint": "This script compares observed morphology against phase-randomized surrogates that preserve |a_lm|. V0(nu) is excursion-set area fraction; V1(nu) is a perimeter proxy estimated from |\u2207x| in a nu-band. Distances D0 and D1 are L2 distances (sqrt(sum((a-b)^2)*dnu)) to surrogate-mean curves. D_mf combines them as sqrt(D0^2 + D1^2). Z_mf is the scale-free combined z-distance.",
  "kind": "planck_pr3_lensing_phi_topology_mf_v0_v1",
  "lmax": 256,
  "metric": "Minkowski-style morphology: V0(area) + V1(perimeter proxy) vs phase-random surrogates",
  "n_sims": 2000,
  "nside": 256,
  "observed": {
    "D0_L2": 0.1078087878671455,
    "D0_sum_sq_legacy": 0.11622734741383169,
    "D1_L2": 198.28031845916624,
    "D1_sum_sq_legacy": 393150.84688268346,
    "D_mf": 198.28034776801033,
    "Z0": 189.84935882770273,
    "Z1": 83.39387288412013,
    "Z_mf": 207.3579443423922,
    "map_mean": 3.564947803682642e-08,
    "map_std": 0.04985962839451119,
    "v0_curve": [
      0.9996757507324219,
      0.9995460510253906,
      0.9993883768717448,
      0.9991722106933594,
      0.9988581339518229,
      0.9984779357910156,
      0.9979235331217448,
      0.9971593221028646,
      0.9961865743001302,
      0.9949518839518229,
      0.9933662414550781,
      0.9913431803385416,
      0.9887542724609375,
      0.9855232238769531,
      0.9815025329589844,
      0.9763755798339844,
      0.9701131184895834,
      0.9625193277994791,
      0.9530029296875,
      0.9400787353515625,
      0.9167900085449219,
      0.8571955362955729,
      0.7515029907226562,
      0.6532300313313802,
      0.5963490804036459,
      0.5650253295898438,
      0.5406595865885416,
      0.5172284444173177,
      0.49313990275065106,
      0.4679908752441406,
      0.4425201416015625,
      0.41620508829752606,
      0.3894666035970052,
      0.3619537353515625,
      0.33424123128255206,
      0.30705515543619794,
      0.28026580810546875,
      0.2541847229003906,
      0.22872416178385416,
      0.2043635050455729,
      0.18114852905273438,
      0.159332275390625,
      0.13883463541666666,
      0.12044906616210938,
      0.1036542256673177,
      0.0883941650390625,
      0.0747693379720052,
      0.06263987223307292,
      0.05242029825846354,
      0.043230692545572914,
      0.03555933634440104,
      0.029066721598307293,
      0.023508707682291668,
      0.018816630045572918,
      0.015033721923828125,
      0.011870066324869791,
      0.009278615315755209,
      0.007283528645833333,
      0.005682627360026042,
      0.004403432210286458,
      0.0033671061197916665
    ],
    "v1_curve": [
      2.8644456825541624,
      4.0523751271185215,
      5.142487915501998,
      8.021109331899694,
      10.476108517188692,
      13.526302508560372,
      18.8615596303298,
      24.861169913983773,
      33.998841118561785,
      39.98151769846259,
      50.6662906233744,
      64.84093207776795,
      79.94773755481947,
      99.33120041547781,
      127.94253896989592,
      152.2911576478739,
      184.77133169899656,
      218.45513405490183,
      272.8887887434578,
      321.4481645518182,
      449.3732683049109,
      593.6275224523831,
      724.4893178217835,
      686.4484126610114,
      625.2167472284639,
      627.5800166451269,
      643.7207172797974,
      692.6625219400544,
      731.3424612987999,
      750.6578355086956,
      781.5864351711473,
      793.9657008495333,
      813.4526856946927,
      851.6957298486395,
      840.7312499732786,
      815.2989110586371,
      789.279765588361,
      792.7043067375239,
      757.0837842410799,
      729.9088081547062,
      684.2319244010754,
      640.694827537684,
      590.9456819937528,
      546.7391496188885,
      501.9046631081027,
      452.99256690866,
      387.3209657054155,
      346.84267135552017,
      288.98469460240676,
      260.60336208392397,
      219.12568350579102,
      189.23621728517878,
      164.9032558245531,
      134.1812547372487,
      109.00144723892372,
      88.18624986639234,
      73.3948032942292,
      54.29096151289345,
      46.112053529689184,
      36.11166941300858,
      30.41929221860043
    ]
  },
  "p_high": 0.0004997501249375312,
  "p_high_mf": 0.0004997501249375312,
  "p_low": 1.0,
  "p_low_mf": 1.0,
  "p_two_sided": 0.0009995002498750624,
  "p_two_sided_mf": 0.0009995002498750624,
  "provenance": {
    "dat_url": "https://github.com/gradient-pulse/phi-mesh/releases/download/data-2026-02-15-planck-lensing-R3/planck_pr3_lensing_mv_dat_klm.fits",
    "mf_url": "https://github.com/gradient-pulse/phi-mesh/releases/download/data-2026-02-15-planck-lensing-R3/planck_pr3_lensing_mv_mf_klm.fits"
  },
  "seed": 731,
  "surrogate": {
    "D0_mean": 0.0012467536925318814,
    "D0_std": 0.000561297835466085,
    "D1_mean": 15.462245091363764,
    "D1_std": 2.19222428513228,
    "D_mf_mean": 15.462245151312246,
    "D_mf_std": 2.192224288650166,
    "v0_mean_curve": [
      0.9991791165669769,
      0.9987966798146579,
      0.9982612139383955,
      0.9975198249816896,
      0.9965073687235502,
      0.9951456699371333,
      0.993340819040934,
      0.9909800542195634,
      0.9879361209869395,
      0.9840617631276446,
      0.9791974411010739,
      0.9731701482137037,
      0.9658006356557219,
      0.9569030291239436,
      0.9463043772379556,
      0.9338168398539217,
      0.9192909749348966,
      0.9025944417317718,
      0.8836202017466231,
      0.8623003953297941,
      0.8386112461090072,
      0.8125698013305653,
      0.7842426548004148,
      0.7537371654510492,
      0.7212119089762359,
      0.6868686447143546,
      0.650951749165851,
      0.6137626813252773,
      0.5755815238952635,
      0.5367571938832604,
      0.49762259356180805,
      0.4585418440500903,
      0.41987407938639326,
      0.38195025380452524,
      0.3451248455047613,
      0.30967757288614917,
      0.27586556371053045,
      0.24393295987447106,
      0.21404799842834468,
      0.18636553510030096,
      0.1609693508148195,
      0.13790036455790178,
      0.11715503374735539,
      0.09867690213521331,
      0.08239507102966306,
      0.06819939359029135,
      0.05594640795389812,
      0.04547439575195307,
      0.03662817700703935,
      0.02923369026184082,
      0.02311154683430992,
      0.018098827362060553,
      0.014035895029703784,
      0.010782456715901669,
      0.00820287831624349,
      0.006179485321044922,
      0.00461080423990885,
      0.0034067846934000665,
      0.002492015838623042,
      0.0018053455352783178,
      0.0012946446736653648
    ],