{
  "diagnostics": {
    "excess_kurt_x_obs": 0.021706675663706765,
    "imag_frac_nonzero_eps1e-12": 0.9922480620155039,
    "imag_max_abs": 0.02393482828277891,
    "skew_x_obs": -0.030831155080315892,
    "v1_delta_bandwidth_dnu": 0.10000000000000009,
    "v1_symmetry_corr": 0.9995962979974182,
    "verify_l2_from_curves": {
      "D0_match": true,
      "D0_recomputed": 0.0051790896801956355,
      "D0_reported": 0.0051790896801956355,
      "D1_match": true,
      "D1_recomputed": 20.947954506009157,
      "D1_reported": 20.947954506009157,
      "tol_abs": 1e-12,
      "tol_rel": 1e-10,
      "verify_dnu": 0.10000000000000009
    }
  },
  "hint": "This script compares observed morphology against phase-randomized surrogates that preserve |a_lm|. V0(nu) is excursion-set area fraction; V1(nu) is a perimeter proxy estimated from |\u2207x| in a nu-band. Distances D0 and D1 are L2 distances (sqrt(sum((a-b)^2)*dnu)) to surrogate-mean curves. D_mf combines them as sqrt(D0^2 + D1^2). Z_mf is the scale-free combined z-distance.",
  "kind": "planck_pr3_lensing_phi_topology_mf_v0_v1",
  "lmax": 256,
  "metric": "Minkowski-style morphology: V0(area) + V1(perimeter proxy) vs phase-random surrogates",
  "n_sims": 2000,
  "nside": 256,
  "observed": {
    "D0_L2": 0.0051790896801956355,
    "D0_sum_sq_legacy": 0.00026822969915508906,
    "D1_L2": 20.947954506009157,
    "D1_sum_sq_legacy": 4388.16797985829,
    "D_mf": 20.947955146238005,
    "Z0": 0.7611552561899482,
    "Z1": 0.5630858094225203,
    "Z_mf": 0.946796151660219,
    "map_mean": -4.079796366394708e-08,
    "map_std": 0.0495759648349752,
    "v0_curve": [
      0.9984169006347656,
      0.9978307088216146,
      0.9970601399739584,
      0.9961077372233073,
      0.9948476155598959,
      0.9932123819986979,
      0.9911206563313802,
      0.988488515218099,
      0.9852701822916666,
      0.9811197916666666,
      0.976172129313151,
      0.9701830546061198,
      0.9631131490071615,
      0.9545453389485677,
      0.9444135030110677,
      0.9325167338053385,
      0.9187304178873698,
      0.9028065999348959,
      0.8846219380696615,
      0.864294687906901,
      0.8416392008463541,
      0.8168462117513021,
      0.789459228515625,
      0.7595342000325521,
      0.7276357014973959,
      0.6935373942057291,
      0.6574719746907552,
      0.6200688680013021,
      0.581732432047526,
      0.5422439575195312,
      0.5020751953125,
      0.46236546834309894,
      0.4224535624186198,
      0.38356908162434894,
      0.34587732950846356,
      0.3094024658203125,
      0.2746925354003906,
      0.24183146158854166,
      0.21153640747070312,
      0.18354924519856772,
      0.15786616007486978,
      0.13468297322591147,
      0.11388778686523438,
      0.09557851155598958,
      0.07959620157877605,
      0.0658582051595052,
      0.05381902058919271,
      0.04366175333658854,
      0.035207112630208336,
      0.028088887532552082,
      0.022216796875,
      0.017421722412109375,
      0.01357269287109375,
      0.010416666666666666,
      0.007887522379557291,
      0.005903879801432292,
      0.004461924235026042,
      0.0033022562662760415,
      0.0023854573567708335,
      0.0017293294270833333,
      0.0012613932291666667
    ],
    "v1_curve": [
      9.549825949152257,
      13.645878420232235,
      16.978501363783405,
      21.38907228139081,
      28.95936462889673,
      38.54015821683918,
      47.53781169463817,
      62.91399782022424,
      77.33661447847894,
      98.49350003830793,
      119.49846546705871,
      143.1876679539654,
      175.68883473916804,
      216.3064314961459,
      244.18392502474248,
      297.0068951140256,
      342.75314449165313,
      384.1958571241033,
      440.5594582140549,
      501.73231282949916,
      551.0063057518678,
      628.5398476834258,
      682.7756355101145,
      722.7401357749669,
      776.7757765490369,
      842.120387369952,
      871.131217557647,
      902.1349907699498,
      935.99669174059,
      958.456836797897,
      959.6970600245055,
      958.527644273294,
      943.7500420337051,
      920.7301651950911,
      897.1600549453257,
      842.6045295683963,
      813.4321560349886,
      743.5871337485336,
      665.1668615914305,
      631.7883038500107,
      558.2523215531323,
      501.7975287592665,
      451.1213170137515,
      389.6206940408486,
      334.3407448265821,
      285.15366939010624,
      243.11594750014825,
      206.60282627238288,
      166.49352027697802,
      138.16853407551915,
      114.00095845326514,
      88.36526599531163,
      71.19435359068463,
      58.45830121985719,
      46.424448270866336,
      34.54997179835046,
      27.527875166953056,
      21.919572086347163,
      15.791290090010332,
      10.21758949946464,
      9.64616120901477
    ]
  },
  "p_high": 0.22788605697151423,
  "p_high_mf": 0.25087456271864067,
  "p_low": 0.7726136931534233,
  "p_low_mf": 0.7496251874062968,
  "p_two_sided": 0.45577211394302847,
  "p_two_sided_mf": 0.5017491254372813,
  "provenance": {
    "dat_url": "GAUSSIAN_CONTROL_FROM: https://github.com/gradient-pulse/phi-mesh/releases/download/data-2026-02-15-planck-lensing-R3/planck_pr3_lensing_mv_dat_klm.fits",
    "mf_url": "GAUSSIAN_CONTROL_MF_ZERO_FROM: https://github.com/gradient-pulse/phi-mesh/releases/download/data-2026-02-15-planck-lensing-R3/planck_pr3_lensing_mv_mf_klm.fits"
  },
  "seed": 731,
  "surrogate": {
    "D0_mean": 0.0035420748893891163,
    "D0_std": 0.0021506976106304364,
    "D1_mean": 18.392799303469502,
    "D1_std": 4.537772324896851,
    "D_mf_mean": 18.392799699058727,
    "D_mf_std": 4.537772613453046,
    "v0_mean_curve": [
      0.9988136043548588,
      0.9983405214945462,
      0.9977015800476071,
      0.9968465086619044,
      0.995717963536581,
      0.9942427342732734,
      0.9923325659433992,
      0.9898913644154878,
      0.9867968165079741,
      0.9829185498555514,
      0.9781112721761077,
      0.9722112325032556,
      0.9650505231221502,
      0.9564472637176519,
      0.9462186546325693,
      0.9341835575103763,
      0.9201690247853609,
      0.9040185292561848,
      0.8855986315409353,
      0.8648070850372296,
      0.8415920435587563,
      0.8159198608398425,
      0.7878110650380448,
      0.7573892555236807,
      0.7247729371388757,
      0.6901675306955974,
      0.6538235410054509,
      0.616044733683267,
      0.5771762955983498,
      0.5375883541107177,
      0.4976691989898683,
      0.45782182248433545,
      0.4184407730102538,
      0.3799147205352786,
      0.34259426625569633,
      0.3068012530008946,
      0.27279970169067413,
      0.2408304964701332,
      0.21104740651448578,
      0.18358557955423987,
      0.1584994277954102,
      0.13579617627461735,
      0.11546645482381183,
      0.09742278353373202,
      0.08155954360961908,
      0.06774642690022785,
      0.05582317797342941,
      0.0456329606374105,
      0.03700058809916178,
      0.029759126663208048,
      0.023739977518717426,
      0.018784243265787766,
      0.014739203135172548,
      0.01146958160400392,
      0.008850058237711579,
      0.00676966667175293,
      0.005135698318481439,
      0.0038629055023193352,
      0.00288033167521159,
      0.002128728230794274,
      0.001559301376342774
    ],