{
  "diagnostics": {
    "excess_kurt_x_obs": -0.0598914191715032,
    "imag_frac_nonzero_eps1e-12": 0.9846153846153847,
    "imag_max_abs": 0.03167161050712142,
    "skew_x_obs": 0.39524978912300507,
    "v1_delta_bandwidth_dnu": 0.10000000000000009,
    "v1_symmetry_corr": 0.9483124275625685,
    "verify_l2_from_curves": {
      "D0_match": true,
      "D0_recomputed": 0.04222095179891264,
      "D0_reported": 0.04222095179891264,
      "D1_match": true,
      "D1_recomputed": 58.160409496563425,
      "D1_reported": 58.160409496563425,
      "tol_abs": 1e-12,
      "tol_rel": 1e-10,
      "verify_dnu": 0.10000000000000009
    }
  },
  "hint": "This script compares observed morphology against phase-randomized surrogates that preserve |a_lm|. V0(nu) is excursion-set area fraction; V1(nu) is a perimeter proxy estimated from |\u2207x| in a nu-band. Distances D0 and D1 are L2 distances (sqrt(sum((a-b)^2)*dnu)) to surrogate-mean curves. D_mf combines them as sqrt(D0^2 + D1^2). Z_mf is the scale-free combined z-distance.",
  "kind": "planck_pr3_lensing_phi_topology_mf_v0_v1",
  "lmax": 128,
  "metric": "Minkowski-style morphology: V0(area) + V1(perimeter proxy) vs phase-random surrogates",
  "n_sims": 2000,
  "nside": 256,
  "observed": {
    "D0_L2": 0.04222095179891264,
    "D0_sum_sq_legacy": 0.017826087708061027,
    "D1_L2": 58.160409496563425,
    "D1_sum_sq_legacy": 33826.33232807942,
    "D_mf": 58.16042482149452,
    "Z0": 2.871805122017172,
    "Z1": 3.40442268828794,
    "Z_mf": 4.453914963195161,
    "map_mean": 6.359915244324246e-08,
    "map_std": 0.03632160597181871,
    "v0_curve": [
      0.9998626708984375,
      0.9997876485188802,
      0.9996719360351562,
      0.9994684855143229,
      0.999090830485026,
      0.9985631306966146,
      0.9976832071940104,
      0.9964307149251302,
      0.9947331746419271,
      0.9924532572428385,
      0.9891929626464844,
      0.9848683675130209,
      0.9794019063313802,
      0.972375233968099,
      0.9634145100911459,
      0.9520606994628906,
      0.9378191630045573,
      0.9205169677734375,
      0.8996632893880209,
      0.8757731119791666,
      0.8480809529622396,
      0.8175086975097656,
      0.7836481730143229,
      0.746941884358724,
      0.7080891927083334,
      0.6676991780598959,
      0.626227060953776,
      0.584014892578125,
      0.541876475016276,
      0.499908447265625,
      0.4592272440592448,
      0.4194984436035156,
      0.38172022501627606,
      0.3464253743489583,
      0.31372833251953125,
      0.28372955322265625,
      0.25566864013671875,
      0.23075739542643228,
      0.2074762980143229,
      0.1861445109049479,
      0.16654078165690103,
      0.14833831787109375,
      0.13136164347330728,
      0.1157391866048177,
      0.10094706217447917,
      0.08739217122395833,
      0.07499186197916667,
      0.06351343790690105,
      0.053279876708984375,
      0.044138590494791664,
      0.036074320475260414,
      0.028803507486979168,
      0.02265167236328125,
      0.017450968424479168,
      0.013182322184244791,
      0.009923299153645834,
      0.007443745930989583,
      0.005367279052734375,
      0.003818511962890625,
      0.0026639302571614585,
      0.0018399556477864583
    ],
    "v1_curve": [
      0.3294277079476072,
      0.7258138946870284,
      1.2222100823341104,
      1.6685989872963827,
      3.1261091214814227,
      4.92522147571223,
      8.3217144729643,
      12.139835711855554,
      15.993550918441006,
      24.905851172059318,
      34.3637134141185,
      48.88609674107375,
      61.44371212937049,
      76.13250380929313,
      94.43373517517394,
      114.92886799572936,
      139.26511394762173,
      165.2450684445341,
      190.43421460341534,
      220.79270976406042,
      243.80520054779012,
      270.4666145121528,
      288.5049318994959,
      308.8647604515739,
      322.5603126484018,
      328.5154031182788,
      332.8300733992922,
      327.1471759660855,
      324.9023034261092,
      311.6894918227522,
      295.87672215069836,
      285.0110846089765,
      259.0741701471426,
      239.14229459685785,
      222.29307221241297,
      199.11831847524067,
      182.99333251003426,
      163.26327613209065,
      150.0038356488849,
      136.25859382052028,
      126.01159469935925,
      115.5961143994211,
      106.18638070686461,
      97.8677602788655,
      91.46572447892748,
      81.82670955897905,
      76.26862661792502,
      70.38912898853407,
      61.08115678603317,
      56.18473865369857,
      48.26261809043675,
      41.378669224787316,
      35.94375057119384,
      29.3681781445126,
      23.133299532098835,
      18.3570733500028,
      14.391940504929295,
      11.536642781871697,
      8.268259889942586,
      5.917246852306034,
      4.679793782131392
    ]
  },
  "p_high": 0.010994502748625687,
  "p_high_mf": 0.005497251374312844,
  "p_low": 0.9895052473763118,
  "p_low_mf": 0.9950024987506247,
  "p_two_sided": 0.021989005497251374,
  "p_two_sided_mf": 0.010994502748625687,
  "provenance": {
    "dat_url": "GAUSSIAN_CONTROL_FROM: https://github.com/gradient-pulse/phi-mesh/releases/download/data-2026-02-15-planck-lensing-R3/planck_pr3_lensing_mv_dat_klm.fits",
    "mf_url": "GAUSSIAN_CONTROL_MF_ZERO_FROM: https://github.com/gradient-pulse/phi-mesh/releases/download/data-2026-02-15-planck-lensing-R3/planck_pr3_lensing_mv_mf_klm.fits"
  },
  "seed": 731,
  "surrogate": {
    "D0_mean": 0.01586236242658517,
    "D0_std": 0.009178404610481732,
    "D1_mean": 21.179363430059652,
    "D1_std": 10.862648223361854,
    "D_mf_mean": 21.179369790465742,
    "D_mf_std": 10.86265128108733,
    "v0_mean_curve": [
      0.9992812430063872,
      0.9989265670776376,
      0.9984232273101804,
      0.9977203432718906,
      0.9967492071787536,
      0.9954342651367171,
      0.9936741886138903,
      0.991352615992227,
      0.9883380908966057,
      0.984480712254844,
      0.979610944112142,
      0.9735593846638999,
      0.9661421279907222,
      0.9571784280141193,
      0.9464819386800125,
      0.9338773612976081,
      0.9191988067626947,
      0.9023139082590731,
      0.8831282997131359,
      0.8615863672892256,
      0.8376671587626149,
      0.8114042288462325,
      0.7828677399953201,
      0.752199417750041,
      0.7195720589955632,
      0.6851939830780034,
      0.6493057111104328,
      0.6122111428578687,
      0.5742067921956375,
      0.53563666343689,
      0.496833954493205,
      0.45813780339558985,
      0.41987054379781197,
      0.38236748123169084,
      0.34593243026733456,
      0.3108350709279375,
      0.27733354187011683,
      0.24562250518798812,
      0.21589539782206235,
      0.18827719116210914,
      0.16285378583272267,
      0.13968107668558769,
      0.11876161702473927,
      0.10006428654988599,
      0.08351370620727548,
      0.06902385711669926,
      0.05648393630981449,
      0.045740174611409466,
      0.0366510423024495,
      0.029042558670043947,
      0.022755325317382825,
      0.017621706008911147,
      0.01348249435424805,
      0.010190645853678362,
      0.00760386530558269,
      0.005602005004882805,
      0.004072928110758465,
      0.0029212150573730508,
      0.0020645421346028613,
      0.0014379043579101547,
      0.000987208048502603
    ],