{
  "diagnostics": {
    "excess_kurt_x_obs": -0.009904238625446649,
    "imag_frac_nonzero_eps1e-12": 0.9937888198757764,
    "imag_max_abs": 0.021225731780595957,
    "skew_x_obs": -0.025199790156534566,
    "v1_delta_bandwidth_dnu": 0.10000000000000009,
    "v1_symmetry_corr": 0.9988565425862287,
    "verify_l2_from_curves": {
      "D0_match": true,
      "D0_recomputed": 0.001548388386815504,
      "D0_reported": 0.001548388386815504,
      "D1_match": true,
      "D1_recomputed": 22.28465625595231,
      "D1_reported": 22.28465625595231,
      "tol_abs": 1e-12,
      "tol_rel": 1e-10,
      "verify_dnu": 0.10000000000000009
    }
  },
  "hint": "This script compares observed morphology against phase-randomized surrogates that preserve |a_lm|. V0(nu) is excursion-set area fraction; V1(nu) is a perimeter proxy estimated from |\u2207x| in a nu-band. Distances D0 and D1 are L2 distances (sqrt(sum((a-b)^2)*dnu)) to surrogate-mean curves. D_mf combines them as sqrt(D0^2 + D1^2). Z_mf is the scale-free combined z-distance.",
  "kind": "planck_pr3_lensing_phi_topology_mf_v0_v1",
  "lmax": 320,
  "metric": "Minkowski-style morphology: V0(area) + V1(perimeter proxy) vs phase-random surrogates",
  "n_sims": 2000,
  "nside": 256,
  "observed": {
    "D0_L2": 0.001548388386815504,
    "D0_sum_sq_legacy": 2.397506596425117e-05,
    "D1_L2": 22.28465625595231,
    "D1_sum_sq_legacy": 4966.05904445954,
    "D_mf": 22.284656309745074,
    "Z0": 0.0890849100851168,
    "Z1": 0.39168923379218606,
    "Z_mf": 0.4016921421606143,
    "map_mean": 3.6151517356592645e-08,
    "map_std": 0.062304090367750094,
    "v0_curve": [
      0.9985694885253906,
      0.9979960123697916,
      0.9973055521647135,
      0.9963086446126302,
      0.9951032002766927,
      0.9935048421223959,
      0.9914118448893229,
      0.9888445536295573,
      0.9856478373209635,
      0.9815203348795573,
      0.9765574137369791,
      0.9705645243326823,
      0.9634361267089844,
      0.9547348022460938,
      0.944525400797526,
      0.9324747721354166,
      0.9183794657389323,
      0.9024035135904948,
      0.884039560953776,
      0.8637924194335938,
      0.841094970703125,
      0.8160184224446615,
      0.7881863911946615,
      0.7581354777018229,
      0.7265065511067709,
      0.6924273173014323,
      0.6566238403320312,
      0.619293212890625,
      0.5810750325520834,
      0.5419019063313802,
      0.5021934509277344,
      0.46185048421223956,
      0.42240015665690106,
      0.38365809122721356,
      0.3459332784016927,
      0.30948130289713544,
      0.2750053405761719,
      0.24273554484049478,
      0.21245320638020834,
      0.18460845947265625,
      0.15904744466145834,
      0.13605117797851562,
      0.11527379353841145,
      0.0966504414876302,
      0.08039220174153645,
      0.0663617451985677,
      0.054180145263671875,
      0.04380035400390625,
      0.03503545125325521,
      0.027754465738932293,
      0.0217742919921875,
      0.016869862874348957,
      0.012975056966145834,
      0.009962717692057291,
      0.007525126139322917,
      0.005713144938151042,
      0.0042724609375,
      0.00318145751953125,
      0.0023511250813802085,
      0.0017382303873697917,
      0.0012652079264322917
    ],
    "v1_curve": [
      16.47580336776493,
      21.869593243435112,
      28.608529705422594,
      35.60513509430314,
      47.164147577351244,
      60.85249310269382,
      73.97045781072771,
      111.00687041763797,
      124.52179623817578,
      152.75463162951283,
      182.30011696183956,
      211.1087236956664,
      262.7833823908764,
      337.3212597158826,
      365.6034797932332,
      438.336678838874,
      500.577839663053,
      558.9975639339955,
      635.9055904593536,
      717.4850042570065,
      775.8471025440655,
      872.8264508852361,
      965.0459078713444,
      1024.6372146409446,
      1048.6737140100868,
      1140.930493655897,
      1202.1110740664108,
      1219.9525878309073,
      1225.6673606134032,
      1257.4144409014455,
      1265.1787717781106,
      1253.6058747609493,
      1229.9070342746995,
      1196.029796632032,
      1157.3547623303853,
      1092.8617953328985,
      1029.6298595930334,
      955.490274209363,
      877.2047622954423,
      815.8732620133758,
      738.6494333921925,
      660.6151915254733,
      592.1061918784244,
      518.6148364386734,
      441.3236869911389,
      392.49399436280606,
      331.05148717748705,
      275.1268238078967,
      228.41842003583116,
      188.9310091658182,
      156.70241235517133,
      123.4143536776003,
      102.99287790446706,
      79.218752687326,
      57.6085126514489,
      47.239305573976594,
      34.79036631644885,
      28.808999622158076,
      20.82593692211728,
      14.030565493028687,
      12.624783072125968
    ]
  },
  "p_high": 0.3773113443278361,
  "p_high_mf": 0.328335832083958,
  "p_low": 0.6231884057971014,
  "p_low_mf": 0.6721639180409795,
  "p_two_sided": 0.7546226886556722,
  "p_two_sided_mf": 0.656671664167916,
  "provenance": {
    "dat_url": "GAUSSIAN_CONTROL_FROM: https://github.com/gradient-pulse/phi-mesh/releases/download/data-2026-02-15-planck-lensing-R3/planck_pr3_lensing_mv_dat_klm.fits",
    "mf_url": "GAUSSIAN_CONTROL_MF_ZERO_FROM: https://github.com/gradient-pulse/phi-mesh/releases/download/data-2026-02-15-planck-lensing-R3/planck_pr3_lensing_mv_mf_klm.fits"
  },
  "seed": 731,
  "surrogate": {
    "D0_mean": 0.0014758159710521659,
    "D0_std": 0.0008146431948351111,
    "D1_mean": 21.092659868108356,
    "D1_std": 3.0432196879743123,
    "D_mf_mean": 21.092659932284846,
    "D_mf_std": 3.043219710007854,
    "v0_mean_curve": [
      0.9986724866231274,
      0.9981585985819509,
      0.9974697335561141,
      0.996555673599243,
      0.9953569761912033,
      0.9938009223937985,
      0.9918027839660646,
      0.9892589384714766,
      0.9860584913889565,
      0.9820726807912193,
      0.9771522655487059,
      0.9711486651102708,
      0.9638960399627672,
      0.9552172012329104,
      0.9449386456807449,
      0.9328882859547935,
      0.9188996149698883,
      0.902825888951621,
      0.8845380280812579,
      0.8639331258138021,
      0.8409502086639404,
      0.8155702756245933,
      0.7878241024017335,
      0.7577852350870768,
      0.7255730616251621,
      0.6913925247192396,
      0.6554649473826099,
      0.6180644582112639,
      0.5795280723571775,
      0.5402059993743896,
      0.5004799060821533,
      0.46074124463399296,
      0.42138189824422145,
      0.38277145258585615,
      0.34528484280904126,
      0.3092444750467939,
      0.27492250251770023,
      0.24258240954081203,
      0.21240144348144505,
      0.1845212364196777,
      0.1590190798441571,
      0.13592431513468453,
      0.11522365506490087,
      0.09685705884297699,
      0.08072581291198731,
      0.06670050811767576,
      0.054627155939738006,
      0.044341758092244506,
      0.03567029953002933,
      0.028437821706136023,
      0.02246453348795576,
      0.017579655965169264,
      0.013628768920898454,
      0.01046720123291015,
      0.007963777542114248,
      0.006002677917480468,
      0.004479861577351894,
      0.0033109162648518905,
      0.0024228210449218756,
      0.0017553278605143177,
      0.0012598355611165356
    ],