{
  "diagnostics": {
    "excess_kurt_x_obs": -0.028995719809868703,
    "imag_frac_nonzero_eps1e-12": 0.9922480620155039,
    "imag_max_abs": 0.027879654050314603,
    "skew_x_obs": 0.009298556980853356,
    "v1_delta_bandwidth_dnu": 0.10000000000000009,
    "v1_symmetry_corr": 0.999617001900824,
    "verify_l2_from_curves": {
      "D0_match": true,
      "D0_recomputed": 0.0012605554312776132,
      "D0_reported": 0.0012605554312776132,
      "D1_match": true,
      "D1_recomputed": 17.02524975150781,
      "D1_reported": 17.02524975150781,
      "tol_abs": 1e-12,
      "tol_rel": 1e-10,
      "verify_dnu": 0.10000000000000009
    }
  },
  "hint": "This script compares observed morphology against phase-randomized surrogates that preserve |a_lm|. V0(nu) is excursion-set area fraction; V1(nu) is a perimeter proxy estimated from |\u2207x| in a nu-band. Distances D0 and D1 are L2 distances (sqrt(sum((a-b)^2)*dnu)) to surrogate-mean curves. D_mf combines them as sqrt(D0^2 + D1^2). Z_mf is the scale-free combined z-distance.",
  "kind": "planck_pr3_lensing_phi_topology_mf_v0_v1",
  "lmax": 256,
  "metric": "Minkowski-style morphology: V0(area) + V1(perimeter proxy) vs phase-random surrogates",
  "n_sims": 2000,
  "nside": 256,
  "observed": {
    "D0_L2": 0.0012605554312776132,
    "D0_sum_sq_legacy": 1.5889999953234883e-05,
    "D1_L2": 17.02524975150781,
    "D1_sum_sq_legacy": 2898.5912910121656,
    "D_mf": 17.025249798173796,
    "Z0": -0.5553185258144314,
    "Z1": 0.197733315264504,
    "Z_mf": 0.5894719069457043,
    "map_mean": 4.81613973087452e-08,
    "map_std": 0.04720905779703039,
    "v0_curve": [
      0.998742421468099,
      0.998284657796224,
      0.9975865681966146,
      0.9967206319173177,
      0.9955774943033854,
      0.9939867655436198,
      0.9920387268066406,
      0.9895960489908854,
      0.9864959716796875,
      0.9827156066894531,
      0.9779065450032552,
      0.9717076619466146,
      0.9644393920898438,
      0.9558270772298177,
      0.9454218546549479,
      0.9333839416503906,
      0.9193509419759115,
      0.9032185872395834,
      0.8847554524739584,
      0.8642107645670573,
      0.8410847981770834,
      0.8154525756835938,
      0.7877070109049479,
      0.757470448811849,
      0.7248725891113281,
      0.6903762817382812,
      0.6545270284016927,
      0.6170476277669271,
      0.578192392985026,
      0.5383084615071615,
      0.4984321594238281,
      0.4586639404296875,
      0.41922251383463544,
      0.3811798095703125,
      0.34398523966471356,
      0.30841064453125,
      0.2747650146484375,
      0.2425969441731771,
      0.2126795450846354,
      0.1851374308268229,
      0.1600824991861979,
      0.13700993855794272,
      0.11622873942057292,
      0.09757105509440105,
      0.08156585693359375,
      0.06737263997395833,
      0.05517578125,
      0.044780731201171875,
      0.035929361979166664,
      0.02878570556640625,
      0.022823333740234375,
      0.017889658610026043,
      0.014006296793619791,
      0.010739644368489584,
      0.00824737548828125,
      0.006193796793619792,
      0.004678090413411458,
      0.003452301025390625,
      0.0025164286295572915,
      0.001819610595703125,
      0.0013109842936197917
    ],
    "v1_curve": [
      9.17177921462799,
      13.532705116327291,
      18.073885293795126,
      24.11138459709052,
      30.717014949841328,
      41.85562070805848,
      51.26378271301604,
      66.80800117999223,
      81.26070821116801,
      101.45712442614722,
      132.54071572603533,
      163.73609328081645,
      197.27036031610155,
      236.67851614582887,
      277.11483020924635,
      331.0185061213867,
      393.52291614961564,
      436.8875037808176,
      487.3760451033574,
      542.9130213171943,
      614.2923683017101,
      669.7658292422016,
      724.2082764900273,
      793.0268899130313,
      841.7050283656937,
      869.4697753109451,
      917.9841162654267,
      954.4226258972507,
      976.9306462486405,
      1006.9892952853775,
      993.0245969049801,
      984.411610500149,
      971.9976457373359,
      932.4841722523722,
      907.3904927289495,
      856.7872864150022,
      816.6263542595852,
      754.8940393674711,
      702.4788497591184,
      636.3776527479986,
      580.9204954832668,
      526.9422457537049,
      482.42205820383856,
      412.5748757518207,
      359.3265843211957,
      314.2656859240788,
      253.95547509300678,
      226.56651273988695,
      188.46601274164397,
      149.53615626416976,
      122.59955154399961,
      100.38201215027009,
      80.44495146723452,
      65.57628454144887,
      51.5949088454027,
      40.6639676034752,
      31.168393126159128,
      22.645551723791414,
      19.284418574920352,
      13.019898695544034,
      9.545686181482065
    ]
  },
  "p_high": 0.6411794102948526,
  "p_high_mf": 0.384807596201899,
  "p_low": 0.35932033983008493,
  "p_low_mf": 0.6156921539230384,
  "p_two_sided": 0.7186406796601699,
  "p_two_sided_mf": 0.769615192403798,
  "provenance": {
    "dat_url": "GAUSSIAN_CONTROL_FROM: https://github.com/gradient-pulse/phi-mesh/releases/download/data-2026-02-15-planck-lensing-R3/planck_pr3_lensing_mv_dat_klm.fits",
    "mf_url": "GAUSSIAN_CONTROL_MF_ZERO_FROM: https://github.com/gradient-pulse/phi-mesh/releases/download/data-2026-02-15-planck-lensing-R3/planck_pr3_lensing_mv_mf_klm.fits"
  },
  "seed": 731,
  "surrogate": {
    "D0_mean": 0.0018367742975475818,
    "D0_std": 0.0010376366706385037,
    "D1_mean": 16.52758243468034,
    "D1_std": 2.51686123889518,
    "D_mf_mean": 16.527582560343916,
    "D_mf_std": 2.5168612977401414,
    "v0_mean_curve": [
      0.9987065823872896,
      0.9982011330922437,
      0.9975257390340151,
      0.9966295255025251,
      0.9954498163859058,
      0.9939151967366532,
      0.9919423834482833,
      0.9894271577199287,
      0.9862592341105141,
      0.9823048578898109,
      0.9774191246032724,
      0.9714450823465977,
      0.9642169373830168,
      0.9555638930002852,
      0.9453040301005049,
      0.9332566407521558,
      0.9192579631805408,
      0.9031587301890047,
      0.8848340555826796,
      0.8641767393747976,
      0.8411210231781009,
      0.8156540737152088,
      0.7878025398254389,
      0.7576559963226313,
      0.7253350067138671,
      0.691034860610962,
      0.6549900983174639,
      0.6174978771209713,
      0.5788778483072926,
      0.5394823640187585,
      0.4997129077911377,
      0.45995204861958855,
      0.42059982554117836,
      0.382014605204264,
      0.3445737616221107,
      0.3085897305806477,
      0.2743629538218185,
      0.2421219329833984,
      0.21205744107564287,
      0.1842865581512451,
      0.15889462725321435,
      0.13591091918945303,
      0.1153091748555501,
      0.0970306708017983,
      0.08096414502461755,
      0.06699132664998382,
      0.05495888201395681,
      0.04469988250732416,
      0.03603937848409014,
      0.02879865328470871,
      0.022810556411743142,
      0.0179037068684896,
      0.013924163818359371,
      0.010730175018310556,
      0.008193300882975242,
      0.006198570251464844,
      0.004645919799804688,
      0.0034490178426106756,
      0.002536549886067701,
      0.0018472493489583366,
      0.0013321704864501928
    ],