{
  "diagnostics": {
    "excess_kurt_x_obs": -0.04143167858065988,
    "imag_frac_nonzero_eps1e-12": 0.9937888198757764,
    "imag_max_abs": 0.0050463026842661445,
    "skew_x_obs": 0.0628228787384338,
    "v1_delta_bandwidth_dnu": 0.10000000000000009,
    "v1_symmetry_corr": 0.9963325786252991,
    "verify_l2_from_curves": {
      "D0_match": true,
      "D0_recomputed": 0.0005891780357202247,
      "D0_reported": 0.0005891780357202247,
      "D1_match": true,
      "D1_recomputed": 19.220602086834322,
      "D1_reported": 19.220602086834322,
      "tol_abs": 1e-12,
      "tol_rel": 1e-10,
      "verify_dnu": 0.10000000000000009
    }
  },
  "hint": "This script compares observed morphology against phase-randomized surrogates that preserve |a_lm|. V0(nu) is excursion-set area fraction; V1(nu) is a perimeter proxy estimated from |\u2207x| in a nu-band. Distances D0 and D1 are L2 distances (sqrt(sum((a-b)^2)*dnu)) to surrogate-mean curves. D_mf combines them as sqrt(D0^2 + D1^2). Z_mf is the scale-free combined z-distance.",
  "kind": "planck_pr3_lensing_phi_topology_mf_v0_v1",
  "lmax": 320,
  "metric": "Minkowski-style morphology: V0(area) + V1(perimeter proxy) vs phase-random surrogates",
  "n_sims": 2000,
  "nside": 256,
  "observed": {
    "D0_L2": 0.0005891780357202247,
    "D0_sum_sq_legacy": 3.471307577751421e-06,
    "D1_L2": 19.220602086834322,
    "D1_sum_sq_legacy": 3694.3154458041954,
    "D_mf": 19.220602095864496,
    "Z0": -0.8084231176874286,
    "Z1": -0.45783518061338613,
    "Z_mf": 0.929064577851698,
    "map_mean": 3.931448552413804e-08,
    "map_std": 0.06207864868256636,
    "v0_curve": [
      0.9990259806315104,
      0.9986292521158854,
      0.9980443318684896,
      0.9972813924153646,
      0.9962666829427084,
      0.9949086507161459,
      0.9932174682617188,
      0.9909375508626302,
      0.987945556640625,
      0.9841143290201823,
      0.9794756571451823,
      0.973504384358724,
      0.9664599100748698,
      0.9578043619791666,
      0.9474703470865885,
      0.9350852966308594,
      0.920691172281901,
      0.9042523701985677,
      0.8855578104654948,
      0.864343007405599,
      0.8409423828125,
      0.8146438598632812,
      0.7860260009765625,
      0.7551727294921875,
      0.7222150166829427,
      0.6870803833007812,
      0.6506462097167969,
      0.6122322082519531,
      0.5736974080403646,
      0.5343678792317709,
      0.49477386474609375,
      0.4554761250813802,
      0.4168039957682292,
      0.37933095296223956,
      0.3426920572916667,
      0.30699920654296875,
      0.27327855428059894,
      0.24155807495117188,
      0.21185175577799478,
      0.18477503458658853,
      0.16010030110677084,
      0.13741429646809897,
      0.11721038818359375,
      0.09919102986653645,
      0.0830535888671875,
      0.06902186075846355,
      0.05693181355794271,
      0.04653040568033854,
      0.037663777669270836,
      0.030186971028645832,
      0.024013519287109375,
      0.019064585367838543,
      0.014995574951171875,
      0.011620839436848959,
      0.009016672770182291,
      0.006884256998697917,
      0.005201975504557292,
      0.003912607828776042,
      0.002918243408203125,
      0.002101898193359375,
      0.001529693603515625
    ],
    "v1_curve": [
      9.28924608421896,
      12.06105657476273,
      17.141580649700778,
      23.925809734574432,
      31.771227857112645,
      39.13924569756428,
      53.55375881002466,
      73.02396889004402,
      90.882180546276,
      112.78109097778082,
      139.06263000813843,
      171.94985314277866,
      211.3974564091702,
      261.96455092328597,
      313.7659928218289,
      374.91799714068424,
      435.00239717874626,
      494.162468341882,
      567.0540560158653,
      648.3277947946996,
      711.3781371065843,
      793.3330754497142,
      865.0612886951186,
      941.5294882378332,
      1021.518519607832,
      1093.2178799098915,
      1138.6551908888512,
      1180.946630517361,
      1246.142517591306,
      1239.6064694712163,
      1242.91293936674,
      1253.3347139296588,
      1242.674757550609,
      1236.626816914349,
      1200.9630311102633,
      1158.9112242411807,
      1118.7798085645668,
      1048.2422608272445,
      972.4407919496681,
      895.4369064049453,
      825.9800354003785,
      750.746799047852,
      679.1147945466715,
      633.6586337581574,
      530.5138431705142,
      483.63339922986313,
      409.5023762625129,
      363.70274625410315,
      317.62320289043737,
      257.86201798125245,
      219.01479825815818,
      180.99872553856156,
      146.2537519075012,
      111.06856063732737,
      91.11486228478773,
      75.95400879944472,
      61.866132935222566,
      49.26101963298848,
      38.83177368918999,
      32.09991803339198,
      21.712928957319086
    ]
  },
  "p_high": 0.7831084457771115,
  "p_high_mf": 0.665167416291854,
  "p_low": 0.21739130434782608,
  "p_low_mf": 0.3353323338330835,
  "p_two_sided": 0.43478260869565216,
  "p_two_sided_mf": 0.670664667666167,
  "provenance": {
    "dat_url": "https://github.com/gradient-pulse/phi-mesh/releases/download/data-2026-02-15-planck-lensing-R3/planck_pr3_lensing_mv_dat_klm.fits",
    "mf_url": "https://github.com/gradient-pulse/phi-mesh/releases/download/data-2026-02-15-planck-lensing-R3/planck_pr3_lensing_mv_mf_klm.fits",
    "selftest_observed_surrogate_seed": 123
  },
  "seed": 731,
  "surrogate": {
    "D0_mean": 0.0008659975418045502,
    "D0_std": 0.00034241908726731377,
    "D1_mean": 20.480277979234785,
    "D1_std": 2.75137417511867,
    "D_mf_mean": 20.48027800059564,
    "D_mf_std": 2.7513741736989332,
    "v0_mean_curve": [
      0.9991148236592611,
      0.9987228984832764,
      0.9981791013081843,
      0.9974343535105399,
      0.9964263261159261,
      0.9950815137227366,
      0.993302747726441,
      0.9909901650746658,
      0.9880147342681895,
      0.9842364616394049,
      0.9794938259124741,
      0.9736159801483136,
      0.9664227377573653,
      0.9577266267140718,
      0.9473309911092128,
      0.9350558382670081,
      0.9207274786631265,
      0.9041890443166097,
      0.8853298956553148,
      0.8640612831115715,
      0.8403420874277755,
      0.814170216242471,
      0.7856167297363272,
      0.7547965539296463,
      0.7218627128601077,
      0.6870483830769858,
      0.65061665725708,
      0.612864456812541,
      0.574141396840413,
      0.534815582911174,
      0.49525028610229577,
      0.45584232076009085,
      0.4169520079294838,
      0.3789361934661864,
      0.34211973698933956,
      0.3068034439086904,
      0.27323856163024957,
      0.2416344674428304,
      0.21215453275044757,
      0.18491139666239415,
      0.15996221860249865,
      0.13733157221476242,
      0.11699260902404793,
      0.09889247639973964,
      0.08292847315470375,
      0.06897697575887053,
      0.05691217486063637,
      0.04656332588195806,
      0.03777844619750976,
      0.030394625345865983,
      0.024244816462198858,
      0.01917404810587563,
      0.015032585144042966,
      0.011680828094482409,
      0.00899672698974608,
      0.0068714555104573555,
      0.005199239095052078,
      0.0038988857269287107,
      0.0028988253275553416,
      0.0021348743438720725,
      0.001559151331583659
    ],