{
  "diagnostics": {
    "excess_kurt_x_obs": -0.1802588302041328,
    "imag_frac_nonzero_eps1e-12": 0.9896907216494846,
    "imag_max_abs": 0.014098223344988935,
    "skew_x_obs": -0.0453401069217693,
    "v1_delta_bandwidth_dnu": 0.10000000000000009,
    "v1_symmetry_corr": 0.9887558760035473,
    "verify_l2_from_curves": {
      "D0_match": true,
      "D0_recomputed": 0.0041368488723166055,
      "D0_reported": 0.0041368488723166055,
      "D1_match": true,
      "D1_recomputed": 16.33217651142349,
      "D1_reported": 16.33217651142349,
      "tol_abs": 1e-12,
      "tol_rel": 1e-10,
      "verify_dnu": 0.10000000000000009
    }
  },
  "hint": "This script compares observed morphology against phase-randomized surrogates that preserve |a_lm|. V0(nu) is excursion-set area fraction; V1(nu) is a perimeter proxy estimated from |\u2207x| in a nu-band. Distances D0 and D1 are L2 distances (sqrt(sum((a-b)^2)*dnu)) to surrogate-mean curves. D_mf combines them as sqrt(D0^2 + D1^2). Z_mf is the scale-free combined z-distance.",
  "kind": "planck_pr3_lensing_phi_topology_mf_v0_v1",
  "lmax": 192,
  "metric": "Minkowski-style morphology: V0(area) + V1(perimeter proxy) vs phase-random surrogates",
  "n_sims": 2000,
  "nside": 256,
  "observed": {
    "D0_L2": 0.0041368488723166055,
    "D0_sum_sq_legacy": 0.0001711351859238716,
    "D1_L2": 16.33217651142349,
    "D1_sum_sq_legacy": 2667.39989600293,
    "D_mf": 16.33217703534381,
    "Z0": -0.7230220782870617,
    "Z1": -0.5507509779838816,
    "Z_mf": 0.908893594124606,
    "map_mean": -5.14643110881748e-09,
    "map_std": 0.04228412070727735,
    "v0_curve": [
      0.9990514119466146,
      0.9986178080240885,
      0.998009999593099,
      0.9971542358398438,
      0.996008555094401,
      0.9945233662923177,
      0.9926020304361979,
      0.9900309244791666,
      0.9866472880045573,
      0.9825312296549479,
      0.977423350016276,
      0.9709854125976562,
      0.9632453918457031,
      0.953887939453125,
      0.9430999755859375,
      0.930334726969401,
      0.9154523213704427,
      0.8986104329427084,
      0.8799654642740885,
      0.8588918050130209,
      0.835351308186849,
      0.8102798461914062,
      0.7828318277994791,
      0.7534497578938802,
      0.7223599751790365,
      0.6892751057942709,
      0.6546669006347656,
      0.6185188293457031,
      0.5814628601074219,
      0.543731689453125,
      0.5051701863606771,
      0.4664713541666667,
      0.42771021525065106,
      0.38974253336588544,
      0.35270436604817706,
      0.31641260782877606,
      0.2816162109375,
      0.24829610188802084,
      0.2176691691080729,
      0.18935648600260416,
      0.1626612345377604,
      0.13859685262044272,
      0.11659622192382812,
      0.09725189208984375,
      0.0802001953125,
      0.0652631123860677,
      0.052553812662760414,
      0.04166412353515625,
      0.032719930013020836,
      0.025430043538411457,
      0.019514719645182293,
      0.014931996663411459,
      0.011249542236328125,
      0.008380889892578125,
      0.006169637044270833,
      0.004512786865234375,
      0.0031979878743489585,
      0.002330780029296875,
      0.001617431640625,
      0.0011278788248697917,
      0.000789642333984375
    ],
    "v1_curve": [
      6.511283149977729,
      9.710421365038394,
      13.281489857302011,
      16.928824564200433,
      26.661027800961403,
      29.365792600086206,
      41.578986549323254,
      57.2215508473431,
      67.72789721337354,
      87.34506147478783,
      103.30604672220068,
      124.66549848321776,
      158.11537101768903,
      185.35634378918812,
      204.1771298661838,
      249.39749378502682,
      279.5887446475053,
      314.9661759175668,
      342.8394731979323,
      379.14461944790554,
      419.3454955764376,
      427.1363685968406,
      466.76727299218305,
      490.5191624647621,
      510.21326812971625,
      517.6963202275407,
      535.1483371657569,
      549.2964885333042,
      543.605985811782,
      542.6142385309766,
      550.3733613339832,
      540.1355131843201,
      530.3478459437458,
      496.27860471599155,
      484.46796789218035,
      470.5522939096218,
      438.1243194933118,
      409.6590959813585,
      374.1101156357747,
      352.34890605488823,
      315.39013573587005,
      285.665509117656,
      256.66587691593054,
      223.73177824907398,
      192.82427769532757,
      167.89403224591123,
      140.0070864279147,
      117.3282378935871,
      95.80578584258481,
      77.23281239017228,
      62.08022652629581,
      48.28355723957103,
      38.29225061240631,
      29.917911243433654,
      22.697325607698552,
      17.168874447858244,
      12.913485457465114,
      9.280182792074116,
      7.256794720221067,
      4.385070907912221,
      3.695963297928568
    ]
  },
  "p_high": 0.7076461769115442,
  "p_high_mf": 0.6241879060469765,
  "p_low": 0.2928535732133933,
  "p_low_mf": 0.37631184407796103,
  "p_two_sided": 0.5857071464267866,
  "p_two_sided_mf": 0.7526236881559221,
  "provenance": {
    "dat_url": "GAUSSIAN_CONTROL_FROM: https://github.com/gradient-pulse/phi-mesh/releases/download/data-2026-02-15-planck-lensing-R3/planck_pr3_lensing_mv_dat_klm.fits",
    "mf_url": "GAUSSIAN_CONTROL_MF_ZERO_FROM: https://github.com/gradient-pulse/phi-mesh/releases/download/data-2026-02-15-planck-lensing-R3/planck_pr3_lensing_mv_mf_klm.fits"
  },
  "seed": 731,
  "surrogate": {
    "D0_mean": 0.00736784026828196,
    "D0_std": 0.004468731305716162,
    "D1_mean": 21.731268811305107,
    "D1_std": 9.803146096346337,
    "D_mf_mean": 21.731270139111786,
    "D_mf_std": 9.803146940109466,
    "v0_mean_curve": [
      0.998723964691161,
      0.9981896489461262,
      0.9974648151397695,
      0.996492415110269,
      0.9952037563323985,
      0.9935215663909895,
      0.9913544076283765,
      0.9885934664408369,
      0.9851246846516911,
      0.9808144079844163,
      0.9755252742767345,
      0.9691090291341145,
      0.9614199784596753,
      0.952299793243408,
      0.9415935230255127,
      0.929164140701295,
      0.9148898315429688,
      0.8986559098561626,
      0.8803632291158036,
      0.8599415302276615,
      0.8373484439849843,
      0.8125863393147797,
      0.7856708755493153,
      0.7566546955108631,
      0.7256302789052332,
      0.6927385387420653,
      0.6581746266682946,
      0.6221230595906593,
      0.5848456306457517,
      0.5466307875315356,
      0.5078023433685297,
      0.4686760940551773,
      0.42963685989379913,
      0.39102805264790874,
      0.3532249762217209,
      0.31657084401448615,
      0.2814043318430582,
      0.248008227030436,
      0.21664383061726886,
      0.18749852180480975,
      0.160738975524902,
      0.13645291455586775,
      0.11467111015319832,
      0.09536472765604652,
      0.07846291542053227,
      0.06385482343037924,
      0.0513820196787516,
      0.040879755020141614,
      0.03214872042338057,
      0.024984421412150067,
      0.01918354860941569,
      0.014550174077351903,
      0.010900699615478517,
      0.00806520652770996,
      0.005892765045166018,
      0.004248645146687823,
      0.0030228239695231137,
      0.002122490564982099,
      0.001472090403238929,
      0.00100592867533366,
      0.00067767588297526
    ],