{
  "diagnostics": {
    "excess_kurt_x_obs": -0.018106968945049484,
    "imag_frac_nonzero_eps1e-12": 0.9937888198757764,
    "imag_max_abs": 0.015629336651666697,
    "skew_x_obs": 0.007117417373637479,
    "v1_delta_bandwidth_dnu": 0.10000000000000009,
    "v1_symmetry_corr": 0.9992965848794808,
    "verify_l2_from_curves": {
      "D0_match": true,
      "D0_recomputed": 0.0012209859040998748,
      "D0_reported": 0.0012209859040998748,
      "D1_match": true,
      "D1_recomputed": 18.97399778893054,
      "D1_reported": 18.97399778893054,
      "tol_abs": 1e-12,
      "tol_rel": 1e-10,
      "verify_dnu": 0.10000000000000009
    }
  },
  "hint": "This script compares observed morphology against phase-randomized surrogates that preserve |a_lm|. V0(nu) is excursion-set area fraction; V1(nu) is a perimeter proxy estimated from |\u2207x| in a nu-band. Distances D0 and D1 are L2 distances (sqrt(sum((a-b)^2)*dnu)) to surrogate-mean curves. D_mf combines them as sqrt(D0^2 + D1^2). Z_mf is the scale-free combined z-distance.",
  "kind": "planck_pr3_lensing_phi_topology_mf_v0_v1",
  "lmax": 320,
  "metric": "Minkowski-style morphology: V0(area) + V1(perimeter proxy) vs phase-random surrogates",
  "n_sims": 2000,
  "nside": 256,
  "observed": {
    "D0_L2": 0.0012209859040998748,
    "D0_sum_sq_legacy": 1.4908065780105872e-05,
    "D1_L2": 18.97399778893054,
    "D1_sum_sq_legacy": 3600.125920943407,
    "D_mf": 18.973997828216056,
    "Z0": 0.9270897103434302,
    "Z1": -0.48847250547509974,
    "Z_mf": 1.0479030106025016,
    "map_mean": -2.2799237783434578e-08,
    "map_std": 0.05908007454992595,
    "v0_curve": [
      0.9986991882324219,
      0.9982045491536459,
      0.9975611368815104,
      0.9966201782226562,
      0.9954833984375,
      0.9939435323079427,
      0.9919865926106771,
      0.9894269307454427,
      0.9862772623697916,
      0.9822603861490885,
      0.9774347941080729,
      0.9716644287109375,
      0.9645334879557291,
      0.9559415181477865,
      0.945715586344401,
      0.9337692260742188,
      0.9196268717447916,
      0.9035199483235677,
      0.8851954142252604,
      0.8644828796386719,
      0.8411051432291666,
      0.815436045328776,
      0.7875620524088541,
      0.7572313944498698,
      0.7249501546223959,
      0.6909205118815104,
      0.6543769836425781,
      0.6169001261393229,
      0.5782521565755209,
      0.5389251708984375,
      0.4991900126139323,
      0.45925649007161456,
      0.41975657145182294,
      0.38118743896484375,
      0.34399668375651044,
      0.3077125549316406,
      0.2739423116048177,
      0.24215316772460938,
      0.21235148111979166,
      0.18498865763346353,
      0.159820556640625,
      0.13667678833007812,
      0.11598459879557292,
      0.09749984741210938,
      0.08115895589192708,
      0.06721242268880208,
      0.055132548014322914,
      0.044817606608072914,
      0.03623072306315104,
      0.02899169921875,
      0.023030598958333332,
      0.018052419026692707,
      0.014041900634765625,
      0.010822296142578125,
      0.008209228515625,
      0.006200154622395833,
      0.00457000732421875,
      0.00337982177734375,
      0.00244140625,
      0.0017712910970052083,
      0.0012524922688802083
    ],
    "v1_curve": [
      14.660092345809412,
      19.515900121552054,
      28.98951044441897,
      36.55371063433591,
      48.03120610330295,
      57.832304878454025,
      77.89077757382483,
      94.84897835334866,
      118.59385091476456,
      150.8162539721929,
      174.1687441244949,
      219.63342167258668,
      267.606848307172,
      311.8287317540865,
      370.6921666201542,
      432.95622731163564,
      503.1521317208004,
      575.24715485345,
      666.5867031505405,
      734.3834417142194,
      835.6516708589791,
      902.4255124336479,
      989.3360329824849,
      1057.725833014341,
      1126.407268013287,
      1180.060484650852,
      1224.9477021773191,
      1280.2156487048233,
      1302.1420562714313,
      1306.4528443868778,
      1316.032144288786,
      1313.9764862843242,
      1292.2188702913402,
      1271.982986047566,
      1229.949867744075,
      1157.8461570747718,
      1079.677254514504,
      986.7566324470744,
      938.8080173551161,
      867.1473115974331,
      783.0992115726798,
      703.691131894652,
      627.4255685941158,
      558.1069454115844,
      480.9752540330175,
      408.3357107154267,
      354.04726775284155,
      293.81927367135455,
      248.25720356886367,
      211.17193951626967,
      176.1160337236482,
      139.11576291550634,
      111.0724405235768,
      89.675075820886,
      69.61349881715596,
      54.65819070590653,
      41.92486794193163,
      33.46304744871473,
      24.77866314369851,
      18.131545697311687,
      12.64001032211018
    ]
  },
  "p_high": 0.1619190404797601,
  "p_high_mf": 0.670664667666167,
  "p_low": 0.8385807096451774,
  "p_low_mf": 0.32983508245877063,
  "p_two_sided": 0.3238380809595202,
  "p_two_sided_mf": 0.6596701649175413,
  "provenance": {
    "dat_url": "GAUSSIAN_CONTROL_FROM: https://github.com/gradient-pulse/phi-mesh/releases/download/data-2026-02-15-planck-lensing-R3/planck_pr3_lensing_mv_dat_klm.fits",
    "mf_url": "GAUSSIAN_CONTROL_MF_ZERO_FROM: https://github.com/gradient-pulse/phi-mesh/releases/download/data-2026-02-15-planck-lensing-R3/planck_pr3_lensing_mv_mf_klm.fits"
  },
  "seed": 731,
  "surrogate": {
    "D0_mean": 0.0008816838846284259,
    "D0_std": 0.0003659861776976881,
    "D1_mean": 20.2928346933914,
    "D1_std": 2.6999204452216357,
    "D_mf_mean": 20.29283471595106,
    "D_mf_std": 2.699920444414989,
    "v0_mean_curve": [
      0.9986615041097018,
      0.9981488577524834,
      0.9974633858998609,
      0.9965540313720712,
      0.995365064620972,
      0.9938200302124017,
      0.9918380552927648,
      0.9893174050649028,
      0.9861419359842942,
      0.982183985392254,
      0.97730149714152,
      0.9713343766530353,
      0.9641249243418393,
      0.9554897645314525,
      0.9452570470174166,
      0.9332440102895101,
      0.9192903734842955,
      0.9032377904256196,
      0.8849563026428222,
      0.8643469918568929,
      0.8413424650828049,
      0.8159252484639476,
      0.7881129226684563,
      0.7579886849721288,
      0.7256840794881183,
      0.6913784936269121,
      0.6553226470947257,
      0.6177910811106364,
      0.5791336345672605,
      0.539697627385457,
      0.49987055587768503,
      0.46003616523742646,
      0.4206067619323729,
      0.38196264839172295,
      0.34446520169576017,
      0.3084459234873456,
      0.27418234189351387,
      0.24190908368428554,
      0.21182392756144178,
      0.18404448890686043,
      0.1586576722462969,
      0.1356809781392416,
      0.11510354804992655,
      0.0968483721415203,
      0.08081527646382648,
      0.06687146759033194,
      0.054866511662801105,
      0.04463360659281414,
      0.03599602063496908,
      0.02877877998352046,
      0.0228081830342611,
      0.017917343775431305,
      0.013949780782063784,
      0.01076328722635905,
      0.008228226343790699,
      0.006235444386800124,
      0.004682599385579425,
      0.0034849478403727154,
      0.00256978861490885,
      0.0018770612080891947,
      0.0013586858113606788
    ],