{
  "diagnostics": {
    "excess_kurt_x_obs": 0.5028427554886421,
    "imag_frac_nonzero_eps1e-12": 0.9846153846153847,
    "imag_max_abs": 0.022734443026173338,
    "skew_x_obs": -0.5819669650749136,
    "v1_delta_bandwidth_dnu": 0.10000000000000009,
    "v1_symmetry_corr": 0.9614246841338444,
    "verify_l2_from_curves": {
      "D0_match": true,
      "D0_recomputed": 0.04527205288795659,
      "D0_reported": 0.04527205288795659,
      "D1_match": true,
      "D1_recomputed": 49.458523301222385,
      "D1_reported": 49.458523301222385,
      "tol_abs": 1e-12,
      "tol_rel": 1e-10,
      "verify_dnu": 0.10000000000000009
    }
  },
  "hint": "This script compares observed morphology against phase-randomized surrogates that preserve |a_lm|. V0(nu) is excursion-set area fraction; V1(nu) is a perimeter proxy estimated from |\u2207x| in a nu-band. Distances D0 and D1 are L2 distances (sqrt(sum((a-b)^2)*dnu)) to surrogate-mean curves. D_mf combines them as sqrt(D0^2 + D1^2). Z_mf is the scale-free combined z-distance.",
  "kind": "planck_pr3_lensing_phi_topology_mf_v0_v1",
  "lmax": 128,
  "metric": "Minkowski-style morphology: V0(area) + V1(perimeter proxy) vs phase-random surrogates",
  "n_sims": 2000,
  "nside": 256,
  "observed": {
    "D0_L2": 0.04527205288795659,
    "D0_sum_sq_legacy": 0.020495587726899366,
    "D1_L2": 49.458523301222385,
    "D1_sum_sq_legacy": 24461.455271375555,
    "D_mf": 49.45854402119345,
    "Z0": 2.727552837049636,
    "Z1": 2.2582702556703724,
    "Z_mf": 3.5410915021421077,
    "map_mean": -2.5556852015015907e-08,
    "map_std": 0.03493561831172108,
    "v0_curve": [
      0.9934171040852865,
      0.9916712443033854,
      0.989709218343099,
      0.9874114990234375,
      0.9847157796223959,
      0.9816627502441406,
      0.9782307942708334,
      0.9743220011393229,
      0.969818115234375,
      0.9648513793945312,
      0.9591267903645834,
      0.9528338114420573,
      0.9457270304361979,
      0.9380823771158854,
      0.929589589436849,
      0.9201405843098959,
      0.909271240234375,
      0.8973859151204427,
      0.883599599202474,
      0.8680585225423177,
      0.8503328959147135,
      0.8301506042480469,
      0.8074353535970052,
      0.7824249267578125,
      0.7552642822265625,
      0.7260144551595052,
      0.6936721801757812,
      0.6590474446614584,
      0.6222546895345052,
      0.5831680297851562,
      0.5425427754720052,
      0.5004310607910156,
      0.4574139912923177,
      0.4135284423828125,
      0.3699302673339844,
      0.32755152384440106,
      0.28691864013671875,
      0.24765650431315103,
      0.2110722859700521,
      0.17740249633789062,
      0.14685440063476562,
      0.1197662353515625,
      0.09621047973632812,
      0.07595189412434895,
      0.05876922607421875,
      0.044705708821614586,
      0.033444722493489586,
      0.024645487467447918,
      0.017710367838541668,
      0.0124053955078125,
      0.008408864339192709,
      0.00562286376953125,
      0.003772735595703125,
      0.0025011698404947915,
      0.0016530354817708333,
      0.001041412353515625,
      0.0006701151529947916,
      0.0003941853841145833,
      0.0001983642578125,
      0.00010426839192708333,
      4.9591064453125e-05
    ],
    "v1_curve": [
      11.454390277952259,
      12.98359024475576,
      15.257025213158126,
      17.645273294152588,
      20.318053424996094,
      23.1027790447523,
      26.41235120600538,
      30.354063082351498,
      33.39874688502722,
      38.23958313433502,
      41.55664321848187,
      46.438435287511304,
      52.92753561881565,
      57.626625334161425,
      64.2154725291342,
      71.84593373325472,
      81.99918412479497,
      91.33890445861554,
      105.57002247483567,
      116.818475845051,
      134.97614742334136,
      151.37516167813487,
      169.80029278576623,
      188.89616645110448,
      208.6502518536642,
      228.04125668939656,
      246.67727886947745,
      271.00801736889355,
      283.7069045874348,
      301.3841970885946,
      315.6220969618638,
      330.45947949889137,
      330.8634713492102,
      339.22994817519,
      335.9587653407646,
      333.7238227327219,
      320.931397989037,
      310.93988289967507,
      294.6890760189592,
      268.1598903719263,
      243.70717887210273,
      209.44543203944997,
      182.68317230235883,
      153.55472402045245,
      129.2060122441807,
      105.3712729534134,
      81.94708355911827,
      66.24911313519327,
      50.330382177701594,
      36.463167881347815,
      25.810524637877055,
      17.52854847403001,
      11.127915085540321,
      7.799484783083688,
      5.411965093409857,
      3.4811496631802505,
      2.668460057014679,
      1.3913156470711094,
      1.0104066720749765,
      0.4261953117563118,
      0.17613423252692992
    ]
  },
  "p_high": 0.01649175412293853,
  "p_high_mf": 0.03398300849575212,
  "p_low": 0.984007996001999,
  "p_low_mf": 0.9665167416291854,
  "p_two_sided": 0.03298350824587706,
  "p_two_sided_mf": 0.06796601699150424,
  "provenance": {
    "dat_url": "GAUSSIAN_CONTROL_FROM: https://github.com/gradient-pulse/phi-mesh/releases/download/data-2026-02-15-planck-lensing-R3/planck_pr3_lensing_mv_dat_klm.fits",
    "mf_url": "GAUSSIAN_CONTROL_MF_ZERO_FROM: https://github.com/gradient-pulse/phi-mesh/releases/download/data-2026-02-15-planck-lensing-R3/planck_pr3_lensing_mv_mf_klm.fits"
  },
  "seed": 731,
  "surrogate": {
    "D0_mean": 0.017172860302828205,
    "D0_std": 0.01030197919667909,
    "D1_mean": 23.485244700718226,
    "D1_std": 11.501404021634219,
    "D_mf_mean": 23.485251385997444,
    "D_mf_std": 11.501407804539943,
    "v0_mean_curve": [
      0.9987499262491872,
      0.998225108464557,
      0.9975126241048177,
      0.9965587253570566,
      0.9952957299550369,
      0.993648183822633,
      0.9915269056955966,
      0.9888250179290774,
      0.9854278418223071,
      0.9812024796803772,
      0.9760135275522875,
      0.9697102235158298,
      0.9621363309224451,
      0.9531364116668704,
      0.9425447724660247,
      0.9302181599934894,
      0.9160027529398611,
      0.8997905693054201,
      0.8814719244639082,
      0.8609600276947019,
      0.8382157478332519,
      0.8132303473154698,
      0.786019752502442,
      0.7566598485310873,
      0.7252717603047688,
      0.6920062084197998,
      0.6570579408009853,
      0.6206545015970862,
      0.5830618597666426,
      0.5445906168619788,
      0.5055902462005608,
      0.4663930670420333,
      0.42735200182596844,
      0.3888357575734458,
      0.35118996111551887,
      0.3147639726003011,
      0.27987963867187515,
      0.24681175041198708,
      0.21579377492268906,
      0.18701522318522137,
      0.16059861183166493,
      0.13662114715576143,
      0.11511266263326031,
      0.09603513781229661,
      0.07930738449096673,
      0.06481006431579592,
      0.05240096918741868,
      0.04191054662068677,
      0.03315216636657715,
      0.025929400126139306,
      0.020054611841837596,
      0.015331982930501298,
      0.011580927530924484,
      0.008640228271484376,
      0.006368644078572584,
      0.004636487325032558,
      0.003333139419555659,
      0.002363866170247393,
      0.0016557445526123068,
      0.001144372940063476,
      0.0007794246673583993
    ],