{
  "diagnostics": {
    "excess_kurt_x_obs": -0.053920690147036154,
    "imag_frac_nonzero_eps1e-12": 0.9846153846153847,
    "imag_max_abs": 0.008217042824978708,
    "skew_x_obs": -0.0013247191660836304,
    "v1_delta_bandwidth_dnu": 0.10000000000000009,
    "v1_symmetry_corr": 0.9989913323367372,
    "verify_l2_from_curves": {
      "D0_match": true,
      "D0_recomputed": 0.0019309295067109211,
      "D0_reported": 0.0019309295067109211,
      "D1_match": true,
      "D1_recomputed": 7.52703986179164,
      "D1_reported": 7.52703986179164,
      "tol_abs": 1e-12,
      "tol_rel": 1e-10,
      "verify_dnu": 0.10000000000000009
    }
  },
  "hint": "This script compares observed morphology against phase-randomized surrogates that preserve |a_lm|. V0(nu) is excursion-set area fraction; V1(nu) is a perimeter proxy estimated from |\u2207x| in a nu-band. Distances D0 and D1 are L2 distances (sqrt(sum((a-b)^2)*dnu)) to surrogate-mean curves. D_mf combines them as sqrt(D0^2 + D1^2). Z_mf is the scale-free combined z-distance.",
  "kind": "planck_pr3_lensing_phi_topology_mf_v0_v1",
  "lmax": 128,
  "metric": "Minkowski-style morphology: V0(area) + V1(perimeter proxy) vs phase-random surrogates",
  "n_sims": 2000,
  "nside": 256,
  "observed": {
    "D0_L2": 0.0019309295067109211,
    "D0_sum_sq_legacy": 3.728488759886878e-05,
    "D1_L2": 7.52703986179164,
    "D1_sum_sq_legacy": 566.5632908100026,
    "D_mf": 7.527040109464615,
    "Z0": -0.9706791465373558,
    "Z1": -0.8551920897318058,
    "Z_mf": 1.2936659212726995,
    "map_mean": -2.0892723337950954e-08,
    "map_std": 0.026951514769944868,
    "v0_curve": [
      0.998755137125651,
      0.9981867472330729,
      0.9975789388020834,
      0.9966748555501302,
      0.9954795837402344,
      0.9939282735188802,
      0.9919026692708334,
      0.9894294738769531,
      0.9862810770670573,
      0.9823799133300781,
      0.9775848388671875,
      0.9715092976888021,
      0.9642613728841146,
      0.955682118733724,
      0.945336659749349,
      0.933282216389974,
      0.9191373189290365,
      0.9024810791015625,
      0.8837369283040365,
      0.8629709879557291,
      0.8397191365559896,
      0.8142064412434896,
      0.7863146464029948,
      0.756439208984375,
      0.7241846720377604,
      0.6904614766438802,
      0.6545689900716146,
      0.617376963297526,
      0.5792655944824219,
      0.5400950113932291,
      0.5001881917317709,
      0.4609031677246094,
      0.42186864217122394,
      0.38383229573567706,
      0.3468335469563802,
      0.3107465108235677,
      0.2760785420735677,
      0.24341710408528647,
      0.2131983439127604,
      0.18457539876302084,
      0.1585718790690104,
      0.13544082641601562,
      0.11496607462565105,
      0.09679667154947917,
      0.0807037353515625,
      0.0668792724609375,
      0.0548095703125,
      0.044460296630859375,
      0.035687764485677086,
      0.028422037760416668,
      0.022449493408203125,
      0.017645517985026043,
      0.013743082682291666,
      0.010725657145182291,
      0.008126576741536459,
      0.006211598714192708,
      0.00463104248046875,
      0.003360748291015625,
      0.0023943583170572915,
      0.0016619364420572917,
      0.0011469523111979167
    ],
    "v1_curve": [
      4.289730064423748,
      6.082495003024403,
      7.552494265694246,
      10.719895966030201,
      13.192284165173863,
      17.938671925981485,
      22.30283046422912,
      28.07429717351613,
      36.19780576315227,
      41.58760808242686,
      53.63535895564237,
      65.17289582473947,
      78.4256307211434,
      91.6764386280392,
      110.00535793915097,
      125.50278235208204,
      147.1734859926896,
      167.4695493984147,
      190.17247423524842,
      215.23101966089658,
      236.878557742377,
      259.4790696355027,
      280.4349493732251,
      302.3221632767651,
      325.741943980307,
      342.8933544652952,
      361.33295253033344,
      373.58138017511845,
      384.63652895119054,
      393.7225092349074,
      394.6610520078851,
      400.5698776933709,
      393.38101749513385,
      382.31533602083334,
      364.93702013868176,
      357.9750720197529,
      341.08233291834847,
      327.7890644779935,
      300.0345895763142,
      284.46791108724585,
      261.14791211733035,
      233.13101848342245,
      204.36559210123394,
      185.90053414649822,
      161.8486919843637,
      134.4225811504521,
      116.20100425040378,
      98.61213546325288,
      85.83147502422231,
      70.32070739443883,
      57.67534477546525,
      46.43643739192358,
      38.12569091765363,
      31.145481325320347,
      21.990245798949378,
      18.475499881779765,
      13.468005034424044,
      10.572440506848407,
      7.3859072269698265,
      5.449178632243814,
      4.245905731310156
    ]
  },
  "p_high": 0.8430784607696152,
  "p_high_mf": 0.7996001999000499,
  "p_low": 0.15742128935532235,
  "p_low_mf": 0.20089955022488756,
  "p_two_sided": 0.3148425787106447,
  "p_two_sided_mf": 0.4017991004497751,
  "provenance": {
    "dat_url": "GAUSSIAN_CONTROL_FROM: https://github.com/gradient-pulse/phi-mesh/releases/download/data-2026-02-15-planck-lensing-R3/planck_pr3_lensing_mv_dat_klm.fits",
    "mf_url": "GAUSSIAN_CONTROL_MF_ZERO_FROM: https://github.com/gradient-pulse/phi-mesh/releases/download/data-2026-02-15-planck-lensing-R3/planck_pr3_lensing_mv_mf_klm.fits"
  },
  "seed": 731,
  "surrogate": {
    "D0_mean": 0.004013105408160599,
    "D0_std": 0.0021450712203690547,
    "D1_mean": 9.913227787571602,
    "D1_std": 2.79023619889689,
    "D_mf_mean": 9.913228722320405,
    "D_mf_std": 2.7902365881783546,
    "v0_mean_curve": [
      0.998594451268514,
      0.9980621026357033,
      0.9973527946472172,
      0.9964157129923518,
      0.9951921297709133,
      0.9936085421244315,
      0.9915848261515299,
      0.9890220508575451,
      0.9858011131286625,
      0.9818010164896643,
      0.9768694171905501,
      0.9708609466552718,
      0.9636097590128594,
      0.9549456132253015,
      0.94469286664327,
      0.9326792799631745,
      0.9187449544270844,
      0.9027396691640213,
      0.8845255813598648,
      0.8640183238983179,
      0.8411319109598787,
      0.8158477929433202,
      0.7881914768218998,
      0.7582388515472419,
      0.726104140599569,
      0.6919748179117841,
      0.6560863272349055,
      0.6187161471048985,
      0.580183178583781,
      0.5408403568267813,
      0.5010768903096515,
      0.4612927538553873,
      0.42186520767211916,
      0.3831827379862477,
      0.3455916366577154,
      0.30944615872701076,
      0.2750368156433103,
      0.2426036364237462,
      0.21234407615661624,
      0.18439221890767454,
      0.15883349291483564,
      0.1356985111236572,
      0.11496651204427073,
      0.09657608668009438,
      0.08043825213114418,
      0.0664118734995524,
      0.05434969139099132,
      0.044085098902384566,
      0.03543529256184899,
      0.02822403907775879,
      0.022271315892537467,
      0.017412950515747084,
      0.013483750661214171,
      0.010342896143595385,
      0.007856994628906244,
      0.005911130905151368,
      0.004403661092122397,
      0.0032487487792968736,
      0.002373421986897785,
      0.0017172940572102878,
      0.0012307351430257173
    ],