{
  "diagnostics": {
    "excess_kurt_x_obs": 0.054562428501990556,
    "imag_frac_nonzero_eps1e-12": 0.9896907216494846,
    "imag_max_abs": 0.027662952199892777,
    "skew_x_obs": 0.01931714411251993,
    "v1_delta_bandwidth_dnu": 0.10000000000000009,
    "v1_symmetry_corr": 0.9997454131466845,
    "verify_l2_from_curves": {
      "D0_match": true,
      "D0_recomputed": 0.003251175936864482,
      "D0_reported": 0.003251175936864482,
      "D1_match": true,
      "D1_recomputed": 20.826089007014133,
      "D1_reported": 20.826089007014133,
      "tol_abs": 1e-12,
      "tol_rel": 1e-10,
      "verify_dnu": 0.10000000000000009
    }
  },
  "hint": "This script compares observed morphology against phase-randomized surrogates that preserve |a_lm|. V0(nu) is excursion-set area fraction; V1(nu) is a perimeter proxy estimated from |\u2207x| in a nu-band. Distances D0 and D1 are L2 distances (sqrt(sum((a-b)^2)*dnu)) to surrogate-mean curves. D_mf combines them as sqrt(D0^2 + D1^2). Z_mf is the scale-free combined z-distance.",
  "kind": "planck_pr3_lensing_phi_topology_mf_v0_v1",
  "lmax": 192,
  "metric": "Minkowski-style morphology: V0(area) + V1(perimeter proxy) vs phase-random surrogates",
  "n_sims": 2000,
  "nside": 256,
  "observed": {
    "D0_L2": 0.003251175936864482,
    "D0_sum_sq_legacy": 0.00010570144972446632,
    "D1_L2": 20.826089007014133,
    "D1_sum_sq_legacy": 4337.259833280745,
    "D_mf": 20.826089260785853,
    "Z0": -0.6892643516468708,
    "Z1": 0.5395740535587903,
    "Z_mf": 0.875343078869677,
    "map_mean": -1.2418238080208477e-08,
    "map_std": 0.03953247967404017,
    "v0_curve": [
      0.9986572265625,
      0.9981231689453125,
      0.997442881266276,
      0.9965044657389323,
      0.9952901204427084,
      0.9937642415364584,
      0.9918060302734375,
      0.9892387390136719,
      0.9860674540201823,
      0.9820836385091146,
      0.9772313435872396,
      0.9713643391927084,
      0.9642524719238281,
      0.9557660420735677,
      0.9458236694335938,
      0.9340845743815104,
      0.9204012552897135,
      0.9043095906575521,
      0.8860918680826823,
      0.8653895060221354,
      0.8424453735351562,
      0.8168411254882812,
      0.7889785766601562,
      0.7586860656738281,
      0.7260271708170573,
      0.6915550231933594,
      0.655676523844401,
      0.6179618835449219,
      0.5789502461751302,
      0.5389010111490885,
      0.49867884318033856,
      0.4588788350423177,
      0.41922251383463544,
      0.3805999755859375,
      0.3430442810058594,
      0.3069661458333333,
      0.2725410461425781,
      0.24053827921549478,
      0.21048100789388022,
      0.1830469767252604,
      0.15762964884440103,
      0.1350250244140625,
      0.11462656656901042,
      0.09637959798177083,
      0.0804430643717448,
      0.06664276123046875,
      0.05474090576171875,
      0.044603983561197914,
      0.036115010579427086,
      0.029059092203776043,
      0.023162841796875,
      0.018407185872395832,
      0.014522552490234375,
      0.011389414469401041,
      0.008855183919270834,
      0.006861368815104167,
      0.005340576171875,
      0.004108428955078125,
      0.0031331380208333335,
      0.0023409525553385415,
      0.0017636617024739583
    ],
    "v1_curve": [
      6.287527965390535,
      8.188575379945933,
      10.5934594162191,
      14.749581821373791,
      19.5415257583983,
      23.93137752736653,
      31.093248872747722,
      38.66795205032222,
      49.716922945327966,
      60.13659618462041,
      77.60722033557884,
      89.57718262185881,
      115.78612419104891,
      130.0907356946195,
      156.94947174403237,
      186.84930218321236,
      217.51099636425838,
      252.4761202450634,
      285.5291307436846,
      324.06891928399637,
      370.5763588713711,
      418.8372691095141,
      443.1590309456154,
      490.2967478118181,
      528.0205295454307,
      560.3090306615615,
      573.648605551487,
      614.0678851387584,
      639.3783329692183,
      646.8740845763355,
      631.7601886140516,
      639.1065619993101,
      628.5758838841251,
      608.8777567563001,
      580.8740629364931,
      558.5449139084124,
      533.9561798245746,
      478.86494122052994,
      453.92903149524966,
      416.8362178230483,
      365.0123548295006,
      326.1895339876606,
      292.9157721507609,
      253.71785201050244,
      220.4342243839158,
      182.22550762867633,
      157.07656237288714,
      132.89956578835879,
      109.25643367135375,
      91.60740467336326,
      71.1152128337337,
      61.771429672037996,
      47.739722158166394,
      37.12164044114209,
      30.495541523282874,
      22.901990183126145,
      18.540979970147607,
      14.908803905033576,
      11.229533054860402,
      9.372127001650178,
      6.697287028903347
    ]
  },
  "p_high": 0.7211394302848576,
  "p_high_mf": 0.24587706146926536,
  "p_low": 0.27936031984008,
  "p_low_mf": 0.7546226886556722,
  "p_two_sided": 0.55872063968016,
  "p_two_sided_mf": 0.4917541229385307,
  "provenance": {
    "dat_url": "GAUSSIAN_CONTROL_FROM: https://github.com/gradient-pulse/phi-mesh/releases/download/data-2026-02-15-planck-lensing-R3/planck_pr3_lensing_mv_dat_klm.fits",
    "mf_url": "GAUSSIAN_CONTROL_MF_ZERO_FROM: https://github.com/gradient-pulse/phi-mesh/releases/download/data-2026-02-15-planck-lensing-R3/planck_pr3_lensing_mv_mf_klm.fits"
  },
  "seed": 731,
  "surrogate": {
    "D0_mean": 0.0055151947190443685,
    "D0_std": 0.003284688634731259,
    "D1_mean": 17.365496645377025,
    "D1_std": 6.413563326132125,
    "D_mf_mean": 17.365497606599668,
    "D_mf_std": 6.4135639358438565,
    "v0_mean_curve": [
      0.9986323998769115,
      0.9981042817433669,
      0.9973986066182454,
      0.9964650866190579,
      0.9952425746917726,
      0.9936601454416922,
      0.991633450190226,
      0.9890605169932033,
      0.9858294537862141,
      0.9818154271443688,
      0.9768724161783839,
      0.970844046910603,
      0.9635762017567938,
      0.9548887990315769,
      0.9446186625162775,
      0.9325842755635558,
      0.9186287905375174,
      0.9025956630706775,
      0.8843641262054449,
      0.8638264134724918,
      0.8409262129465719,
      0.8156361153920503,
      0.7879773521423349,
      0.7580342693328846,
      0.7259217542012524,
      0.6918152853647875,
      0.6559529895782474,
      0.618619714101155,
      0.580126305262249,
      0.5408366483052577,
      0.5011219393412264,
      0.46137930043538455,
      0.4219977232615148,
      0.38335753186543786,
      0.34581380971272835,
      0.30969564374287956,
      0.27530513064066603,
      0.24286724535624168,
      0.2125961329142251,
      0.1846387952168781,
      0.15905616505940753,
      0.13588779894510916,
      0.11512130673726412,
      0.09669654528299965,
      0.08052965545654305,
      0.06646900812784823,
      0.05437781333923341,
      0.044078739802042646,
      0.035405900955200194,
      0.028172266642252655,
      0.022205620447794616,
      0.01733545112609863,
      0.013401288986206059,
      0.01025783983866376,
      0.007772770563761408,
      0.005830999374389653,
      0.0043292776743570965,
      0.003182175318400059,
      0.0023159020741780616,
      0.0016657873789469404,
      0.0011865698496500666
    ],