{
  "diagnostics": {
    "excess_kurt_x_obs": -0.13555898629522867,
    "imag_frac_nonzero_eps1e-12": 0.9846153846153847,
    "imag_max_abs": 0.020534416923230027,
    "skew_x_obs": 0.05525027477437219,
    "v1_delta_bandwidth_dnu": 0.10000000000000009,
    "v1_symmetry_corr": 0.9968517312796619,
    "verify_l2_from_curves": {
      "D0_match": true,
      "D0_recomputed": 0.005975948938080907,
      "D0_reported": 0.005975948938080907,
      "D1_match": true,
      "D1_recomputed": 12.80051847993261,
      "D1_reported": 12.80051847993261,
      "tol_abs": 1e-12,
      "tol_rel": 1e-10,
      "verify_dnu": 0.10000000000000009
    }
  },
  "hint": "This script compares observed morphology against phase-randomized surrogates that preserve |a_lm|. V0(nu) is excursion-set area fraction; V1(nu) is a perimeter proxy estimated from |\u2207x| in a nu-band. Distances D0 and D1 are L2 distances (sqrt(sum((a-b)^2)*dnu)) to surrogate-mean curves. D_mf combines them as sqrt(D0^2 + D1^2). Z_mf is the scale-free combined z-distance.",
  "kind": "planck_pr3_lensing_phi_topology_mf_v0_v1",
  "lmax": 128,
  "metric": "Minkowski-style morphology: V0(area) + V1(perimeter proxy) vs phase-random surrogates",
  "n_sims": 2000,
  "nside": 256,
  "observed": {
    "D0_L2": 0.005975948938080907,
    "D0_sum_sq_legacy": 0.0003571196571055029,
    "D1_L2": 12.80051847993261,
    "D1_sum_sq_legacy": 1638.5327335509612,
    "D_mf": 12.80051987487469,
    "Z0": -0.4385022777051499,
    "Z1": -0.1446429355580795,
    "Z_mf": 0.4617421643725675,
    "map_mean": 1.882604292481142e-08,
    "map_std": 0.030578934161343798,
    "v0_curve": [
      0.9992777506510416,
      0.99896240234375,
      0.9985542297363281,
      0.9979426066080729,
      0.9970690409342448,
      0.9957389831542969,
      0.9938748677571615,
      0.9915186564127604,
      0.9884592692057291,
      0.9845606486002604,
      0.9797770182291666,
      0.9736836751302084,
      0.9665031433105469,
      0.9577929178873698,
      0.947241465250651,
      0.9345779418945312,
      0.9197794596354166,
      0.9028333028157552,
      0.8837890625,
      0.862389882405599,
      0.8384793599446615,
      0.8121503194173177,
      0.7834993998209635,
      0.7521286010742188,
      0.7189292907714844,
      0.6841761271158854,
      0.6486651102701823,
      0.6117210388183594,
      0.5739631652832031,
      0.5354894002278646,
      0.4962870279947917,
      0.45704396565755206,
      0.4185600280761719,
      0.38092041015625,
      0.34419886271158856,
      0.3094126383463542,
      0.2762947082519531,
      0.24483871459960938,
      0.2153142293294271,
      0.18746312459309897,
      0.16187540690104166,
      0.13900883992513022,
      0.11804707845052083,
      0.0996716817220052,
      0.08351389567057292,
      0.0693066914876302,
      0.056789398193359375,
      0.04590733846028646,
      0.03703180948893229,
      0.029566446940104168,
      0.02349853515625,
      0.018315633138020832,
      0.014204661051432291,
      0.010962168375651041,
      0.008312225341796875,
      0.006231943766276042,
      0.004549662272135417,
      0.0033047993977864585,
      0.002361297607421875,
      0.0017064412434895833,
      0.001186370849609375
    ],
    "v1_curve": [
      2.333448328753759,
      3.392026593308691,
      4.4830479518906685,
      5.753669056284719,
      8.467449335014011,
      11.85109979186534,
      15.714567509671681,
      21.588543255232473,
      27.38290840261785,
      34.11909792546906,
      44.81517612842883,
      55.922322093995774,
      71.68353907768014,
      83.32205494846768,
      103.99194997556565,
      123.99644425068959,
      142.57330595165172,
      167.16904545584185,
      188.27242849716504,
      209.3638947599896,
      238.34432955614628,
      263.2006476569623,
      274.8471113959749,
      303.3147315285092,
      317.72101430540783,
      333.805542066008,
      339.3158837787925,
      343.97565361071105,
      360.27566227365276,
      354.31523731473607,
      352.92554958116074,
      341.67169296341154,
      338.18909213259406,
      320.1915854536298,
      308.3285034272381,
      288.5738172059194,
      275.028894063478,
      259.5282873795389,
      237.6469270978403,
      218.4416604065226,
      198.0152875769735,
      179.39228707489073,
      160.09626347334438,
      139.14765176682468,
      124.77633910127922,
      108.00909546719814,
      94.85574069820514,
      79.45014353993024,
      66.1983389237502,
      57.49570163646817,
      46.699810335916496,
      39.1729220309593,
      30.297194626563982,
      24.784272463760185,
      20.19499939686876,
      15.827486582850078,
      12.237233527376452,
      9.430224456768034,
      6.603856203096143,
      4.942349340795674,
      3.8035590291621375
    ]
  },
  "p_high": 0.5977011494252874,
  "p_high_mf": 0.4827586206896552,
  "p_low": 0.4027986006996502,
  "p_low_mf": 0.5177411294352824,
  "p_two_sided": 0.8055972013993004,
  "p_two_sided_mf": 0.9655172413793104,
  "provenance": {
    "dat_url": "GAUSSIAN_CONTROL_FROM: https://github.com/gradient-pulse/phi-mesh/releases/download/data-2026-02-15-planck-lensing-R3/planck_pr3_lensing_mv_dat_klm.fits",
    "mf_url": "GAUSSIAN_CONTROL_MF_ZERO_FROM: https://github.com/gradient-pulse/phi-mesh/releases/download/data-2026-02-15-planck-lensing-R3/planck_pr3_lensing_mv_mf_klm.fits"
  },
  "seed": 731,
  "surrogate": {
    "D0_mean": 0.008069713443153128,
    "D0_std": 0.0047748087331032606,
    "D1_mean": 13.61445834322384,
    "D1_std": 5.627235510332981,
    "D_mf_mean": 13.614460968050727,
    "D_mf_std": 5.627236971502925,
    "v0_mean_curve": [
      0.9987907422383643,
      0.9983005339304605,
      0.9976374257405607,
      0.9967521953582783,
      0.9955828196207676,
      0.994055597305299,
      0.9920805727640767,
      0.9895561714172354,
      0.9863704172770171,
      0.9823859322865803,
      0.9774600283304855,
      0.971430831909178,
      0.9641367028554282,
      0.9553936487833654,
      0.9450339043935134,
      0.932881582260131,
      0.9187650604248031,
      0.9025556888580327,
      0.8841136830647789,
      0.8633503176371253,
      0.8402194620768221,
      0.8146947441101077,
      0.7868325932820637,
      0.7566919905344633,
      0.7244383716583244,
      0.6902546062469495,
      0.6543689257303874,
      0.6170789724985756,
      0.5787015317281087,
      0.5395808010101315,
      0.5000823580423994,
      0.46059014320373587,
      0.4214730167388918,
      0.38311742019653305,
      0.34585242080688516,
      0.30998862711588515,
      0.2758225765228276,
      0.24358118247985833,
      0.21345049222310394,
      0.18556455802917463,
      0.16002172533671064,
      0.1368461055755617,
      0.11603350321451826,
      0.09753726895650251,
      0.08125719261169427,
      0.06708819897969563,
      0.05488262939453131,
      0.04447351646423338,
      0.03569654846191403,
      0.0283677012125651,
      0.022316214243570956,
      0.01738138580322264,
      0.013398729960123694,
      0.010222092310587558,
      0.007709255854288719,
      0.00575127092997233,
      0.004241058349609383,
      0.0030933831532796215,
      0.0022306022644042966,
      0.0015890153249104822,
      0.0011191940307617196
    ],