{
  "diagnostics": {
    "excess_kurt_x_obs": -0.08521787237408285,
    "imag_frac_nonzero_eps1e-12": 0.9846153846153847,
    "imag_max_abs": 0.025339663332771056,
    "skew_x_obs": -0.004014637696472238,
    "v1_delta_bandwidth_dnu": 0.10000000000000009,
    "v1_symmetry_corr": 0.9927823327988983,
    "verify_l2_from_curves": {
      "D0_match": true,
      "D0_recomputed": 0.0032132642748488264,
      "D0_reported": 0.0032132642748488264,
      "D1_match": true,
      "D1_recomputed": 5.883661298976204,
      "D1_reported": 5.883661298976204,
      "tol_abs": 1e-12,
      "tol_rel": 1e-10,
      "verify_dnu": 0.10000000000000009
    }
  },
  "hint": "This script compares observed morphology against phase-randomized surrogates that preserve |a_lm|. V0(nu) is excursion-set area fraction; V1(nu) is a perimeter proxy estimated from |\u2207x| in a nu-band. Distances D0 and D1 are L2 distances (sqrt(sum((a-b)^2)*dnu)) to surrogate-mean curves. D_mf combines them as sqrt(D0^2 + D1^2). Z_mf is the scale-free combined z-distance.",
  "kind": "planck_pr3_lensing_phi_topology_mf_v0_v1",
  "lmax": 128,
  "metric": "Minkowski-style morphology: V0(area) + V1(perimeter proxy) vs phase-random surrogates",
  "n_sims": 2000,
  "nside": 256,
  "observed": {
    "D0_L2": 0.0032132642748488264,
    "D0_sum_sq_legacy": 0.00010325067300019743,
    "D1_L2": 5.883661298976204,
    "D1_sum_sq_legacy": 346.17470281070314,
    "D_mf": 5.8836621764117,
    "Z0": -1.3777991128750786,
    "Z1": -1.554634134891152,
    "Z_mf": 2.0773102052433368,
    "map_mean": 1.7139201362690915e-08,
    "map_std": 0.03218282053485144,
    "v0_curve": [
      0.9991124471028646,
      0.998687744140625,
      0.9980977376302084,
      0.9971974690755209,
      0.9959589640299479,
      0.9943046569824219,
      0.9921925862630209,
      0.9895947774251302,
      0.9863408406575521,
      0.982384999593099,
      0.9774271647135416,
      0.9710540771484375,
      0.963348388671875,
      0.9543355305989584,
      0.9436848958333334,
      0.9313837687174479,
      0.9173711140950521,
      0.9009208679199219,
      0.8824310302734375,
      0.8619550069173177,
      0.8395703633626302,
      0.8147900899251302,
      0.7877006530761719,
      0.7579116821289062,
      0.7253608703613281,
      0.6913706461588541,
      0.6556650797526041,
      0.6186319986979166,
      0.5803197224934896,
      0.5405896504720052,
      0.5005480448404948,
      0.4606895446777344,
      0.4208717346191406,
      0.38210169474283856,
      0.3448994954427083,
      0.30933888753255206,
      0.2757619222005208,
      0.24408467610677084,
      0.21437835693359375,
      0.18672688802083334,
      0.160980224609375,
      0.13768768310546875,
      0.11662673950195312,
      0.09771728515625,
      0.08096949259440105,
      0.06674575805664062,
      0.05442047119140625,
      0.044041951497395836,
      0.03523890177408854,
      0.027844746907552082,
      0.021854400634765625,
      0.016937255859375,
      0.012983957926432291,
      0.009977976481119791,
      0.0075836181640625,
      0.005732218424479167,
      0.004263559977213542,
      0.00318145751953125,
      0.00229644775390625,
      0.001659393310546875,
      0.001194000244140625
    ],
    "v1_curve": [
      3.1585444580866966,
      4.917440380012684,
      6.245406846084827,
      9.458081236737405,
      12.797896473292738,
      17.575714199246445,
      22.597791265580952,
      30.205157978754272,
      35.402177532889674,
      44.85064436958381,
      56.716809582624485,
      69.15250677809999,
      83.59347570179794,
      100.03324568395654,
      116.64495429169858,
      127.96867557826333,
      153.14662236070262,
      172.89040757111783,
      188.7007017824363,
      210.61556176223533,
      227.37176214463375,
      245.5330174793227,
      271.7598323259649,
      285.65227092277905,
      302.07020442118346,
      310.7467655867674,
      321.08183249290227,
      325.558343644515,
      328.82776736741044,
      331.4809228721345,
      324.71023242431824,
      316.476643172625,
      309.04048238798316,
      296.0385849127822,
      283.45417040425474,
      269.8629049063081,
      247.37086550548636,
      235.41885036542996,
      217.00144942987896,
      198.86426761023637,
      179.64997980055887,
      162.1135920576802,
      142.7393866864412,
      125.10399810997637,
      108.2812628271464,
      92.22019850760387,
      78.90445892102483,
      65.85768279306747,
      56.39533851444684,
      44.90222154109255,
      37.884532731911825,
      30.494827161010342,
      24.283571081479174,
      18.461173078048308,
      15.117396496939579,
      11.540375402390536,
      8.918028671118991,
      6.90588915033381,
      5.393619321673311,
      3.8165417124916723,
      2.766432536195272
    ]
  },
  "p_high": 0.9575212393803099,
  "p_high_mf": 0.9930034982508745,
  "p_low": 0.04297851074462768,
  "p_low_mf": 0.0074962518740629685,
  "p_two_sided": 0.08595702148925537,
  "p_two_sided_mf": 0.014992503748125937,
  "provenance": {
    "dat_url": "GAUSSIAN_CONTROL_FROM: https://github.com/gradient-pulse/phi-mesh/releases/download/data-2026-02-15-planck-lensing-R3/planck_pr3_lensing_mv_dat_klm.fits",
    "mf_url": "GAUSSIAN_CONTROL_MF_ZERO_FROM: https://github.com/gradient-pulse/phi-mesh/releases/download/data-2026-02-15-planck-lensing-R3/planck_pr3_lensing_mv_mf_klm.fits"
  },
  "seed": 731,
  "surrogate": {
    "D0_mean": 0.012532984360739111,
    "D0_std": 0.006764208220778031,
    "D1_mean": 20.218595115655678,
    "D1_std": 9.220776448269056,
    "D_mf_mean": 20.21859919373744,
    "D_mf_std": 9.220778504500649,
    "v0_mean_curve": [
      0.9985684121449775,
      0.9980134887695302,
      0.9972725639343254,
      0.9962932421366383,
      0.9950191968282056,
      0.9933754634857181,
      0.9912748419443776,
      0.9886211675008129,
      0.9853051929473885,
      0.9811988836924239,
      0.9761652361551927,
      0.9700492471059162,
      0.9626982631683348,
      0.9539523811340325,
      0.9436389389038089,
      0.9315963319142658,
      0.9176612148284902,
      0.9016946748097742,
      0.8835734513600669,
      0.8631859747568764,
      0.8404796924591063,
      0.8154324563344327,
      0.7880521456400551,
      0.7584000180562341,
      0.7265891437530503,
      0.6927868378957115,
      0.6572260907491042,
      0.6201657619476323,
      0.581914230982462,
      0.5428022734324144,
      0.5032113119761147,
      0.46351361465454105,
      0.42410340054829937,
      0.38535904184977104,
      0.34763733418782533,
      0.31130315272013326,
      0.2766596043904624,
      0.24394289398193358,
      0.21337480481465626,
      0.18510691070556623,
      0.1592292079925538,
      0.13579332033793146,
      0.11478377532959,
      0.09615345064798993,
      0.07981466229756662,
      0.06563356145222993,
      0.0534599939982097,
      0.04312856165568025,
      0.03445437685648598,
      0.02724839337666828,
      0.02133644294738769,
      0.016537804921468106,
      0.012686874389648453,
      0.009631516774495438,
      0.007236675898234064,
      0.00537826347351073,
      0.003953325271606451,
      0.0028732089996337863,
      0.00206501070658366,
      0.001466744105021161,
      0.001029223124186198
    ],