{
  "diagnostics": {
    "excess_kurt_x_obs": -0.14892965017283855,
    "imag_frac_nonzero_eps1e-12": 0.9896907216494846,
    "imag_max_abs": 0.0050463026842661445,
    "skew_x_obs": -0.04823275358037408,
    "v1_delta_bandwidth_dnu": 0.10000000000000009,
    "v1_symmetry_corr": 0.9877540766272036,
    "verify_l2_from_curves": {
      "D0_match": true,
      "D0_recomputed": 0.0032177503436146672,
      "D0_reported": 0.0032177503436146672,
      "D1_match": true,
      "D1_recomputed": 10.054108902406368,
      "D1_reported": 10.054108902406368,
      "tol_abs": 1e-12,
      "tol_rel": 1e-10,
      "verify_dnu": 0.10000000000000009
    }
  },
  "hint": "This script compares observed morphology against phase-randomized surrogates that preserve |a_lm|. V0(nu) is excursion-set area fraction; V1(nu) is a perimeter proxy estimated from |\u2207x| in a nu-band. Distances D0 and D1 are L2 distances (sqrt(sum((a-b)^2)*dnu)) to surrogate-mean curves. D_mf combines them as sqrt(D0^2 + D1^2). Z_mf is the scale-free combined z-distance.",
  "kind": "planck_pr3_lensing_phi_topology_mf_v0_v1",
  "lmax": 192,
  "metric": "Minkowski-style morphology: V0(area) + V1(perimeter proxy) vs phase-random surrogates",
  "n_sims": 2000,
  "nside": 256,
  "observed": {
    "D0_L2": 0.0032177503436146672,
    "D0_sum_sq_legacy": 0.000103539172738323,
    "D1_L2": 10.054108902406368,
    "D1_sum_sq_legacy": 1010.8510582144687,
    "D_mf": 10.054109417316099,
    "Z0": 1.10120331562332,
    "Z1": -0.6068735454328562,
    "Z_mf": 1.2573560523916996,
    "map_mean": 3.355289220711063e-08,
    "map_std": 0.04033241433562513,
    "v0_curve": [
      0.9989954630533854,
      0.9985529581705729,
      0.9980189005533854,
      0.9971961975097656,
      0.9960645039876302,
      0.9945780436197916,
      0.992577870686849,
      0.9899381001790365,
      0.9866294860839844,
      0.982391357421875,
      0.9771067301432291,
      0.9705187479654948,
      0.9625473022460938,
      0.9529215494791666,
      0.9419695536295573,
      0.929168701171875,
      0.9146194458007812,
      0.8980967203776041,
      0.8791338602701823,
      0.8584912618001302,
      0.8358306884765625,
      0.8107147216796875,
      0.7837549845377604,
      0.7548383076985677,
      0.724188486735026,
      0.6915855407714844,
      0.6570281982421875,
      0.6208279927571615,
      0.5835965474446615,
      0.5453656514485677,
      0.5067100524902344,
      0.46777598063151044,
      0.42884190877278644,
      0.39011255900065106,
      0.3523267110188802,
      0.31539154052734375,
      0.2801615397135417,
      0.2470728556315104,
      0.21577835083007812,
      0.18691507975260416,
      0.16049067179361978,
      0.13609441121419272,
      0.11454137166341145,
      0.09531911214192708,
      0.07884979248046875,
      0.0645904541015625,
      0.052280426025390625,
      0.042049407958984375,
      0.03350957234700521,
      0.026261647542317707,
      0.020318349202473957,
      0.015658060709635418,
      0.01181793212890625,
      0.008944193522135416,
      0.006529490152994792,
      0.004805246988932292,
      0.0034459431966145835,
      0.0024706522623697915,
      0.0017306009928385417,
      0.0012385050455729167,
      0.0008392333984375
    ],
    "v1_curve": [
      3.8682690865672247,
      5.057449594132934,
      7.630213540014777,
      10.058343093992965,
      14.09775579665601,
      18.896236270346368,
      24.204203260011163,
      31.73775767033227,
      40.52517652951678,
      52.63347937049656,
      66.54723248681158,
      79.24540492933359,
      100.66816205181347,
      118.15084109160124,
      138.62750706205972,
      162.56788291396904,
      185.93617956347268,
      218.49855415100953,
      241.96446699697373,
      273.5210630879543,
      306.8890078143564,
      344.0041032391581,
      384.44798555527916,
      413.54478493328463,
      447.05360598393025,
      481.13248116626755,
      506.9471095007823,
      542.7284217621966,
      551.5246309603554,
      578.5125227060972,
      605.8271138826996,
      607.1865421221823,
      623.0071742056542,
      613.0550364073483,
      604.0245929811803,
      582.3677601915774,
      568.347349363707,
      542.9494920709152,
      507.0584094009755,
      473.6297287832917,
      446.3384585362858,
      403.08312237388515,
      367.0309024204052,
      326.5905557837119,
      284.75171476764837,
      248.52676875942257,
      212.15792735853105,
      185.10452268421508,
      153.33523581523679,
      127.93743983058826,
      105.81521196252571,
      87.24177475400569,
      68.74432756865922,
      52.56576448559741,
      41.42442123426275,
      31.304006301655665,
      24.05643034796068,
      17.72660384876365,
      13.811215936203947,
      9.656770990517295,
      6.318146039225527
    ]
  },
  "p_high": 0.13093453273363317,
  "p_high_mf": 0.7011494252873564,
  "p_low": 0.8695652173913043,
  "p_low_mf": 0.2993503248375812,
  "p_two_sided": 0.26186906546726635,
  "p_two_sided_mf": 0.5987006496751625,
  "provenance": {
    "dat_url": "https://github.com/gradient-pulse/phi-mesh/releases/download/data-2026-02-15-planck-lensing-R3/planck_pr3_lensing_mv_dat_klm.fits",
    "mf_url": "https://github.com/gradient-pulse/phi-mesh/releases/download/data-2026-02-15-planck-lensing-R3/planck_pr3_lensing_mv_mf_klm.fits",
    "selftest_observed_surrogate_seed": 123
  },
  "seed": 731,
  "surrogate": {
    "D0_mean": 0.002109369259998488,
    "D0_std": 0.0010065181133138855,
    "D1_mean": 11.330107018748171,
    "D1_std": 2.1025766009155826,
    "D_mf_mean": 11.330107247997194,
    "D_mf_std": 2.1025766644834327,
    "v0_mean_curve": [
      0.9992494837443026,
      0.9988720906575527,
      0.9983333651224773,
      0.9975739021301278,
      0.9965212745666516,
      0.9950905888875322,
      0.9931747926076246,
      0.9906516513824462,
      0.9873884398142496,
      0.9832325070699061,
      0.9780229771931973,
      0.9715855433146164,
      0.9637474880218522,
      0.9543555514017752,
      0.943253131230672,
      0.9303023808797186,
      0.9153839651743582,
      0.8984191856384278,
      0.8793374347686759,
      0.8581227842966711,
      0.8347803936004625,
      0.8093423480987544,
      0.7818653519948316,
      0.7524350922902441,
      0.7211684735616043,
      0.688202209472657,
      0.6537080243428542,
      0.6178813412984222,
      0.5809529660542807,
      0.5431769587198901,
      0.5048404890696202,
      0.46625201161702584,
      0.4277450491587315,
      0.38966696929931655,
      0.3523491147359213,
      0.316149304072062,
      0.2813814449310299,
      0.248333983739217,
      0.21726628049214652,
      0.18838061968485553,
      0.1618354752858479,
      0.13771525319417335,
      0.1160594793955484,
      0.09684305890401196,
      0.08000005149841305,
      0.06541313362121574,
      0.05292936579386384,
      0.042380013147989976,
      0.03357151031494141,
      0.026306069056193003,
      0.020391740163167308,
      0.015632047017415378,
      0.011848950068155908,
      0.008883359273274745,
      0.006584057490030931,
      0.0048257624308268125,
      0.00349403699239095,
      0.002501857757568354,
      0.0017714023590087885,
      0.001240336100260418,
      0.0008584772745768235
    ],