{
  "diagnostics": {
    "excess_kurt_x_obs": 0.018628271334209412,
    "imag_frac_nonzero_eps1e-12": 0.9937888198757764,
    "imag_max_abs": 0.03943446718591765,
    "skew_x_obs": 0.10211618994185906,
    "v1_delta_bandwidth_dnu": 0.10000000000000009,
    "v1_symmetry_corr": 0.9968802751186043,
    "verify_l2_from_curves": {
      "D0_match": true,
      "D0_recomputed": 0.005120525389145525,
      "D0_reported": 0.005120525389145525,
      "D1_match": true,
      "D1_recomputed": 24.87134218138174,
      "D1_reported": 24.87134218138174,
      "tol_abs": 1e-12,
      "tol_rel": 1e-10,
      "verify_dnu": 0.10000000000000009
    }
  },
  "hint": "This script compares observed morphology against phase-randomized surrogates that preserve |a_lm|. V0(nu) is excursion-set area fraction; V1(nu) is a perimeter proxy estimated from |\u2207x| in a nu-band. Distances D0 and D1 are L2 distances (sqrt(sum((a-b)^2)*dnu)) to surrogate-mean curves. D_mf combines them as sqrt(D0^2 + D1^2). Z_mf is the scale-free combined z-distance.",
  "kind": "planck_pr3_lensing_phi_topology_mf_v0_v1",
  "lmax": 320,
  "metric": "Minkowski-style morphology: V0(area) + V1(perimeter proxy) vs phase-random surrogates",
  "n_sims": 2000,
  "nside": 256,
  "observed": {
    "D0_L2": 0.005120525389145525,
    "D0_sum_sq_legacy": 0.000262197802608839,
    "D1_L2": 24.87134218138174,
    "D1_sum_sq_legacy": 6185.836619033779,
    "D_mf": 24.87134270849,
    "Z0": 1.5296467217432803,
    "Z1": 0.6303725220738075,
    "Z_mf": 1.6544451063500587,
    "map_mean": -1.1159653399578825e-08,
    "map_std": 0.066038074692877,
    "v0_curve": [
      0.9990514119466146,
      0.9986763000488281,
      0.9981346130371094,
      0.9974288940429688,
      0.9964459737141927,
      0.9950981140136719,
      0.9934234619140625,
      0.9912401835123698,
      0.9883893330891927,
      0.9847882588704427,
      0.9801012674967448,
      0.9745597839355469,
      0.9675470987955729,
      0.9590632120768229,
      0.9488118489583334,
      0.9366200764973959,
      0.92254638671875,
      0.9061597188313802,
      0.8873316446940104,
      0.8662923177083334,
      0.842474619547526,
      0.81591796875,
      0.7869949340820312,
      0.7556177775065104,
      0.7220560709635416,
      0.6867510477701823,
      0.6496849060058594,
      0.6114845275878906,
      0.5720024108886719,
      0.531775156656901,
      0.49167505900065106,
      0.4519246419270833,
      0.41274388631184894,
      0.37508265177408856,
      0.3383534749348958,
      0.3032582600911458,
      0.27009328206380206,
      0.23922348022460938,
      0.2103296915690104,
      0.18351109822591147,
      0.15899785359700522,
      0.1368433634440104,
      0.11671193440755208,
      0.09917958577473958,
      0.0837694803873698,
      0.07019678751627605,
      0.0582427978515625,
      0.047962188720703125,
      0.03917821248372396,
      0.03188959757486979,
      0.025861104329427082,
      0.020651499430338543,
      0.016437530517578125,
      0.012941996256510416,
      0.010007222493489584,
      0.007794698079427083,
      0.006001790364583333,
      0.004505157470703125,
      0.00345611572265625,
      0.0025850931803385415,
      0.0019391377766927083
    ],
    "v1_curve": [
      10.11879950875123,
      13.505855267665444,
      19.701641927083312,
      27.44104915855069,
      36.874573486321864,
      46.43378549798244,
      57.83082635417609,
      78.6010401354611,
      106.1501108266098,
      125.55233270508836,
      156.7181563632637,
      199.17369816222572,
      239.2491643949765,
      291.1565820128663,
      347.4776857925509,
      416.52221503728316,
      469.932597851701,
      539.5774729169697,
      609.6630524168478,
      694.2615873454525,
      786.3444725035806,
      874.1851094503871,
      930.1769756408522,
      999.9124028829706,
      1058.9940795179396,
      1115.685447835381,
      1151.3364461734525,
      1190.4162205467137,
      1215.558430734469,
      1240.6842716499257,
      1217.3431973718193,
      1184.2856690606388,
      1157.8849508179046,
      1106.2268202655976,
      1069.7461831496514,
      998.9104130389105,
      921.4144709564536,
      861.9083080677657,
      789.919422085504,
      713.9093019361817,
      657.7249136027423,
      591.7285538829935,
      516.2308338344375,
      450.13876902191805,
      387.70880612170106,
      345.4242592151891,
      285.370232308969,
      250.7518817142841,
      208.9230723416798,
      168.140725848578,
      143.75827555035747,
      118.13473876788447,
      98.57425943709556,
      82.05247493768744,
      65.61177029099608,
      48.589349043097876,
      37.552665490161274,
      32.298920327199234,
      21.586708515020216,
      16.896452923744754,
      14.049592632669373
    ]
  },
  "p_high": 0.09145427286356822,
  "p_high_mf": 0.2158920539730135,
  "p_low": 0.9090454772613693,
  "p_low_mf": 0.784607696151924,
  "p_two_sided": 0.18290854572713644,
  "p_two_sided_mf": 0.431784107946027,
  "provenance": {
    "dat_url": "GAUSSIAN_CONTROL_FROM: https://github.com/gradient-pulse/phi-mesh/releases/download/data-2026-02-15-planck-lensing-R3/planck_pr3_lensing_mv_dat_klm.fits",
    "mf_url": "GAUSSIAN_CONTROL_MF_ZERO_FROM: https://github.com/gradient-pulse/phi-mesh/releases/download/data-2026-02-15-planck-lensing-R3/planck_pr3_lensing_mv_mf_klm.fits"
  },
  "seed": 731,
  "surrogate": {
    "D0_mean": 0.0026365979440756905,
    "D0_std": 0.001623856940143013,
    "D1_mean": 21.95136515556206,
    "D1_std": 4.632145157935347,
    "D_mf_mean": 21.951365345084767,
    "D_mf_std": 4.632145294730589,
    "v0_mean_curve": [
      0.9989616915384925,
      0.9985274353027315,
      0.9979330012003568,
      0.9971289005279544,
      0.9960575796763097,
      0.9946441802978526,
      0.9927995955149331,
      0.990418871561685,
      0.987382832845052,
      0.9835548445383707,
      0.9787814534505215,
      0.9728932692209881,
      0.9657171897888192,
      0.957070473988851,
      0.9467666543324813,
      0.9346151383717849,
      0.9204460576375345,
      0.9041013755798332,
      0.8854519551595071,
      0.8644114805857354,
      0.8409265867869058,
      0.8149857711792,
      0.7866436487833676,
      0.7559962437947576,
      0.7232020174662268,
      0.6884650230407715,
      0.6520426750183106,
      0.6142623125712076,
      0.5754645640055338,
      0.5360135332743322,
      0.4963045781453457,
      0.4567200508117668,
      0.4176352787017822,
      0.3794303290049242,
      0.3424360586802158,
      0.3069496987660722,
      0.2732428181966149,
      0.24151513417561862,
      0.21193670336405418,
      0.1846130231221513,
      0.1596096420288083,
      0.1369457721710205,
      0.11659536743164059,
      0.09848731231689446,
      0.0825290571848551,
      0.06858974583943701,
      0.056530790964762344,
      0.04620195643107093,
      0.03743208821614579,
      0.030065078099568713,
      0.0239331099192302,
      0.018881600062052414,
      0.014760641733805356,
      0.011431658426920562,
      0.008769508997599276,
      0.006662055969238285,
      0.0050121269226074214,
      0.0037340412139892573,
      0.0027549928029378277,
      0.0020113264719645186,
      0.0014532197316487643
    ],