{
  "diagnostics": {
    "excess_kurt_x_obs": -0.05465694668423415,
    "imag_frac_nonzero_eps1e-12": 0.9922480620155039,
    "imag_max_abs": 0.04289732783575602,
    "skew_x_obs": -0.03190336129954661,
    "v1_delta_bandwidth_dnu": 0.10000000000000009,
    "v1_symmetry_corr": 0.9996142354405299,
    "verify_l2_from_curves": {
      "D0_match": true,
      "D0_recomputed": 0.0019209764996993364,
      "D0_reported": 0.0019209764996993364,
      "D1_match": true,
      "D1_recomputed": 16.516067672752207,
      "D1_reported": 16.516067672752207,
      "tol_abs": 1e-12,
      "tol_rel": 1e-10,
      "verify_dnu": 0.10000000000000009
    }
  },
  "hint": "This script compares observed morphology against phase-randomized surrogates that preserve |a_lm|. V0(nu) is excursion-set area fraction; V1(nu) is a perimeter proxy estimated from |\u2207x| in a nu-band. Distances D0 and D1 are L2 distances (sqrt(sum((a-b)^2)*dnu)) to surrogate-mean curves. D_mf combines them as sqrt(D0^2 + D1^2). Z_mf is the scale-free combined z-distance.",
  "kind": "planck_pr3_lensing_phi_topology_mf_v0_v1",
  "lmax": 256,
  "metric": "Minkowski-style morphology: V0(area) + V1(perimeter proxy) vs phase-random surrogates",
  "n_sims": 2000,
  "nside": 256,
  "observed": {
    "D0_L2": 0.0019209764996993364,
    "D0_sum_sq_legacy": 3.690150712397111e-05,
    "D1_L2": 16.516067672752207,
    "D1_sum_sq_legacy": 2727.8049137093026,
    "D_mf": 16.51606778446617,
    "Z0": -0.8784674395615355,
    "Z1": -0.67647248239353,
    "Z_mf": 1.1087470684540568,
    "map_mean": -1.0748874262889174e-08,
    "map_std": 0.051697757319866505,
    "v0_curve": [
      0.9986470540364584,
      0.9981346130371094,
      0.9974288940429688,
      0.996466318766276,
      0.9952176411946615,
      0.9935264587402344,
      0.9914474487304688,
      0.9888699849446615,
      0.9856274922688802,
      0.9814898173014323,
      0.9764658610026041,
      0.9703826904296875,
      0.9630126953125,
      0.9543024698893229,
      0.9441413879394531,
      0.9321072896321615,
      0.9180157979329427,
      0.9020373026529948,
      0.8838691711425781,
      0.8635292053222656,
      0.8408368428548177,
      0.8155975341796875,
      0.7879219055175781,
      0.7582817077636719,
      0.7261199951171875,
      0.6919237772623698,
      0.6563326517740885,
      0.6187858581542969,
      0.5803565979003906,
      0.5412432352701823,
      0.5011545817057291,
      0.4612579345703125,
      0.42235056559244794,
      0.3840166727701823,
      0.3466135660807292,
      0.3109143575032552,
      0.27655283610026044,
      0.24416351318359375,
      0.2139918009440104,
      0.1861902872721354,
      0.1603546142578125,
      0.13681411743164062,
      0.1156158447265625,
      0.09694671630859375,
      0.08067703247070312,
      0.0664532979329427,
      0.054189046223958336,
      0.043703715006510414,
      0.03506596883138021,
      0.027781168619791668,
      0.021731058756510418,
      0.01686859130859375,
      0.0128021240234375,
      0.009571075439453125,
      0.007119496663411458,
      0.005243937174479167,
      0.0037905375162760415,
      0.002727508544921875,
      0.0019048055013020833,
      0.0013275146484375,
      0.0009244283040364584
    ],
    "v1_curve": [
      8.696020732661104,
      12.070036533454129,
      15.455544652142374,
      20.818303863911204,
      28.594695209794505,
      37.604238073884524,
      47.80671718752058,
      58.291930265009796,
      77.72360106870545,
      95.42907804366291,
      116.02078279246578,
      138.8684443500322,
      165.5277307422024,
      204.34358691591967,
      237.80371923785518,
      276.2183359209086,
      325.1408536423207,
      364.44940460192913,
      423.03125726719867,
      468.2845777882311,
      528.2420907563866,
      583.3023378334974,
      647.4496798624966,
      692.7927706260335,
      741.2002750898187,
      781.3401980639884,
      821.4645292718998,
      847.1381677730801,
      868.0601058869486,
      875.5810526283624,
      912.161697899225,
      907.4723966298506,
      894.645165658014,
      876.3851441501109,
      839.5600725419548,
      799.3088328575122,
      770.6688413024546,
      711.3722114222098,
      662.4299048249186,
      617.3153143875135,
      576.1967519481817,
      499.0224146724288,
      458.55169071900485,
      389.73766091402547,
      344.276181984017,
      295.94347132662915,
      254.25120219063504,
      212.97788310831893,
      179.50790139629282,
      147.21811092846775,
      123.33077192159013,
      97.23417776614518,
      81.345148007549,
      62.030772219559424,
      47.123869441696776,
      35.228469038595044,
      25.95923838264726,
      18.261655034504997,
      13.958407081652872,
      10.173723067721902,
      7.685234138264275
    ]
  },
  "p_high": 0.8020989505247377,
  "p_high_mf": 0.7211394302848576,
  "p_low": 0.1984007996001999,
  "p_low_mf": 0.27936031984008,
  "p_two_sided": 0.3968015992003998,
  "p_two_sided_mf": 0.55872063968016,
  "provenance": {
    "dat_url": "GAUSSIAN_CONTROL_FROM: https://github.com/gradient-pulse/phi-mesh/releases/download/data-2026-02-15-planck-lensing-R3/planck_pr3_lensing_mv_dat_klm.fits",
    "mf_url": "GAUSSIAN_CONTROL_MF_ZERO_FROM: https://github.com/gradient-pulse/phi-mesh/releases/download/data-2026-02-15-planck-lensing-R3/planck_pr3_lensing_mv_mf_klm.fits"
  },
  "seed": 731,
  "surrogate": {
    "D0_mean": 0.004384888069410294,
    "D0_std": 0.002804784171557635,
    "D1_mean": 21.128448409194615,
    "D1_std": 6.818282866618082,
    "D_mf_mean": 21.128448923579743,
    "D_mf_std": 6.8182832594209835,
    "v0_mean_curve": [
      0.9987186940511071,
      0.9982134170532215,
      0.9975346355438234,
      0.9966303787231457,
      0.9954420102437318,
      0.9938968340555833,
      0.9919073321024566,
      0.9893717142740899,
      0.9861715939839703,
      0.982182141621907,
      0.9772577953338651,
      0.9712397607167559,
      0.9639689877827963,
      0.9552639039357514,
      0.9449555733998617,
      0.9328641599019387,
      0.9188305575052893,
      0.9027138328552244,
      0.8843746477762856,
      0.8637233257293704,
      0.8407019151051848,
      0.8152853310902901,
      0.7875121097564685,
      0.7574485766092927,
      0.725239960988362,
      0.6910664068857835,
      0.6551582940419526,
      0.6178006731669102,
      0.5793086948394792,
      0.5400411974589026,
      0.5003720938364667,
      0.4606917915344236,
      0.42139424451192203,
      0.38285425186157196,
      0.34541897392272913,
      0.3094317398071289,
      0.27515391095479363,
      0.24283171653747582,
      0.2126667569478352,
      0.18478518358866358,
      0.1592797482808431,
      0.13617141532897922,
      0.11544822883605955,
      0.09705351956685364,
      0.0808851642608641,
      0.06682387987772637,
      0.05471204376220709,
      0.04439479827880856,
      0.035694677352905324,
      0.028434893290201817,
      0.022440718332926376,
      0.017541071573893247,
      0.013580848058064756,
      0.010413689295450857,
      0.007907370885213216,
      0.00594761276245117,
      0.004427799860636394,
      0.00326218541463216,
      0.0023796691894531277,
      0.001716738382975261,
      0.001226088841756183
    ],