{
  "diagnostics": {
    "imag_frac_nonzero_eps1e-12": 0.9922480620155039,
    "imag_max_abs": 0.0050463026842661445,
    "v1_delta_bandwidth_dnu": 0.10000000000000009
  },
  "hint": "This script compares observed morphology against phase-randomized surrogates that preserve |a_lm|. V0(nu) is excursion-set area fraction; V1(nu) is a perimeter proxy estimated from |\u2207x| in a nu-band. Distances D0 and D1 are L2 distances to surrogate-mean curves. D_mf combines them as sqrt(D0^2 + D1^2).",
  "kind": "planck_pr3_lensing_phi_topology_mf_v0_v1",
  "lmax": 256,
  "metric": "Minkowski-style morphology: V0(area) + V1(perimeter proxy) vs phase-random surrogates",
  "n_sims": 2000,
  "nside": 256,
  "observed": {
    "D0_L2": 0.11620616972699317,
    "D1_L2": 392953.7646508559,
    "D_mf": 392953.7646508731,
    "map_mean": 3.564947803682642e-08,
    "map_std": 0.04985962839451119,
    "v0_curve": [
      0.9996757507324219,
      0.9995460510253906,
      0.9993883768717448,
      0.9991722106933594,
      0.9988581339518229,
      0.9984779357910156,
      0.9979235331217448,
      0.9971593221028646,
      0.9961865743001302,
      0.9949518839518229,
      0.9933662414550781,
      0.9913431803385416,
      0.9887542724609375,
      0.9855232238769531,
      0.9815025329589844,
      0.9763755798339844,
      0.9701131184895834,
      0.9625193277994791,
      0.9530029296875,
      0.9400787353515625,
      0.9167900085449219,
      0.8571955362955729,
      0.7515029907226562,
      0.6532300313313802,
      0.5963490804036459,
      0.5650253295898438,
      0.5406595865885416,
      0.5172284444173177,
      0.49313990275065106,
      0.4679908752441406,
      0.4425201416015625,
      0.41620508829752606,
      0.3894666035970052,
      0.3619537353515625,
      0.33424123128255206,
      0.30705515543619794,
      0.28026580810546875,
      0.2541847229003906,
      0.22872416178385416,
      0.2043635050455729,
      0.18114852905273438,
      0.159332275390625,
      0.13883463541666666,
      0.12044906616210938,
      0.1036542256673177,
      0.0883941650390625,
      0.0747693379720052,
      0.06263987223307292,
      0.05242029825846354,
      0.043230692545572914,
      0.03555933634440104,
      0.029066721598307293,
      0.023508707682291668,
      0.018816630045572918,
      0.015033721923828125,
      0.011870066324869791,
      0.009278615315755209,
      0.007283528645833333,
      0.005682627360026042,
      0.004403432210286458,
      0.0033671061197916665
    ],
    "v1_curve": [
      2.8644456825541624,
      4.0523751271185215,
      5.142487915501998,
      8.021109331899694,
      10.476108517188692,
      13.526302508560372,
      18.8615596303298,
      24.861169913983773,
      33.998841118561785,
      39.98151769846259,
      50.6662906233744,
      64.84093207776795,
      79.94773755481947,
      99.33120041547781,
      127.94253896989592,
      152.2911576478739,
      184.77133169899656,
      218.45513405490183,
      272.8887887434578,
      321.4481645518182,
      449.3732683049109,
      593.6275224523831,
      724.4893178217835,
      686.4484126610114,
      625.2167472284639,
      627.5800166451269,
      643.7207172797974,
      692.6625219400544,
      731.3424612987999,
      750.6578355086956,
      781.5864351711473,
      793.9657008495333,
      813.4526856946927,
      851.6957298486395,
      840.7312499732786,
      815.2989110586371,
      789.279765588361,
      792.7043067375239,
      757.0837842410799,
      729.9088081547062,
      684.2319244010754,
      640.694827537684,
      590.9456819937528,
      546.7391496188885,
      501.9046631081027,
      452.99256690866,
      387.3209657054155,
      346.84267135552017,
      288.98469460240676,
      260.60336208392397,
      219.12568350579102,
      189.23621728517878,
      164.9032558245531,
      134.1812547372487,
      109.00144723892372,
      88.18624986639234,
      73.3948032942292,
      54.29096151289345,
      46.112053529689184,
      36.11166941300858,
      30.41929221860043
    ]
  },
  "p_high": 0.0004997501249375312,
  "p_high_mf": 0.0004997501249375312,
  "p_low": 1.0,
  "p_low_mf": 1.0,
  "p_two_sided": 0.0009995002498750624,
  "p_two_sided_mf": 0.0009995002498750624,
  "provenance": {
    "dat_url": "LCDM_RECON_SIM_TARBALL:https://github.com/gradient-pulse/phi-mesh/releases/download/data-2026-02-15-planck-lensing-R3/lcdm_recon_sims__layout_sims.tar.gz",
    "mf_url": "LCDM_RECON_SIM_TARBALL:https://github.com/gradient-pulse/phi-mesh/releases/download/data-2026-02-15-planck-lensing-R3/lcdm_recon_sims__layout_sims.tar.gz"
  },
  "seed": 1400,
  "surrogate": {
    "D0_mean": 1.8827023254561943e-05,
    "D0_std": 1.8089167041447798e-05,
    "D1_mean": 2453.6361222360397,
    "D1_std": 713.1437284416077,
    "D_mf_mean": 2453.6361222360406,
    "D_mf_std": 713.1437284416077,
    "v0_mean_curve": [
      0.9991786607106531,
      0.9987962125142414,
      0.9982592004140214,
      0.9975166021982851,
      0.9965042680104563,
      0.9951418787638348,
      0.9933343098958344,
      0.9909762611389162,
      0.9879324099222817,
      0.9840548947652176,
      0.9791915493011472,
      0.9731666933695441,
      0.965797096888224,
      0.9569054826100672,
      0.9463065376281734,
      0.9338207887013746,
      0.9193021869659415,
      0.9026095943450912,
      0.8836342042287193,
      0.8623179537455263,
      0.838625197092692,
      0.812582630157469,
      0.7842551485697422,
      0.7537447249094638,
      0.7212144482930493,
      0.6868713830312108,
      0.6509504356384267,
      0.6137442843119312,
      0.5755659529368083,
      0.5367361024220774,
      0.4976014664967853,
      0.4585226796468096,
      0.41986529350280744,
      0.38195808410644516,
      0.34512712097167947,
      0.3096737537384034,
      0.2758645083109537,
      0.24393306032816572,
      0.21405625534057615,
      0.1863739007314048,
      0.16097478103637727,
      0.13790093612670912,
      0.11714662551879897,
      0.09867046292622876,
      0.08239242045084648,
      0.06819595400492352,
      0.05594487380981457,
      0.04548093541463223,
      0.036636454264322896,
      0.02923700459798177,
      0.023114805221557594,
      0.018099142074584906,
      0.014039316177368146,
      0.01078418922424317,
      0.008205677032470698,
      0.006180336634318037,
      0.0046106484731038375,
      0.003405985514322914,
      0.002491978963216144,
      0.001803670247395832,
      0.0012935918172200516
    ],