{
  "diagnostics": {
    "excess_kurt_x_obs": -0.14747652609844453,
    "imag_frac_nonzero_eps1e-12": 0.9896907216494846,
    "imag_max_abs": 0.018539827266712012,
    "skew_x_obs": 0.008002799516134659,
    "v1_delta_bandwidth_dnu": 0.10000000000000009,
    "v1_symmetry_corr": 0.9959330810335628,
    "verify_l2_from_curves": {
      "D0_match": true,
      "D0_recomputed": 0.004358337130157813,
      "D0_reported": 0.004358337130157813,
      "D1_match": true,
      "D1_recomputed": 15.523314938648213,
      "D1_reported": 15.523314938648213,
      "tol_abs": 1e-12,
      "tol_rel": 1e-10,
      "verify_dnu": 0.10000000000000009
    }
  },
  "hint": "This script compares observed morphology against phase-randomized surrogates that preserve |a_lm|. V0(nu) is excursion-set area fraction; V1(nu) is a perimeter proxy estimated from |\u2207x| in a nu-band. Distances D0 and D1 are L2 distances (sqrt(sum((a-b)^2)*dnu)) to surrogate-mean curves. D_mf combines them as sqrt(D0^2 + D1^2). Z_mf is the scale-free combined z-distance.",
  "kind": "planck_pr3_lensing_phi_topology_mf_v0_v1",
  "lmax": 192,
  "metric": "Minkowski-style morphology: V0(area) + V1(perimeter proxy) vs phase-random surrogates",
  "n_sims": 2000,
  "nside": 256,
  "observed": {
    "D0_L2": 0.004358337130157813,
    "D0_sum_sq_legacy": 0.0001899510254011222,
    "D1_L2": 15.523314938648213,
    "D1_sum_sq_legacy": 2409.7330668445857,
    "D_mf": 15.523315550473143,
    "Z0": -0.052731268409952896,
    "Z1": -0.06712054486226954,
    "Z_mf": 0.085356629565198,
    "map_mean": 1.9784584687268052e-08,
    "map_std": 0.03972262141864122,
    "v0_curve": [
      0.9991594950358073,
      0.9988085428873698,
      0.9982643127441406,
      0.9975547790527344,
      0.9965337117513021,
      0.9951693216959635,
      0.9933255513509115,
      0.9908841451009115,
      0.9877395629882812,
      0.9836819966634115,
      0.9785499572753906,
      0.9722518920898438,
      0.9645907084147135,
      0.9555765787760416,
      0.944665273030599,
      0.9320157368977865,
      0.9177335103352865,
      0.9008649190266927,
      0.8817571004231771,
      0.8610191345214844,
      0.8373133341471354,
      0.811499277750651,
      0.7839584350585938,
      0.7536799112955729,
      0.7217534383138021,
      0.6878077189127604,
      0.6523780822753906,
      0.6154429117838541,
      0.5774790445963541,
      0.5391146341959635,
      0.4999135335286458,
      0.46097691853841144,
      0.4226175944010417,
      0.38440831502278644,
      0.3475379943847656,
      0.3117116292317708,
      0.2778981526692708,
      0.24566268920898438,
      0.21585210164388022,
      0.1879119873046875,
      0.1623687744140625,
      0.13891728719075522,
      0.11790847778320312,
      0.09910074869791667,
      0.0822283426920573,
      0.06767527262369792,
      0.05487950642903646,
      0.04428990681966146,
      0.035167694091796875,
      0.02765655517578125,
      0.021639506022135418,
      0.016633351643880207,
      0.012630462646484375,
      0.009604136149088541,
      0.00720977783203125,
      0.005269368489583333,
      0.00385284423828125,
      0.0028711954752604165,
      0.0020777384440104165,
      0.0014673868815104167,
      0.0010325113932291667
    ],
    "v1_curve": [
      3.7034667314469965,
      5.50836479864435,
      7.809327867951907,
      10.09655638539014,
      14.613211293162143,
      19.66863910500587,
      26.848875717874005,
      34.10192044861493,
      44.32885296161614,
      59.594740559466935,
      72.48680657432516,
      92.7954772613004,
      108.14439790578074,
      127.25102820468537,
      158.7162103316272,
      178.83841529167705,
      211.66323337483436,
      250.45656194560794,
      273.10728823763935,
      303.51119125859253,
      358.90017267050683,
      392.0274668667358,
      407.8303459116384,
      455.8931007515002,
      487.7188108716295,
      513.2023374988776,
      532.2570499044373,
      568.4586648274103,
      586.5512124220654,
      600.1583314007623,
      606.174225562309,
      618.3187862184639,
      613.0759810470933,
      605.4176580814446,
      582.2573020864239,
      566.7305016545779,
      549.0556112742375,
      519.2562057550703,
      489.6905976345094,
      459.44154657722476,
      423.6859514090299,
      380.9662639026109,
      335.3648279799442,
      315.2689102616255,
      272.38802657405444,
      241.04881289670607,
      210.4047012643263,
      176.67988819905452,
      148.95477486752947,
      123.6004998994815,
      99.21626502384095,
      85.50180034932654,
      67.70158801483939,
      53.624765703027585,
      42.477585485480475,
      34.36741763415425,
      23.676557583575253,
      18.176568871066234,
      14.229381222991385,
      10.298114857544698,
      8.24846710927927
    ]
  },
  "p_high": 0.4302848575712144,
  "p_high_mf": 0.4127936031984008,
  "p_low": 0.5702148925537232,
  "p_low_mf": 0.5877061469265368,
  "p_two_sided": 0.8605697151424287,
  "p_two_sided_mf": 0.8255872063968016,
  "provenance": {
    "dat_url": "GAUSSIAN_CONTROL_FROM: https://github.com/gradient-pulse/phi-mesh/releases/download/data-2026-02-15-planck-lensing-R3/planck_pr3_lensing_mv_dat_klm.fits",
    "mf_url": "GAUSSIAN_CONTROL_MF_ZERO_FROM: https://github.com/gradient-pulse/phi-mesh/releases/download/data-2026-02-15-planck-lensing-R3/planck_pr3_lensing_mv_mf_klm.fits"
  },
  "seed": 731,
  "surrogate": {
    "D0_mean": 0.004500068539317649,
    "D0_std": 0.002687805801634856,
    "D1_mean": 15.903927020084247,
    "D1_std": 5.6705749665329,
    "D_mf_mean": 15.903927725216636,
    "D_mf_std": 5.670575411380067,
    "v0_mean_curve": [
      0.9987533213297517,
      0.9982578105926511,
      0.9975904127756741,
      0.9967017440795899,
      0.995529754638673,
      0.9939985879262283,
      0.9920249360402442,
      0.9895030371348071,
      0.9863232911427813,
      0.9823456363677971,
      0.9774317881266272,
      0.971422350565592,
      0.9641446660359716,
      0.9554315789540615,
      0.9451040662129723,
      0.9329935925801591,
      0.9189295202891024,
      0.9027613588968916,
      0.8843682785034166,
      0.8636641305287691,
      0.8405823650360108,
      0.8151042887369793,
      0.7872666746775311,
      0.7571533641815199,
      0.7248976999918624,
      0.6906735197703047,
      0.6547404905954995,
      0.6173678817749031,
      0.57887841796875,
      0.5396380882263186,
      0.5000056209564208,
      0.460378092447916,
      0.42113503646850553,
      0.38265701866150015,
      0.34528894678751676,
      0.3093640797932944,
      0.2751597226460777,
      0.24290982945760073,
      0.21279620933532697,
      0.18496750640869122,
      0.15949135144551602,
      0.13640627288818383,
      0.11569010225931789,
      0.09728694343566902,
      0.08110649045308416,
      0.0670233453114828,
      0.054889890670776355,
      0.04454450416564943,
      0.035820947011311846,
      0.02853645006815592,
      0.0225205408732096,
      0.017602022806803428,
      0.01362243715922036,
      0.010442869822184233,
      0.007924795786539708,
      0.005953094482421876,
      0.004427370071411135,
      0.0032584037780761764,
      0.002372339884440108,
      0.001709640502929689,
      0.0012192579905192067
    ],