{
  "diagnostics": {
    "excess_kurt_x_obs": 0.024770630001420546,
    "imag_frac_nonzero_eps1e-12": 0.9937888198757764,
    "imag_max_abs": 0.02023984644714995,
    "skew_x_obs": 0.01970643918298594,
    "v1_delta_bandwidth_dnu": 0.10000000000000009,
    "v1_symmetry_corr": 0.9997723859267028,
    "verify_l2_from_curves": {
      "D0_match": true,
      "D0_recomputed": 0.001454135805485738,
      "D0_reported": 0.001454135805485738,
      "D1_match": true,
      "D1_recomputed": 23.363929968631368,
      "D1_reported": 23.363929968631368,
      "tol_abs": 1e-12,
      "tol_rel": 1e-10,
      "verify_dnu": 0.10000000000000009
    }
  },
  "hint": "This script compares observed morphology against phase-randomized surrogates that preserve |a_lm|. V0(nu) is excursion-set area fraction; V1(nu) is a perimeter proxy estimated from |\u2207x| in a nu-band. Distances D0 and D1 are L2 distances (sqrt(sum((a-b)^2)*dnu)) to surrogate-mean curves. D_mf combines them as sqrt(D0^2 + D1^2). Z_mf is the scale-free combined z-distance.",
  "kind": "planck_pr3_lensing_phi_topology_mf_v0_v1",
  "lmax": 320,
  "metric": "Minkowski-style morphology: V0(area) + V1(perimeter proxy) vs phase-random surrogates",
  "n_sims": 2000,
  "nside": 256,
  "observed": {
    "D0_L2": 0.001454135805485738,
    "D0_sum_sq_legacy": 2.1145109407956546e-05,
    "D1_L2": 23.363929968631368,
    "D1_sum_sq_legacy": 5458.732235791104,
    "D_mf": 23.363930013882978,
    "Z0": 0.09369959101804615,
    "Z1": 0.5719323325516124,
    "Z_mf": 0.5795569052085198,
    "map_mean": 8.327848589981951e-09,
    "map_std": 0.06123945880448359,
    "v0_curve": [
      0.998650868733724,
      0.9981409708658854,
      0.997460683186849,
      0.9965744018554688,
      0.9954236348470052,
      0.9939702351888021,
      0.9920628865559896,
      0.9895439147949219,
      0.9863980611165365,
      0.9826545715332031,
      0.9778607686360677,
      0.972052256266276,
      0.9648628234863281,
      0.9562149047851562,
      0.9458211263020834,
      0.9338493347167969,
      0.919946034749349,
      0.9037322998046875,
      0.8854726155598959,
      0.8647855122884115,
      0.8418604532877604,
      0.8165054321289062,
      0.7881762186686198,
      0.7577298482259115,
      0.7251434326171875,
      0.6906458536783854,
      0.6545397440592448,
      0.6170832316080729,
      0.5783411661783854,
      0.5386924743652344,
      0.4986457824707031,
      0.45865503946940106,
      0.4192466735839844,
      0.3807576497395833,
      0.34339014689127606,
      0.3075103759765625,
      0.27312978108723956,
      0.2409998575846354,
      0.21129989624023438,
      0.18373998006184897,
      0.15845362345377603,
      0.13542811075846353,
      0.1148516337076823,
      0.0966644287109375,
      0.08077239990234375,
      0.06722132364908855,
      0.055051167805989586,
      0.04504521687825521,
      0.03633244832356771,
      0.029324849446614582,
      0.023232777913411457,
      0.018416086832682293,
      0.014522552490234375,
      0.011351267496744791,
      0.008691151936848959,
      0.006669362386067708,
      0.0050201416015625,
      0.0038477579752604165,
      0.002880096435546875,
      0.0021489461263020835,
      0.0015652974446614583
    ],
    "v1_curve": [
      14.646269977448314,
      17.759943521054645,
      23.4890649488219,
      32.34557250116394,
      39.1872166434746,
      48.94611528674172,
      68.85166629462498,
      81.61502242214958,
      103.95628604409131,
      136.71427424900654,
      157.22272940204076,
      197.73330852290113,
      247.47730186716464,
      299.3813691669422,
      347.56586137933795,
      399.05178281559984,
      480.41899976323674,
      530.9100156438244,
      621.0296559479457,
      681.362491351887,
      774.4746987456267,
      849.8807767720981,
      938.5340374082668,
      1015.6629103916288,
      1106.4127177708647,
      1139.9119010815627,
      1200.8050944696904,
      1235.25727558295,
      1266.125882653889,
      1289.0513591172871,
      1319.1954769050542,
      1282.394865380197,
      1257.60069944305,
      1244.9678699444041,
      1182.7369862450062,
      1122.5681578449817,
      1074.5348940286003,
      998.3129173664255,
      913.7611260709269,
      846.2134461822019,
      755.8910577941973,
      687.9368436832877,
      617.0201151547058,
      540.3905848138245,
      461.84400254743963,
      411.5093876897987,
      340.15886988750356,
      293.0817294501841,
      238.7294297804989,
      203.689728216209,
      169.38303936219805,
      132.07901588276928,
      108.66652167284381,
      87.23139240705795,
      68.25154356455181,
      54.367761747511956,
      43.12480666782987,
      32.65592815238939,
      26.07046343675341,
      20.020816890862392,
      15.239644363055687
    ]
  },
  "p_high": 0.383808095952024,
  "p_high_mf": 0.2723638180909545,
  "p_low": 0.6166916541729135,
  "p_low_mf": 0.728135932033983,
  "p_two_sided": 0.767616191904048,
  "p_two_sided_mf": 0.544727636181909,
  "provenance": {
    "dat_url": "GAUSSIAN_CONTROL_FROM: https://github.com/gradient-pulse/phi-mesh/releases/download/data-2026-02-15-planck-lensing-R3/planck_pr3_lensing_mv_dat_klm.fits",
    "mf_url": "GAUSSIAN_CONTROL_MF_ZERO_FROM: https://github.com/gradient-pulse/phi-mesh/releases/download/data-2026-02-15-planck-lensing-R3/planck_pr3_lensing_mv_mf_klm.fits"
  },
  "seed": 731,
  "surrogate": {
    "D0_mean": 0.0013845337949252203,
    "D0_std": 0.0007428208576397379,
    "D1_mean": 21.584682837693457,
    "D1_std": 3.1109399306033256,
    "D_mf_mean": 21.58468289259552,
    "D_mf_std": 3.1109399464189242,
    "v0_mean_curve": [
      0.998687198003133,
      0.9981795037587491,
      0.9974986451466873,
      0.9965957279205326,
      0.99541111119588,
      0.9938710447947187,
      0.9918943456014,
      0.9893771591186524,
      0.9862059281667068,
      0.9822505029042563,
      0.9773686192830413,
      0.9714014441172297,
      0.9641842053731283,
      0.9555391101837164,
      0.9452921791076664,
      0.9332593218485525,
      0.9192811241149912,
      0.9032029310862231,
      0.8849033540089899,
      0.8642735182444242,
      0.8412468732198081,
      0.8158038069407128,
      0.7879722499847401,
      0.7578291645050051,
      0.7255112692515053,
      0.6912050921122231,
      0.6551454531351728,
      0.6176212393442788,
      0.578974343617756,
      0.539560680389404,
      0.499760625839233,
      0.45996574020385766,
      0.4205725663503009,
      0.38196079254150417,
      0.3444858309427897,
      0.3084918886820473,
      0.27425212542216026,
      0.2420008246103924,
      0.21191928609212232,
      0.18415165074666315,
      0.15876589775085417,
      0.1357907803853356,
      0.11520039621988946,
      0.09693186759948721,
      0.08088579940795901,
      0.06692859840393066,
      0.054913504918416366,
      0.04467161305745447,
      0.03602392387390133,
      0.028798283894856763,
      0.0228218879699707,
      0.01792271486918132,
      0.013948124567667633,
      0.010759242375691721,
      0.008225142796834325,
      0.006231384913126631,
      0.00467605590820313,
      0.0034785410563151057,
      0.002563235600789391,
      0.0018715178171793624,
      0.0013536205291748075
    ],