{
  "diagnostics": {
    "excess_kurt_x_obs": -0.6454987793737463,
    "imag_frac_nonzero_eps1e-12": 0.9896907216494846,
    "imag_max_abs": 0.0050463026842661445,
    "skew_x_obs": 0.4694788074299993,
    "v1_delta_bandwidth_dnu": 0.10000000000000009,
    "v1_symmetry_corr": 0.9257552571510855,
    "verify_l2_from_curves": {
      "D0_match": true,
      "D0_recomputed": 0.10370041719920363,
      "D0_reported": 0.10370041719920363,
      "D1_match": true,
      "D1_recomputed": 144.14466790672424,
      "D1_reported": 144.14466790672424,
      "tol_abs": 1e-12,
      "tol_rel": 1e-10,
      "verify_dnu": 0.10000000000000009
    }
  },
  "hint": "This script compares observed morphology against phase-randomized surrogates that preserve |a_lm|. V0(nu) is excursion-set area fraction; V1(nu) is a perimeter proxy estimated from |\u2207x| in a nu-band. Distances D0 and D1 are L2 distances (sqrt(sum((a-b)^2)*dnu)) to surrogate-mean curves. D_mf combines them as sqrt(D0^2 + D1^2). Z_mf is the scale-free combined z-distance.",
  "kind": "planck_pr3_lensing_phi_topology_mf_v0_v1",
  "lmax": 192,
  "metric": "Minkowski-style morphology: V0(area) + V1(perimeter proxy) vs phase-random surrogates",
  "n_sims": 2000,
  "nside": 256,
  "observed": {
    "D0_L2": 0.10370041719920363,
    "D0_sum_sq_legacy": 0.10753776527288877,
    "D1_L2": 144.14466790672424,
    "D1_sum_sq_legacy": 207776.85285939794,
    "D_mf": 144.14470520874622,
    "Z0": 100.93315420298224,
    "Z1": 63.167525421019604,
    "Z_mf": 119.06988655902107,
    "map_mean": 3.3600315904024534e-08,
    "map_std": 0.04033241737346528,
    "v0_curve": [
      0.999969482421875,
      0.9999516805013021,
      0.9999097188313802,
      0.9998588562011719,
      0.999786376953125,
      0.9996846516927084,
      0.9995396931966146,
      0.9993273417154948,
      0.9990132649739584,
      0.9985491434733073,
      0.9978815714518229,
      0.9968846638997396,
      0.9955482482910156,
      0.9937032063802084,
      0.9909019470214844,
      0.9871101379394531,
      0.9821993509928385,
      0.9745826721191406,
      0.9577013651529948,
      0.9071388244628906,
      0.8091417948404948,
      0.7166938781738281,
      0.6622238159179688,
      0.6335728963216146,
      0.6138343811035156,
      0.5944175720214844,
      0.5740699768066406,
      0.5525258382161459,
      0.5288187662760416,
      0.5033950805664062,
      0.4767189025878906,
      0.44836171468098956,
      0.4190864562988281,
      0.3888956705729167,
      0.3581441243489583,
      0.3275807698567708,
      0.2973531087239583,
      0.2676556905110677,
      0.23883565266927084,
      0.21114985148111978,
      0.18501917521158853,
      0.16032918294270834,
      0.13759485880533853,
      0.11677932739257812,
      0.09827041625976562,
      0.08182144165039062,
      0.06741968790690105,
      0.0550994873046875,
      0.04434331258138021,
      0.035243988037109375,
      0.027631123860677082,
      0.021711985270182293,
      0.016774495442708332,
      0.012725830078125,
      0.009710947672526041,
      0.007371266682942708,
      0.005484263102213542,
      0.004046122233072917,
      0.002979278564453125,
      0.0021006266276041665,
      0.0015347798665364583
    ],
    "v1_curve": [
      0.2442205222178613,
      0.31152901012986434,
      0.6635997694701492,
      1.0545345402441122,
      1.4510521465174326,
      2.0296752278540433,
      3.2011702698634292,
      4.523800619098272,
      6.576760685716212,
      9.452341266041163,
      14.42250662786904,
      19.143549539950833,
      23.964529083254163,
      35.9573916218251,
      50.443327838092756,
      61.93813581130833,
      82.56661773558615,
      113.84611766427332,
      173.89752437727816,
      286.53143514851473,
      365.3504097846686,
      349.85462592996544,
      307.24504002559627,
      294.4751090107095,
      317.4151645127506,
      366.3402896564785,
      393.6797788890124,
      435.24764328151844,
      470.1331216316834,
      509.01448858410447,
      541.8747290753753,
      546.7409332063105,
      580.191732935391,
      601.0162178432403,
      604.6375227726261,
      609.9313479531125,
      583.3117646666889,
      587.7748583885501,
      558.8214890671334,
      530.9581514272631,
      501.6580571440186,
      471.6580644494566,
      435.5499733285047,
      392.44628548374897,
      346.55672105820724,
      298.65198739962256,
      268.2944447580039,
      235.06163525311308,
      195.56480854848581,
      165.06859879733202,
      136.25529184784898,
      112.50228404245739,
      90.96993462832397,
      71.80952962526496,
      51.22991231642322,
      44.67914929119075,
      32.70991513527185,
      25.99671152080945,
      17.414190435763555,
      14.102034177478398,
      11.175781472298832
    ]
  },
  "p_high": 0.0004997501249375312,
  "p_high_mf": 0.0004997501249375312,
  "p_low": 1.0,
  "p_low_mf": 1.0,
  "p_two_sided": 0.0009995002498750624,
  "p_two_sided_mf": 0.0009995002498750624,
  "provenance": {
    "dat_url": "https://github.com/gradient-pulse/phi-mesh/releases/download/data-2026-02-15-planck-lensing-R3/planck_pr3_lensing_mv_dat_klm.fits",
    "mf_url": "https://github.com/gradient-pulse/phi-mesh/releases/download/data-2026-02-15-planck-lensing-R3/planck_pr3_lensing_mv_mf_klm.fits"
  },
  "seed": 731,
  "surrogate": {
    "D0_mean": 0.002109369259998488,
    "D0_std": 0.0010065181133138855,
    "D1_mean": 11.330107018748171,
    "D1_std": 2.1025766009155826,
    "D_mf_mean": 11.330107247997194,
    "D_mf_std": 2.1025766644834327,
    "v0_mean_curve": [
      0.9992494837443026,
      0.9988720906575527,
      0.9983333651224773,
      0.9975739021301278,
      0.9965212745666516,
      0.9950905888875322,
      0.9931747926076246,
      0.9906516513824462,
      0.9873884398142496,
      0.9832325070699061,
      0.9780229771931973,
      0.9715855433146164,
      0.9637474880218522,
      0.9543555514017752,
      0.943253131230672,
      0.9303023808797186,
      0.9153839651743582,
      0.8984191856384278,
      0.8793374347686759,
      0.8581227842966711,
      0.8347803936004625,
      0.8093423480987544,
      0.7818653519948316,
      0.7524350922902441,
      0.7211684735616043,
      0.688202209472657,
      0.6537080243428542,
      0.6178813412984222,
      0.5809529660542807,
      0.5431769587198901,
      0.5048404890696202,
      0.46625201161702584,
      0.4277450491587315,
      0.38966696929931655,
      0.3523491147359213,
      0.316149304072062,
      0.2813814449310299,
      0.248333983739217,
      0.21726628049214652,
      0.18838061968485553,
      0.1618354752858479,
      0.13771525319417335,
      0.1160594793955484,
      0.09684305890401196,
      0.08000005149841305,
      0.06541313362121574,
      0.05292936579386384,
      0.042380013147989976,
      0.03357151031494141,
      0.026306069056193003,
      0.020391740163167308,
      0.015632047017415378,
      0.011848950068155908,
      0.008883359273274745,
      0.006584057490030931,
      0.0048257624308268125,
      0.00349403699239095,
      0.002501857757568354,
      0.0017714023590087885,
      0.001240336100260418,
      0.0008584772745768235
    ],