{
  "diagnostics": {
    "excess_kurt_x_obs": -0.17039292571546838,
    "imag_frac_nonzero_eps1e-12": 0.9846153846153847,
    "imag_max_abs": 0.020856226784067882,
    "skew_x_obs": 0.06643096687742861,
    "v1_delta_bandwidth_dnu": 0.10000000000000009,
    "v1_symmetry_corr": 0.9869120647284619,
    "verify_l2_from_curves": {
      "D0_match": true,
      "D0_recomputed": 0.003326431441855226,
      "D0_reported": 0.003326431441855226,
      "D1_match": true,
      "D1_recomputed": 8.719263082454598,
      "D1_reported": 8.719263082454598,
      "tol_abs": 1e-12,
      "tol_rel": 1e-10,
      "verify_dnu": 0.10000000000000009
    }
  },
  "hint": "This script compares observed morphology against phase-randomized surrogates that preserve |a_lm|. V0(nu) is excursion-set area fraction; V1(nu) is a perimeter proxy estimated from |\u2207x| in a nu-band. Distances D0 and D1 are L2 distances (sqrt(sum((a-b)^2)*dnu)) to surrogate-mean curves. D_mf combines them as sqrt(D0^2 + D1^2). Z_mf is the scale-free combined z-distance.",
  "kind": "planck_pr3_lensing_phi_topology_mf_v0_v1",
  "lmax": 128,
  "metric": "Minkowski-style morphology: V0(area) + V1(perimeter proxy) vs phase-random surrogates",
  "n_sims": 2000,
  "nside": 256,
  "observed": {
    "D0_L2": 0.003326431441855226,
    "D0_sum_sq_legacy": 0.00011065146137363028,
    "D1_L2": 8.719263082454598,
    "D1_sum_sq_legacy": 760.2554870105558,
    "D_mf": 8.719263716977586,
    "Z0": -1.1652276419164165,
    "Z1": -1.0229530286160016,
    "Z_mf": 1.5505445353941765,
    "map_mean": -4.061942720576019e-08,
    "map_std": 0.03241775003798436,
    "v0_curve": [
      0.9994850158691406,
      0.9991887410481771,
      0.9987284342447916,
      0.9981053670247396,
      0.9971605936686198,
      0.9958229064941406,
      0.9941088358561198,
      0.9918034871419271,
      0.9888140360514323,
      0.9850807189941406,
      0.9803237915039062,
      0.9744720458984375,
      0.9671986897786459,
      0.9581158955891927,
      0.947546641031901,
      0.934838612874349,
      0.920037587483724,
      0.9029452006022135,
      0.8833580017089844,
      0.8615748087565104,
      0.8377787272135416,
      0.8110211690266927,
      0.7819646199544271,
      0.7506243387858073,
      0.7182909647623698,
      0.6840489705403646,
      0.6486384073893229,
      0.6116612752278646,
      0.5730578104654948,
      0.5341847737630209,
      0.49531300862630206,
      0.45633188883463544,
      0.41779836018880206,
      0.38017527262369794,
      0.34365081787109375,
      0.3089027404785156,
      0.27587254842122394,
      0.24452336629231772,
      0.21514765421549478,
      0.1877593994140625,
      0.16280746459960938,
      0.13935089111328125,
      0.11841583251953125,
      0.09991073608398438,
      0.08392079671223958,
      0.07011922200520833,
      0.057764689127604164,
      0.04730860392252604,
      0.038135528564453125,
      0.030301411946614582,
      0.023886362711588543,
      0.018697102864583332,
      0.014494578043619791,
      0.011058807373046875,
      0.008358001708984375,
      0.006346384684244792,
      0.004697163899739583,
      0.0033925374348958335,
      0.0023333231608072915,
      0.0015424092610677083,
      0.0009778340657552083
    ],
    "v1_curve": [
      1.5377215547894663,
      2.4260825249090967,
      3.4798580795083827,
      5.122249585312679,
      7.254930418103155,
      10.059861685642975,
      13.093245321511407,
      18.02359763004761,
      23.078979067987493,
      29.730301340520953,
      37.608388687758854,
      45.76919619668773,
      57.091371856099094,
      68.98949710094537,
      81.26065693036661,
      98.05567106384296,
      112.46679291137113,
      131.00350287822965,
      147.28281642025206,
      166.55513166343985,
      183.29659119251093,
      203.63678620926112,
      222.43123832160285,
      236.89552323644247,
      255.47262158930317,
      268.6187693905359,
      276.625739428787,
      294.0364093374497,
      302.22751800477175,
      304.4895307451602,
      310.7279057942509,
      313.37298505777915,
      310.5441006606134,
      308.38238717666525,
      304.7433695715634,
      292.5026276072306,
      287.7552321829216,
      281.72067408986044,
      268.3489365881748,
      249.5362325119,
      239.0531539274583,
      225.33327701302028,
      203.5246014361856,
      187.4278831014966,
      170.35525217699686,
      147.71530564159764,
      130.50257441630214,
      113.36458211556858,
      101.09252497548665,
      81.64140586251672,
      67.00440823266207,
      52.77480356029649,
      44.440708483169566,
      35.34325607487117,
      29.200437536792485,
      22.38628147076717,
      17.11187528444438,
      13.154625909113804,
      10.063864338595824,
      6.938272289764823,
      4.407369137472691
    ]
  },
  "p_high": 0.9205397301349325,
  "p_high_mf": 0.8835582208895553,
  "p_low": 0.079960019990005,
  "p_low_mf": 0.11694152923538231,
  "p_two_sided": 0.15992003998001,
  "p_two_sided_mf": 0.23388305847076463,
  "provenance": {
    "dat_url": "GAUSSIAN_CONTROL_FROM: https://github.com/gradient-pulse/phi-mesh/releases/download/data-2026-02-15-planck-lensing-R3/planck_pr3_lensing_mv_dat_klm.fits",
    "mf_url": "GAUSSIAN_CONTROL_MF_ZERO_FROM: https://github.com/gradient-pulse/phi-mesh/releases/download/data-2026-02-15-planck-lensing-R3/planck_pr3_lensing_mv_mf_klm.fits"
  },
  "seed": 731,
  "surrogate": {
    "D0_mean": 0.00954242811726812,
    "D0_std": 0.005334577083315344,
    "D1_mean": 16.465154137229263,
    "D1_std": 7.57208868647119,
    "D_mf_mean": 16.465157093564407,
    "D_mf_std": 7.572090149704138,
    "v0_mean_curve": [
      0.9991248092651359,
      0.99873083305359,
      0.9981841646830238,
      0.9974338442484557,
      0.9964226856231683,
      0.995069990793864,
      0.9932874266306574,
      0.9909662901560453,
      0.9879810498555502,
      0.9841923103332528,
      0.9794352099100743,
      0.9735452804565432,
      0.9663419087727849,
      0.957629561742147,
      0.9472168134053535,
      0.9349196675618475,
      0.9205643323262532,
      0.9039986324310297,
      0.8851137180328371,
      0.8638115463256834,
      0.840062238693239,
      0.8138693275451654,
      0.78530632019043,
      0.7544798412322995,
      0.7215527407328295,
      0.6867556730906176,
      0.6503284606933591,
      0.612596022923788,
      0.5739251543680839,
      0.534658388137817,
      0.495189655303955,
      0.4558948040008541,
      0.41712446848551415,
      0.3792346992492679,
      0.3425487448374431,
      0.30735862350463833,
      0.2739089965820311,
      0.24239103507995602,
      0.21297420628865538,
      0.1857472190856932,
      0.16078625424702958,
      0.13810508346557604,
      0.11769070180257163,
      0.09948349634806317,
      0.0833937053680421,
      0.06931153742472336,
      0.05710272725423173,
      0.046629119237264025,
      0.037729235331217505,
      0.03024366887410484,
      0.024012271881103515,
      0.01888099861145017,
      0.014700204213460284,
      0.011330125172932927,
      0.00864252916971844,
      0.006523206710815426,
      0.004869598388671877,
      0.0035939400990804057,
      0.0026234830220540407,
      0.00189349428812663,
      0.0013499927520751955
    ],