{
  "diagnostics": {
    "excess_kurt_x_obs": 0.012741105828597998,
    "imag_frac_nonzero_eps1e-12": 0.9937888198757764,
    "imag_max_abs": 0.026856696497095812,
    "skew_x_obs": 0.02167383775650906,
    "v1_delta_bandwidth_dnu": 0.10000000000000009,
    "v1_symmetry_corr": 0.9985043629451434,
    "verify_l2_from_curves": {
      "D0_match": true,
      "D0_recomputed": 0.0019052249132201144,
      "D0_reported": 0.0019052249132201144,
      "D1_match": true,
      "D1_recomputed": 23.404426378656417,
      "D1_reported": 23.404426378656417,
      "tol_abs": 1e-12,
      "tol_rel": 1e-10,
      "verify_dnu": 0.10000000000000009
    }
  },
  "hint": "This script compares observed morphology against phase-randomized surrogates that preserve |a_lm|. V0(nu) is excursion-set area fraction; V1(nu) is a perimeter proxy estimated from |\u2207x| in a nu-band. Distances D0 and D1 are L2 distances (sqrt(sum((a-b)^2)*dnu)) to surrogate-mean curves. D_mf combines them as sqrt(D0^2 + D1^2). Z_mf is the scale-free combined z-distance.",
  "kind": "planck_pr3_lensing_phi_topology_mf_v0_v1",
  "lmax": 320,
  "metric": "Minkowski-style morphology: V0(area) + V1(perimeter proxy) vs phase-random surrogates",
  "n_sims": 2000,
  "nside": 256,
  "observed": {
    "D0_L2": 0.0019052249132201144,
    "D0_sum_sq_legacy": 3.6298819699545894e-05,
    "D1_L2": 23.404426378656417,
    "D1_sum_sq_legacy": 5477.671741139479,
    "D_mf": 23.40442645620333,
    "Z0": 0.12242603517701887,
    "Z1": 0.17641934048904312,
    "Z_mf": 0.21473685707803772,
    "map_mean": -6.586616877426721e-08,
    "map_std": 0.06205300839765585,
    "v0_curve": [
      0.9987360636393229,
      0.9982719421386719,
      0.997613271077474,
      0.9967613220214844,
      0.9956347147623698,
      0.9941329956054688,
      0.9921951293945312,
      0.9896570841471354,
      0.9866803487141927,
      0.9826393127441406,
      0.977874755859375,
      0.9719149271647135,
      0.9645970662434896,
      0.9560508728027344,
      0.9458401997884115,
      0.9336802164713541,
      0.9199371337890625,
      0.9037183125813802,
      0.8853289286295573,
      0.8644485473632812,
      0.8412615458170573,
      0.8157119750976562,
      0.7877655029296875,
      0.7576548258463541,
      0.7252527872721354,
      0.6907501220703125,
      0.654382069905599,
      0.6168238321940104,
      0.5779762268066406,
      0.5386136372884115,
      0.49846649169921875,
      0.4589551289876302,
      0.4197985331217448,
      0.3812599182128906,
      0.3435808817545573,
      0.3074951171875,
      0.2732289632161458,
      0.24135335286458334,
      0.21127827962239584,
      0.18344879150390625,
      0.15835698445638022,
      0.1356023152669271,
      0.11519114176432292,
      0.09693400065104167,
      0.08094024658203125,
      0.067169189453125,
      0.05520502726236979,
      0.04518890380859375,
      0.036661783854166664,
      0.029299418131510418,
      0.023289998372395832,
      0.018357594807942707,
      0.014403025309244791,
      0.011182149251302084,
      0.008670806884765625,
      0.006596883138020833,
      0.00499725341796875,
      0.0037485758463541665,
      0.0027783711751302085,
      0.0020434061686197915,
      0.001491546630859375
    ],
    "v1_curve": [
      11.321784502189697,
      16.514120429904402,
      22.309442725480416,
      28.6363024151813,
      36.589322759879735,
      50.16480724099585,
      63.72628344361588,
      78.61642740195963,
      98.48184046827431,
      131.01452096415846,
      152.1534841994618,
      187.86093477709937,
      226.95650477473816,
      273.4090432808195,
      325.11868599393404,
      388.1947954434798,
      439.6414722613686,
      515.7771133903796,
      581.1922885907571,
      652.1718884436524,
      738.5364294668519,
      807.5427278290723,
      864.4026334128071,
      959.6916150578467,
      1023.8583720436005,
      1089.4167847281274,
      1135.9231302483208,
      1192.7178051140356,
      1219.824962459473,
      1252.0277279139398,
      1268.5869688544701,
      1262.6622675956983,
      1215.1788406074652,
      1251.3118584335323,
      1192.5123523635875,
      1150.3243400897093,
      1060.667053678492,
      1011.8366780474358,
      946.2289344966258,
      887.8768533003032,
      797.3933159884557,
      724.6531955123951,
      671.1068410309213,
      584.567382202513,
      504.2477837638774,
      429.36667489233304,
      381.6867353145646,
      328.40251042521373,
      271.2474606508741,
      234.76748547228385,
      190.37071171829493,
      169.87697709417895,
      123.7448966826001,
      94.9908208424586,
      80.05653736346575,
      62.745834709539146,
      50.28345571290889,
      39.883518233254335,
      27.666705601175604,
      25.00549511431428,
      15.888491209948056
    ]
  },
  "p_high": 0.3618190904547726,
  "p_high_mf": 0.3888055972013993,
  "p_low": 0.638680659670165,
  "p_low_mf": 0.6116941529235382,
  "p_two_sided": 0.7236381809095452,
  "p_two_sided_mf": 0.7776111944027986,
  "provenance": {
    "dat_url": "GAUSSIAN_CONTROL_FROM: https://github.com/gradient-pulse/phi-mesh/releases/download/data-2026-02-15-planck-lensing-R3/planck_pr3_lensing_mv_dat_klm.fits",
    "mf_url": "GAUSSIAN_CONTROL_MF_ZERO_FROM: https://github.com/gradient-pulse/phi-mesh/releases/download/data-2026-02-15-planck-lensing-R3/planck_pr3_lensing_mv_mf_klm.fits"
  },
  "seed": 731,
  "surrogate": {
    "D0_mean": 0.0017737280918276924,
    "D0_std": 0.0010740919707339003,
    "D1_mean": 22.694536625219502,
    "D1_std": 4.023877152408946,
    "D_mf_mean": 22.694536711659058,
    "D_mf_std": 4.0238771991281626,
    "v0_mean_curve": [
      0.9986459026336654,
      0.9981272366841638,
      0.9974344838460297,
      0.9965176156361905,
      0.9953171844482411,
      0.9937607879638665,
      0.9917648321787513,
      0.9892275829315178,
      0.9860352268218978,
      0.9820597159067771,
      0.9771588738759369,
      0.9711784896850602,
      0.9639458026885975,
      0.9552969201405832,
      0.9450448932647704,
      0.9330267747243243,
      0.9190731296539318,
      0.9030306612650536,
      0.8847671972910572,
      0.8641848367055253,
      0.8412144527435312,
      0.815841506958008,
      0.7880746561686202,
      0.7580078144073499,
      0.725768156051634,
      0.6915445397694889,
      0.6555462760925301,
      0.6180876534779861,
      0.5794851557413728,
      0.5400950012207028,
      0.5003017374674472,
      0.46050142224629687,
      0.4210799147288007,
      0.38244035530090364,
      0.34492152404785165,
      0.30886053212483733,
      0.2745495255788163,
      0.2422249558766685,
      0.2120729840596518,
      0.1842293128967287,
      0.15877623240152983,
      0.13574185117085757,
      0.11509278424580885,
      0.0967799892425535,
      0.08069104194641086,
      0.06670963795979805,
      0.05467638587951652,
      0.04442673810323083,
      0.03578531455993649,
      0.028568483988444013,
      0.022603002548217784,
      0.017719689687093067,
      0.013767477671305341,
      0.01060049756368001,
      0.008085204442342123,
      0.006108893076578774,
      0.004573369344075521,
      0.0033903293609619145,
      0.0024907671610514275,
      0.001812040964762367,
      0.001306149800618491
    ],