{
  "diagnostics": {
    "excess_kurt_x_obs": -0.079399242154929,
    "imag_frac_nonzero_eps1e-12": 0.9896907216494846,
    "imag_max_abs": 0.02001387573526874,
    "skew_x_obs": 0.036156286245556744,
    "v1_delta_bandwidth_dnu": 0.10000000000000009,
    "v1_symmetry_corr": 0.9976524889506297,
    "verify_l2_from_curves": {
      "D0_match": true,
      "D0_recomputed": 0.007488211323105291,
      "D0_reported": 0.007488211323105291,
      "D1_match": true,
      "D1_recomputed": 19.125794630165846,
      "D1_reported": 19.125794630165846,
      "tol_abs": 1e-12,
      "tol_rel": 1e-10,
      "verify_dnu": 0.10000000000000009
    }
  },
  "hint": "This script compares observed morphology against phase-randomized surrogates that preserve |a_lm|. V0(nu) is excursion-set area fraction; V1(nu) is a perimeter proxy estimated from |\u2207x| in a nu-band. Distances D0 and D1 are L2 distances (sqrt(sum((a-b)^2)*dnu)) to surrogate-mean curves. D_mf combines them as sqrt(D0^2 + D1^2). Z_mf is the scale-free combined z-distance.",
  "kind": "planck_pr3_lensing_phi_topology_mf_v0_v1",
  "lmax": 192,
  "metric": "Minkowski-style morphology: V0(area) + V1(perimeter proxy) vs phase-random surrogates",
  "n_sims": 2000,
  "nside": 256,
  "observed": {
    "D0_L2": 0.007488211323105291,
    "D0_sum_sq_legacy": 0.0005607330881948224,
    "D1_L2": 19.125794630165846,
    "D1_sum_sq_legacy": 3657.9602023528046,
    "D_mf": 19.125796096073742,
    "Z0": 0.43472736648246835,
    "Z1": 0.17970261894145426,
    "Z_mf": 0.4704050535689427,
    "map_mean": -4.3293723477749735e-08,
    "map_std": 0.03882588697590697,
    "v0_curve": [
      0.9989496866861979,
      0.9985186258951823,
      0.9979451497395834,
      0.9971593221028646,
      0.996087392171224,
      0.994757334391276,
      0.9929911295572916,
      0.9906120300292969,
      0.9875920613606771,
      0.9836311340332031,
      0.9787406921386719,
      0.972869873046875,
      0.9657796223958334,
      0.9571406046549479,
      0.9469197591145834,
      0.9348360697428385,
      0.9204533894856771,
      0.904022216796875,
      0.8851178487141927,
      0.8639068603515625,
      0.8402277628580729,
      0.814080556233724,
      0.78570556640625,
      0.7552223205566406,
      0.7224451700846354,
      0.6877365112304688,
      0.6510340372721354,
      0.6131706237792969,
      0.5746053059895834,
      0.5353711446126302,
      0.496002197265625,
      0.4566968282063802,
      0.4175821940104167,
      0.3796335856119792,
      0.34270350138346356,
      0.30805714925130206,
      0.27474085489908856,
      0.24312464396158853,
      0.21379725138346353,
      0.18617375691731772,
      0.1612116495768229,
      0.13851165771484375,
      0.11829376220703125,
      0.09973907470703125,
      0.08331044514973958,
      0.06891759236653645,
      0.056722005208333336,
      0.04630406697591146,
      0.037487030029296875,
      0.029870351155598957,
      0.023461659749348957,
      0.01819610595703125,
      0.014068603515625,
      0.010799407958984375,
      0.008227030436197916,
      0.006051381429036458,
      0.00447845458984375,
      0.003284454345703125,
      0.0023091634114583335,
      0.0016034444173177083,
      0.0011151631673177083
    ],
    "v1_curve": [
      5.028769444624787,
      6.799226699095157,
      9.148025651178191,
      12.439244297601514,
      15.417366468540255,
      21.143701554857625,
      27.76236935949193,
      36.773279551194726,
      45.76460472665286,
      60.40848764241997,
      74.4431227427661,
      87.89741425752845,
      109.19657131614683,
      131.13936847619703,
      157.2478951821731,
      188.79665426184386,
      216.83446379961813,
      247.40932319795152,
      283.674526056656,
      320.747811217116,
      359.9129309563439,
      394.4792456002553,
      433.3040934184928,
      472.30311530087056,
      501.1345015366891,
      536.8160637659615,
      567.6660567161141,
      585.2803315725365,
      598.7823162961413,
      611.782820085603,
      621.160651246052,
      623.8000815869378,
      605.2494033232589,
      612.4561515094942,
      585.9244847820671,
      572.518142687438,
      536.8570777776064,
      503.26433651160147,
      467.3141410118527,
      450.4682457265106,
      411.3092045228777,
      370.09312910679074,
      325.46323807868157,
      300.1100003205768,
      250.54530813583347,
      232.10075600357155,
      179.94438404178703,
      167.45933005114904,
      133.92298967999446,
      115.07818968742198,
      94.92265220528235,
      74.30064536914624,
      57.600758736677406,
      46.38913189122945,
      34.83357521653586,
      27.841412970276117,
      21.33396663510084,
      16.96810326274829,
      11.996803104794497,
      8.733245708181437,
      5.5994341634143545
    ]
  },
  "p_high": 0.2613693153423288,
  "p_high_mf": 0.3183408295852074,
  "p_low": 0.7391304347826086,
  "p_low_mf": 0.6821589205397302,
  "p_two_sided": 0.5227386306846576,
  "p_two_sided_mf": 0.6366816591704147,
  "provenance": {
    "dat_url": "GAUSSIAN_CONTROL_FROM: https://github.com/gradient-pulse/phi-mesh/releases/download/data-2026-02-15-planck-lensing-R3/planck_pr3_lensing_mv_dat_klm.fits",
    "mf_url": "GAUSSIAN_CONTROL_MF_ZERO_FROM: https://github.com/gradient-pulse/phi-mesh/releases/download/data-2026-02-15-planck-lensing-R3/planck_pr3_lensing_mv_mf_klm.fits"
  },
  "seed": 731,
  "surrogate": {
    "D0_mean": 0.005830821288481793,
    "D0_std": 0.0038124814824381124,
    "D1_mean": 17.784428866568756,
    "D1_std": 7.464364022619481,
    "D_mf_mean": 17.78442990765771,
    "D_mf_std": 7.464364793055416,
    "v0_mean_curve": [
      0.9985575091044115,
      0.9980087706247976,
      0.9972788384755459,
      0.9963167451222729,
      0.9950599600474039,
      0.9934405066172275,
      0.991371905644736,
      0.9887567551930726,
      0.9854781843821225,
      0.981409914016722,
      0.9764175389607744,
      0.9703470102945949,
      0.963034506479898,
      0.9543174362182618,
      0.9440281810760475,
      0.9319962361653641,
      0.9180551153818777,
      0.9020696194966638,
      0.8839065850575757,
      0.8634693158467609,
      0.8406940441131597,
      0.8155544128417975,
      0.788068831761678,
      0.7583170185089104,
      0.7264081230163575,
      0.6925086040496818,
      0.6568485488891607,
      0.6196859289805081,
      0.5813396536509189,
      0.5421578706105555,
      0.5025060736338293,
      0.4627789694468179,
      0.42336283111572254,
      0.38464313570658354,
      0.3469824797312417,
      0.3107210890452062,
      0.2761576798756918,
      0.24353549385070786,
      0.21305929247538224,
      0.1848860448201496,
      0.15910351181030252,
      0.13575706227620446,
      0.11483297475179023,
      0.09628350702921526,
      0.08000319925944005,
      0.06587658055623374,
      0.05374500274658211,
      0.043428923288981146,
      0.034758693059285466,
      0.027552761077880836,
      0.02162751515706376,
      0.01680703735351564,
      0.012932193120320639,
      0.009851378758748362,
      0.007428562800089519,
      0.005546016693115233,
      0.00409847958882649,
      0.0029977709452311246,
      0.002169713338216146,
      0.0015554021199544257,
      0.0011023120880126968
    ],