{
  "diagnostics": {
    "excess_kurt_x_obs": -0.005205645249977575,
    "imag_frac_nonzero_eps1e-12": 0.9922480620155039,
    "imag_max_abs": 0.02310408786674683,
    "skew_x_obs": 0.008722677496322216,
    "v1_delta_bandwidth_dnu": 0.10000000000000009,
    "v1_symmetry_corr": 0.999498758919552,
    "verify_l2_from_curves": {
      "D0_match": true,
      "D0_recomputed": 0.0014898522432190864,
      "D0_reported": 0.0014898522432190864,
      "D1_match": true,
      "D1_recomputed": 18.79327299420688,
      "D1_reported": 18.79327299420688,
      "tol_abs": 1e-12,
      "tol_rel": 1e-10,
      "verify_dnu": 0.10000000000000009
    }
  },
  "hint": "This script compares observed morphology against phase-randomized surrogates that preserve |a_lm|. V0(nu) is excursion-set area fraction; V1(nu) is a perimeter proxy estimated from |\u2207x| in a nu-band. Distances D0 and D1 are L2 distances (sqrt(sum((a-b)^2)*dnu)) to surrogate-mean curves. D_mf combines them as sqrt(D0^2 + D1^2). Z_mf is the scale-free combined z-distance.",
  "kind": "planck_pr3_lensing_phi_topology_mf_v0_v1",
  "lmax": 256,
  "metric": "Minkowski-style morphology: V0(area) + V1(perimeter proxy) vs phase-random surrogates",
  "n_sims": 2000,
  "nside": 256,
  "observed": {
    "D0_L2": 0.0014898522432190864,
    "D0_sum_sq_legacy": 2.2196597066249424e-05,
    "D1_L2": 18.79327299420688,
    "D1_sum_sq_legacy": 3531.8710983478536,
    "D_mf": 18.793273053261515,
    "Z0": -0.6702359559043527,
    "Z1": 0.06881489305408937,
    "Z_mf": 0.6737593977771792,
    "map_mean": -4.2915115686852166e-08,
    "map_std": 0.048738322511418575,
    "v0_curve": [
      0.998748779296875,
      0.9982439676920573,
      0.9975140889485677,
      0.9966138203938802,
      0.9954388936360677,
      0.993859608968099,
      0.9919408162434896,
      0.9894739786783854,
      0.9863306681315104,
      0.9824676513671875,
      0.9777272542317709,
      0.9717114766438802,
      0.964392344156901,
      0.9557151794433594,
      0.9453875223795573,
      0.9332389831542969,
      0.9193636576334635,
      0.9032160441080729,
      0.8850250244140625,
      0.86444091796875,
      0.8412119547526041,
      0.8160730997721354,
      0.788061777750651,
      0.7578163146972656,
      0.7254829406738281,
      0.6911938985188802,
      0.6551284790039062,
      0.6172205607096354,
      0.5781936645507812,
      0.5389378865559896,
      0.49933497111002606,
      0.45949427286783856,
      0.42004140218098956,
      0.3812154134114583,
      0.3439318339029948,
      0.30782826741536456,
      0.2734107971191406,
      0.24161402384440103,
      0.21160380045572916,
      0.1841456095377604,
      0.15895716349283853,
      0.13620885213216147,
      0.11565780639648438,
      0.09729894002278645,
      0.08132553100585938,
      0.06744003295898438,
      0.05538304646809896,
      0.045130411783854164,
      0.036333719889322914,
      0.029041290283203125,
      0.02291107177734375,
      0.018000284830729168,
      0.014013926188151041,
      0.010690053304036459,
      0.008238474527994791,
      0.006267547607421875,
      0.004628499348958333,
      0.003437042236328125,
      0.002559661865234375,
      0.00189208984375,
      0.00139617919921875
    ],
    "v1_curve": [
      8.543464627513242,
      14.114569224119245,
      19.239630905226903,
      25.32353698963741,
      32.810188264913755,
      39.836543848509514,
      53.41638154326495,
      62.13308474109575,
      81.14380891125938,
      99.3771240794517,
      122.29146960916097,
      153.94868162545842,
      182.26224113004795,
      216.6954263930644,
      258.1505451511125,
      296.4705419728002,
      344.7975900946403,
      401.8423771366901,
      450.11453336776435,
      507.83013750897516,
      554.0181565307621,
      610.69514454365,
      675.514330510571,
      726.2561549956181,
      761.7933511830734,
      814.8556151805828,
      861.3509438777171,
      895.6317312073365,
      912.1023597296439,
      922.670577127154,
      937.3865140515522,
      924.64483138775,
      910.2537483554264,
      918.2401008862001,
      882.565470492158,
      854.1166915606507,
      792.7871734976145,
      727.6669170112506,
      700.2206435564066,
      624.1719307369588,
      593.2420364923355,
      527.2815913090042,
      469.76817383718463,
      417.3627039821714,
      357.4717614751537,
      321.4391908719924,
      279.7874565994186,
      235.10571226987733,
      199.1899651587802,
      164.31290766230947,
      141.05613384879425,
      107.50365954599009,
      90.70278919142827,
      71.01237774935694,
      55.22163066603722,
      43.31134992178891,
      35.62782970543075,
      23.752588315223598,
      19.2862256915209,
      14.980208205230513,
      9.982729909326734
    ]
  },
  "p_high": 0.6981509245377311,
  "p_high_mf": 0.39030484757621187,
  "p_low": 0.3023488255872064,
  "p_low_mf": 0.6101949025487257,
  "p_two_sided": 0.6046976511744128,
  "p_two_sided_mf": 0.7806096951524237,
  "provenance": {
    "dat_url": "GAUSSIAN_CONTROL_FROM: https://github.com/gradient-pulse/phi-mesh/releases/download/data-2026-02-15-planck-lensing-R3/planck_pr3_lensing_mv_dat_klm.fits",
    "mf_url": "GAUSSIAN_CONTROL_MF_ZERO_FROM: https://github.com/gradient-pulse/phi-mesh/releases/download/data-2026-02-15-planck-lensing-R3/planck_pr3_lensing_mv_mf_klm.fits"
  },
  "seed": 731,
  "surrogate": {
    "D0_mean": 0.0025534579997713277,
    "D0_std": 0.0015869124107451274,
    "D1_mean": 18.50528257810446,
    "D1_std": 4.185001288544568,
    "D_mf_mean": 18.505282789922692,
    "D_mf_std": 4.18500143170654,
    "v0_mean_curve": [
      0.9986571966807061,
      0.9981403236389169,
      0.9974491608937592,
      0.996534266153971,
      0.995335106531779,
      0.9937806123097752,
      0.9917835617065429,
      0.9892425409952779,
      0.9860514284769717,
      0.9820721810658767,
      0.9771657098134355,
      0.9711728795369462,
      0.9639290943145747,
      0.9552598628997804,
      0.9449933490753178,
      0.9329503428141253,
      0.9189757639567049,
      0.9029160652160643,
      0.8846391048431388,
      0.8640416507720955,
      0.8410662581125905,
      0.8156852823893233,
      0.7879321079254156,
      0.7578771133422842,
      0.7256560281117765,
      0.6914507554372158,
      0.6554904568990079,
      0.6180697911580412,
      0.5795043423970532,
      0.5401570841471344,
      0.5003969910939541,
      0.46063929812113436,
      0.4212444896698002,
      0.3826255054473876,
      0.3451200898488365,
      0.309069630940755,
      0.27476858965555795,
      0.24244167836507186,
      0.2122732582092286,
      0.18440527788798047,
      0.1589220193227131,
      0.13585111490885401,
      0.11517514355977396,
      0.0968294728597005,
      0.08072031784057607,
      0.06671011606852209,
      0.05465602175394688,
      0.04438262430826823,
      0.03572439511617032,
      0.02849942970275879,
      0.022527386347452803,
      0.017642392476399753,
      0.013688433329264312,
      0.010523077011108387,
      0.008013156890869132,
      0.00604428672790526,
      0.004516293843587244,
      0.0033414179484049476,
      0.002448348999023435,
      0.0017765814463297509,
      0.0012760365804036482
    ],