{
  "diagnostics": {
    "excess_kurt_x_obs": -0.06059178949331212,
    "imag_frac_nonzero_eps1e-12": 0.9896907216494846,
    "imag_max_abs": 0.014839340011560238,
    "skew_x_obs": 0.018672024731749514,
    "v1_delta_bandwidth_dnu": 0.10000000000000009,
    "v1_symmetry_corr": 0.9939939293596228,
    "verify_l2_from_curves": {
      "D0_match": true,
      "D0_recomputed": 0.0019398238680712464,
      "D0_reported": 0.0019398238680712464,
      "D1_match": true,
      "D1_recomputed": 15.515742902320671,
      "D1_reported": 15.515742902320671,
      "tol_abs": 1e-12,
      "tol_rel": 1e-10,
      "verify_dnu": 0.10000000000000009
    }
  },
  "hint": "This script compares observed morphology against phase-randomized surrogates that preserve |a_lm|. V0(nu) is excursion-set area fraction; V1(nu) is a perimeter proxy estimated from |\u2207x| in a nu-band. Distances D0 and D1 are L2 distances (sqrt(sum((a-b)^2)*dnu)) to surrogate-mean curves. D_mf combines them as sqrt(D0^2 + D1^2). Z_mf is the scale-free combined z-distance.",
  "kind": "planck_pr3_lensing_phi_topology_mf_v0_v1",
  "lmax": 192,
  "metric": "Minkowski-style morphology: V0(area) + V1(perimeter proxy) vs phase-random surrogates",
  "n_sims": 2000,
  "nside": 256,
  "observed": {
    "D0_L2": 0.0019398238680712464,
    "D0_sum_sq_legacy": 3.762916639138889e-05,
    "D1_L2": 15.515742902320671,
    "D1_sum_sq_legacy": 2407.3827781091404,
    "D_mf": 15.515743023581916,
    "Z0": -0.9391990678849569,
    "Z1": 0.04655385976024869,
    "Z_mf": 0.9403521420056152,
    "map_mean": -5.5954085943531067e-08,
    "map_std": 0.03936856809358747,
    "v0_curve": [
      0.9989178975423177,
      0.9984474182128906,
      0.9978421529134115,
      0.996954600016276,
      0.9958597819010416,
      0.9943809509277344,
      0.9924341837565104,
      0.9899520874023438,
      0.9868151346842448,
      0.9829432169596354,
      0.9779167175292969,
      0.9717750549316406,
      0.9646212259928385,
      0.956030527750651,
      0.9457066853841146,
      0.9334691365559896,
      0.91949462890625,
      0.90350341796875,
      0.8851432800292969,
      0.8641649881998698,
      0.8409093221028646,
      0.81524658203125,
      0.7871754964192709,
      0.7568155924479166,
      0.7238324483235677,
      0.6892255147298177,
      0.6529706319173177,
      0.6154747009277344,
      0.576745351155599,
      0.5371017456054688,
      0.49761962890625,
      0.4579874674479167,
      0.4188639322916667,
      0.3810997009277344,
      0.34372202555338544,
      0.30835596720377606,
      0.27438990275065106,
      0.24272537231445312,
      0.21337254842122397,
      0.1858062744140625,
      0.16055933634440103,
      0.13734817504882812,
      0.11656443277994792,
      0.09849166870117188,
      0.08226521809895833,
      0.0680554707845052,
      0.05599339803059896,
      0.045575459798177086,
      0.036900838216145836,
      0.029493967692057293,
      0.0233154296875,
      0.018227895100911457,
      0.01409912109375,
      0.010616302490234375,
      0.008050282796223959,
      0.005948384602864583,
      0.004315694173177083,
      0.003078460693359375,
      0.0022074381510416665,
      0.001590728759765625,
      0.0011011759440104167
    ],
    "v1_curve": [
      4.982234102282103,
      6.76429934744111,
      9.368114703361627,
      12.677535222862382,
      16.371941318938365,
      21.75015215902654,
      29.219649631870258,
      38.245583842377826,
      43.7696890403441,
      57.63657162916362,
      74.98781467709532,
      88.66617208518056,
      106.11223675664687,
      130.62434334627548,
      154.58704433875323,
      181.4857564555715,
      207.9317544950806,
      241.46486714463194,
      273.2881805529369,
      307.46795643708396,
      344.6856921276154,
      380.5631022627863,
      413.32384782843616,
      450.8461677952004,
      477.92706218555986,
      513.1015636769266,
      531.2050809848171,
      558.2590032959957,
      574.8374752203355,
      589.6364161818103,
      591.058426934926,
      591.9630950565293,
      581.0790945142685,
      576.0811982659909,
      556.209748939312,
      547.2141429949065,
      525.8318644234128,
      500.4381935027729,
      469.1711088477518,
      427.10240123341777,
      410.4297416266334,
      378.60614268717217,
      343.18447824519467,
      295.91629921014584,
      270.46300118288843,
      244.84468697567306,
      209.08431963327496,
      188.33509460483347,
      165.0531966915057,
      137.74921098205334,
      122.35322365097598,
      97.10351717390527,
      83.67440890057325,
      62.65856992594703,
      47.42407207669351,
      36.615529454402015,
      27.29269958287323,
      20.933653279985776,
      14.288299294808123,
      10.627225255636233,
      7.663451102015167
    ]
  },
  "p_high": 0.8455772113943029,
  "p_high_mf": 0.36931534232883556,
  "p_low": 0.1549225387306347,
  "p_low_mf": 0.631184407796102,
  "p_two_sided": 0.3098450774612694,
  "p_two_sided_mf": 0.7386306846576711,
  "provenance": {
    "dat_url": "GAUSSIAN_CONTROL_FROM: https://github.com/gradient-pulse/phi-mesh/releases/download/data-2026-02-15-planck-lensing-R3/planck_pr3_lensing_mv_dat_klm.fits",
    "mf_url": "GAUSSIAN_CONTROL_MF_ZERO_FROM: https://github.com/gradient-pulse/phi-mesh/releases/download/data-2026-02-15-planck-lensing-R3/planck_pr3_lensing_mv_mf_klm.fits"
  },
  "seed": 731,
  "surrogate": {
    "D0_mean": 0.004461209441272965,
    "D0_std": 0.0026846125165773324,
    "D1_mean": 15.276260328122888,
    "D1_std": 5.144204485538107,
    "D_mf_mean": 15.276261060301374,
    "D_mf_std": 5.144204946095282,
    "v0_mean_curve": [
      0.9988485787709558,
      0.9983771197001139,
      0.9977362791697195,
      0.9968757998148593,
      0.9957347977956135,
      0.9942369518280012,
      0.992293453852336,
      0.9898015817006433,
      0.9866446940104173,
      0.982686155319214,
      0.9777801774342874,
      0.9717661921183269,
      0.9644697971343996,
      0.9557191238403339,
      0.9453352368672674,
      0.9331497236887625,
      0.9189892234802253,
      0.9027107626597093,
      0.8841989243825276,
      0.8633544839223225,
      0.8401317348480227,
      0.8145149688720703,
      0.7865516554514582,
      0.7563312835693361,
      0.7239934603373208,
      0.6897399895985932,
      0.6538036638895673,
      0.616475978851319,
      0.5780657526652003,
      0.5389267190297451,
      0.49943826230367017,
      0.4599675617218014,
      0.42088569704691575,
      0.38257681210835803,
      0.3453722922007237,
      0.30959444808959985,
      0.2755130011240644,
      0.24335991032918303,
      0.21332132466634096,
      0.1855326512654625,
      0.1600695254007978,
      0.13696399688720717,
      0.11620911343892432,
      0.0977620499928792,
      0.08152230072021485,
      0.06737433242797851,
      0.05517233912150062,
      0.044761067072550474,
      0.03597494316101074,
      0.028635192871093722,
      0.022567250569661454,
      0.017611995697021512,
      0.013607396443684852,
      0.01040523656209309,
      0.007872704188028965,
      0.00589530754089355,
      0.004367610931396491,
      0.0031998138427734414,
      0.002320852279663086,
      0.0016649481455485013,
      0.001180140813191732
    ],