{
  "diagnostics": {
    "excess_kurt_x_obs": 0.07541449022414248,
    "imag_frac_nonzero_eps1e-12": 0.9922480620155039,
    "imag_max_abs": 0.02863890696468206,
    "skew_x_obs": -0.09028790272506904,
    "v1_delta_bandwidth_dnu": 0.10000000000000009,
    "v1_symmetry_corr": 0.9995988606070383,
    "verify_l2_from_curves": {
      "D0_match": true,
      "D0_recomputed": 0.007758610760828074,
      "D0_reported": 0.007758610760828074,
      "D1_match": true,
      "D1_recomputed": 28.30730426160164,
      "D1_reported": 28.30730426160164,
      "tol_abs": 1e-12,
      "tol_rel": 1e-10,
      "verify_dnu": 0.10000000000000009
    }
  },
  "hint": "This script compares observed morphology against phase-randomized surrogates that preserve |a_lm|. V0(nu) is excursion-set area fraction; V1(nu) is a perimeter proxy estimated from |\u2207x| in a nu-band. Distances D0 and D1 are L2 distances (sqrt(sum((a-b)^2)*dnu)) to surrogate-mean curves. D_mf combines them as sqrt(D0^2 + D1^2). Z_mf is the scale-free combined z-distance.",
  "kind": "planck_pr3_lensing_phi_topology_mf_v0_v1",
  "lmax": 256,
  "metric": "Minkowski-style morphology: V0(area) + V1(perimeter proxy) vs phase-random surrogates",
  "n_sims": 2000,
  "nside": 256,
  "observed": {
    "D0_L2": 0.007758610760828074,
    "D0_sum_sq_legacy": 0.0006019604093803713,
    "D1_L2": 28.30730426160164,
    "D1_sum_sq_legacy": 8013.034745588897,
    "D_mf": 28.307305324861485,
    "Z0": 2.0150924709275233,
    "Z1": 1.7969146625883687,
    "Z_mf": 2.699907400451701,
    "map_mean": -2.926938525895049e-08,
    "map_std": 0.050129490280201895,
    "v0_curve": [
      0.9977734883626302,
      0.9970321655273438,
      0.9961077372233073,
      0.9949773152669271,
      0.9936091105143229,
      0.9917615254720052,
      0.9895947774251302,
      0.9868545532226562,
      0.9835497538248698,
      0.9795252482096354,
      0.9745407104492188,
      0.9686609903971354,
      0.9616775512695312,
      0.9532025655110677,
      0.9433441162109375,
      0.9315923055013021,
      0.9181645711263021,
      0.9026298522949219,
      0.884918212890625,
      0.8650741577148438,
      0.8431434631347656,
      0.8184038798014323,
      0.7915217081705729,
      0.7622248331705729,
      0.7305692036946615,
      0.6971257527669271,
      0.6615740458170573,
      0.6242319742838541,
      0.5856272379557291,
      0.5456288655598959,
      0.5051155090332031,
      0.4646898905436198,
      0.4248453776041667,
      0.3855539957682292,
      0.34752527872721356,
      0.3106702168782552,
      0.27575429280598956,
      0.24256769816080728,
      0.2115147908528646,
      0.18301518758138022,
      0.15719731648763022,
      0.13382720947265625,
      0.1129620869954427,
      0.09454600016276042,
      0.0784454345703125,
      0.0644823710123698,
      0.052341461181640625,
      0.042186737060546875,
      0.033527374267578125,
      0.026554107666015625,
      0.020757039388020832,
      0.016072591145833332,
      0.012419382731119791,
      0.00942230224609375,
      0.007033030192057292,
      0.005232493082682292,
      0.0038363138834635415,
      0.0027669270833333335,
      0.0019925435384114585,
      0.001438140869140625,
      0.001003265380859375
    ],
    "v1_curve": [
      13.404572900701899,
      17.83169309959588,
      23.102857895661256,
      26.350328038171586,
      35.254940621260126,
      43.36044444320213,
      53.34077685316403,
      66.23471153782053,
      81.60188417885638,
      100.97762885519141,
      127.79511587938813,
      152.79881233348414,
      178.59817862431368,
      215.53231885943006,
      251.49929587369306,
      293.0467318568952,
      339.72209121936845,
      393.75692976707745,
      453.6776240551858,
      489.95065283421445,
      560.134317236445,
      606.8659322145808,
      675.5452076737085,
      724.8040818971746,
      770.8329753813764,
      813.4709347895594,
      880.5134490756826,
      893.8498797120617,
      929.4106667230657,
      943.987722180775,
      941.5884730601741,
      937.8515682645984,
      927.508367767613,
      891.3115888957917,
      851.7694695783073,
      824.6990428057526,
      784.6226386188963,
      741.0552211854051,
      676.2952622069264,
      605.0466001777196,
      546.496347163557,
      493.64032000954217,
      430.0719655049324,
      380.41533712975894,
      330.14997435147967,
      273.3443562614041,
      240.8223102223374,
      198.01267810926743,
      164.5433867359331,
      132.43819334803962,
      109.29898123451095,
      88.4460344399566,
      68.34085363653165,
      55.64885564216519,
      43.52773552901456,
      32.39082666797458,
      25.261510059786144,
      18.868800330356212,
      12.487767417344156,
      9.26638647819029,
      7.301139554189143
    ]
  },
  "p_high": 0.04997501249375312,
  "p_high_mf": 0.06596701649175413,
  "p_low": 0.9505247376311844,
  "p_low_mf": 0.9345327336331835,
  "p_two_sided": 0.09995002498750624,
  "p_two_sided_mf": 0.13193403298350825,
  "provenance": {
    "dat_url": "GAUSSIAN_CONTROL_FROM: https://github.com/gradient-pulse/phi-mesh/releases/download/data-2026-02-15-planck-lensing-R3/planck_pr3_lensing_mv_dat_klm.fits",
    "mf_url": "GAUSSIAN_CONTROL_MF_ZERO_FROM: https://github.com/gradient-pulse/phi-mesh/releases/download/data-2026-02-15-planck-lensing-R3/planck_pr3_lensing_mv_mf_klm.fits"
  },
  "seed": 731,
  "surrogate": {
    "D0_mean": 0.003453353322830632,
    "D0_std": 0.002136506140592041,
    "D1_mean": 19.362866398340756,
    "D1_std": 4.9776642427620095,
    "D_mf_mean": 19.36286675926146,
    "D_mf_std": 4.97766449512561,
    "v0_mean_curve": [
      0.9987262833913154,
      0.9982277119954414,
      0.9975595684051514,
      0.9966710230509443,
      0.9955033384958903,
      0.9939851252237951,
      0.9920271066029871,
      0.9895321350097666,
      0.9863837896982812,
      0.9824467169443771,
      0.9775781110127781,
      0.9716250025431304,
      0.9644191430409752,
      0.9557762616475424,
      0.9455198624928788,
      0.9334812596639003,
      0.9194779841105133,
      0.9033738485972084,
      0.8850284252166737,
      0.8643311888376876,
      0.8412355937957756,
      0.8157190380096431,
      0.7878132972717291,
      0.7575939121246353,
      0.7251997591654469,
      0.6908238474528008,
      0.6547099291483561,
      0.6171445058186846,
      0.5784622535705561,
      0.5390256538391119,
      0.4992218290964764,
      0.4594420413970945,
      0.42008461125691715,
      0.38151792589823397,
      0.34411158498128247,
      0.308189400355021,
      0.27401708539326985,
      0.2418373527526857,
      0.21184103266398108,
      0.18414663569132503,
      0.15881855583190918,
      0.13589782333374006,
      0.11536782709757473,
      0.09714314905802426,
      0.08112273724873857,
      0.0671844399770101,
      0.05517291386922209,
      0.04492419179280592,
      0.03626328722635902,
      0.029022017796834273,
      0.023024198532104474,
      0.018101732254028332,
      0.014104963302612298,
      0.010893358866373716,
      0.008335748036702487,
      0.006320823033650717,
      0.004749388376871748,
      0.003535947163899743,
      0.0026082960764567033,
      0.0019048983256022146,
      0.001378232955932619
    ],