{
  "diagnostics": {
    "excess_kurt_x_obs": -0.06625257392425965,
    "imag_frac_nonzero_eps1e-12": 0.9937888198757764,
    "imag_max_abs": 0.02913497287478035,
    "skew_x_obs": -0.005227678981517843,
    "v1_delta_bandwidth_dnu": 0.10000000000000009,
    "v1_symmetry_corr": 0.9994303727696229,
    "verify_l2_from_curves": {
      "D0_match": true,
      "D0_recomputed": 0.0017279899392209498,
      "D0_reported": 0.0017279899392209498,
      "D1_match": true,
      "D1_recomputed": 21.845334365235807,
      "D1_reported": 21.845334365235807,
      "tol_abs": 1e-12,
      "tol_rel": 1e-10,
      "verify_dnu": 0.10000000000000009
    }
  },
  "hint": "This script compares observed morphology against phase-randomized surrogates that preserve |a_lm|. V0(nu) is excursion-set area fraction; V1(nu) is a perimeter proxy estimated from |\u2207x| in a nu-band. Distances D0 and D1 are L2 distances (sqrt(sum((a-b)^2)*dnu)) to surrogate-mean curves. D_mf combines them as sqrt(D0^2 + D1^2). Z_mf is the scale-free combined z-distance.",
  "kind": "planck_pr3_lensing_phi_topology_mf_v0_v1",
  "lmax": 320,
  "metric": "Minkowski-style morphology: V0(area) + V1(perimeter proxy) vs phase-random surrogates",
  "n_sims": 2000,
  "nside": 256,
  "observed": {
    "D0_L2": 0.0017279899392209498,
    "D0_sum_sq_legacy": 2.985949230048819e-05,
    "D1_L2": 21.845334365235807,
    "D1_sum_sq_legacy": 4772.186335289522,
    "D_mf": 21.845334433578756,
    "Z0": -0.5551474640933277,
    "Z1": -0.3868699073602412,
    "Z_mf": 0.6766513371819893,
    "map_mean": -8.715013565009282e-08,
    "map_std": 0.06470206521555207,
    "v0_curve": [
      0.9988530476888021,
      0.9983711242675781,
      0.9976832071940104,
      0.9968744913736979,
      0.9957097371419271,
      0.9942220052083334,
      0.992272694905599,
      0.9896761576334635,
      0.9865214029947916,
      0.9824740091959635,
      0.9773470560709635,
      0.97125244140625,
      0.9639574686686198,
      0.9552014668782552,
      0.9448763529459635,
      0.9327418009440104,
      0.9185651143391927,
      0.9021479288736979,
      0.8835322062174479,
      0.862701416015625,
      0.839324951171875,
      0.8137079874674479,
      0.7860692342122396,
      0.756158192952474,
      0.7242482503255209,
      0.6904996236165365,
      0.6549758911132812,
      0.6178906758626302,
      0.579535166422526,
      0.5401776631673177,
      0.5006942749023438,
      0.4611829121907552,
      0.4221916198730469,
      0.3837445576985677,
      0.3464953104654948,
      0.31032053629557294,
      0.27642059326171875,
      0.24402364095052084,
      0.21337381998697916,
      0.18545150756835938,
      0.1600163777669271,
      0.13680521647135416,
      0.11580276489257812,
      0.09719340006510417,
      0.08099873860677083,
      0.0668474833170573,
      0.054753621419270836,
      0.044291178385416664,
      0.035502115885416664,
      0.02825164794921875,
      0.02214813232421875,
      0.0172271728515625,
      0.0133209228515625,
      0.01012420654296875,
      0.007626851399739583,
      0.005690256754557292,
      0.0042266845703125,
      0.0030504862467447915,
      0.0022214253743489585,
      0.0015805562337239583,
      0.001117706298828125
    ],
    "v1_curve": [
      11.274445619415411,
      16.00429644769415,
      20.78573783334307,
      26.5691550377458,
      36.467758753559316,
      47.393897111435436,
      61.95131962490422,
      78.63439607269233,
      103.36977605115764,
      128.97179998359326,
      156.2849460683661,
      197.189104225375,
      228.15129770012416,
      275.2550710154663,
      319.03275996158175,
      378.2608443827557,
      447.7036542963334,
      526.9588409114906,
      582.7322803555306,
      656.1372010417375,
      741.362507467517,
      805.9333643297315,
      853.9787061195825,
      940.1653006929156,
      983.4670600019679,
      1070.672816570605,
      1121.9412407085917,
      1138.366863198235,
      1180.577294526668,
      1212.42486684757,
      1213.8638257699188,
      1190.6231348345339,
      1178.5835654349073,
      1140.7523827033688,
      1138.8827918846446,
      1086.7290287167732,
      1022.6680201393876,
      980.6563159339023,
      893.3892489319559,
      834.8993645629641,
      748.8902522708372,
      682.6666614609596,
      618.2901955279226,
      537.0344365814975,
      467.7241392264512,
      407.14938031551225,
      351.0497977764679,
      291.2053906332861,
      238.39248352614499,
      211.1220263457898,
      166.42494658853124,
      136.98504878371475,
      106.71883164682444,
      86.81146497088673,
      64.03434466488237,
      52.47485141620929,
      37.81463781450398,
      30.30490765082535,
      19.835081735837083,
      17.206468849407717,
      12.42662107112285
    ]
  },
  "p_high": 0.6406796601699151,
  "p_high_mf": 0.5957021489255372,
  "p_low": 0.3598200899550225,
  "p_low_mf": 0.4047976011994003,
  "p_two_sided": 0.719640179910045,
  "p_two_sided_mf": 0.8095952023988006,
  "provenance": {
    "dat_url": "GAUSSIAN_CONTROL_FROM: https://github.com/gradient-pulse/phi-mesh/releases/download/data-2026-02-15-planck-lensing-R3/planck_pr3_lensing_mv_dat_klm.fits",
    "mf_url": "GAUSSIAN_CONTROL_MF_ZERO_FROM: https://github.com/gradient-pulse/phi-mesh/releases/download/data-2026-02-15-planck-lensing-R3/planck_pr3_lensing_mv_mf_klm.fits"
  },
  "seed": 731,
  "surrogate": {
    "D0_mean": 0.0026921999888283674,
    "D0_std": 0.001736853920754506,
    "D1_mean": 23.922477728854354,
    "D1_std": 5.369100372245741,
    "D_mf_mean": 23.922477911682545,
    "D_mf_std": 5.36910051346544,
    "v0_mean_curve": [
      0.9986671161651635,
      0.998148974100748,
      0.9974546877543121,
      0.996536280949911,
      0.9953320884704584,
      0.9937663885752376,
      0.991758291244507,
      0.989205080668131,
      0.9859917716979965,
      0.9819897721608467,
      0.977058947881062,
      0.9710418771107988,
      0.9637745806376159,
      0.9550852038065587,
      0.9448028888702394,
      0.9327453708648697,
      0.9187555694580078,
      0.9026918837229404,
      0.8844191080729173,
      0.8638381614685067,
      0.8408801759084066,
      0.8155352280934651,
      0.7878241558074954,
      0.7578173433939618,
      0.7256567503611249,
      0.6915180854797376,
      0.6556295089721679,
      0.618271492640178,
      0.5797691440582287,
      0.540473976771037,
      0.5007678858439127,
      0.461032442092895,
      0.4216740029652928,
      0.3830495363871257,
      0.34553491465250674,
      0.30946207745869986,
      0.27511333020528145,
      0.24273719724019407,
      0.21251534334818548,
      0.18458744430541987,
      0.15903757794698112,
      0.13591100056966185,
      0.1151801191965739,
      0.09679182370503751,
      0.08064031855265301,
      0.06659884452819824,
      0.05451507759094245,
      0.04422441609700508,
      0.03555222320556648,
      0.028320674260457333,
      0.022352484385172497,
      0.01747783533732099,
      0.013536240259806345,
      0.010382916768391915,
      0.007887483596801761,
      0.005935550053914377,
      0.004421597162882496,
      0.003262429555257167,
      0.0023826732635498027,
      0.0017241071065266934,
      0.0012348874409993482
    ],