{
  "diagnostics": {
    "excess_kurt_x_obs": -0.030616161096176153,
    "imag_frac_nonzero_eps1e-12": 0.9922480620155039,
    "imag_max_abs": 0.023799927940684713,
    "skew_x_obs": 0.0012581120984195744,
    "v1_delta_bandwidth_dnu": 0.10000000000000009,
    "v1_symmetry_corr": 0.9997432908832565,
    "verify_l2_from_curves": {
      "D0_match": true,
      "D0_recomputed": 0.000813281453383527,
      "D0_reported": 0.000813281453383527,
      "D1_match": true,
      "D1_recomputed": 13.934931915265869,
      "D1_reported": 13.934931915265869,
      "tol_abs": 1e-12,
      "tol_rel": 1e-10,
      "verify_dnu": 0.10000000000000009
    }
  },
  "hint": "This script compares observed morphology against phase-randomized surrogates that preserve |a_lm|. V0(nu) is excursion-set area fraction; V1(nu) is a perimeter proxy estimated from |\u2207x| in a nu-band. Distances D0 and D1 are L2 distances (sqrt(sum((a-b)^2)*dnu)) to surrogate-mean curves. D_mf combines them as sqrt(D0^2 + D1^2). Z_mf is the scale-free combined z-distance.",
  "kind": "planck_pr3_lensing_phi_topology_mf_v0_v1",
  "lmax": 256,
  "metric": "Minkowski-style morphology: V0(area) + V1(perimeter proxy) vs phase-random surrogates",
  "n_sims": 2000,
  "nside": 256,
  "observed": {
    "D0_L2": 0.000813281453383527,
    "D0_sum_sq_legacy": 6.614267224176214e-06,
    "D1_L2": 13.934931915265869,
    "D1_sum_sq_legacy": 1941.8232748309513,
    "D_mf": 13.934931938998554,
    "Z0": -1.078200424901671,
    "Z1": -1.0281908669889956,
    "Z_mf": 1.4898632874253015,
    "map_mean": 7.823476678413729e-09,
    "map_std": 0.04837189269418003,
    "v0_curve": [
      0.9987614949544271,
      0.9982808430989584,
      0.9975967407226562,
      0.9967117309570312,
      0.9955342610677084,
      0.9940096537272135,
      0.9920361836751302,
      0.9895642598470052,
      0.986297607421875,
      0.9823277791341146,
      0.9775212605794271,
      0.9714571634928385,
      0.9640858968098959,
      0.9552090962727865,
      0.9449144999186198,
      0.9329617818196615,
      0.9189910888671875,
      0.9028549194335938,
      0.8842658996582031,
      0.8635126749674479,
      0.8406168619791666,
      0.8152058919270834,
      0.787054697672526,
      0.7571856180826823,
      0.7249984741210938,
      0.6908340454101562,
      0.6548881530761719,
      0.6175371805826823,
      0.5791447957356771,
      0.5398305257161459,
      0.500268300374349,
      0.46062596638997394,
      0.4211235046386719,
      0.3824272155761719,
      0.3456471761067708,
      0.30925750732421875,
      0.2750701904296875,
      0.24283472696940103,
      0.21246210734049478,
      0.1847076416015625,
      0.15937423706054688,
      0.13614781697591147,
      0.11544036865234375,
      0.09706751505533855,
      0.08107248942057292,
      0.0669390360514323,
      0.05472691853841146,
      0.044322967529296875,
      0.035601298014322914,
      0.028408050537109375,
      0.022444407145182293,
      0.017541249593098957,
      0.013537089029947916,
      0.010499318440755209,
      0.008069356282552084,
      0.006074269612630208,
      0.004567464192708333,
      0.0034357706705729165,
      0.0025049845377604165,
      0.0018323262532552083,
      0.0012944539388020833
    ],
    "v1_curve": [
      8.320183573292903,
      11.93204285469536,
      16.323082214719285,
      22.714040768951453,
      29.999683426915546,
      40.75180238498008,
      49.021144754541574,
      64.21373472659205,
      82.39900073185007,
      97.26231879293462,
      124.70677152949585,
      150.8274680498762,
      187.44981219442414,
      219.59122484567996,
      254.6902881077911,
      298.4330725092105,
      347.77857385605313,
      404.22017199675287,
      464.6753092562583,
      522.22067928207,
      584.8156797534064,
      648.2360106068586,
      694.404330440052,
      753.777278699276,
      800.3845974800778,
      848.9317537566842,
      892.0233340101764,
      905.4571644140989,
      949.4840237330015,
      954.219144588539,
      979.6648875069701,
      976.8471202929909,
      942.9510384526495,
      924.8542511518289,
      887.7248077453087,
      869.7622501175566,
      803.4959524678948,
      750.4192527468209,
      706.3655448754802,
      637.6046361627306,
      579.5179315246883,
      523.2356430483344,
      467.5071828157055,
      395.44296859942665,
      355.3662156602666,
      305.0107828441283,
      262.97402431637846,
      226.96387030900283,
      182.36889259893945,
      151.49872625565826,
      121.10657100057206,
      101.08156346110874,
      79.7161311102885,
      63.59783403748417,
      48.72908170257869,
      38.464671310520046,
      30.195752053170267,
      22.871838121916205,
      18.00023318572681,
      12.894041562976588,
      9.21556254448673
    ]
  },
  "p_high": 0.9260369815092454,
  "p_high_mf": 0.8825587206396801,
  "p_low": 0.07446276861569215,
  "p_low_mf": 0.11794102948525736,
  "p_two_sided": 0.1489255372313843,
  "p_two_sided_mf": 0.23588205897051473,
  "provenance": {
    "dat_url": "GAUSSIAN_CONTROL_FROM: https://github.com/gradient-pulse/phi-mesh/releases/download/data-2026-02-15-planck-lensing-R3/planck_pr3_lensing_mv_dat_klm.fits",
    "mf_url": "GAUSSIAN_CONTROL_MF_ZERO_FROM: https://github.com/gradient-pulse/phi-mesh/releases/download/data-2026-02-15-planck-lensing-R3/planck_pr3_lensing_mv_mf_klm.fits"
  },
  "seed": 731,
  "surrogate": {
    "D0_mean": 0.0026356164233596675,
    "D0_std": 0.0016901634685799094,
    "D1_mean": 17.980384113424545,
    "D1_std": 3.934534266002163,
    "D_mf_mean": 17.9803843476483,
    "D_mf_std": 3.9345344413115386,
    "v0_mean_curve": [
      0.9986752014160174,
      0.9981637433369939,
      0.9974788837432866,
      0.9965709972381596,
      0.9953808294932048,
      0.9938342698415122,
      0.9918444487253816,
      0.9893160025278723,
      0.9861305383046436,
      0.9821608568827302,
      0.9772669448852556,
      0.9712867590586343,
      0.9640545005798322,
      0.9554016310373953,
      0.9451454664866114,
      0.9331092497507721,
      0.9191351229349775,
      0.9030607821146656,
      0.8847663860321053,
      0.8641479263305676,
      0.8411374670664465,
      0.8157222232818598,
      0.7879298693339019,
      0.7578244565327957,
      0.7255545838673917,
      0.6912942199707041,
      0.6552890879313162,
      0.6178222707112635,
      0.5792221622467049,
      0.5398415915171305,
      0.5000637467702225,
      0.4602968775431311,
      0.420914670308432,
      0.3823060582478837,
      0.34482201766967796,
      0.3087999134063716,
      0.27452604420979787,
      0.2422396736145025,
      0.21211793708801258,
      0.18429847780863445,
      0.15885983085632327,
      0.13583582496643065,
      0.11520747820536305,
      0.09690394083658858,
      0.08081824747721347,
      0.06683689244588227,
      0.05479987843831376,
      0.04453909111022953,
      0.03588162295023599,
      0.028649967829386416,
      0.022667839050293022,
      0.0177736161549886,
      0.013811271031697617,
      0.01063379224141439,
      0.00811170450846353,
      0.00613118489583333,
      0.004589597702026372,
      0.003403687159220375,
      0.002499856313069664,
      0.001817785263061522,
      0.0013092466990152962
    ],