{
  "diagnostics": {
    "excess_kurt_x_obs": -0.118016066753583,
    "imag_frac_nonzero_eps1e-12": 0.9922480620155039,
    "imag_max_abs": 0.0523505168222777,
    "skew_x_obs": -0.01833870900534011,
    "v1_delta_bandwidth_dnu": 0.10000000000000009,
    "v1_symmetry_corr": 0.9927068257512693,
    "verify_l2_from_curves": {
      "D0_match": true,
      "D0_recomputed": 0.004567323066105621,
      "D0_reported": 0.004567323066105621,
      "D1_match": true,
      "D1_recomputed": 25.395982645037858,
      "D1_reported": 25.395982645037858,
      "tol_abs": 1e-12,
      "tol_rel": 1e-10,
      "verify_dnu": 0.10000000000000009
    }
  },
  "hint": "This script compares observed morphology against phase-randomized surrogates that preserve |a_lm|. V0(nu) is excursion-set area fraction; V1(nu) is a perimeter proxy estimated from |\u2207x| in a nu-band. Distances D0 and D1 are L2 distances (sqrt(sum((a-b)^2)*dnu)) to surrogate-mean curves. D_mf combines them as sqrt(D0^2 + D1^2). Z_mf is the scale-free combined z-distance.",
  "kind": "planck_pr3_lensing_phi_topology_mf_v0_v1",
  "lmax": 256,
  "metric": "Minkowski-style morphology: V0(area) + V1(perimeter proxy) vs phase-random surrogates",
  "n_sims": 2000,
  "nside": 256,
  "observed": {
    "D0_L2": 0.004567323066105621,
    "D0_sum_sq_legacy": 0.00020860439990180428,
    "D1_L2": 25.395982645037858,
    "D1_sum_sq_legacy": 6449.559345070635,
    "D_mf": 25.395983055741397,
    "Z0": 0.11724750793327503,
    "Z1": 0.7074088478439083,
    "Z_mf": 0.7170594508995813,
    "map_mean": -6.923573235793438e-08,
    "map_std": 0.05246230775680418,
    "v0_curve": [
      0.998931884765625,
      0.9984830220540365,
      0.9978218078613281,
      0.9969813028971354,
      0.9958012898763021,
      0.9942512512207031,
      0.9922599792480469,
      0.9897104899088541,
      0.9865595499674479,
      0.9824053446451823,
      0.9775517781575521,
      0.9714164733886719,
      0.9640146891276041,
      0.9552485148111979,
      0.9449679056803385,
      0.9325040181477865,
      0.9179814656575521,
      0.901360829671224,
      0.882684071858724,
      0.8619041442871094,
      0.8389104207356771,
      0.8133468627929688,
      0.7851435343424479,
      0.7549273173014323,
      0.7228291829427084,
      0.6888961791992188,
      0.6531804402669271,
      0.6164741516113281,
      0.5785789489746094,
      0.5395355224609375,
      0.500603993733724,
      0.4618428548177083,
      0.4234606424967448,
      0.3854077657063802,
      0.34836578369140625,
      0.31263478597005206,
      0.27837498982747394,
      0.24641036987304688,
      0.2159144083658854,
      0.18766148885091147,
      0.16186650594075522,
      0.1380894978841146,
      0.11712137858072917,
      0.09807840983072917,
      0.08119455973307292,
      0.06671905517578125,
      0.054279327392578125,
      0.04366302490234375,
      0.034617106119791664,
      0.027398427327473957,
      0.0212554931640625,
      0.016240437825520832,
      0.01236724853515625,
      0.009319305419921875,
      0.006982167561848958,
      0.005151112874348958,
      0.0038121541341145835,
      0.0026982625325520835,
      0.0019073486328125,
      0.0013186136881510417,
      0.0008939107259114584
    ],
    "v1_curve": [
      6.620139331527067,
      9.350147280451461,
      13.668835385130484,
      17.55182703020622,
      24.45501339474185,
      33.721657982431275,
      37.92541769759851,
      53.54117739068234,
      66.24604601818982,
      82.258475917153,
      98.63291507552088,
      124.97679431189212,
      147.24181365740716,
      178.03326089260293,
      214.20370236661805,
      257.08525807672174,
      297.7766033014756,
      337.0645917419248,
      380.2927616768454,
      422.14860106181567,
      478.55652494408406,
      531.0802661194907,
      578.6652307165984,
      631.0899194389258,
      683.0791549180813,
      719.2846057123375,
      747.3895888339197,
      787.4968124209656,
      824.3011262939131,
      845.9864408516432,
      851.7066311232154,
      865.3992922953604,
      849.8107293121785,
      842.7218645252216,
      849.1884017759375,
      805.5770165775447,
      767.9806746678768,
      748.641460053534,
      701.0666040871525,
      655.4702928547847,
      605.9865060213394,
      538.9474672610423,
      511.06416173284805,
      439.6425318103214,
      391.178367873456,
      337.0777185535893,
      302.1679019125409,
      260.649739464849,
      230.98877986095735,
      170.02864496882623,
      145.43163967926958,
      113.70405836361556,
      95.61556192082567,
      76.21912416883399,
      62.41986656849095,
      42.76942607764497,
      35.807839299931516,
      26.306016119615123,
      16.67467757050691,
      15.234484173825152,
      12.264684279349037
    ]
  },
  "p_high": 0.384807596201899,
  "p_high_mf": 0.19990004997501248,
  "p_low": 0.6156921539230384,
  "p_low_mf": 0.800599700149925,
  "p_two_sided": 0.769615192403798,
  "p_two_sided_mf": 0.39980009995002497,
  "provenance": {
    "dat_url": "GAUSSIAN_CONTROL_FROM: https://github.com/gradient-pulse/phi-mesh/releases/download/data-2026-02-15-planck-lensing-R3/planck_pr3_lensing_mv_dat_klm.fits",
    "mf_url": "GAUSSIAN_CONTROL_MF_ZERO_FROM: https://github.com/gradient-pulse/phi-mesh/releases/download/data-2026-02-15-planck-lensing-R3/planck_pr3_lensing_mv_mf_klm.fits"
  },
  "seed": 731,
  "surrogate": {
    "D0_mean": 0.004254256502003498,
    "D0_std": 0.0026701340576064706,
    "D1_mean": 20.636699614242993,
    "D1_std": 6.727768595629742,
    "D_mf_mean": 20.636700110212878,
    "D_mf_std": 6.727768949146993,
    "v0_mean_curve": [
      0.9985971813201892,
      0.9980472195943211,
      0.9973115895589193,
      0.9963384456634524,
      0.995064256032308,
      0.9934129384358706,
      0.9913017406463634,
      0.9886263910929349,
      0.9852706476847327,
      0.9811129519144716,
      0.976012559890746,
      0.9698219286600736,
      0.9623863004048672,
      0.9535415356953924,
      0.943124743779501,
      0.9309835885365815,
      0.916955142974853,
      0.9009113286336253,
      0.8827356510162367,
      0.8623361816406245,
      0.839662645339966,
      0.814686034520468,
      0.7874163621266682,
      0.7579292151133217,
      0.7263327789306633,
      0.6927823098500577,
      0.6574832909901923,
      0.620683677673339,
      0.5826817448933926,
      0.5438007195790613,
      0.5043976135253913,
      0.4648392353057859,
      0.4255177892049157,
      0.38681455230712825,
      0.34908582687377926,
      0.31267393366495755,
      0.2778857529958083,
      0.24499345779418888,
      0.21422494824727406,
      0.18573560269673664,
      0.15963380114237452,
      0.13597431437174468,
      0.11476837412516278,
      0.09596470133463533,
      0.07947304026285792,
      0.06518339602152502,
      0.05293588256835934,
      0.04255946858723971,
      0.03386715825398762,
      0.026669290542602527,
      0.020780385335286467,
      0.01601909255981445,
      0.012219847997029638,
      0.009216068267822269,
      0.006874241511027011,
      0.00507138061523437,
      0.003698320388793942,
      0.002666782379150391,
      0.0019013182322184204,
      0.0013382244110107413,
      0.0009318110148111996
    ],