{
  "diagnostics": {
    "excess_kurt_x_obs": -0.12203244366860888,
    "imag_frac_nonzero_eps1e-12": 0.9846153846153847,
    "imag_max_abs": 0.017795937635127965,
    "skew_x_obs": 0.06608920940041489,
    "v1_delta_bandwidth_dnu": 0.10000000000000009,
    "v1_symmetry_corr": 0.9945592477593449,
    "verify_l2_from_curves": {
      "D0_match": true,
      "D0_recomputed": 0.0028447462158070944,
      "D0_reported": 0.0028447462158070944,
      "D1_match": true,
      "D1_recomputed": 6.703856033372586,
      "D1_reported": 6.703856033372586,
      "tol_abs": 1e-12,
      "tol_rel": 1e-10,
      "verify_dnu": 0.10000000000000009
    }
  },
  "hint": "This script compares observed morphology against phase-randomized surrogates that preserve |a_lm|. V0(nu) is excursion-set area fraction; V1(nu) is a perimeter proxy estimated from |\u2207x| in a nu-band. Distances D0 and D1 are L2 distances (sqrt(sum((a-b)^2)*dnu)) to surrogate-mean curves. D_mf combines them as sqrt(D0^2 + D1^2). Z_mf is the scale-free combined z-distance.",
  "kind": "planck_pr3_lensing_phi_topology_mf_v0_v1",
  "lmax": 128,
  "metric": "Minkowski-style morphology: V0(area) + V1(perimeter proxy) vs phase-random surrogates",
  "n_sims": 2000,
  "nside": 256,
  "observed": {
    "D0_L2": 0.0028447462158070944,
    "D0_sum_sq_legacy": 8.092581032348777e-05,
    "D1_L2": 6.703856033372586,
    "D1_sum_sq_legacy": 449.41685716185975,
    "D_mf": 6.7038566369491415,
    "Z0": -0.9693930819324744,
    "Z1": -1.0749834830155778,
    "Z_mf": 1.4475194078335683,
    "map_mean": 1.266386720257436e-08,
    "map_std": 0.030112509861689264,
    "v0_curve": [
      0.9992574055989584,
      0.9989433288574219,
      0.9985033671061198,
      0.9979159037272135,
      0.9970080057779948,
      0.9957809448242188,
      0.9940834045410156,
      0.9918047587076823,
      0.9889513651529948,
      0.9851735432942709,
      0.9804573059082031,
      0.9744033813476562,
      0.9668350219726562,
      0.9579213460286459,
      0.9472363789876302,
      0.934478759765625,
      0.9197184244791666,
      0.9026832580566406,
      0.8832143147786459,
      0.8615379333496094,
      0.8378079732259115,
      0.8116264343261719,
      0.7832756042480469,
      0.7528597513834635,
      0.7201309204101562,
      0.6855850219726562,
      0.6495450337727865,
      0.612250010172526,
      0.5741106669108073,
      0.534979502360026,
      0.49574534098307294,
      0.4567108154296875,
      0.41806920369466144,
      0.38040796915690106,
      0.3436279296875,
      0.30835215250651044,
      0.27494176228841144,
      0.24318567911783853,
      0.21356709798177084,
      0.18605804443359375,
      0.16094970703125,
      0.1380589803059896,
      0.1176605224609375,
      0.09978485107421875,
      0.0838635762532552,
      0.06982040405273438,
      0.057370503743489586,
      0.04666264851888021,
      0.0378265380859375,
      0.030492146809895832,
      0.024060567220052082,
      0.018706003824869793,
      0.014399210611979166,
      0.011117299397786459,
      0.008474985758463541,
      0.006346384684244792,
      0.004779815673828125,
      0.0035463968912760415,
      0.00258636474609375,
      0.00189971923828125,
      0.0013707478841145833
    ],
    "v1_curve": [
      2.278638662583746,
      2.8077237127068897,
      3.5909845692667797,
      6.308530554134971,
      9.129886051304416,
      10.235702189068679,
      15.465997880368077,
      17.72755349514347,
      26.90503651553609,
      33.20343924680259,
      38.200394570607806,
      52.05134618295489,
      61.01197937253258,
      74.00368860077509,
      88.3168097068342,
      106.28706996646211,
      123.35760911586013,
      137.33577210051686,
      158.95680009111916,
      176.32255827343403,
      198.32309943289573,
      219.62330735700584,
      237.68070863291743,
      262.275382273156,
      282.91853052527836,
      292.78011590221706,
      309.9350967514972,
      320.3312499576038,
      332.39346960952525,
      342.78255713510816,
      345.3198943816307,
      353.59305901525363,
      355.5167574099353,
      344.05495310481217,
      340.05752632452624,
      327.49652101058285,
      314.42856600033406,
      305.01690882846367,
      283.8293020465331,
      266.0435110448703,
      248.12913146243298,
      223.82439926991043,
      204.11163754372555,
      185.0236160004456,
      162.36128788321392,
      143.32700164417125,
      128.9693470137577,
      109.2035433466532,
      88.85643465556362,
      80.87735680135756,
      64.19636505695864,
      56.526496620761044,
      43.29920872839105,
      33.158899310925925,
      27.68849921250278,
      20.443496072965193,
      16.01353563042946,
      13.43156804242403,
      9.861086191456355,
      7.17259786916332,
      5.790504447676472
    ]
  },
  "p_high": 0.8565717141429285,
  "p_high_mf": 0.9025487256371814,
  "p_low": 0.14392803598200898,
  "p_low_mf": 0.09795102448775612,
  "p_two_sided": 0.28785607196401797,
  "p_two_sided_mf": 0.19590204897551225,
  "provenance": {
    "dat_url": "GAUSSIAN_CONTROL_FROM: https://github.com/gradient-pulse/phi-mesh/releases/download/data-2026-02-15-planck-lensing-R3/planck_pr3_lensing_mv_dat_klm.fits",
    "mf_url": "GAUSSIAN_CONTROL_MF_ZERO_FROM: https://github.com/gradient-pulse/phi-mesh/releases/download/data-2026-02-15-planck-lensing-R3/planck_pr3_lensing_mv_mf_klm.fits"
  },
  "seed": 731,
  "surrogate": {
    "D0_mean": 0.006162719957038139,
    "D0_std": 0.0034227330512991705,
    "D1_mean": 11.355293623717893,
    "D1_std": 4.326985171248349,
    "D_mf_mean": 11.355295467828697,
    "D_mf_std": 4.326986073888772,
    "v0_mean_curve": [
      0.9990573323567692,
      0.998647750854491,
      0.9980828240712464,
      0.9973151486714673,
      0.9962818813323967,
      0.9949114824930819,
      0.9931133486429861,
      0.9907795155843093,
      0.9877897841135678,
      0.9840059655507414,
      0.9792673447926841,
      0.9734077301025386,
      0.9662436981201179,
      0.957586259206135,
      0.9472439092000331,
      0.935028422037762,
      0.9207697016398104,
      0.9042986672719321,
      0.8855084457397453,
      0.8642919851938882,
      0.8406099211374916,
      0.8144643007914223,
      0.7859074300130198,
      0.7550672359466564,
      0.7221015332539888,
      0.6872375806172687,
      0.6507450669606518,
      0.6129350357055662,
      0.5741522083282466,
      0.534776458740234,
      0.4951699085235591,
      0.45573507308959993,
      0.41684220695495583,
      0.3788526109059654,
      0.3420911095937104,
      0.3068440704345702,
      0.2733565165201824,
      0.24182731946309424,
      0.21242127037048358,
      0.1852424888610837,
      0.16034719848632803,
      0.1377480843861897,
      0.11742096519470213,
      0.09929475466410312,
      0.08328311920166036,
      0.06926617177327485,
      0.057121024449666366,
      0.04669495964050297,
      0.037830945968627946,
      0.03036532338460282,
      0.024145650227864607,
      0.01901555951436365,
      0.014829949696858722,
      0.01145161437988282,
      0.008751707712809247,
      0.006619329452514647,
      0.0049535853068033864,
      0.003665808995564785,
      0.002682637532552086,
      0.0019422537485758473,
      0.001390985488891604
    ],