{
  "diagnostics": {
    "excess_kurt_x_obs": -0.031618987091178496,
    "imag_frac_nonzero_eps1e-12": 0.9922480620155039,
    "imag_max_abs": 0.02180739426696325,
    "skew_x_obs": -0.03640568474969952,
    "v1_delta_bandwidth_dnu": 0.10000000000000009,
    "v1_symmetry_corr": 0.9942737418060271,
    "verify_l2_from_curves": {
      "D0_match": true,
      "D0_recomputed": 0.0024201867173442746,
      "D0_reported": 0.0024201867173442746,
      "D1_match": true,
      "D1_recomputed": 19.63245358532897,
      "D1_reported": 19.63245358532897,
      "tol_abs": 1e-12,
      "tol_rel": 1e-10,
      "verify_dnu": 0.10000000000000009
    }
  },
  "hint": "This script compares observed morphology against phase-randomized surrogates that preserve |a_lm|. V0(nu) is excursion-set area fraction; V1(nu) is a perimeter proxy estimated from |\u2207x| in a nu-band. Distances D0 and D1 are L2 distances (sqrt(sum((a-b)^2)*dnu)) to surrogate-mean curves. D_mf combines them as sqrt(D0^2 + D1^2). Z_mf is the scale-free combined z-distance.",
  "kind": "planck_pr3_lensing_phi_topology_mf_v0_v1",
  "lmax": 256,
  "metric": "Minkowski-style morphology: V0(area) + V1(perimeter proxy) vs phase-random surrogates",
  "n_sims": 2000,
  "nside": 256,
  "observed": {
    "D0_L2": 0.0024201867173442746,
    "D0_sum_sq_legacy": 5.85730374680965e-05,
    "D1_L2": 19.63245358532897,
    "D1_sum_sq_legacy": 3854.3323378009604,
    "D_mf": 19.63245373450298,
    "Z0": 0.9152322827235709,
    "Z1": 1.566403610986083,
    "Z_mf": 1.8141858790789984,
    "map_mean": -1.6658419707317924e-09,
    "map_std": 0.0483400774166509,
    "v0_curve": [
      0.9985605875651041,
      0.9980049133300781,
      0.9973119099934896,
      0.9962984720865885,
      0.9949989318847656,
      0.9934590657552084,
      0.9913380940755209,
      0.9887530008951823,
      0.9855626424153646,
      0.9815266927083334,
      0.9763565063476562,
      0.9702033996582031,
      0.962805430094401,
      0.954193115234375,
      0.9439837137858073,
      0.931982676188151,
      0.9179064432779948,
      0.9021046956380209,
      0.8840777079264323,
      0.8636703491210938,
      0.8409093221028646,
      0.8154118855794271,
      0.7878863016764323,
      0.7579828898111979,
      0.7258402506510416,
      0.6923268636067709,
      0.6567204793294271,
      0.6195360819498698,
      0.5813636779785156,
      0.5422045389811198,
      0.5025189717610677,
      0.46305084228515625,
      0.423431396484375,
      0.38486989339192706,
      0.3474871317545573,
      0.3109753926595052,
      0.27680714925130206,
      0.2442169189453125,
      0.21353912353515625,
      0.1854095458984375,
      0.15953699747721353,
      0.13620885213216147,
      0.11510213216145833,
      0.09616343180338542,
      0.07963053385416667,
      0.0655975341796875,
      0.053401947021484375,
      0.04310735066731771,
      0.03447087605794271,
      0.027294158935546875,
      0.021344502766927082,
      0.016679128011067707,
      0.01288604736328125,
      0.009821573893229166,
      0.007420857747395833,
      0.00556182861328125,
      0.0041046142578125,
      0.0030390421549479165,
      0.0022214253743489585,
      0.0015551249186197917,
      0.0010999043782552083
    ],
    "v1_curve": [
      13.670535034875256,
      19.736933690452382,
      25.919743870747325,
      34.49564786324413,
      44.72795199429746,
      51.13126696316689,
      72.3478565929474,
      83.90669670745538,
      113.78837325065687,
      131.83888660682973,
      176.12495274565057,
      190.9510820012818,
      242.35230222506405,
      268.24968064907756,
      316.8157070984162,
      373.39254956645664,
      411.2088329603636,
      461.5607470534218,
      536.5461236313702,
      583.5181048131798,
      636.9276397438445,
      695.3970889863497,
      735.9357759683787,
      801.0041727301774,
      831.8087074882486,
      875.4048931688272,
      898.1442336810919,
      919.3083310465498,
      925.1608565091292,
      951.1671752579424,
      938.4411930330241,
      946.9760896831473,
      909.7466638450024,
      893.3811947998649,
      844.2824952695333,
      816.6177706741901,
      738.7069573572139,
      699.546602962605,
      646.0938989659583,
      595.3583991847364,
      533.2756798446371,
      478.45181988710794,
      416.78397454356525,
      370.7377784991631,
      315.5404225637874,
      270.0550897160031,
      233.82487013540648,
      196.53915597027614,
      159.6499517831123,
      138.1545387000462,
      108.2258262798898,
      89.7467604538909,
      71.74478014228747,
      55.54867871290887,
      42.01047609744558,
      33.5978985249119,
      25.191577584105097,
      20.23360851593465,
      15.372316996103914,
      10.770974694569086,
      8.11516780992948
    ]
  },
  "p_high": 0.16891554222888555,
  "p_high_mf": 0.07296351824087956,
  "p_low": 0.8315842078960519,
  "p_low_mf": 0.927536231884058,
  "p_two_sided": 0.3378310844577711,
  "p_two_sided_mf": 0.14592703648175911,
  "provenance": {
    "dat_url": "GAUSSIAN_CONTROL_FROM: https://github.com/gradient-pulse/phi-mesh/releases/download/data-2026-02-15-planck-lensing-R3/planck_pr3_lensing_mv_dat_klm.fits",
    "mf_url": "GAUSSIAN_CONTROL_MF_ZERO_FROM: https://github.com/gradient-pulse/phi-mesh/releases/download/data-2026-02-15-planck-lensing-R3/planck_pr3_lensing_mv_mf_klm.fits"
  },
  "seed": 731,
  "surrogate": {
    "D0_mean": 0.0016252821917381746,
    "D0_std": 0.0008685276302105553,
    "D1_mean": 15.813586974659156,
    "D1_std": 2.4379837890349094,
    "D_mf_mean": 15.813587077546606,
    "D_mf_std": 2.4379838180623183,
    "v0_mean_curve": [
      0.9986669178009036,
      0.9981498171488442,
      0.9974567813873286,
      0.9965400352478028,
      0.9953370100657155,
      0.993776130040485,
      0.9917735163370766,
      0.9892256774902349,
      0.986016791025798,
      0.9820229231516547,
      0.9770972925821951,
      0.9710891742706299,
      0.9638268267313633,
      0.9551443112691231,
      0.9448635145823143,
      0.9328150469462062,
      0.9188321704864499,
      0.9027627671559658,
      0.8844778124491385,
      0.8638813597361256,
      0.8409162394205739,
      0.8155521793365479,
      0.7878322016398123,
      0.7578125705718989,
      0.725632562001547,
      0.6914696000417072,
      0.655556434631349,
      0.6181792227427155,
      0.5796673386891694,
      0.5403697745005285,
      0.5006466178894042,
      0.4609192930857339,
      0.42156075541178417,
      0.3829397481282551,
      0.34543295478820757,
      0.3093668715159102,
      0.2750364761352537,
      0.2426655686696369,
      0.2124515832265217,
      0.18454387982686363,
      0.1590154813130696,
      0.13590339660644532,
      0.11518749936421716,
      0.09680431811014821,
      0.08066213099161781,
      0.06662502034505215,
      0.054547092437743985,
      0.04426317723592127,
      0.03559464772542315,
      0.028365872065226196,
      0.022398363749186145,
      0.017518201828002934,
      0.013576920191446953,
      0.010423028945922829,
      0.007925800959269206,
      0.005969791412353512,
      0.004452767690022783,
      0.0032893295288085895,
      0.0024067389170328735,
      0.0017437451680501288,
      0.0012500832875569645
    ],