{
  "diagnostics": {
    "excess_kurt_x_obs": 0.013705594005450905,
    "imag_frac_nonzero_eps1e-12": 0.9896907216494846,
    "imag_max_abs": 0.03663221451827762,
    "skew_x_obs": -0.08056529859418424,
    "v1_delta_bandwidth_dnu": 0.10000000000000009,
    "v1_symmetry_corr": 0.996631222766945,
    "verify_l2_from_curves": {
      "D0_match": true,
      "D0_recomputed": 0.009019399481630037,
      "D0_reported": 0.009019399481630037,
      "D1_match": true,
      "D1_recomputed": 19.577153898136274,
      "D1_reported": 19.577153898136274,
      "tol_abs": 1e-12,
      "tol_rel": 1e-10,
      "verify_dnu": 0.10000000000000009
    }
  },
  "hint": "This script compares observed morphology against phase-randomized surrogates that preserve |a_lm|. V0(nu) is excursion-set area fraction; V1(nu) is a perimeter proxy estimated from |\u2207x| in a nu-band. Distances D0 and D1 are L2 distances (sqrt(sum((a-b)^2)*dnu)) to surrogate-mean curves. D_mf combines them as sqrt(D0^2 + D1^2). Z_mf is the scale-free combined z-distance.",
  "kind": "planck_pr3_lensing_phi_topology_mf_v0_v1",
  "lmax": 192,
  "metric": "Minkowski-style morphology: V0(area) + V1(perimeter proxy) vs phase-random surrogates",
  "n_sims": 2000,
  "nside": 256,
  "observed": {
    "D0_L2": 0.009019399481630037,
    "D0_sum_sq_legacy": 0.0008134956700922812,
    "D1_L2": 19.577153898136274,
    "D1_sum_sq_legacy": 3832.649547513119,
    "D_mf": 19.577155975801983,
    "Z0": 0.7755348180091276,
    "Z1": 0.2743976696789655,
    "Z_mf": 0.8226471510129341,
    "map_mean": 2.4445345704919227e-08,
    "map_std": 0.03994462506531746,
    "v0_curve": [
      0.9980036417643229,
      0.997314453125,
      0.9964675903320312,
      0.9953994750976562,
      0.9939778645833334,
      0.9922345479329427,
      0.990057627360026,
      0.9873631795247396,
      0.9840253194173177,
      0.980010986328125,
      0.9750213623046875,
      0.969092051188151,
      0.962066650390625,
      0.9536819458007812,
      0.943609873453776,
      0.9320297241210938,
      0.9185396830240885,
      0.9029350280761719,
      0.8852450052897135,
      0.864874521891276,
      0.8423436482747396,
      0.8170750935872396,
      0.7896537780761719,
      0.7603467305501302,
      0.7286504109700521,
      0.6946830749511719,
      0.6589800516764323,
      0.6214803059895834,
      0.5829671223958334,
      0.5441182454427084,
      0.5041974385579427,
      0.46424611409505206,
      0.4245808919270833,
      0.3859875996907552,
      0.3481178283691406,
      0.3119621276855469,
      0.2770856221516927,
      0.24405797322591147,
      0.213348388671875,
      0.1846745808919271,
      0.1586786905924479,
      0.1351343790690104,
      0.114288330078125,
      0.09557215372721355,
      0.07932662963867188,
      0.06525293986002605,
      0.05310185750325521,
      0.04285558064778646,
      0.033893585205078125,
      0.026543935139973957,
      0.0206298828125,
      0.015925089518229168,
      0.012134552001953125,
      0.00904083251953125,
      0.006642659505208333,
      0.004886627197265625,
      0.00359344482421875,
      0.002559661865234375,
      0.00183868408203125,
      0.0012524922688802083,
      0.0008748372395833334
    ],
    "v1_curve": [
      8.050090852796302,
      11.966634769201194,
      12.538341502853807,
      19.717559030869698,
      23.26781585024276,
      30.261187514923012,
      38.27209557276528,
      48.52839159684802,
      61.13658127362224,
      74.41746389741908,
      92.1373891399729,
      107.68384453593623,
      131.1345124201254,
      160.27338764964455,
      183.34042735357846,
      219.99247715282937,
      251.67073047057573,
      283.33855912260185,
      322.19271472334196,
      364.83015647939106,
      405.6929804962431,
      451.12038697653065,
      479.23191584240175,
      512.5693998319116,
      544.1521822295668,
      562.5957402005007,
      591.2745229981922,
      602.4362985117752,
      611.5332520659769,
      606.6719946522105,
      618.4676548678424,
      604.4173799781578,
      590.1671778356765,
      564.1643758190997,
      549.9805169158038,
      512.7570741910123,
      489.5836916569169,
      454.0539608242042,
      415.00681552810784,
      381.028306627534,
      339.5232549582592,
      303.25742086987844,
      267.43992461133405,
      233.2617318660838,
      200.94479876487608,
      170.03256651255293,
      143.1203116279814,
      124.3867603220691,
      101.25151238161571,
      83.14807174311028,
      64.30052343905872,
      53.1654278341945,
      42.39729389076119,
      33.63179492585574,
      24.372314115430324,
      18.590050364795108,
      13.6466938396319,
      10.621859097337927,
      7.421299339930688,
      5.6340091451638665,
      4.337128157240243
    ]
  },
  "p_high": 0.22688655672163918,
  "p_high_mf": 0.3188405797101449,
  "p_low": 0.7736131934032984,
  "p_low_mf": 0.6816591704147926,
  "p_two_sided": 0.45377311344327836,
  "p_two_sided_mf": 0.6376811594202898,
  "provenance": {
    "dat_url": "GAUSSIAN_CONTROL_FROM: https://github.com/gradient-pulse/phi-mesh/releases/download/data-2026-02-15-planck-lensing-R3/planck_pr3_lensing_mv_dat_klm.fits",
    "mf_url": "GAUSSIAN_CONTROL_MF_ZERO_FROM: https://github.com/gradient-pulse/phi-mesh/releases/download/data-2026-02-15-planck-lensing-R3/planck_pr3_lensing_mv_mf_klm.fits"
  },
  "seed": 731,
  "surrogate": {
    "D0_mean": 0.006238850149494833,
    "D0_std": 0.003585331396562106,
    "D1_mean": 17.71576264445998,
    "D1_std": 6.783553431244697,
    "D_mf_mean": 17.715763848239966,
    "D_mf_std": 6.78355410377011,
    "v0_mean_curve": [
      0.9989828090667721,
      0.9985502039591471,
      0.9979586658477801,
      0.9971567916870105,
      0.9960849469502787,
      0.9946684424082443,
      0.9928170096079525,
      0.9904247684478764,
      0.987374242782592,
      0.983522515614827,
      0.9787212543487539,
      0.9728070348103846,
      0.9655980974833169,
      0.9569160486857101,
      0.9465642197926825,
      0.9343687731424967,
      0.9201578502655038,
      0.903785931269327,
      0.8851219940185546,
      0.8640863189697253,
      0.8406084772745769,
      0.8146904519399005,
      0.7863769785563146,
      0.7557722059885666,
      0.7230423355102549,
      0.6883972263336177,
      0.6520849316914886,
      0.6144080397287999,
      0.5757146682739259,
      0.5363658669789627,
      0.4967449137369788,
      0.4572205918629965,
      0.41818950843811026,
      0.37999859237670874,
      0.3430074850718178,
      0.30749334335327133,
      0.27373688316345235,
      0.24194411722818995,
      0.21229244740804004,
      0.1848878192901614,
      0.15980179850260415,
      0.1370609696706136,
      0.11663188171386728,
      0.09844871139526354,
      0.08242918205261221,
      0.06844809468587242,
      0.056351775487264014,
      0.04600208854675296,
      0.03722370910644528,
      0.02984920946757001,
      0.02372084236145019,
      0.018679059346516917,
      0.014573298136393256,
      0.011259962717692053,
      0.00861912091573078,
      0.006535198211669934,
      0.00490494219462078,
      0.0036457392374674522,
      0.002682788848876955,
      0.0019545669555664077,
      0.001409088770548501
    ],