{
  "diagnostics": {
    "excess_kurt_x_obs": 0.07218869531462468,
    "imag_frac_nonzero_eps1e-12": 0.9937888198757764,
    "imag_max_abs": 0.03191799756533927,
    "skew_x_obs": 0.09960007232941039,
    "v1_delta_bandwidth_dnu": 0.10000000000000009,
    "v1_symmetry_corr": 0.99713187345299,
    "verify_l2_from_curves": {
      "D0_match": true,
      "D0_recomputed": 0.008052236564887672,
      "D0_reported": 0.008052236564887672,
      "D1_match": true,
      "D1_recomputed": 37.419560718910226,
      "D1_reported": 37.419560718910226,
      "tol_abs": 1e-12,
      "tol_rel": 1e-10,
      "verify_dnu": 0.10000000000000009
    }
  },
  "hint": "This script compares observed morphology against phase-randomized surrogates that preserve |a_lm|. V0(nu) is excursion-set area fraction; V1(nu) is a perimeter proxy estimated from |\u2207x| in a nu-band. Distances D0 and D1 are L2 distances (sqrt(sum((a-b)^2)*dnu)) to surrogate-mean curves. D_mf combines them as sqrt(D0^2 + D1^2). Z_mf is the scale-free combined z-distance.",
  "kind": "planck_pr3_lensing_phi_topology_mf_v0_v1",
  "lmax": 320,
  "metric": "Minkowski-style morphology: V0(area) + V1(perimeter proxy) vs phase-random surrogates",
  "n_sims": 2000,
  "nside": 256,
  "observed": {
    "D0_L2": 0.008052236564887672,
    "D0_sum_sq_legacy": 0.0006483851369691397,
    "D1_L2": 37.419560718910226,
    "D1_sum_sq_legacy": 14002.23524396208,
    "D_mf": 37.419561585282146,
    "Z0": 3.2916116471500247,
    "Z1": 3.033838124471205,
    "Z_mf": 4.47648087242073,
    "map_mean": 7.136324731510958e-08,
    "map_std": 0.06408331577000527,
    "v0_curve": [
      0.9989433288574219,
      0.9985008239746094,
      0.9979680379231771,
      0.9971707661946615,
      0.9961878458658854,
      0.9948158264160156,
      0.9931017557779948,
      0.9907582600911459,
      0.9879290262858073,
      0.9843025207519531,
      0.9797083536783854,
      0.9740219116210938,
      0.9670130411783854,
      0.9587326049804688,
      0.9487266540527344,
      0.936553955078125,
      0.9228642781575521,
      0.9063504536946615,
      0.8876991271972656,
      0.8666229248046875,
      0.8429692586263021,
      0.8169199625651041,
      0.7881851196289062,
      0.7572224934895834,
      0.7236798604329427,
      0.6880849202473959,
      0.6511828104654948,
      0.6126505533854166,
      0.5731417338053385,
      0.5330378214518229,
      0.49262364705403644,
      0.4525947570800781,
      0.4131724039713542,
      0.3749122619628906,
      0.3379465738932292,
      0.3026390075683594,
      0.2689717610677083,
      0.23805872599283853,
      0.20882161458333334,
      0.18193944295247397,
      0.15709940592447916,
      0.13525009155273438,
      0.11554590861002605,
      0.0981890360514323,
      0.0829455057779948,
      0.06937281290690105,
      0.057657877604166664,
      0.04763031005859375,
      0.039012908935546875,
      0.03181584676106771,
      0.025887807210286457,
      0.020844777425130207,
      0.016729990641276043,
      0.013304392496744791,
      0.010492960611979166,
      0.008241017659505209,
      0.006352742513020833,
      0.004952748616536458,
      0.0037714640299479165,
      0.002777099609375,
      0.0020764668782552085
    ],
    "v1_curve": [
      12.961735372811937,
      16.32219710329717,
      21.777224108423447,
      29.306111306311823,
      38.499719553943535,
      51.58014886797875,
      65.23574061175144,
      90.69833423860148,
      106.28441901067579,
      136.29827473686112,
      169.69605420615014,
      213.62547004997774,
      254.94127449689913,
      304.8491453441801,
      353.91090305450587,
      413.73357206519324,
      488.5107755794778,
      582.4938785906163,
      666.1302399822239,
      733.7914112758491,
      787.9253133167774,
      870.1212787925275,
      949.8466810422008,
      1021.5984535074848,
      1085.1858249226948,
      1157.739384103102,
      1183.5934285817946,
      1207.1256102926243,
      1242.4210434863594,
      1261.501411530987,
      1239.4268058108644,
      1208.098785713844,
      1186.2362912555986,
      1145.2539270468312,
      1075.6174453239216,
      1033.8946264400943,
      967.3350123480752,
      889.5293869825045,
      822.4812761054426,
      758.5114231318007,
      680.2356913761158,
      608.468745450438,
      537.5494345900893,
      467.5518527593055,
      414.22861570089344,
      362.4457550090802,
      308.54774104952094,
      262.1245620030633,
      226.54856787421443,
      181.83236006140487,
      157.27783505283998,
      126.15396095825822,
      106.30240459890248,
      88.00178733097366,
      70.21149939026762,
      57.54016811519699,
      44.55512489428804,
      34.081098630873356,
      29.276224674493054,
      22.064457724135316,
      15.959678137471505
    ]
  },
  "p_high": 0.005997001499250375,
  "p_high_mf": 0.012993503248375811,
  "p_low": 0.9945027486256871,
  "p_low_mf": 0.9875062468765617,
  "p_two_sided": 0.01199400299850075,
  "p_two_sided_mf": 0.025987006496751622,
  "provenance": {
    "dat_url": "GAUSSIAN_CONTROL_FROM: https://github.com/gradient-pulse/phi-mesh/releases/download/data-2026-02-15-planck-lensing-R3/planck_pr3_lensing_mv_dat_klm.fits",
    "mf_url": "GAUSSIAN_CONTROL_MF_ZERO_FROM: https://github.com/gradient-pulse/phi-mesh/releases/download/data-2026-02-15-planck-lensing-R3/planck_pr3_lensing_mv_mf_klm.fits"
  },
  "seed": 731,
  "surrogate": {
    "D0_mean": 0.0026315081740551677,
    "D0_std": 0.0016468310882074841,
    "D1_mean": 22.87536111592134,
    "D1_std": 4.7939932871414905,
    "D_mf_mean": 22.875361298430718,
    "D_mf_std": 4.793993421292615,
    "v0_mean_curve": [
      0.9987460988362616,
      0.9982512410481776,
      0.9975848681132008,
      0.9966981201171877,
      0.9955293172200519,
      0.9940086778004971,
      0.9920441029866535,
      0.9895409138997394,
      0.9863792126973483,
      0.9824286899566633,
      0.9775459308624281,
      0.9715713971455896,
      0.964337362289428,
      0.9556678390502918,
      0.9453835608164463,
      0.9333142045338946,
      0.9192939510345447,
      0.9031576754252125,
      0.8847889232635481,
      0.8640889943440745,
      0.8409899419148757,
      0.8154855912526456,
      0.7876084728240983,
      0.7574217122395847,
      0.725077692667644,
      0.6907557767232254,
      0.6547018852233879,
      0.6172021134694424,
      0.5785942300160721,
      0.5392252496083577,
      0.49948430061340326,
      0.45974915822347034,
      0.4204273357391365,
      0.3818944149017332,
      0.3444986864725755,
      0.30856540552775025,
      0.27437745348612497,
      0.2421692663828535,
      0.21213450940450074,
      0.1843934326171876,
      0.15901716868082683,
      0.1360464261372885,
      0.11545165125528961,
      0.09716644668579082,
      0.08110492261250815,
      0.06712748654683424,
      0.05508135286966963,
      0.044805644989013634,
      0.03613135083516438,
      0.02887854067484536,
      0.022872989654540984,
      0.01795372009277346,
      0.013964048385620141,
      0.010760902404785166,
      0.008217379252115872,
      0.0062157357533772824,
      0.0046574414571126325,
      0.003456583658854164,
      0.0025420856475830084,
      0.0018515574137369828,
      0.001334253311157226
    ],