{
  "diagnostics": {
    "excess_kurt_x_obs": -0.05906541517603303,
    "imag_frac_nonzero_eps1e-12": 0.9937888198757764,
    "imag_max_abs": 0.021600605516220693,
    "skew_x_obs": -0.06749533777576133,
    "v1_delta_bandwidth_dnu": 0.10000000000000009,
    "v1_symmetry_corr": 0.9974071318759591,
    "verify_l2_from_curves": {
      "D0_match": true,
      "D0_recomputed": 0.0031269141164579004,
      "D0_reported": 0.0031269141164579004,
      "D1_match": true,
      "D1_recomputed": 29.69289217530981,
      "D1_reported": 29.69289217530981,
      "tol_abs": 1e-12,
      "tol_rel": 1e-10,
      "verify_dnu": 0.10000000000000009
    }
  },
  "hint": "This script compares observed morphology against phase-randomized surrogates that preserve |a_lm|. V0(nu) is excursion-set area fraction; V1(nu) is a perimeter proxy estimated from |\u2207x| in a nu-band. Distances D0 and D1 are L2 distances (sqrt(sum((a-b)^2)*dnu)) to surrogate-mean curves. D_mf combines them as sqrt(D0^2 + D1^2). Z_mf is the scale-free combined z-distance.",
  "kind": "planck_pr3_lensing_phi_topology_mf_v0_v1",
  "lmax": 320,
  "metric": "Minkowski-style morphology: V0(area) + V1(perimeter proxy) vs phase-random surrogates",
  "n_sims": 2000,
  "nside": 256,
  "observed": {
    "D0_L2": 0.0031269141164579004,
    "D0_sum_sq_legacy": 9.777591891703683e-05,
    "D1_L2": 29.69289217530981,
    "D1_sum_sq_legacy": 8816.678457345739,
    "D_mf": 29.692892339955137,
    "Z0": -0.028592916281674065,
    "Z1": 0.4830559247832937,
    "Z_mf": 0.48390141695363315,
    "map_mean": -7.844223849755768e-09,
    "map_std": 0.06719310448846179,
    "v0_curve": [
      0.99859619140625,
      0.9979718526204427,
      0.9972216288248698,
      0.996191660563151,
      0.9949328104654948,
      0.9932378133138021,
      0.9911168416341146,
      0.9883689880371094,
      0.9848823547363281,
      0.9806696573893229,
      0.975531260172526,
      0.96929931640625,
      0.9617017110188802,
      0.9529635111490885,
      0.9426600138346354,
      0.9304491678873698,
      0.9163157145182291,
      0.9003944396972656,
      0.8823687235514323,
      0.8621826171875,
      0.8396924336751302,
      0.8148206075032552,
      0.7874654134114584,
      0.7582219441731771,
      0.726776123046875,
      0.693548838297526,
      0.6580518086751302,
      0.6214065551757812,
      0.5836639404296875,
      0.5449040730794271,
      0.5058860778808594,
      0.46633275349934894,
      0.4270477294921875,
      0.3882484436035156,
      0.3502642313639323,
      0.31363550821940106,
      0.2787793477376302,
      0.2454249064127604,
      0.2144749959309896,
      0.1856409708658854,
      0.15929539998372397,
      0.13529459635416666,
      0.11398569742838542,
      0.09530131022135417,
      0.0789642333984375,
      0.06455612182617188,
      0.052243550618489586,
      0.04197820027669271,
      0.033269246419270836,
      0.026209513346354168,
      0.020364125569661457,
      0.015660603841145832,
      0.011989593505859375,
      0.009095509847005209,
      0.006750742594401042,
      0.00492095947265625,
      0.003612518310546875,
      0.00258636474609375,
      0.001857757568359375,
      0.0013020833333333333,
      0.0009015401204427084
    ],
    "v1_curve": [
      20.635301247465648,
      24.805351693949095,
      31.766659181482996,
      40.58737021210928,
      57.237102354359486,
      68.86229610388307,
      87.86015570851279,
      115.390307605645,
      141.04470942497127,
      171.21779204950778,
      195.60372886830038,
      240.92943652178823,
      274.9068823297532,
      322.8475741038408,
      375.250827508409,
      444.1641764391973,
      500.0227964730326,
      552.5615804962011,
      614.4555322440759,
      670.4281040620582,
      743.5987842053763,
      822.0504509067089,
      888.571093299697,
      935.0520617054898,
      985.4900265482673,
      1041.58314989262,
      1094.9341038179534,
      1109.0069423393995,
      1124.6878325431783,
      1144.810973493297,
      1148.1147184427168,
      1135.8356009280974,
      1114.800297540162,
      1074.7067810042145,
      1039.6826540527547,
      991.1805795624939,
      930.3061560560274,
      866.1854735766893,
      822.9470571919974,
      733.0086150426783,
      670.5396757263776,
      601.9918216140595,
      523.9394439856594,
      462.6342100579665,
      391.9265736384488,
      348.1040935733024,
      290.70248749913844,
      242.9169477474891,
      199.8180246906679,
      165.57887746836755,
      135.42631072313083,
      103.6164125335739,
      81.7262250995988,
      66.63570584514422,
      51.00521981498298,
      38.355793033002854,
      31.038165339798667,
      21.542142248962225,
      16.831366749808815,
      11.765694015777074,
      8.525619992803518
    ]
  },
  "p_high": 0.42128935532233885,
  "p_high_mf": 0.26186906546726635,
  "p_low": 0.5792103948025987,
  "p_low_mf": 0.7386306846576711,
  "p_two_sided": 0.8425787106446777,
  "p_two_sided_mf": 0.5237381309345327,
  "provenance": {
    "dat_url": "GAUSSIAN_CONTROL_FROM: https://github.com/gradient-pulse/phi-mesh/releases/download/data-2026-02-15-planck-lensing-R3/planck_pr3_lensing_mv_dat_klm.fits",
    "mf_url": "GAUSSIAN_CONTROL_MF_ZERO_FROM: https://github.com/gradient-pulse/phi-mesh/releases/download/data-2026-02-15-planck-lensing-R3/planck_pr3_lensing_mv_mf_klm.fits"
  },
  "seed": 731,
  "surrogate": {
    "D0_mean": 0.00318497290858568,
    "D0_std": 0.0020305306235933384,
    "D1_mean": 25.830028191955666,
    "D1_std": 7.996722087793636,
    "D_mf_mean": 25.830028421516545,
    "D_mf_std": 7.9967222383003715,
    "v0_mean_curve": [
      0.9986535574595122,
      0.9981227728525809,
      0.9974102026621509,
      0.9964644749959292,
      0.9952239017486558,
      0.993613476435344,
      0.9915455449422204,
      0.9889206027984615,
      0.9856237341562908,
      0.9815278867085773,
      0.9764854094187406,
      0.9703539517720541,
      0.9629655081431072,
      0.9541637312571198,
      0.9437821693420397,
      0.9316474475860596,
      0.9176031023661314,
      0.90152291170756,
      0.8832752037048346,
      0.86277209599813,
      0.8399551378885887,
      0.8148057339986166,
      0.7873457247416182,
      0.757644623438518,
      0.7258295173645021,
      0.6920606708526623,
      0.6565577818552653,
      0.6195775883992507,
      0.5814228566487635,
      0.542436137517292,
      0.5029681167602549,
      0.4633891099294022,
      0.4240927117665611,
      0.38545869509379055,
      0.3478429222106936,
      0.3115914694468179,
      0.2769926274617511,
      0.24430843098958374,
      0.2137545916239421,
      0.1854695097605387,
      0.1595693009694416,
      0.1360946661631263,
      0.11504892539978029,
      0.09637787373860669,
      0.07999826304117838,
      0.06578190994262678,
      0.0535742104848227,
      0.04321271705627442,
      0.034513397852579716,
      0.0272874393463135,
      0.021360997517903633,
      0.01654952875773115,
      0.012688547134399406,
      0.009627242406209303,
      0.007228840510050439,
      0.005370395024617521,
      0.003945884704589842,
      0.0028685105641682953,
      0.002062773386637371,
      0.0014674091339111318,
      0.0010321852366129561
    ],