{
  "diagnostics": {
    "excess_kurt_x_obs": -0.019412403101758624,
    "imag_frac_nonzero_eps1e-12": 0.9922480620155039,
    "imag_max_abs": 0.027222408872213968,
    "skew_x_obs": 0.018062939005982697,
    "v1_delta_bandwidth_dnu": 0.10000000000000009,
    "v1_symmetry_corr": 0.9998299000916576,
    "verify_l2_from_curves": {
      "D0_match": true,
      "D0_recomputed": 0.001886237797625103,
      "D0_reported": 0.001886237797625103,
      "D1_match": true,
      "D1_recomputed": 18.056075837147045,
      "D1_reported": 18.056075837147045,
      "tol_abs": 1e-12,
      "tol_rel": 1e-10,
      "verify_dnu": 0.10000000000000009
    }
  },
  "hint": "This script compares observed morphology against phase-randomized surrogates that preserve |a_lm|. V0(nu) is excursion-set area fraction; V1(nu) is a perimeter proxy estimated from |\u2207x| in a nu-band. Distances D0 and D1 are L2 distances (sqrt(sum((a-b)^2)*dnu)) to surrogate-mean curves. D_mf combines them as sqrt(D0^2 + D1^2). Z_mf is the scale-free combined z-distance.",
  "kind": "planck_pr3_lensing_phi_topology_mf_v0_v1",
  "lmax": 256,
  "metric": "Minkowski-style morphology: V0(area) + V1(perimeter proxy) vs phase-random surrogates",
  "n_sims": 2000,
  "nside": 256,
  "observed": {
    "D0_L2": 0.001886237797625103,
    "D0_sum_sq_legacy": 3.557893029189596e-05,
    "D1_L2": 18.056075837147045,
    "D1_sum_sq_legacy": 3260.218746368051,
    "D_mf": 18.056075935670474,
    "Z0": 0.5153621066795202,
    "Z1": 0.7680212006054112,
    "Z_mf": 0.9249079227580065,
    "map_mean": 2.211409281345153e-08,
    "map_std": 0.046990936678503646,
    "v0_curve": [
      0.9987958272298177,
      0.9982770284016927,
      0.9976183573404948,
      0.9967079162597656,
      0.9955673217773438,
      0.9940274556477865,
      0.9920730590820312,
      0.9895782470703125,
      0.9865455627441406,
      0.9827194213867188,
      0.9779675801595052,
      0.9719403584798177,
      0.9647649129231771,
      0.9561589558919271,
      0.9460156758626302,
      0.9338340759277344,
      0.9200096130371094,
      0.903753916422526,
      0.8849754333496094,
      0.8644282023111979,
      0.8410250345865885,
      0.8155504862467448,
      0.7876637776692709,
      0.7572898864746094,
      0.7247034708658854,
      0.6903648376464844,
      0.654028574625651,
      0.6163469950358073,
      0.5773391723632812,
      0.537604014078776,
      0.49787267049153644,
      0.4584210713704427,
      0.41925938924153644,
      0.3808085123697917,
      0.3436902364095052,
      0.3078562418619792,
      0.2738812764485677,
      0.24227396647135416,
      0.21266682942708334,
      0.1848602294921875,
      0.15959294637044272,
      0.1364720662434896,
      0.11601765950520833,
      0.097686767578125,
      0.08149464925130208,
      0.06740442911783855,
      0.055531819661458336,
      0.045162200927734375,
      0.036495208740234375,
      0.029322306315104168,
      0.023195902506510418,
      0.018183390299479168,
      0.014113108317057291,
      0.010916392008463541,
      0.008374532063802084,
      0.006319681803385417,
      0.004694620768229167,
      0.0034688313802083335,
      0.0025571187337239585,
      0.00189971923828125,
      0.001373291015625
    ],
    "v1_curve": [
      10.35963136236888,
      13.957439933778677,
      17.541101447126284,
      26.60125724705836,
      31.093367206734168,
      44.46201852646547,
      55.60083338465679,
      69.29647201407225,
      85.86319067838164,
      102.54354233563708,
      128.66913677627971,
      159.41529531539297,
      191.67382423351535,
      225.14550169272218,
      273.7644899137412,
      315.3913255775725,
      372.86852938887125,
      428.07510695696624,
      475.90060678146506,
      546.0886753999158,
      594.4929832411659,
      663.3703405090336,
      710.8445116806182,
      771.3414407087713,
      827.8183279422251,
      869.831700715661,
      927.446321354382,
      954.6096467722697,
      982.083660330519,
      990.6610441615646,
      970.9256298126845,
      965.8408629044333,
      961.3056796702446,
      917.9527331109379,
      902.6905721228817,
      871.6954814443209,
      798.1214523163919,
      746.6936299973815,
      692.8023319096991,
      656.6656330322826,
      580.280479435414,
      531.951664959739,
      463.2654505167505,
      411.19041689733547,
      363.1249806548983,
      306.95760948973543,
      261.94136010339633,
      226.91310184259729,
      189.16419535364815,
      154.7553317138745,
      132.47414359777903,
      105.22507486060977,
      82.57999518336727,
      68.28223363050385,
      55.13013455275296,
      43.79971189040999,
      32.26761992827191,
      24.443132260207445,
      17.566224032888744,
      12.926088098327856,
      10.420130181743747
    ]
  },
  "p_high": 0.24287856071964017,
  "p_high_mf": 0.20839580209895053,
  "p_low": 0.7576211894052973,
  "p_low_mf": 0.792103948025987,
  "p_two_sided": 0.48575712143928035,
  "p_two_sided_mf": 0.41679160419790107,
  "provenance": {
    "dat_url": "GAUSSIAN_CONTROL_FROM: https://github.com/gradient-pulse/phi-mesh/releases/download/data-2026-02-15-planck-lensing-R3/planck_pr3_lensing_mv_dat_klm.fits",
    "mf_url": "GAUSSIAN_CONTROL_MF_ZERO_FROM: https://github.com/gradient-pulse/phi-mesh/releases/download/data-2026-02-15-planck-lensing-R3/planck_pr3_lensing_mv_mf_klm.fits"
  },
  "seed": 731,
  "surrogate": {
    "D0_mean": 0.0014815084820178248,
    "D0_std": 0.0007853299851922572,
    "D1_mean": 16.22171215968172,
    "D1_std": 2.388428439240147,
    "D_mf_mean": 16.221712243120784,
    "D_mf_std": 2.3884284610756983,
    "v0_mean_curve": [
      0.9986808058420819,
      0.9981703465779606,
      0.9974871864318847,
      0.9965818913777679,
      0.9953950163523353,
      0.9938536446889235,
      0.9918695081075029,
      0.9893480288187677,
      0.9861682319641116,
      0.9822087084452316,
      0.9773193422953305,
      0.9713457902272543,
      0.9641177488962789,
      0.9554703140258785,
      0.945215598424275,
      0.9331864064534511,
      0.9192139155069988,
      0.9031382236480707,
      0.8848367271423336,
      0.8642126871744784,
      0.8411962528228762,
      0.8157659562428798,
      0.7879530646006254,
      0.7578299649556467,
      0.7255328133900963,
      0.6912465661366777,
      0.655212202707927,
      0.6177221310933433,
      0.5790987873077398,
      0.5396936531066899,
      0.4999097900390631,
      0.46012047131856176,
      0.42073121579488126,
      0.3821254940032957,
      0.3446558653513596,
      0.30865709877014175,
      0.2743991063435875,
      0.24212889671325652,
      0.21202890396118115,
      0.18423097546895342,
      0.15881947326660162,
      0.13582004356384303,
      0.11520284779866553,
      0.09691733614603665,
      0.08085237248738622,
      0.06688109270731606,
      0.054853761672973615,
      0.04460380554199221,
      0.03595121129353843,
      0.02872186915079749,
      0.02274343299865723,
      0.017847770055135083,
      0.01388065528869627,
      0.010698668797810862,
      0.008169343312581387,
      0.0061812903086344495,
      0.004634431838989254,
      0.003440987904866543,
      0.0025299981435140005,
      0.0018445517222086588,
      0.001330915451049806
    ],