{
  "diagnostics": {
    "excess_kurt_x_obs": -0.050525916190443,
    "imag_frac_nonzero_eps1e-12": 0.9846153846153847,
    "imag_max_abs": 0.022793678707174626,
    "skew_x_obs": -0.13558595997954903,
    "v1_delta_bandwidth_dnu": 0.10000000000000009,
    "v1_symmetry_corr": 0.9982193543688044,
    "verify_l2_from_curves": {
      "D0_match": true,
      "D0_recomputed": 0.01047539547074985,
      "D0_reported": 0.01047539547074985,
      "D1_match": true,
      "D1_recomputed": 15.614660508127892,
      "D1_reported": 15.614660508127892,
      "tol_abs": 1e-12,
      "tol_rel": 1e-10,
      "verify_dnu": 0.10000000000000009
    }
  },
  "hint": "This script compares observed morphology against phase-randomized surrogates that preserve |a_lm|. V0(nu) is excursion-set area fraction; V1(nu) is a perimeter proxy estimated from |\u2207x| in a nu-band. Distances D0 and D1 are L2 distances (sqrt(sum((a-b)^2)*dnu)) to surrogate-mean curves. D_mf combines them as sqrt(D0^2 + D1^2). Z_mf is the scale-free combined z-distance.",
  "kind": "planck_pr3_lensing_phi_topology_mf_v0_v1",
  "lmax": 128,
  "metric": "Minkowski-style morphology: V0(area) + V1(perimeter proxy) vs phase-random surrogates",
  "n_sims": 2000,
  "nside": 256,
  "observed": {
    "D0_L2": 0.01047539547074985,
    "D0_sum_sq_legacy": 0.0010973391026860638,
    "D1_L2": 15.614660508127892,
    "D1_sum_sq_legacy": 2438.176227840886,
    "D_mf": 15.614664021937811,
    "Z0": 0.5743994620943015,
    "Z1": 0.1453486532636742,
    "Z_mf": 0.5925039856910557,
    "map_mean": 1.059614593630342e-08,
    "map_std": 0.03286680703960056,
    "v0_curve": [
      0.9984207153320312,
      0.9976221720377604,
      0.9966964721679688,
      0.9955431620279948,
      0.9940630594889323,
      0.9920234680175781,
      0.9894256591796875,
      0.9864285786946615,
      0.982763926188151,
      0.9783172607421875,
      0.9729601542154948,
      0.9665247599283854,
      0.9589360555013021,
      0.9502474466959635,
      0.9402058919270834,
      0.9286117553710938,
      0.9152056376139323,
      0.8999824523925781,
      0.8825111389160156,
      0.8628145853678385,
      0.8408177693684896,
      0.8160654703776041,
      0.7889963785807291,
      0.7594108581542969,
      0.7284367879231771,
      0.6956354777018229,
      0.6612447102864584,
      0.6251958211263021,
      0.5884081522623698,
      0.5506401062011719,
      0.5110689798990885,
      0.4713134765625,
      0.43175379435221356,
      0.39268239339192706,
      0.35430653889973956,
      0.31737518310546875,
      0.28174463907877606,
      0.24761199951171875,
      0.21563339233398438,
      0.18589274088541666,
      0.15882492065429688,
      0.13429768880208334,
      0.11260096232096355,
      0.09320449829101562,
      0.07634607950846355,
      0.061801910400390625,
      0.049512227376302086,
      0.039339701334635414,
      0.031130472819010418,
      0.024121602376302082,
      0.01849365234375,
      0.013988494873046875,
      0.010449727376302084,
      0.007696787516276042,
      0.005585988362630208,
      0.004056294759114583,
      0.0028317769368489585,
      0.0019327799479166667,
      0.001316070556640625,
      0.0008913675944010416,
      0.0006103515625
    ],
    "v1_curve": [
      4.094116307594715,
      5.304819757216036,
      7.208696114967577,
      8.847860719068525,
      11.236842828844866,
      15.116746461465102,
      18.18871634711439,
      23.39953729221413,
      29.304514994986896,
      36.03381709893819,
      43.23999566110276,
      50.97305559350749,
      63.3052334389544,
      71.56922725179179,
      85.13350467399388,
      97.6187290520784,
      114.55551551552456,
      126.31766019287603,
      152.2450786876199,
      168.90859703950917,
      192.5998656303567,
      213.5918718943564,
      239.7553282537459,
      257.24208687445594,
      275.5773974030004,
      296.2078306938268,
      311.14040436133365,
      321.2024563237555,
      332.81487093431195,
      345.0555778397133,
      345.4521806315029,
      344.5337192654632,
      337.1940892491234,
      331.8194131850902,
      318.7044860004622,
      306.85491641135826,
      291.72225364449633,
      277.8778499934947,
      253.28375026593395,
      234.16599111770506,
      212.68328314557692,
      190.14675028767826,
      166.21573189087644,
      144.79292075053002,
      125.13668251696718,
      104.68614053525141,
      89.26010607316674,
      71.89865362256135,
      58.852976371503004,
      48.83690484246615,
      37.30259385470056,
      29.68355066129559,
      23.645319000964047,
      17.293298082200554,
      12.792368614229826,
      9.974117617364376,
      7.517362862617766,
      5.22980641910737,
      3.4464442117848835,
      2.466536353207193,
      1.6599554828105771
    ]
  },
  "p_high": 0.2513743128435782,
  "p_high_mf": 0.3893053473263368,
  "p_low": 0.7491254372813593,
  "p_low_mf": 0.6111944027986007,
  "p_two_sided": 0.5027486256871564,
  "p_two_sided_mf": 0.7786106946526736,
  "provenance": {
    "dat_url": "GAUSSIAN_CONTROL_FROM: https://github.com/gradient-pulse/phi-mesh/releases/download/data-2026-02-15-planck-lensing-R3/planck_pr3_lensing_mv_dat_klm.fits",
    "mf_url": "GAUSSIAN_CONTROL_MF_ZERO_FROM: https://github.com/gradient-pulse/phi-mesh/releases/download/data-2026-02-15-planck-lensing-R3/planck_pr3_lensing_mv_mf_klm.fits"
  },
  "seed": 731,
  "surrogate": {
    "D0_mean": 0.008023673612562648,
    "D0_std": 0.004268321995372435,
    "D1_mean": 14.791721011507649,
    "D1_std": 5.661830902054282,
    "D_mf_mean": 14.7917233980604,
    "D_mf_std": 5.661831961106219,
    "v0_mean_curve": [
      0.9988652057647694,
      0.9983858305613216,
      0.9977307974497478,
      0.9968486105600998,
      0.9956739336649592,
      0.994131610234578,
      0.992128919601441,
      0.9895610357920348,
      0.9863097438812256,
      0.982244764963784,
      0.9772153682708735,
      0.971065786997478,
      0.9636328035990402,
      0.9547490660349535,
      0.9442474155426009,
      0.9319475218455008,
      0.9177126242319752,
      0.9013986701965334,
      0.8828996931711843,
      0.8621276626586898,
      0.8390459556579577,
      0.8136383349100752,
      0.7859509938557957,
      0.7560538031260171,
      0.7240755049387636,
      0.6902052224477133,
      0.6546682809193929,
      0.6177281309763579,
      0.5796947301228838,
      0.5408939914703365,
      0.5016697158813467,
      0.46239264488220216,
      0.423423510233562,
      0.38512333679199157,
      0.3478424339294431,
      0.3119018688201903,
      0.2775805600484211,
      0.2451234429677332,
      0.2147414506276455,
      0.1865742219289147,
      0.16073252042134614,
      0.13726028251647965,
      0.11616576957702622,
      0.09741420364379884,
      0.08092394065856948,
      0.06657723108927414,
      0.05423381805419915,
      0.04373055076599119,
      0.034895752588907876,
      0.027554201761881496,
      0.02151708475748698,
      0.016617835998535144,
      0.01269112968444824,
      0.009581785202026372,
      0.007150259653727224,
      0.005272335052490237,
      0.003842012405395508,
      0.0027668571472167927,
      0.001967386245727534,
      0.001381013234456379,
      0.0009570306142171212
    ],