{
  "diagnostics": {
    "excess_kurt_x_obs": -0.10086593872071825,
    "imag_frac_nonzero_eps1e-12": 0.9896907216494846,
    "imag_max_abs": 0.028617884086322976,
    "skew_x_obs": -0.008505826281770332,
    "v1_delta_bandwidth_dnu": 0.10000000000000009,
    "v1_symmetry_corr": 0.9869497616565852,
    "verify_l2_from_curves": {
      "D0_match": true,
      "D0_recomputed": 0.005691398368349174,
      "D0_reported": 0.005691398368349174,
      "D1_match": true,
      "D1_recomputed": 16.62543891305963,
      "D1_reported": 16.62543891305963,
      "tol_abs": 1e-12,
      "tol_rel": 1e-10,
      "verify_dnu": 0.10000000000000009
    }
  },
  "hint": "This script compares observed morphology against phase-randomized surrogates that preserve |a_lm|. V0(nu) is excursion-set area fraction; V1(nu) is a perimeter proxy estimated from |\u2207x| in a nu-band. Distances D0 and D1 are L2 distances (sqrt(sum((a-b)^2)*dnu)) to surrogate-mean curves. D_mf combines them as sqrt(D0^2 + D1^2). Z_mf is the scale-free combined z-distance.",
  "kind": "planck_pr3_lensing_phi_topology_mf_v0_v1",
  "lmax": 192,
  "metric": "Minkowski-style morphology: V0(area) + V1(perimeter proxy) vs phase-random surrogates",
  "n_sims": 2000,
  "nside": 256,
  "observed": {
    "D0_L2": 0.005691398368349174,
    "D0_sum_sq_legacy": 0.0003239201538724762,
    "D1_L2": 16.62543891305963,
    "D1_sum_sq_legacy": 2764.052190518771,
    "D_mf": 16.625439887229835,
    "Z0": -0.0458290003193861,
    "Z1": -0.034174782750540235,
    "Z_mf": 0.05716828706827688,
    "map_mean": 5.074787907665782e-08,
    "map_std": 0.04142067176202311,
    "v0_curve": [
      0.9990882873535156,
      0.9986190795898438,
      0.9979680379231771,
      0.997124989827474,
      0.9959856669108073,
      0.994360605875651,
      0.9923502604166666,
      0.9897918701171875,
      0.9864705403645834,
      0.9824307759602865,
      0.9773534138997396,
      0.9712028503417969,
      0.9637374877929688,
      0.954809824625651,
      0.9443715413411459,
      0.9320500691731771,
      0.917517344156901,
      0.9010454813639323,
      0.8826700846354166,
      0.8616243998209635,
      0.8386141459147135,
      0.8129463195800781,
      0.7852821350097656,
      0.7553316752115885,
      0.7240320841471354,
      0.6907424926757812,
      0.6557235717773438,
      0.6188710530598959,
      0.5808143615722656,
      0.5417556762695312,
      0.5021349589029948,
      0.4624824523925781,
      0.42271169026692706,
      0.3838144938151042,
      0.34632110595703125,
      0.3103078206380208,
      0.2759691874186198,
      0.24354934692382812,
      0.21321868896484375,
      0.1857121785481771,
      0.1601994832356771,
      0.13691075642903647,
      0.11601511637369792,
      0.09747823079427083,
      0.08107248942057292,
      0.06677500406901042,
      0.05445988972981771,
      0.04416529337565104,
      0.03562800089518229,
      0.028321584065755207,
      0.022366841634114582,
      0.017415364583333332,
      0.013394673665364584,
      0.01023101806640625,
      0.007715861002604167,
      0.005725860595703125,
      0.004147847493489583,
      0.0029169718424479165,
      0.002048492431640625,
      0.001399993896484375,
      0.0009091695149739584
    ],
    "v1_curve": [
      6.534141411469818,
      9.486921673148993,
      14.006632378916127,
      18.95328185024231,
      25.842239031086955,
      35.80605589022668,
      47.78283268277393,
      56.955559255810066,
      74.34341723683606,
      92.00366457540815,
      112.46143470820104,
      132.38964435562553,
      159.35575742649658,
      188.11437115626316,
      224.2247922911487,
      250.63529395920332,
      281.7072689581425,
      311.84698617710166,
      346.7286410994044,
      383.6230695082156,
      405.30250858999574,
      441.9903281182295,
      467.6229380261627,
      487.80701523037646,
      511.7633321991232,
      528.8416458800656,
      537.7431447208337,
      552.4823665428127,
      562.0137373335855,
      558.8322576430372,
      558.0531500338802,
      552.0945300988667,
      536.2862884452211,
      511.086404745158,
      487.7041472649824,
      461.69138889187764,
      435.68157472343347,
      409.44727616930163,
      374.61698032982383,
      336.9569164965526,
      310.15678639443036,
      281.84162505498347,
      249.39979995495824,
      216.2574134706949,
      190.2132902814737,
      162.36733051629918,
      136.9232030891966,
      114.2457266287109,
      95.31783849053082,
      82.49421693618241,
      66.20230519237414,
      53.35815592833349,
      42.462450287442174,
      34.06495171973879,
      26.551499289925808,
      21.193172837064942,
      16.405066377537604,
      11.844221452805893,
      8.451807802321277,
      6.074131076055712,
      4.1301523808227945
    ]
  },
  "p_high": 0.4497751124437781,
  "p_high_mf": 0.40429785107446276,
  "p_low": 0.5507246376811594,
  "p_low_mf": 0.5962018990504747,
  "p_two_sided": 0.8995502248875562,
  "p_two_sided_mf": 0.8085957021489255,
  "provenance": {
    "dat_url": "GAUSSIAN_CONTROL_FROM: https://github.com/gradient-pulse/phi-mesh/releases/download/data-2026-02-15-planck-lensing-R3/planck_pr3_lensing_mv_dat_klm.fits",
    "mf_url": "GAUSSIAN_CONTROL_MF_ZERO_FROM: https://github.com/gradient-pulse/phi-mesh/releases/download/data-2026-02-15-planck-lensing-R3/planck_pr3_lensing_mv_mf_klm.fits"
  },
  "seed": 731,
  "surrogate": {
    "D0_mean": 0.005852442748105371,
    "D0_std": 0.003514027769182511,
    "D1_mean": 16.85191270427266,
    "D1_std": 6.626927020024769,
    "D_mf_mean": 16.851913808414558,
    "D_mf_std": 6.626927728059401,
    "v0_mean_curve": [
      0.9991327559153228,
      0.998737995147706,
      0.9981887594858802,
      0.9974343452453637,
      0.9964099280039467,
      0.9950405648549399,
      0.993232588450114,
      0.9908792050679535,
      0.9878532282511397,
      0.9840095024108887,
      0.9791900437672929,
      0.9732258777618403,
      0.9659363600413012,
      0.9571356436411537,
      0.946638324101766,
      0.9342634817759207,
      0.9198479226430252,
      0.9032475808461509,
      0.8843467909495049,
      0.8630745182037356,
      0.839385367075601,
      0.8132923323313384,
      0.7848607660929371,
      0.754199178695679,
      0.7214757728576646,
      0.6869022998809804,
      0.6507452354431151,
      0.6132904427846282,
      0.5748647486368826,
      0.5358291047414135,
      0.4965376071929941,
      0.4573626015981036,
      0.4186551907857255,
      0.3807671686808271,
      0.34401830355326324,
      0.3086992848714198,
      0.27507425753275544,
      0.24334788195292212,
      0.21370805931091297,
      0.18625610224405942,
      0.16106823158264139,
      0.1381678682963054,
      0.11756078147888195,
      0.0991855646769206,
      0.08296580950419115,
      0.06878582700093593,
      0.05651593208313,
      0.04600558026631675,
      0.03710010274251299,
      0.029631863276163736,
      0.023433992385864258,
      0.018350757598876975,
      0.014224793116251645,
      0.010910522460937482,
      0.008279969533284503,
      0.006215645472208649,
      0.004615326563517254,
      0.0033890177408854166,
      0.0024607982635498093,
      0.0017663141886393192,
      0.0012538229624430314
    ],