{
  "diagnostics": {
    "excess_kurt_x_obs": -0.09770484318328565,
    "imag_frac_nonzero_eps1e-12": 0.9846153846153847,
    "imag_max_abs": 0.014695227183590601,
    "skew_x_obs": -0.058753130590263415,
    "v1_delta_bandwidth_dnu": 0.10000000000000009,
    "v1_symmetry_corr": 0.9952059861115264,
    "verify_l2_from_curves": {
      "D0_match": true,
      "D0_recomputed": 0.0034008186605211797,
      "D0_reported": 0.0034008186605211797,
      "D1_match": true,
      "D1_recomputed": 9.241336914056722,
      "D1_reported": 9.241336914056722,
      "tol_abs": 1e-12,
      "tol_rel": 1e-10,
      "verify_dnu": 0.10000000000000009
    }
  },
  "hint": "This script compares observed morphology against phase-randomized surrogates that preserve |a_lm|. V0(nu) is excursion-set area fraction; V1(nu) is a perimeter proxy estimated from |\u2207x| in a nu-band. Distances D0 and D1 are L2 distances (sqrt(sum((a-b)^2)*dnu)) to surrogate-mean curves. D_mf combines them as sqrt(D0^2 + D1^2). Z_mf is the scale-free combined z-distance.",
  "kind": "planck_pr3_lensing_phi_topology_mf_v0_v1",
  "lmax": 128,
  "metric": "Minkowski-style morphology: V0(area) + V1(perimeter proxy) vs phase-random surrogates",
  "n_sims": 2000,
  "nside": 256,
  "observed": {
    "D0_L2": 0.0034008186605211797,
    "D0_sum_sq_legacy": 0.00011565567561749063,
    "D1_L2": 9.241336914056722,
    "D1_sum_sq_legacy": 854.0230795910734,
    "D_mf": 9.241337539808562,
    "Z0": -0.9974556147658644,
    "Z1": -0.9059849745246104,
    "Z_mf": 1.3474889526420273,
    "map_mean": 1.1198412025011211e-08,
    "map_std": 0.03029571926828206,
    "v0_curve": [
      0.9986000061035156,
      0.998083750406901,
      0.9974034627278646,
      0.9964205423990885,
      0.995147705078125,
      0.9934921264648438,
      0.9913597106933594,
      0.988592783610026,
      0.9852447509765625,
      0.9811185201009115,
      0.9761339823404948,
      0.970269521077474,
      0.9628473917643229,
      0.9539744059244791,
      0.9435043334960938,
      0.9313240051269531,
      0.9172630310058594,
      0.9010531107584635,
      0.8824208577473959,
      0.8613929748535156,
      0.8385518391927084,
      0.8132540384928385,
      0.7857589721679688,
      0.7562065124511719,
      0.7250658671061198,
      0.6917877197265625,
      0.6568578084309896,
      0.6203765869140625,
      0.5823211669921875,
      0.543585459391276,
      0.5049018859863281,
      0.46595128377278644,
      0.4268811543782552,
      0.3878746032714844,
      0.3500073750813802,
      0.31339772542317706,
      0.27821985880533856,
      0.24538294474283853,
      0.21473821004231772,
      0.18635940551757812,
      0.16053390502929688,
      0.13678359985351562,
      0.11530431111653645,
      0.09635162353515625,
      0.0797589619954427,
      0.06553395589192708,
      0.053339640299479164,
      0.043139139811197914,
      0.03421147664388021,
      0.026743570963541668,
      0.020772298177083332,
      0.015889485677083332,
      0.011976877848307291,
      0.008909861246744791,
      0.00653839111328125,
      0.004781087239583333,
      0.003368377685546875,
      0.002300262451171875,
      0.0014940897623697917,
      0.0009752909342447916,
      0.0005950927734375
    ],
    "v1_curve": [
      3.403870252001459,
      4.311137539795061,
      6.169935688916235,
      8.018937620239079,
      10.845251707743794,
      13.511424326830598,
      18.896223804877856,
      22.69401910685006,
      29.03195816848141,
      35.68728947774864,
      42.837149738465556,
      52.87042032036118,
      63.04926533723517,
      77.12247434609759,
      88.25323714640943,
      103.24738065887736,
      121.57019459793575,
      137.98269981049793,
      157.93934227678554,
      176.19728528956105,
      198.65707615082465,
      221.07529312987776,
      241.25140033237886,
      256.50126715166556,
      278.0509517101557,
      304.6168595650563,
      319.32536486028334,
      331.9364227866832,
      343.7601845162132,
      349.9901679097315,
      356.47736205569475,
      359.0886263584951,
      361.58232334939635,
      353.66252388591965,
      342.6480607481432,
      337.2251998570013,
      320.5228433079302,
      298.68280966097365,
      280.92247274027335,
      269.71759512636567,
      235.97452515331358,
      224.07270549125624,
      197.70552551682607,
      173.67797399379597,
      151.3082237671909,
      139.18462571944414,
      115.43483265466534,
      96.48465525602579,
      85.77556724577366,
      67.90774436891168,
      56.72140693136889,
      44.730298081716185,
      38.12766649226899,
      30.2999685135409,
      22.127572836107007,
      16.130720368342285,
      15.118545421516652,
      10.263387294071206,
      7.543400476571876,
      4.42158178282783,
      3.379113631780787
    ]
  },
  "p_high": 0.8595702148925537,
  "p_high_mf": 0.8210894552723638,
  "p_low": 0.1409295352323838,
  "p_low_mf": 0.1794102948525737,
  "p_two_sided": 0.2818590704647676,
  "p_two_sided_mf": 0.3588205897051474,
  "provenance": {
    "dat_url": "GAUSSIAN_CONTROL_FROM: https://github.com/gradient-pulse/phi-mesh/releases/download/data-2026-02-15-planck-lensing-R3/planck_pr3_lensing_mv_dat_klm.fits",
    "mf_url": "GAUSSIAN_CONTROL_MF_ZERO_FROM: https://github.com/gradient-pulse/phi-mesh/releases/download/data-2026-02-15-planck-lensing-R3/planck_pr3_lensing_mv_mf_klm.fits"
  },
  "seed": 731,
  "surrogate": {
    "D0_mean": 0.008464662942111031,
    "D0_std": 0.005076761518635095,
    "D1_mean": 15.29386386857508,
    "D1_std": 6.68060412116023,
    "D_mf_mean": 15.293866489171123,
    "D_mf_std": 6.680605413085577,
    "v0_mean_curve": [
      0.9988148409525566,
      0.9983236357370996,
      0.9976566556294763,
      0.9967619164784727,
      0.9955749111175547,
      0.9940218105316175,
      0.99201229286194,
      0.9894427153269445,
      0.9861983591715492,
      0.9821483573913559,
      0.9771433804829924,
      0.9710288321177161,
      0.9636363639831532,
      0.9547998854319263,
      0.9443488375345874,
      0.9321127401987712,
      0.9179423033396399,
      0.9016954962412516,
      0.8832567418416344,
      0.8625387293497718,
      0.8395055770874016,
      0.8141304658253973,
      0.786444607416787,
      0.7565341135660802,
      0.7245227845509847,
      0.6906103439331053,
      0.6549983984629303,
      0.6179717191060388,
      0.579821329752604,
      0.5408932978312176,
      0.5015390764872235,
      0.46213852691650437,
      0.4230367838541669,
      0.38463984807332335,
      0.34728735287984214,
      0.31128988520304385,
      0.27695067087809216,
      0.24450112851460745,
      0.21415652338663727,
      0.18604756482442256,
      0.16027943547566703,
      0.1368928038279216,
      0.11588751729329431,
      0.09722831916809098,
      0.08082369995117188,
      0.06655683771769211,
      0.054280455907185866,
      0.04383358192443851,
      0.03504362996419263,
      0.027725851694742783,
      0.021710202534993506,
      0.016819727579752596,
      0.012891551335652686,
      0.009774017333984378,
      0.007329470952351889,
      0.005434720357259119,
      0.0039831911722818985,
      0.002886100133260093,
      0.002066895167032878,
      0.0014626096089680955,
      0.001023569107055665
    ],