{
  "diagnostics": {
    "excess_kurt_x_obs": -0.1523742040218159,
    "imag_frac_nonzero_eps1e-12": 0.9846153846153847,
    "imag_max_abs": 0.024597822580567464,
    "skew_x_obs": 0.11777591434250106,
    "v1_delta_bandwidth_dnu": 0.10000000000000009,
    "v1_symmetry_corr": 0.9873712202069684,
    "verify_l2_from_curves": {
      "D0_match": true,
      "D0_recomputed": 0.020068652473732147,
      "D0_reported": 0.020068652473732147,
      "D1_match": true,
      "D1_recomputed": 27.139907351048574,
      "D1_reported": 27.139907351048574,
      "tol_abs": 1e-12,
      "tol_rel": 1e-10,
      "verify_dnu": 0.10000000000000009
    }
  },
  "hint": "This script compares observed morphology against phase-randomized surrogates that preserve |a_lm|. V0(nu) is excursion-set area fraction; V1(nu) is a perimeter proxy estimated from |\u2207x| in a nu-band. Distances D0 and D1 are L2 distances (sqrt(sum((a-b)^2)*dnu)) to surrogate-mean curves. D_mf combines them as sqrt(D0^2 + D1^2). Z_mf is the scale-free combined z-distance.",
  "kind": "planck_pr3_lensing_phi_topology_mf_v0_v1",
  "lmax": 128,
  "metric": "Minkowski-style morphology: V0(area) + V1(perimeter proxy) vs phase-random surrogates",
  "n_sims": 2000,
  "nside": 256,
  "observed": {
    "D0_L2": 0.020068652473732147,
    "D0_sum_sq_legacy": 0.00402750812111435,
    "D1_L2": 27.139907351048574,
    "D1_sum_sq_legacy": 7365.745710234997,
    "D_mf": 27.139914770947836,
    "Z0": 0.4264051553943334,
    "Z1": 0.3109691445249154,
    "Z_mf": 0.5277529397297785,
    "map_mean": 2.596484708951759e-08,
    "map_std": 0.03549977752930973,
    "v0_curve": [
      0.9993197123209635,
      0.9990832010904948,
      0.9986953735351562,
      0.9981460571289062,
      0.9974187215169271,
      0.9964141845703125,
      0.9950447082519531,
      0.9931182861328125,
      0.9905230204264323,
      0.9871355692545573,
      0.9828275044759115,
      0.9771385192871094,
      0.9699757893880209,
      0.9609934488932291,
      0.9501762390136719,
      0.9373334248860677,
      0.9223149617513021,
      0.9051259358723959,
      0.8857803344726562,
      0.8640899658203125,
      0.839752197265625,
      0.8123792012532552,
      0.7827720642089844,
      0.7509485880533854,
      0.7164332071940104,
      0.6806131998697916,
      0.6436055501302084,
      0.6048062642415365,
      0.5658493041992188,
      0.5264600118001302,
      0.48740895589192706,
      0.4488372802734375,
      0.4110425313313802,
      0.37479527791341144,
      0.3396288553873698,
      0.3059539794921875,
      0.2740376790364583,
      0.2440465291341146,
      0.21555582682291666,
      0.18910598754882812,
      0.16461308797200522,
      0.1423314412434896,
      0.1220385233561198,
      0.10363388061523438,
      0.08713404337565105,
      0.07273483276367188,
      0.06027984619140625,
      0.049677530924479164,
      0.040339152018229164,
      0.03231938680013021,
      0.025442759195963543,
      0.019707997639973957,
      0.015089670817057291,
      0.011372884114583334,
      0.00849151611328125,
      0.006364186604817708,
      0.004651387532552083,
      0.0034001668294270835,
      0.0024770100911458335,
      0.0017649332682291667,
      0.0012232462565104167
    ],
    "v1_curve": [
      1.792331551495412,
      2.533025325672698,
      3.7646670999891603,
      5.172428171786115,
      7.315008848167385,
      9.539945523528045,
      13.142266163349237,
      18.15560266027763,
      23.727568973611586,
      30.531742324353306,
      40.285966037890944,
      51.64164762635266,
      64.4667544092838,
      81.22887242697553,
      101.12362360346586,
      117.7830586298684,
      143.78544256994647,
      161.05138688350468,
      181.09923863229594,
      199.8904565695948,
      222.65831605562016,
      245.40145386773153,
      261.22617192793456,
      280.39438727438875,
      298.5867915947663,
      306.7484926489521,
      310.10122033428024,
      312.62449583045003,
      307.9126040294147,
      301.6379834240918,
      298.823625726844,
      288.24643340866663,
      279.0978640007422,
      264.40754135937897,
      251.4859255921059,
      237.81760019683645,
      221.57122352141565,
      203.92850015551133,
      191.74762294960493,
      173.12451381208825,
      159.00402811504816,
      142.54958401927476,
      128.76961492836747,
      114.2688660689039,
      102.22441247528641,
      86.84131411505379,
      76.63283078184276,
      64.83433028957151,
      55.58794367867804,
      46.97899004579048,
      38.25207273588966,
      31.70564793317263,
      25.90598043902332,
      19.704599673992718,
      15.333370492142503,
      12.505791496190596,
      9.354752510650474,
      7.083307467502073,
      5.092774360953088,
      3.9984539695393195,
      2.8814457557511695
    ]
  },
  "p_high": 0.29235382308845576,
  "p_high_mf": 0.3333333333333333,
  "p_low": 0.7081459270364817,
  "p_low_mf": 0.6671664167916042,
  "p_two_sided": 0.5847076461769115,
  "p_two_sided_mf": 0.6666666666666666,
  "provenance": {
    "dat_url": "GAUSSIAN_CONTROL_FROM: https://github.com/gradient-pulse/phi-mesh/releases/download/data-2026-02-15-planck-lensing-R3/planck_pr3_lensing_mv_dat_klm.fits",
    "mf_url": "GAUSSIAN_CONTROL_MF_ZERO_FROM: https://github.com/gradient-pulse/phi-mesh/releases/download/data-2026-02-15-planck-lensing-R3/planck_pr3_lensing_mv_mf_klm.fits"
  },
  "seed": 731,
  "surrogate": {
    "D0_mean": 0.016088897663554695,
    "D0_std": 0.00933327085714297,
    "D1_mean": 23.622101830826967,
    "D1_std": 11.312394114200465,
    "D_mf_mean": 23.622107637898523,
    "D_mf_std": 11.312397279061251,
    "v0_mean_curve": [
      0.9986506697336823,
      0.998093881607056,
      0.9973420632680243,
      0.9963429285685212,
      0.9950296605428061,
      0.9933294067382815,
      0.9911505419413237,
      0.9883962872823079,
      0.9849556217193591,
      0.9806989924112958,
      0.9754963194529228,
      0.969201735178629,
      0.9616685371398928,
      0.9527403430938713,
      0.9422638753255206,
      0.9300871429443359,
      0.9160736815134689,
      0.9000903943379722,
      0.8820194530487062,
      0.8617718187967925,
      0.8392857475280774,
      0.8145290323893222,
      0.7875181878407799,
      0.7582958361307779,
      0.7269536190032955,
      0.6936446965535479,
      0.6585555095672607,
      0.6219264520009359,
      0.5840634797414155,
      0.5452744019826256,
      0.50588991800944,
      0.4663054339090985,
      0.42689813423156664,
      0.38805508613586437,
      0.3501449228922526,
      0.3135148436228433,
      0.27851107978820805,
      0.24540236536661747,
      0.2144278608957925,
      0.18575154495239254,
      0.15948355611165385,
      0.13569216728210426,
      0.11437675348917663,
      0.09549610201517737,
      0.07896594111124677,
      0.06464776547749829,
      0.05238872210184731,
      0.04201780255635571,
      0.033342133839925125,
      0.026180414199829156,
      0.020333889007568343,
      0.015620502471923852,
      0.011867509206136072,
      0.008916488647460946,
      0.006623793919881188,
      0.004863240559895833,
      0.0035289713541666575,
      0.002529928843180338,
      0.0017920080820719398,
      0.0012537320454915366,
      0.0008666992187499987
    ],