{
  "diagnostics": {
    "excess_kurt_x_obs": -1.074733052204812,
    "imag_frac_nonzero_eps1e-12": 0.9846153846153847,
    "imag_max_abs": 0.0050463026842661445,
    "skew_x_obs": 0.11949598269739171,
    "v1_delta_bandwidth_dnu": 0.10000000000000009,
    "v1_symmetry_corr": 0.8571541364786706,
    "verify_l2_from_curves": {
      "D0_match": true,
      "D0_recomputed": 0.09348841735969447,
      "D0_reported": 0.09348841735969447,
      "D1_match": true,
      "D1_recomputed": 99.48887390756009,
      "D1_reported": 99.48887390756009,
      "tol_abs": 1e-12,
      "tol_rel": 1e-10,
      "verify_dnu": 0.10000000000000009
    }
  },
  "hint": "This script compares observed morphology against phase-randomized surrogates that preserve |a_lm|. V0(nu) is excursion-set area fraction; V1(nu) is a perimeter proxy estimated from |\u2207x| in a nu-band. Distances D0 and D1 are L2 distances (sqrt(sum((a-b)^2)*dnu)) to surrogate-mean curves. D_mf combines them as sqrt(D0^2 + D1^2). Z_mf is the scale-free combined z-distance.",
  "kind": "planck_pr3_lensing_phi_topology_mf_v0_v1",
  "lmax": 128,
  "metric": "Minkowski-style morphology: V0(area) + V1(perimeter proxy) vs phase-random surrogates",
  "n_sims": 2000,
  "nside": 256,
  "observed": {
    "D0_L2": 0.09348841735969447,
    "D0_sum_sq_legacy": 0.08740084180420414,
    "D1_L2": 99.48887390756009,
    "D1_sum_sq_legacy": 98980.36031394382,
    "D_mf": 99.48891783248308,
    "Z0": 50.57798417588785,
    "Z1": 39.23428059376003,
    "Z_mf": 64.0114150523659,
    "map_mean": 2.281652374154508e-08,
    "map_std": 0.033531809307279684,
    "v0_curve": [
      1.0,
      1.0,
      0.9999961853027344,
      0.999993642171224,
      0.9999860127766927,
      0.999975840250651,
      0.99993896484375,
      0.9998919169108073,
      0.9997914632161459,
      0.9996109008789062,
      0.9993629455566406,
      0.9989522298177084,
      0.9983418782552084,
      0.9971822102864584,
      0.9948259989420573,
      0.9900856018066406,
      0.9750645955403646,
      0.9256490071614584,
      0.8384221394856771,
      0.7586402893066406,
      0.7111053466796875,
      0.6895891825358073,
      0.6773630777994791,
      0.6669222513834635,
      0.6552696228027344,
      0.6417007446289062,
      0.62542724609375,
      0.606597900390625,
      0.5848846435546875,
      0.559930165608724,
      0.5322265625,
      0.5020561218261719,
      0.46832275390625,
      0.43335596720377606,
      0.39640553792317706,
      0.35820770263671875,
      0.31948598225911456,
      0.2812817891438802,
      0.24425506591796875,
      0.20912297566731772,
      0.17641067504882812,
      0.14686711629231772,
      0.12098185221354167,
      0.09796651204427083,
      0.07826995849609375,
      0.061604817708333336,
      0.04778289794921875,
      0.03658294677734375,
      0.02745819091796875,
      0.020311991373697918,
      0.014636993408203125,
      0.010334014892578125,
      0.007258097330729167,
      0.004926045735677083,
      0.003326416015625,
      0.00218963623046875,
      0.0013834635416666667,
      0.000865936279296875,
      0.0005467732747395834,
      0.0003636678059895833,
      0.00023523966471354166
    ],
    "v1_curve": [
      0.0,
      0.0,
      0.02819823493998284,
      0.043237341215027925,
      0.09015504964288097,
      0.10984851189275088,
      0.3269958039483611,
      0.49352989171608963,
      0.9237899189187149,
      1.4763351364088655,
      2.291908756208939,
      3.5156241629294778,
      5.38413574774627,
      8.89874277975732,
      15.217653884811162,
      28.052441807999145,
      61.17483859167544,
      119.60865797463585,
      152.96783183851093,
      128.56558203109643,
      98.11437445060663,
      87.65285540418567,
      90.90720285365141,
      106.17058022738561,
      135.02311924571157,
      153.24425437258046,
      182.1809691497705,
      220.9356741644538,
      241.44912084483974,
      274.9705008583109,
      300.9526425474691,
      327.84266278849253,
      354.5787491650297,
      373.77216885083755,
      387.0433373070123,
      399.78931356689293,
      390.6484896764723,
      390.8780351405144,
      368.204625152394,
      351.891906152336,
      325.52345087360976,
      293.6028490443245,
      260.25942775153356,
      226.25477077123995,
      196.42292432118546,
      164.6495201359561,
      137.12076510046958,
      112.42837607382666,
      90.93608255625524,
      70.85885159528566,
      54.92820851225306,
      39.94947369059703,
      30.653328678413384,
      20.770117470505284,
      15.288677377657159,
      10.16069834073455,
      6.83890069496547,
      5.196688089943153,
      2.2944115142394734,
      1.6824130610548826,
      1.1391848558839919
    ]
  },
  "p_high": 0.0004997501249375312,
  "p_high_mf": 0.0004997501249375312,
  "p_low": 1.0,
  "p_low_mf": 1.0,
  "p_two_sided": 0.0009995002498750624,
  "p_two_sided_mf": 0.0009995002498750624,
  "provenance": {
    "dat_url": "LCDM_RECON_SIM_TARBALL:https://github.com/gradient-pulse/phi-mesh/releases/download/data-2026-02-15-planck-lensing-R3/lcdm_recon_sims__layout_sims.tar.gz",
    "mf_url": "LCDM_RECON_SIM_TARBALL:https://github.com/gradient-pulse/phi-mesh/releases/download/data-2026-02-15-planck-lensing-R3/lcdm_recon_sims__layout_sims.tar.gz"
  },
  "seed": 2400,
  "surrogate": {
    "D0_mean": 0.0039174683508921455,
    "D0_std": 0.0017709473888345214,
    "D1_mean": 8.546287062849581,
    "D1_std": 2.317936902841398,
    "D_mf_mean": 8.546288072003588,
    "D_mf_std": 2.31793716877194,
    "v0_mean_curve": [
      0.9994360338846866,
      0.9990967877705894,
      0.9985851885477713,
      0.997832550684612,
      0.996748498280842,
      0.9952228908538824,
      0.9931226412455239,
      0.9903032296498623,
      0.9865931930541995,
      0.9818165836334216,
      0.9757956161499026,
      0.9683716850280762,
      0.9594014155069989,
      0.9487678782145186,
      0.9364006125132239,
      0.9222602774302171,
      0.906346933364867,
      0.8887206891377768,
      0.8694440409342453,
      0.848579782485963,
      0.8262010542551662,
      0.8023678359985361,
      0.7770996729532881,
      0.7504108543396,
      0.7222639338175435,
      0.6926244653066002,
      0.6614463310241702,
      0.6287215735117603,
      0.5944708137512196,
      0.55876915105184,
      0.5217793114980074,
      0.4837480068206783,
      0.44499730873107873,
      0.40591076850891117,
      0.3669301554361988,
      0.32853637758890836,
      0.291212476094564,
      0.2554163157145183,
      0.22159283638000526,
      0.19006546847025516,
      0.1611248156229652,
      0.13496066220601394,
      0.11165829404195161,
      0.09122159131367995,
      0.07357101504007969,
      0.058566364924112886,
      0.04600844637552894,
      0.03566469065348298,
      0.027271244049072243,
      0.020565579096476248,
      0.015293297449747702,
      0.011213235219319669,
      0.008106385548909497,
      0.005776795069376623,
      0.004057362874348958,
      0.002809209823608399,
      0.001917246500651041,
      0.0012887128194173185,
      0.0008528340657552083,
      0.000555859247843425,
      0.0003562539418538409
    ],