{
  "diagnostics": {
    "excess_kurt_x_obs": -1.2726631614040993,
    "imag_frac_nonzero_eps1e-12": 0.9846153846153847,
    "imag_max_abs": 0.007993837136721808,
    "skew_x_obs": -0.23696421789562142,
    "v1_delta_bandwidth_dnu": 0.10000000000000009,
    "v1_symmetry_corr": 0.6673853601955888,
    "verify_l2_from_curves": {
      "D0_match": true,
      "D0_recomputed": 0.10577518253425022,
      "D0_reported": 0.10577518253425022,
      "D1_match": true,
      "D1_recomputed": 118.82071407469972,
      "D1_reported": 118.82071407469972,
      "tol_abs": 1e-12,
      "tol_rel": 1e-10,
      "verify_dnu": 0.10000000000000009
    }
  },
  "hint": "This script compares observed morphology against phase-randomized surrogates that preserve |a_lm|. V0(nu) is excursion-set area fraction; V1(nu) is a perimeter proxy estimated from |\u2207x| in a nu-band. Distances D0 and D1 are L2 distances (sqrt(sum((a-b)^2)*dnu)) to surrogate-mean curves. D_mf combines them as sqrt(D0^2 + D1^2). Z_mf is the scale-free combined z-distance.",
  "kind": "planck_pr3_lensing_phi_topology_mf_v0_v1",
  "lmax": 128,
  "metric": "Minkowski-style morphology: V0(area) + V1(perimeter proxy) vs phase-random surrogates",
  "n_sims": 2000,
  "nside": 256,
  "observed": {
    "D0_L2": 0.10577518253425022,
    "D0_sum_sq_legacy": 0.11188389240153944,
    "D1_L2": 118.82071407469972,
    "D1_sum_sq_legacy": 141183.62093221533,
    "D_mf": 118.82076115566163,
    "Z0": 39.6838620749902,
    "Z1": 34.05526561046901,
    "Z_mf": 52.29311642067662,
    "map_mean": 1.749865749176016e-08,
    "map_std": 0.052613696701271466,
    "v0_curve": [
      1.0,
      1.0,
      1.0,
      1.0,
      1.0,
      0.9999961853027344,
      0.999969482421875,
      0.9999338785807291,
      0.9998639424641927,
      0.9997367858886719,
      0.9995193481445312,
      0.9991175333658854,
      0.9983113606770834,
      0.9964853922526041,
      0.9918441772460938,
      0.9701067606608073,
      0.9053967793782552,
      0.8160718282063802,
      0.7497736612955729,
      0.7131017049153646,
      0.6998087565104166,
      0.6942698160807291,
      0.6898422241210938,
      0.6851895650227865,
      0.6793683369954427,
      0.6722195943196615,
      0.6630121866861979,
      0.6514002482096354,
      0.6361503601074219,
      0.6166051228841146,
      0.5919609069824219,
      0.5623512268066406,
      0.5277684529622396,
      0.4876848856608073,
      0.4431139628092448,
      0.3947652180989583,
      0.34446080525716144,
      0.29433568318684894,
      0.24578984578450522,
      0.20049413045247397,
      0.15941747029622397,
      0.12331263224283855,
      0.09274037679036458,
      0.06766891479492188,
      0.047907511393229164,
      0.032842000325520836,
      0.021999359130859375,
      0.014387766520182291,
      0.00885772705078125,
      0.005354563395182292,
      0.0031674702962239585,
      0.0017217000325520833,
      0.0009816487630208333,
      0.0005009969075520834,
      0.000202178955078125,
      8.0108642578125e-05,
      2.0345052083333332e-05,
      3.814697265625e-06,
      0.0,
      0.0,
      0.0
    ],
    "v1_curve": [
      0.0,
      0.0,
      0.0,
      0.0,
      0.0,
      0.037302818268260644,
      0.13430147570850373,
      0.3466917231029863,
      0.5862491148859373,
      1.0271809131934764,
      1.7223524636155783,
      2.657317487869688,
      5.670419072945573,
      9.81176692238028,
      21.775530897386748,
      58.54097607228211,
      103.31054550161711,
      106.88104455169449,
      81.03943320081741,
      52.72613134601053,
      37.35281638017618,
      36.514640070374206,
      41.382351078254835,
      47.290546777367005,
      57.49573456193937,
      70.77894218078892,
      91.28189521692073,
      111.49048033914562,
      141.6330259957429,
      179.05337319008336,
      212.63057524425068,
      259.9553408127949,
      294.4322963350633,
      333.3664178241885,
      364.3984792426003,
      389.9097450296955,
      389.4357287827119,
      392.8675989328811,
      375.28238400047354,
      342.6374588906197,
      309.6626542253764,
      264.9128544159722,
      224.48333902426725,
      178.5522544884793,
      141.18252880619676,
      105.38890645327359,
      78.41357542861664,
      53.957611594157946,
      38.60549310141245,
      22.91855524154916,
      16.524772229830855,
      9.752096938805021,
      5.722218562747983,
      3.387995500700986,
      1.228347686709679,
      0.643641836690549,
      0.23798789217830144,
      0.08065767869507796,
      0.0,
      0.0,
      0.0
    ]
  },
  "p_high": 0.0004997501249375312,
  "p_high_mf": 0.0004997501249375312,
  "p_low": 1.0,
  "p_low_mf": 1.0,
  "p_two_sided": 0.0009995002498750624,
  "p_two_sided_mf": 0.0009995002498750624,
  "provenance": {
    "dat_url": "LCDM_RECON_SIM_TARBALL:https://github.com/gradient-pulse/phi-mesh/releases/download/data-2026-02-15-planck-lensing-R3/lcdm_recon_sims__layout_sims.tar.gz",
    "mf_url": "LCDM_RECON_SIM_TARBALL:https://github.com/gradient-pulse/phi-mesh/releases/download/data-2026-02-15-planck-lensing-R3/lcdm_recon_sims__layout_sims.tar.gz"
  },
  "seed": 2401,
  "surrogate": {
    "D0_mean": 0.005775776062159684,
    "D0_std": 0.002519901069183303,
    "D1_mean": 9.488998895455323,
    "D1_std": 3.2104202747910584,
    "D_mf_mean": 9.489000816849972,
    "D_mf_std": 3.2104207799757045,
    "v0_mean_curve": [
      0.9996419893900541,
      0.9993793411254893,
      0.9989523156483946,
      0.9982821261088044,
      0.9972626749674486,
      0.9957562599182117,
      0.9935915832519548,
      0.9905728918711346,
      0.9864908421834322,
      0.9811157512664804,
      0.9742368818918861,
      0.9656785481770832,
      0.9553238232930502,
      0.9431316191355382,
      0.9291303323109938,
      0.9134312171936048,
      0.8962029310862212,
      0.8776609331766775,
      0.8580388469696054,
      0.8375363108317054,
      0.816312048594158,
      0.7944231541951493,
      0.7718385918935133,
      0.748441999435425,
      0.7239817403157536,
      0.6981819051106777,
      0.6707420069376638,
      0.6413949127197265,
      0.6099351698557529,
      0.5762767581939693,
      0.5404642353057862,
      0.5026692110697426,
      0.463232568740845,
      0.422629211425781,
      0.3814373461405438,
      0.3403199939727783,
      0.2999479948679608,
      0.26099658330281555,
      0.22408286603291855,
      0.18972297986348435,
      0.15834178225199352,
      0.13019892438252795,
      0.1054316825866699,
      0.08405638694763179,
      0.06595969963073722,
      0.050926176706949856,
      0.03866536585489909,
      0.02886209932963051,
      0.021178504308064717,
      0.015272335052490248,
      0.010822178522745777,
      0.00753401565551758,
      0.005149852752685557,
      0.0034562975565592424,
      0.0022784659067789743,
      0.0014731979370117203,
      0.0009344628651936856,
      0.0005810807545979809,
      0.0003550408681233725,
      0.00021269480387369757,
      0.000125011444091797
    ],