{
  "diagnostics": {
    "excess_kurt_x_obs": 1.7157609999541732,
    "imag_frac_nonzero_eps1e-12": 0.9846153846153847,
    "imag_max_abs": 0.0030256652653784036,
    "skew_x_obs": -0.18115901277897453,
    "v1_delta_bandwidth_dnu": 0.10000000000000009,
    "v1_symmetry_corr": 0.9727231977931714,
    "verify_l2_from_curves": {
      "D0_match": true,
      "D0_recomputed": 0.08884731601729827,
      "D0_reported": 0.08884731601729827,
      "D1_match": true,
      "D1_recomputed": 102.69348967287507,
      "D1_reported": 102.69348967287507,
      "tol_abs": 1e-12,
      "tol_rel": 1e-10,
      "verify_dnu": 0.10000000000000009
    }
  },
  "hint": "This script compares observed morphology against phase-randomized surrogates that preserve |a_lm|. V0(nu) is excursion-set area fraction; V1(nu) is a perimeter proxy estimated from |\u2207x| in a nu-band. Distances D0 and D1 are L2 distances (sqrt(sum((a-b)^2)*dnu)) to surrogate-mean curves. D_mf combines them as sqrt(D0^2 + D1^2). Z_mf is the scale-free combined z-distance.",
  "kind": "planck_pr3_lensing_phi_topology_mf_v0_v1",
  "lmax": 128,
  "metric": "Minkowski-style morphology: V0(area) + V1(perimeter proxy) vs phase-random surrogates",
  "n_sims": 2000,
  "nside": 256,
  "observed": {
    "D0_L2": 0.08884731601729827,
    "D0_sum_sq_legacy": 0.07893845563477658,
    "D1_L2": 102.69348967287507,
    "D1_sum_sq_legacy": 105459.52821192889,
    "D_mf": 102.69352810687955,
    "Z0": 134.53562169335265,
    "Z1": 64.33111165858811,
    "Z_mf": 149.12520052508438,
    "map_mean": 4.875675953831352e-08,
    "map_std": 0.04286851687733203,
    "v0_curve": [
      0.9944979349772135,
      0.9933789571126302,
      0.9919700622558594,
      0.9903144836425781,
      0.9881579081217448,
      0.9855880737304688,
      0.9826164245605469,
      0.9790306091308594,
      0.9750213623046875,
      0.9703191121419271,
      0.9649581909179688,
      0.9588597615559896,
      0.951775868733724,
      0.943780263264974,
      0.9346199035644531,
      0.9242515563964844,
      0.9128290812174479,
      0.9000104268391927,
      0.885796864827474,
      0.8700637817382812,
      0.8528785705566406,
      0.8340899149576823,
      0.8140284220377604,
      0.7923291524251302,
      0.769507090250651,
      0.745520273844401,
      0.7202669779459635,
      0.693603515625,
      0.6650594075520834,
      0.6327158610026041,
      0.5898272196451823,
      0.5260607401529948,
      0.4378102620442708,
      0.34465281168619794,
      0.27302805582682294,
      0.22645187377929688,
      0.19536463419596353,
      0.17161687215169272,
      0.15152486165364584,
      0.13370513916015625,
      0.11761856079101562,
      0.10313161214192708,
      0.090545654296875,
      0.07896677652994792,
      0.06862894694010417,
      0.059628804524739586,
      0.05141576131184896,
      0.04422124226888021,
      0.037989298502604164,
      0.032559712727864586,
      0.027804056803385418,
      0.023625691731770832,
      0.019938151041666668,
      0.016839345296223957,
      0.014109293619791666,
      0.0118255615234375,
      0.00991058349609375,
      0.008282979329427084,
      0.006966908772786458,
      0.0057525634765625,
      0.004763285319010417
    ],
    "v1_curve": [
      19.8067746631948,
      22.603897538182313,
      27.338040238827986,
      35.08780630112594,
      42.14695306113574,
      48.76985050871808,
      57.5062322881409,
      69.39575790301541,
      80.0901605383813,
      91.13347749075571,
      108.30583093410551,
      118.43568462803765,
      143.3945961107708,
      151.56632266965315,
      178.0082433814,
      196.79221941852276,
      217.3761238052611,
      235.17235814754784,
      267.963840330614,
      285.2978414046553,
      306.32736409873235,
      330.6914009331661,
      356.321316688347,
      368.24771247664944,
      386.3732795216365,
      406.462856227541,
      412.4622911078717,
      425.6604248581671,
      445.0195947404338,
      459.7258211507241,
      488.79429462282815,
      526.6492086058776,
      558.1686542120513,
      527.8899828777488,
      469.6453904157232,
      397.04298803121844,
      371.19228029657154,
      326.79538174595774,
      307.7035682094581,
      283.5202803737344,
      264.4039673396954,
      242.20576654572815,
      216.6579502488417,
      197.4382701861732,
      173.6580505499277,
      158.27847371373062,
      146.34138739186582,
      122.05892380076854,
      110.01294521893394,
      96.5048819190502,
      84.35131643814532,
      75.48380264523098,
      65.25058761858486,
      54.47349011453076,
      48.247711524037165,
      40.1037309678749,
      34.2299219882166,
      29.72830226721139,
      23.79808641678559,
      21.196838658239113,
      17.168742790668876
    ]
  },
  "p_high": 0.0004997501249375312,
  "p_high_mf": 0.0004997501249375312,
  "p_low": 1.0,
  "p_low_mf": 1.0,
  "p_two_sided": 0.0009995002498750624,
  "p_two_sided_mf": 0.0009995002498750624,
  "provenance": {
    "dat_url": "LCDM_RECON_SIM_TARBALL:https://github.com/gradient-pulse/phi-mesh/releases/download/data-2026-02-15-planck-lensing-R3/lcdm_recon_sims__layout_sims.tar.gz",
    "mf_url": "LCDM_RECON_SIM_TARBALL:https://github.com/gradient-pulse/phi-mesh/releases/download/data-2026-02-15-planck-lensing-R3/lcdm_recon_sims__layout_sims.tar.gz"
  },
  "seed": 2402,
  "surrogate": {
    "D0_mean": 0.0016707588963617822,
    "D0_std": 0.0006479812262631693,
    "D1_mean": 9.199106558748586,
    "D1_std": 1.4533307555807662,
    "D_mf_mean": 9.199106732666271,
    "D_mf_std": 1.453330759480779,
    "v0_mean_curve": [
      0.9983386020660378,
      0.9977489700317381,
      0.9969769077301026,
      0.9959743760426836,
      0.9946797161102305,
      0.993024974187217,
      0.9909267260233556,
      0.9882923545837415,
      0.9850131034851076,
      0.9809645112355546,
      0.9760105374654137,
      0.9700080471038811,
      0.9627927875518799,
      0.9541982192993161,
      0.9440599454243974,
      0.9321983559926349,
      0.9184562346140562,
      0.9026675987243657,
      0.8847093086242679,
      0.8644743906656897,
      0.8418768749237068,
      0.8168726781209305,
      0.7894922281901046,
      0.7597867806752532,
      0.7278720404307049,
      0.6939053853352867,
      0.658117636362712,
      0.6207726052602139,
      0.5822053159077958,
      0.542762610117594,
      0.5028207054138192,
      0.4627925790150945,
      0.4230817076365145,
      0.38408316866556796,
      0.346181734085083,
      0.3097157179514563,
      0.2750037771860758,
      0.24229980977376292,
      0.21179503504435213,
      0.18364655176798517,
      0.15794158109029144,
      0.13470861752827976,
      0.11392586962382016,
      0.09553206570943194,
      0.07942583020528153,
      0.06546185429890955,
      0.05348524475097648,
      0.04330887540181483,
      0.034762341817220106,
      0.027653358459472623,
      0.021797425587972003,
      0.017031833648681646,
      0.013190185546875026,
      0.01012344360351563,
      0.007700155893961595,
      0.005806205113728842,
      0.004339972178141282,
      0.003214597066243484,
      0.002360585530598959,
      0.0017177416483561225,
      0.0012386277516682944
    ],