{
  "diagnostics": {
    "excess_kurt_x_obs": -0.06299413753310779,
    "imag_frac_nonzero_eps1e-12": 0.9846153846153847,
    "imag_max_abs": 0.020847776619120312,
    "skew_x_obs": 0.13899536314691943,
    "v1_delta_bandwidth_dnu": 0.10000000000000009,
    "v1_symmetry_corr": 0.9920118848539884,
    "verify_l2_from_curves": {
      "D0_match": true,
      "D0_recomputed": 0.01583378830317706,
      "D0_reported": 0.01583378830317706,
      "D1_match": true,
      "D1_recomputed": 18.646814934851474,
      "D1_reported": 18.646814934851474,
      "tol_abs": 1e-12,
      "tol_rel": 1e-10,
      "verify_dnu": 0.10000000000000009
    }
  },
  "hint": "This script compares observed morphology against phase-randomized surrogates that preserve |a_lm|. V0(nu) is excursion-set area fraction; V1(nu) is a perimeter proxy estimated from |\u2207x| in a nu-band. Distances D0 and D1 are L2 distances (sqrt(sum((a-b)^2)*dnu)) to surrogate-mean curves. D_mf combines them as sqrt(D0^2 + D1^2). Z_mf is the scale-free combined z-distance.",
  "kind": "planck_pr3_lensing_phi_topology_mf_v0_v1",
  "lmax": 128,
  "metric": "Minkowski-style morphology: V0(area) + V1(perimeter proxy) vs phase-random surrogates",
  "n_sims": 2000,
  "nside": 256,
  "observed": {
    "D0_L2": 0.01583378830317706,
    "D0_sum_sq_legacy": 0.002507088520298265,
    "D1_L2": 18.646814934851474,
    "D1_sum_sq_legacy": 3477.0370721459967,
    "D_mf": 18.64682165741529,
    "Z0": 1.0742053443228972,
    "Z1": 0.6645339482207944,
    "Z_mf": 1.2631399329091735,
    "map_mean": -5.948207894341332e-08,
    "map_std": 0.03243482962796565,
    "v0_curve": [
      0.9995295206705729,
      0.9992472330729166,
      0.9988187154134115,
      0.9981791178385416,
      0.9973093668619791,
      0.9960619608561198,
      0.994513193766276,
      0.9923922220865885,
      0.9896876017252604,
      0.9860267639160156,
      0.9814567565917969,
      0.9759089152018229,
      0.969031016031901,
      0.960479736328125,
      0.9502487182617188,
      0.9381675720214844,
      0.9237263997395834,
      0.9067090352376302,
      0.8874231974283854,
      0.8654581705729166,
      0.8406283060709635,
      0.8134422302246094,
      0.7840042114257812,
      0.7521527608235677,
      0.7185414632161459,
      0.6827379862467448,
      0.6451403299967448,
      0.6065902709960938,
      0.5671119689941406,
      0.5274937947591146,
      0.4881477355957031,
      0.4491017659505208,
      0.41112009684244794,
      0.3741455078125,
      0.3384195963541667,
      0.3040669759114583,
      0.27159754435221356,
      0.24098968505859375,
      0.21244049072265625,
      0.18604660034179688,
      0.16182072957356772,
      0.13964462280273438,
      0.11957168579101562,
      0.10152053833007812,
      0.08551661173502605,
      0.07147979736328125,
      0.059201558430989586,
      0.04879124959309896,
      0.039791107177734375,
      0.032123565673828125,
      0.025796254475911457,
      0.020510355631510418,
      0.016223907470703125,
      0.012758890787760416,
      0.010059356689453125,
      0.007727305094401042,
      0.005978902180989583,
      0.004606882731119792,
      0.0034548441569010415,
      0.0025647481282552085,
      0.0018781026204427083
    ],
    "v1_curve": [
      1.5797269215094243,
      2.558763705545512,
      3.534486931538884,
      5.13403084086821,
      7.475205417259874,
      10.080045346308605,
      13.468819490566114,
      17.16859554416526,
      24.426557828283705,
      29.719547604430716,
      37.12827938181146,
      45.622344646389564,
      58.625835448333106,
      69.02724563188794,
      83.03960608611234,
      97.06022367719989,
      116.8728957809134,
      132.1238950454808,
      153.21270598255396,
      170.26770630721154,
      192.1440703691685,
      210.12610930180523,
      229.38365178204265,
      246.80268479937584,
      262.3354131796637,
      277.9699420921427,
      289.08197713576067,
      303.2610208195667,
      308.26401467588005,
      315.79587635411104,
      313.0737853324273,
      315.9871363070822,
      309.75075810266804,
      312.21550137661035,
      300.9326264125184,
      287.7805360410839,
      282.73489999099064,
      276.59787956142884,
      261.85410509549314,
      239.01802177976813,
      226.67000605270104,
      209.1140424790846,
      205.32449426870178,
      173.62488916407165,
      154.1353502548625,
      141.68142874062082,
      125.08447950065691,
      104.68850735682288,
      89.66244484283921,
      79.86301414430902,
      69.65924481209122,
      53.11341900806838,
      44.24824681067134,
      33.81404444470084,
      30.474603121051448,
      23.825284042818843,
      18.36072788478542,
      16.058252346516646,
      14.321576456081866,
      11.285364046524363,
      7.08018866232732
    ]
  },
  "p_high": 0.15292353823088456,
  "p_high_mf": 0.21839080459770116,
  "p_low": 0.847576211894053,
  "p_low_mf": 0.7821089455272364,
  "p_two_sided": 0.3058470764617691,
  "p_two_sided_mf": 0.4367816091954023,
  "provenance": {
    "dat_url": "GAUSSIAN_CONTROL_FROM: https://github.com/gradient-pulse/phi-mesh/releases/download/data-2026-02-15-planck-lensing-R3/planck_pr3_lensing_mv_dat_klm.fits",
    "mf_url": "GAUSSIAN_CONTROL_MF_ZERO_FROM: https://github.com/gradient-pulse/phi-mesh/releases/download/data-2026-02-15-planck-lensing-R3/planck_pr3_lensing_mv_mf_klm.fits"
  },
  "seed": 731,
  "surrogate": {
    "D0_mean": 0.009905982856624578,
    "D0_std": 0.005518316844987353,
    "D1_mean": 14.560427327246366,
    "D1_std": 6.149253350481031,
    "D_mf_mean": 14.560430896000307,
    "D_mf_std": 6.149255354971197,
    "v0_mean_curve": [
      0.998794617335003,
      0.998293076833088,
      0.9976118119557684,
      0.9966987756093347,
      0.9954898236592613,
      0.9939087429046612,
      0.9918632456461584,
      0.9892505416870119,
      0.9859527664184573,
      0.9818369121551513,
      0.9767617918650315,
      0.9705685469309495,
      0.9631029733022047,
      0.9541978403727216,
      0.9436809056599936,
      0.9314028091430663,
      0.917211469014485,
      0.9009631023406984,
      0.8825460821787519,
      0.8618817812601718,
      0.8389186668396014,
      0.8136504128774009,
      0.7861123898824042,
      0.7563829930623363,
      0.7245801029205313,
      0.6908879795074474,
      0.655511664708455,
      0.6187221012115495,
      0.5807922083536797,
      0.5420616938273116,
      0.5028815129597979,
      0.46361416625976554,
      0.4246167481740319,
      0.3862612419128416,
      0.3488863042195626,
      0.31282546615600565,
      0.2783555374145502,
      0.24573373730977388,
      0.21515980211893684,
      0.18679663403828947,
      0.1607746035257977,
      0.13713800875345858,
      0.11590351867675792,
      0.09703310839335112,
      0.08044970766703265,
      0.06603635597228996,
      0.053653490066528434,
      0.04314203898111981,
      0.03431650670369474,
      0.0269960015614827,
      0.0210005016326904,
      0.01614948781331381,
      0.012273391087849951,
      0.009216447194417325,
      0.006836581548055018,
      0.005007888793945314,
      0.003622567494710288,
      0.002587633768717449,
      0.0018219153086344421,
      0.0012648194630940747,
      0.0008677514394124354
    ],