{
  "diagnostics": {
    "excess_kurt_x_obs": 0.018378098445355207,
    "imag_frac_nonzero_eps1e-12": 0.9922480620155039,
    "imag_max_abs": 0.024244114109967532,
    "skew_x_obs": 0.03205553091520316,
    "v1_delta_bandwidth_dnu": 0.10000000000000009,
    "v1_symmetry_corr": 0.9983873992833983,
    "verify_l2_from_curves": {
      "D0_match": true,
      "D0_recomputed": 0.0019481863911000536,
      "D0_reported": 0.0019481863911000536,
      "D1_match": true,
      "D1_recomputed": 23.88239789728242,
      "D1_reported": 23.88239789728242,
      "tol_abs": 1e-12,
      "tol_rel": 1e-10,
      "verify_dnu": 0.10000000000000009
    }
  },
  "hint": "This script compares observed morphology against phase-randomized surrogates that preserve |a_lm|. V0(nu) is excursion-set area fraction; V1(nu) is a perimeter proxy estimated from |\u2207x| in a nu-band. Distances D0 and D1 are L2 distances (sqrt(sum((a-b)^2)*dnu)) to surrogate-mean curves. D_mf combines them as sqrt(D0^2 + D1^2). Z_mf is the scale-free combined z-distance.",
  "kind": "planck_pr3_lensing_phi_topology_mf_v0_v1",
  "lmax": 256,
  "metric": "Minkowski-style morphology: V0(area) + V1(perimeter proxy) vs phase-random surrogates",
  "n_sims": 2000,
  "nside": 256,
  "observed": {
    "D0_L2": 0.0019481863911000536,
    "D0_sum_sq_legacy": 3.7954302144674477e-05,
    "D1_L2": 23.88239789728242,
    "D1_sum_sq_legacy": 5703.689293241192,
    "D_mf": 23.88239797674325,
    "Z0": 0.06543489308925804,
    "Z1": 1.5245119276551824,
    "Z_mf": 1.5259155752519609,
    "map_mean": -1.9858979246502085e-08,
    "map_std": 0.047859103420615424,
    "v0_curve": [
      0.9988377888997396,
      0.9983482360839844,
      0.9976921081542969,
      0.9968058268229166,
      0.9956525166829427,
      0.9941228230794271,
      0.9921925862630209,
      0.9897168477376302,
      0.9865633646647135,
      0.982580820719401,
      0.9777704874674479,
      0.9719225565592448,
      0.9648920694986979,
      0.9562568664550781,
      0.9462852478027344,
      0.934289296468099,
      0.920477549235026,
      0.9043540954589844,
      0.8859965006510416,
      0.8653895060221354,
      0.8421401977539062,
      0.8163782755533854,
      0.7883199055989584,
      0.7578277587890625,
      0.7247111002604166,
      0.6902860005696615,
      0.654076894124349,
      0.6165301005045573,
      0.5773200988769531,
      0.5371182759602865,
      0.4973704020182292,
      0.4575144449869792,
      0.418365478515625,
      0.3793652852376302,
      0.34214019775390625,
      0.30633799235026044,
      0.27255503336588544,
      0.2407251993815104,
      0.21112442016601562,
      0.18341064453125,
      0.1582183837890625,
      0.13560994466145834,
      0.11569849650065105,
      0.09757359822591145,
      0.08161036173502605,
      0.06793594360351562,
      0.05597813924153646,
      0.045806884765625,
      0.037083943684895836,
      0.029740651448567707,
      0.023797353108723957,
      0.018778483072916668,
      0.0146636962890625,
      0.01126861572265625,
      0.008687337239583334,
      0.0066375732421875,
      0.00507354736328125,
      0.0037968953450520835,
      0.0028928120930989585,
      0.0021921793619791665,
      0.001583099365234375
    ],
    "v1_curve": [
      9.216631136514998,
      13.305495986737311,
      16.743316745648784,
      22.8618627335602,
      29.31529082467968,
      37.46866495812333,
      51.123549853011276,
      63.08686980254305,
      77.96072612601905,
      100.29349821114445,
      122.08764417619416,
      145.86790417415236,
      180.65605473994387,
      216.42324185191137,
      258.0448248818997,
      295.1053437122793,
      342.3267494545596,
      389.7876994844824,
      449.745111857534,
      501.3101716261418,
      567.341102299072,
      623.9921019711879,
      671.2100171305195,
      735.110298527898,
      784.179885432927,
      811.9787760643404,
      872.1655850608051,
      898.5055239844223,
      942.8836602957492,
      942.6775952419636,
      947.5886583434159,
      945.6862320638015,
      946.8229679115889,
      938.2983073940039,
      879.1440488203668,
      859.7848729958595,
      809.8084230058374,
      762.0032057611432,
      722.1732659536555,
      676.0559136829818,
      616.8780083536388,
      544.2860735050701,
      487.2259362894025,
      451.019972620079,
      417.0452102668665,
      353.81374562737807,
      303.8917073307976,
      260.8073133152201,
      225.59311816101962,
      191.27479357568302,
      156.2115187488768,
      131.04927669187447,
      112.26647211104452,
      92.28548080487403,
      76.03744401411672,
      55.86179011225938,
      46.42094738637354,
      35.11328112180047,
      28.035796487139503,
      20.48398042338432,
      17.806895130461545
    ]
  },
  "p_high": 0.38780609695152424,
  "p_high_mf": 0.0814592703648176,
  "p_low": 0.6126936531734133,
  "p_low_mf": 0.9190404797601199,
  "p_two_sided": 0.7756121939030485,
  "p_two_sided_mf": 0.1629185407296352,
  "provenance": {
    "dat_url": "GAUSSIAN_CONTROL_FROM: https://github.com/gradient-pulse/phi-mesh/releases/download/data-2026-02-15-planck-lensing-R3/planck_pr3_lensing_mv_dat_klm.fits",
    "mf_url": "GAUSSIAN_CONTROL_MF_ZERO_FROM: https://github.com/gradient-pulse/phi-mesh/releases/download/data-2026-02-15-planck-lensing-R3/planck_pr3_lensing_mv_mf_klm.fits"
  },
  "seed": 731,
  "surrogate": {
    "D0_mean": 0.0018807682153855671,
    "D0_std": 0.001030309251403881,
    "D1_mean": 18.237353993427153,
    "D1_std": 3.702853222367229,
    "D_mf_mean": 18.237354109017325,
    "D_mf_std": 3.702853273998889,
    "v0_mean_curve": [
      0.9987318846384698,
      0.9982360699971518,
      0.9975700880686442,
      0.9966842390696218,
      0.9955190461476648,
      0.9940050512949626,
      0.992050191243488,
      0.9895569661458319,
      0.9864116840362553,
      0.9824829667409261,
      0.9776278069814024,
      0.9716838283538837,
      0.9644797058105455,
      0.9558449713389081,
      0.9455986022949219,
      0.9335622647603351,
      0.9195691509246832,
      0.9034589424133309,
      0.8851165777842205,
      0.8644200325012225,
      0.8413203506469733,
      0.8157926896413169,
      0.7878723500569662,
      0.7576355578104645,
      0.7252230733235652,
      0.6908257211049394,
      0.6546816221872955,
      0.617083547592163,
      0.5783742574055987,
      0.5389156055450435,
      0.49909065373738637,
      0.45928448104858366,
      0.41989553896586235,
      0.38131606674194346,
      0.34389587020874085,
      0.30797248077392597,
      0.2738049036661789,
      0.2416354484558107,
      0.21166223843892423,
      0.18399605051676446,
      0.1587037035624186,
      0.13581718317667646,
      0.11530879847208675,
      0.09710025914510112,
      0.08110619862874356,
      0.06719210942586257,
      0.05520487912495929,
      0.044974826812744166,
      0.036328739802042695,
      0.029099706013997428,
      0.023110645294189453,
      0.018195315043131512,
      0.014199249903361006,
      0.010984321594238284,
      0.008426273981730154,
      0.006403872807820637,
      0.0048248291015625,
      0.003602778752644857,
      0.002665847142537437,
      0.001954826354980468,
      0.0014203999837239622
    ],