{
  "diagnostics": {
    "imag_frac_nonzero_eps1e-12": 0.9922480620155039,
    "imag_max_abs": 0.0050463026842661445,
    "v1_delta_bandwidth_dnu": 0.10000000000000009,
    "verify_l2_from_curves": {
      "D0_match": true,
      "D0_recomputed": 0.001400331684752949,
      "D0_reported": 0.001400331684752949,
      "D1_match": true,
      "D1_recomputed": 15.902350364715872,
      "D1_reported": 15.902350364715872,
      "tol_abs": 1e-12,
      "tol_rel": 1e-10,
      "verify_dnu": 0.10000000000000009
    }
  },
  "hint": "This script compares observed morphology against phase-randomized surrogates that preserve |a_lm|. V0(nu) is excursion-set area fraction; V1(nu) is a perimeter proxy estimated from |\u2207x| in a nu-band. Distances D0 and D1 are L2 distances (sqrt(sum((a-b)^2)*dnu)) to surrogate-mean curves. D_mf combines them as sqrt(D0^2 + D1^2). Z_mf is the scale-free combined z-distance.",
  "kind": "planck_pr3_lensing_phi_topology_mf_v0_v1",
  "lmax": 256,
  "metric": "Minkowski-style morphology: V0(area) + V1(perimeter proxy) vs phase-random surrogates",
  "n_sims": 2000,
  "nside": 256,
  "observed": {
    "D0_L2": 0.001400331684752949,
    "D0_sum_sq_legacy": 1.960928827323031e-05,
    "D1_L2": 15.902350364715872,
    "D1_sum_sq_legacy": 2528.847471221788,
    "D_mf": 15.902350426371187,
    "Z0": 0.2736123008447754,
    "Z1": 0.20075741170139982,
    "Z_mf": 0.33936297606930727,
    "map_mean": 3.57312089100531e-08,
    "map_std": 0.049859620863670254,
    "v0_curve": [
      0.9990348815917969,
      0.998650868733724,
      0.9981066385904948,
      0.997399648030599,
      0.9963480631510416,
      0.9949633280436198,
      0.9931933085123698,
      0.9908002217610677,
      0.987817128499349,
      0.9841664632161459,
      0.9792798360188802,
      0.9733632405598959,
      0.9659767150878906,
      0.9569905598958334,
      0.9461441040039062,
      0.9335505167643229,
      0.9189351399739584,
      0.9022674560546875,
      0.8832855224609375,
      0.8618748982747396,
      0.8383051554361979,
      0.8121655782063802,
      0.783667246500651,
      0.752997080485026,
      0.720818837483724,
      0.686852773030599,
      0.6509005228678385,
      0.6141255696614584,
      0.5763320922851562,
      0.5375213623046875,
      0.4988199869791667,
      0.46015675862630206,
      0.421630859375,
      0.38362757364908856,
      0.3466339111328125,
      0.3106791178385417,
      0.2766265869140625,
      0.24430720011393228,
      0.21406173706054688,
      0.1864344278971354,
      0.16072718302408853,
      0.13738123575846353,
      0.11667505900065105,
      0.09807205200195312,
      0.08179473876953125,
      0.0677477518717448,
      0.05549494425455729,
      0.045216878255208336,
      0.03632227579752604,
      0.028929392496744793,
      0.022927602132161457,
      0.017904917399088543,
      0.013884226481119791,
      0.010639190673828125,
      0.008082071940104166,
      0.006078084309895833,
      0.004444122314453125,
      0.0032895406087239585,
      0.0023600260416666665,
      0.0016733805338541667,
      0.0012194315592447917
    ],
    "v1_curve": [
      6.4269141437141695,
      8.287971619629085,
      11.317756380491238,
      15.901109107532525,
      21.00882877903594,
      27.117198688326216,
      36.257157068258714,
      48.30019033931349,
      60.26352996636196,
      78.05856045629314,
      99.84535368388022,
      123.9965560630421,
      154.92369160210822,
      182.07080913335386,
      228.3768636536703,
      259.8128834016313,
      299.27933475130413,
      346.31211913136855,
      398.6527688250914,
      453.9118562533069,
      506.16214529307575,
      583.9492408705902,
      632.1955974392912,
      667.3188252720422,
      738.634991148898,
      779.4304104952218,
      795.636857329233,
      847.2470620309296,
      893.8770961633044,
      909.9390836290319,
      912.9529399351767,
      921.0748593187301,
      937.0859670798358,
      901.780217399897,
      886.9638555103437,
      877.0487009020092,
      828.4131461525168,
      785.8014011372438,
      735.6564974290727,
      685.3268260547414,
      635.9504853644448,
      569.1549609193492,
      524.3517789573353,
      468.157472973524,
      417.1656610343598,
      357.53862278720015,
      312.844435033511,
      279.7447790555164,
      231.71471951904178,
      195.43312654356055,
      164.11604769567276,
      134.05732144743155,
      103.2876922272701,
      92.25230991868891,
      66.64877342035467,
      54.45386711612793,
      39.8219879682914,
      31.910621269349274,
      27.39922759543655,
      19.9453719668901,
      11.769975816152195
    ]
  },
  "p_high": 0.3268365817091454,
  "p_high_mf": 0.3938030984507746,
  "p_low": 0.6736631684157921,
  "p_low_mf": 0.6066966516741629,
  "p_two_sided": 0.6536731634182908,
  "p_two_sided_mf": 0.7876061969015492,
  "provenance": {
    "dat_url": "https://github.com/gradient-pulse/phi-mesh/releases/download/data-2026-02-15-planck-lensing-R3/planck_pr3_lensing_mv_dat_klm.fits",
    "mf_url": "https://github.com/gradient-pulse/phi-mesh/releases/download/data-2026-02-15-planck-lensing-R3/planck_pr3_lensing_mv_mf_klm.fits",
    "selftest_observed_surrogate_seed": 123
  },
  "seed": 731,
  "surrogate": {
    "D0_mean": 0.0012467536925318814,
    "D0_std": 0.000561297835466085,
    "D1_mean": 15.462245091363764,
    "D1_std": 2.19222428513228,
    "D_mf_mean": 15.462245151312246,
    "D_mf_std": 2.192224288650166,
    "v0_mean_curve": [
      0.9991791165669769,
      0.9987966798146579,
      0.9982612139383955,
      0.9975198249816896,
      0.9965073687235502,
      0.9951456699371333,
      0.993340819040934,
      0.9909800542195634,
      0.9879361209869395,
      0.9840617631276446,
      0.9791974411010739,
      0.9731701482137037,
      0.9658006356557219,
      0.9569030291239436,
      0.9463043772379556,
      0.9338168398539217,
      0.9192909749348966,
      0.9025944417317718,
      0.8836202017466231,
      0.8623003953297941,
      0.8386112461090072,
      0.8125698013305653,
      0.7842426548004148,
      0.7537371654510492,
      0.7212119089762359,
      0.6868686447143546,
      0.650951749165851,
      0.6137626813252773,
      0.5755815238952635,
      0.5367571938832604,
      0.49762259356180805,
      0.4585418440500903,
      0.41987407938639326,
      0.38195025380452524,
      0.3451248455047613,
      0.30967757288614917,
      0.27586556371053045,
      0.24393295987447106,
      0.21404799842834468,
      0.18636553510030096,
      0.1609693508148195,
      0.13790036455790178,
      0.11715503374735539,
      0.09867690213521331,
      0.08239507102966306,
      0.06819939359029135,
      0.05594640795389812,
      0.04547439575195307,
      0.03662817700703935,
      0.02923369026184082,
      0.02311154683430992,
      0.018098827362060553,
      0.014035895029703784,
      0.010782456715901669,
      0.00820287831624349,
      0.006179485321044922,
      0.00461080423990885,
      0.0034067846934000665,
      0.002492015838623042,
      0.0018053455352783178,
      0.0012946446736653648
    ],