{
  "diagnostics": {
    "excess_kurt_x_obs": -0.01624453220471489,
    "imag_frac_nonzero_eps1e-12": 0.9922480620155039,
    "imag_max_abs": 0.02400630894328051,
    "skew_x_obs": 0.01242723409190046,
    "v1_delta_bandwidth_dnu": 0.10000000000000009,
    "v1_symmetry_corr": 0.9964291579872959,
    "verify_l2_from_curves": {
      "D0_match": true,
      "D0_recomputed": 0.0006579194214537432,
      "D0_reported": 0.0006579194214537432,
      "D1_match": true,
      "D1_recomputed": 16.189914137258004,
      "D1_reported": 16.189914137258004,
      "tol_abs": 1e-12,
      "tol_rel": 1e-10,
      "verify_dnu": 0.10000000000000009
    }
  },
  "hint": "This script compares observed morphology against phase-randomized surrogates that preserve |a_lm|. V0(nu) is excursion-set area fraction; V1(nu) is a perimeter proxy estimated from |\u2207x| in a nu-band. Distances D0 and D1 are L2 distances (sqrt(sum((a-b)^2)*dnu)) to surrogate-mean curves. D_mf combines them as sqrt(D0^2 + D1^2). Z_mf is the scale-free combined z-distance.",
  "kind": "planck_pr3_lensing_phi_topology_mf_v0_v1",
  "lmax": 256,
  "metric": "Minkowski-style morphology: V0(area) + V1(perimeter proxy) vs phase-random surrogates",
  "n_sims": 2000,
  "nside": 256,
  "observed": {
    "D0_L2": 0.0006579194214537432,
    "D0_sum_sq_legacy": 4.3285796512602775e-06,
    "D1_L2": 16.189914137258004,
    "D1_sum_sq_legacy": 2621.133197717864,
    "D_mf": 16.18991415062614,
    "Z0": -1.293929841426726,
    "Z1": -0.6059656555132577,
    "Z_mf": 1.4287927807055172,
    "map_mean": 1.801750779736183e-08,
    "map_std": 0.04809322575108526,
    "v0_curve": [
      0.9987297058105469,
      0.9982592264811198,
      0.9976030985514323,
      0.9967206319173177,
      0.9955978393554688,
      0.9940745035807291,
      0.9921875,
      0.989721934000651,
      0.9865595499674479,
      0.9824841817220052,
      0.977624257405599,
      0.9715868631998698,
      0.9643440246582031,
      0.9556058247884115,
      0.9452260335286459,
      0.9333508809407552,
      0.9194170633951823,
      0.9032516479492188,
      0.8851114908854166,
      0.8643023173014323,
      0.8413619995117188,
      0.8158493041992188,
      0.7877782185872396,
      0.7576560974121094,
      0.7253468831380209,
      0.6908988952636719,
      0.6543871561686198,
      0.616400400797526,
      0.5780359903971354,
      0.5387687683105469,
      0.49892425537109375,
      0.45917002360026044,
      0.4197133382161458,
      0.3812548319498698,
      0.34389495849609375,
      0.30798975626627606,
      0.2738304138183594,
      0.24205780029296875,
      0.21217981974283853,
      0.18481063842773438,
      0.1591008504231771,
      0.13642374674479166,
      0.11596043904622395,
      0.09757232666015625,
      0.08141581217447917,
      0.06734466552734375,
      0.05519739786783854,
      0.04482269287109375,
      0.03595860799153646,
      0.028898874918619793,
      0.022921244303385418,
      0.0180511474609375,
      0.0141448974609375,
      0.011002858479817709,
      0.0082855224609375,
      0.006205240885416667,
      0.004650115966796875,
      0.00344085693359375,
      0.0025304158528645835,
      0.00189208984375,
      0.0013949076334635417
    ],
    "v1_curve": [
      8.151132634477811,
      10.652144277880655,
      14.735028520597087,
      20.175070727824945,
      25.78278035128429,
      32.465110107083056,
      42.584559169192154,
      54.660713112382155,
      71.76771892308717,
      91.69206001080666,
      109.40475369964372,
      135.80621493038845,
      168.55967073499033,
      201.34152704761362,
      229.36773468465367,
      268.14333935522734,
      325.86595470287233,
      380.13173738510625,
      410.92554132263086,
      487.76525029391826,
      524.6433593701872,
      597.1582461019452,
      657.87657087752,
      711.2296282386413,
      767.0122743877175,
      820.9278936543781,
      859.7175112115157,
      882.641014184518,
      910.3087998101475,
      942.617352740912,
      964.9135447083951,
      949.721788034779,
      946.9837417102791,
      933.821674066939,
      933.6801872851573,
      875.7255492321021,
      843.0907336085684,
      791.7845471122558,
      745.4747054915193,
      694.7119012503669,
      629.600369875293,
      559.7175008807134,
      526.0591676332199,
      464.051848659627,
      399.7980610516047,
      354.53878859824795,
      307.8745304355627,
      261.66474605197163,
      222.22778164689566,
      189.82802673286807,
      151.63724083786207,
      123.94931930117613,
      102.79952785056582,
      84.21809358406293,
      73.2635165862165,
      51.76936029223764,
      42.060003631593034,
      31.179160045715726,
      22.814339952162,
      18.438383971167827,
      11.88642440701703
    ]
  },
  "p_high": 0.9685157421289355,
  "p_high_mf": 0.6891554222888556,
  "p_low": 0.031984007996002,
  "p_low_mf": 0.31134432783608196,
  "p_two_sided": 0.063968015992004,
  "p_two_sided_mf": 0.6226886556721639,
  "provenance": {
    "dat_url": "GAUSSIAN_CONTROL_FROM: https://github.com/gradient-pulse/phi-mesh/releases/download/data-2026-02-15-planck-lensing-R3/planck_pr3_lensing_mv_dat_klm.fits",
    "mf_url": "GAUSSIAN_CONTROL_MF_ZERO_FROM: https://github.com/gradient-pulse/phi-mesh/releases/download/data-2026-02-15-planck-lensing-R3/planck_pr3_lensing_mv_mf_klm.fits"
  },
  "seed": 731,
  "surrogate": {
    "D0_mean": 0.002537241572057483,
    "D0_std": 0.001452414258049372,
    "D1_mean": 18.800319275901856,
    "D1_std": 4.307843381705879,
    "D_mf_mean": 18.80031947396663,
    "D_mf_std": 4.307843509291143,
    "v0_mean_curve": [
      0.9987223250071197,
      0.9982242399851492,
      0.9975536899566646,
      0.9966653836568183,
      0.9954946924845371,
      0.9939712886810298,
      0.9920105724334732,
      0.9895079193115233,
      0.9863503309885668,
      0.9824083671569821,
      0.9775368289947521,
      0.9715813223520897,
      0.9643682721455905,
      0.9557202294667569,
      0.9454644680023191,
      0.9334217891693108,
      0.919420696894326,
      0.9033137995402013,
      0.8849692420959476,
      0.8642861429850273,
      0.8411983197530114,
      0.8156960678100574,
      0.7878005917867026,
      0.7576017665863046,
      0.725230219523111,
      0.6908719673156741,
      0.6547831560770685,
      0.61724268913269,
      0.57857395807902,
      0.53915159034729,
      0.49935346857706675,
      0.45957565116882354,
      0.42021120707194165,
      0.38164155769348185,
      0.34423263931274395,
      0.30829054959615065,
      0.27411793518066435,
      0.24192484919230173,
      0.21190518633524585,
      0.18419160842895513,
      0.15885672505696627,
      0.13591509246826164,
      0.11535666147867825,
      0.09710813522338861,
      0.08107498931884749,
      0.06712978744506844,
      0.05510828145345061,
      0.04485722732543957,
      0.03619859759012859,
      0.02895969263712563,
      0.022961507161458356,
      0.01804603767395021,
      0.014056582132975268,
      0.010850687026977553,
      0.008299879074096671,
      0.006290198008219397,
      0.004724148432413749,
      0.003514544169108077,
      0.002589618682861328,
      0.0018907318115234388,
      0.0013668498992919923
    ],