{
  "diagnostics": {
    "excess_kurt_x_obs": -0.07697704946351402,
    "imag_frac_nonzero_eps1e-12": 0.9846153846153847,
    "imag_max_abs": 0.011264504282140625,
    "skew_x_obs": 0.06883973739245415,
    "v1_delta_bandwidth_dnu": 0.10000000000000009,
    "v1_symmetry_corr": 0.9800089248205472,
    "verify_l2_from_curves": {
      "D0_match": true,
      "D0_recomputed": 0.0020532906862214054,
      "D0_reported": 0.0020532906862214054,
      "D1_match": true,
      "D1_recomputed": 6.941093236254498,
      "D1_reported": 6.941093236254498,
      "tol_abs": 1e-12,
      "tol_rel": 1e-10,
      "verify_dnu": 0.10000000000000009
    }
  },
  "hint": "This script compares observed morphology against phase-randomized surrogates that preserve |a_lm|. V0(nu) is excursion-set area fraction; V1(nu) is a perimeter proxy estimated from |\u2207x| in a nu-band. Distances D0 and D1 are L2 distances (sqrt(sum((a-b)^2)*dnu)) to surrogate-mean curves. D_mf combines them as sqrt(D0^2 + D1^2). Z_mf is the scale-free combined z-distance.",
  "kind": "planck_pr3_lensing_phi_topology_mf_v0_v1",
  "lmax": 128,
  "metric": "Minkowski-style morphology: V0(area) + V1(perimeter proxy) vs phase-random surrogates",
  "n_sims": 2000,
  "nside": 256,
  "observed": {
    "D0_L2": 0.0020532906862214054,
    "D0_sum_sq_legacy": 4.2160026421235665e-05,
    "D1_L2": 6.941093236254498,
    "D1_sum_sq_legacy": 481.787753143779,
    "D_mf": 6.941093539953239,
    "Z0": -1.3788479514863519,
    "Z1": -1.2764943757984648,
    "Z_mf": 1.879004940058227,
    "map_mean": 9.90159059489441e-10,
    "map_std": 0.03203184579450121,
    "v0_curve": [
      0.9991442362467448,
      0.9987780253092448,
      0.9982325236002604,
      0.997467041015625,
      0.9964548746744791,
      0.9949633280436198,
      0.9931920369466146,
      0.9908612569173177,
      0.9879430135091146,
      0.9842554728190104,
      0.979681650797526,
      0.9740397135416666,
      0.9670740763346354,
      0.9584172566731771,
      0.9481849670410156,
      0.9362297058105469,
      0.9218571980794271,
      0.9052759806315104,
      0.8863957722981771,
      0.8646901448567709,
      0.8401451110839844,
      0.8133748372395834,
      0.784704844156901,
      0.75341796875,
      0.7200304667154948,
      0.684478759765625,
      0.6483128865559896,
      0.6106783548990885,
      0.5722249348958334,
      0.5332603454589844,
      0.49350738525390625,
      0.45423634847005206,
      0.41617075602213544,
      0.3790245056152344,
      0.34296544392903644,
      0.30820973714192706,
      0.27487436930338544,
      0.24280548095703125,
      0.21321868896484375,
      0.18620427449544272,
      0.1613133748372396,
      0.13867060343424478,
      0.11820602416992188,
      0.09969202677408855,
      0.0835100809733073,
      0.0692914326985677,
      0.057216644287109375,
      0.046718597412109375,
      0.03767267862955729,
      0.030101776123046875,
      0.023939768473307293,
      0.018805185953776043,
      0.014804840087890625,
      0.0115814208984375,
      0.009113311767578125,
      0.00695037841796875,
      0.005260467529296875,
      0.003920237223307292,
      0.00286102294921875,
      0.00208282470703125,
      0.001495361328125
    ],
    "v1_curve": [
      5.364830814719744,
      6.212409490610754,
      9.732078979836515,
      10.879420925275582,
      17.003445651048533,
      23.610852704273025,
      28.351530744148985,
      37.71308925880316,
      45.253970738070436,
      56.28449615098211,
      69.29051657175064,
      84.79914778296994,
      98.64614696614738,
      114.5605994855481,
      135.86680934645688,
      153.4982126252836,
      172.61335216243864,
      194.00991898222432,
      208.63253243739481,
      235.24255595779218,
      257.1176379551789,
      270.8645884176901,
      290.9067498447848,
      303.0606112462772,
      317.93550937133455,
      322.5577463943466,
      335.9519057013134,
      329.28509642215386,
      330.57789093969063,
      326.84229560932494,
      314.66169797260756,
      304.59627684378455,
      287.9017638181144,
      277.7350603054329,
      265.81076749822665,
      251.96984312127933,
      234.19963328632446,
      215.48786509930653,
      201.06259969952362,
      181.23289934649574,
      164.64070866099033,
      146.9230279684465,
      132.27448511463086,
      116.23878763225382,
      101.20367631492661,
      86.94567442502284,
      76.78278897806914,
      66.26331249946858,
      55.11500240195952,
      45.92684603358307,
      38.08180484808617,
      31.109528332703704,
      24.411812510673396,
      20.48614483267199,
      16.567167704384566,
      12.856380649933191,
      10.298543027986476,
      8.143277486345697,
      5.991434908128117,
      4.73502265574299,
      3.4727118062323865
    ]
  },
  "p_high": 0.9710144927536232,
  "p_high_mf": 0.9340329835082459,
  "p_low": 0.02948525737131434,
  "p_low_mf": 0.06646676661669165,
  "p_two_sided": 0.05897051474262868,
  "p_two_sided_mf": 0.1329335332333833,
  "provenance": {
    "dat_url": "GAUSSIAN_CONTROL_FROM: https://github.com/gradient-pulse/phi-mesh/releases/download/data-2026-02-15-planck-lensing-R3/planck_pr3_lensing_mv_dat_klm.fits",
    "mf_url": "GAUSSIAN_CONTROL_MF_ZERO_FROM: https://github.com/gradient-pulse/phi-mesh/releases/download/data-2026-02-15-planck-lensing-R3/planck_pr3_lensing_mv_mf_klm.fits"
  },
  "seed": 731,
  "surrogate": {
    "D0_mean": 0.006988774647221525,
    "D0_std": 0.0035794258211573173,
    "D1_mean": 13.01021835047557,
    "D1_std": 4.754525542209891,
    "D_mf_mean": 13.010220368071062,
    "D_mf_std": 4.754526504946408,
    "v0_mean_curve": [
      0.9991157830556211,
      0.9987167809804276,
      0.998161799748739,
      0.9974017092386864,
      0.9963742230733236,
      0.9950056044260667,
      0.9932045523325587,
      0.990865020751954,
      0.9878618227640805,
      0.9840522658030193,
      0.9792840474446606,
      0.9733829638163237,
      0.9661720727284758,
      0.9574578278859467,
      0.9470569241841642,
      0.9347808163960786,
      0.9204553076426181,
      0.9039291617075602,
      0.8850782070159908,
      0.8638194522857657,
      0.8400960820515955,
      0.813920946756999,
      0.7853547776540127,
      0.7544981104532876,
      0.7215309034983316,
      0.6866827507019059,
      0.6502252508799242,
      0.6124714298248299,
      0.5737818648020417,
      0.5345244541168216,
      0.4950772984822594,
      0.4558287315368653,
      0.4171384658813476,
      0.37933829561869353,
      0.3427617251078291,
      0.3076823031107586,
      0.27433712259928345,
      0.2429190572102861,
      0.21356718254089369,
      0.18638437652587891,
      0.16143861452738487,
      0.13873552195231123,
      0.11826974487304677,
      0.09998358217875149,
      0.08379769579569518,
      0.0696039498647054,
      0.05728744951883953,
      0.046697333653768006,
      0.037688848495483464,
      0.030111445109049496,
      0.02380664126078287,
      0.018618148803710904,
      0.014395816167195648,
      0.011001865386962876,
      0.008304873148600268,
      0.006193580627441408,
      0.004562229792277007,
      0.003317897796630861,
      0.00238099225362142,
      0.0016856670379638687,
      0.001175794601440431
    ],