{
  "diagnostics": {
    "excess_kurt_x_obs": 0.014244348705035659,
    "imag_frac_nonzero_eps1e-12": 0.9896907216494846,
    "imag_max_abs": 0.013672077625027309,
    "skew_x_obs": -0.10331766123302755,
    "v1_delta_bandwidth_dnu": 0.10000000000000009,
    "v1_symmetry_corr": 0.9950892185838276,
    "verify_l2_from_curves": {
      "D0_match": true,
      "D0_recomputed": 0.007436720331415334,
      "D0_reported": 0.007436720331415334,
      "D1_match": true,
      "D1_recomputed": 22.550568664345946,
      "D1_reported": 22.550568664345946,
      "tol_abs": 1e-12,
      "tol_rel": 1e-10,
      "verify_dnu": 0.10000000000000009
    }
  },
  "hint": "This script compares observed morphology against phase-randomized surrogates that preserve |a_lm|. V0(nu) is excursion-set area fraction; V1(nu) is a perimeter proxy estimated from |\u2207x| in a nu-band. Distances D0 and D1 are L2 distances (sqrt(sum((a-b)^2)*dnu)) to surrogate-mean curves. D_mf combines them as sqrt(D0^2 + D1^2). Z_mf is the scale-free combined z-distance.",
  "kind": "planck_pr3_lensing_phi_topology_mf_v0_v1",
  "lmax": 192,
  "metric": "Minkowski-style morphology: V0(area) + V1(perimeter proxy) vs phase-random surrogates",
  "n_sims": 2000,
  "nside": 256,
  "observed": {
    "D0_L2": 0.007436720331415334,
    "D0_sum_sq_legacy": 0.0005530480928768616,
    "D1_L2": 22.550568664345946,
    "D1_sum_sq_legacy": 5085.281470853808,
    "D_mf": 22.550569890585706,
    "Z0": 1.091090585203396,
    "Z1": 1.471914882092074,
    "Z_mf": 1.8322150761424307,
    "map_mean": -1.2449637528787888e-08,
    "map_std": 0.038274118694406216,
    "v0_curve": [
      0.9980303446451823,
      0.9973487854003906,
      0.9964485168457031,
      0.9953600565592448,
      0.9939142862955729,
      0.9921544392903646,
      0.9898452758789062,
      0.987091064453125,
      0.9836832682291666,
      0.9795392354329427,
      0.9744148254394531,
      0.9681625366210938,
      0.96075439453125,
      0.952093760172526,
      0.9420903523763021,
      0.9300549825032552,
      0.916601816813151,
      0.9011739095052084,
      0.8835703531901041,
      0.8635737101236979,
      0.8414929707845052,
      0.8174921671549479,
      0.7908439636230469,
      0.7616284688313802,
      0.7304814656575521,
      0.6967900594075521,
      0.6611887613932291,
      0.6244392395019531,
      0.585845947265625,
      0.5462354024251302,
      0.5064684549967448,
      0.46638743082682294,
      0.4268989562988281,
      0.387725830078125,
      0.34922154744466144,
      0.3126360575358073,
      0.27751795450846356,
      0.24420547485351562,
      0.21347935994466147,
      0.1850560506184896,
      0.15885289510091147,
      0.1350835164388021,
      0.11362838745117188,
      0.09482065836588542,
      0.07831954956054688,
      0.06412760416666667,
      0.051647186279296875,
      0.04132843017578125,
      0.03259404500325521,
      0.025613149007161457,
      0.019830067952473957,
      0.015261332194010416,
      0.011514027913411459,
      0.008533477783203125,
      0.006304423014322917,
      0.004643758138020833,
      0.003437042236328125,
      0.0024808247884114585,
      0.00171661376953125,
      0.001190185546875,
      0.0007998148600260416
    ],
    "v1_curve": [
      7.667414369677815,
      10.153141247547477,
      13.804165364822902,
      17.41399582815664,
      21.159460927299747,
      27.45894208622708,
      34.226577116763394,
      42.03973740200903,
      52.81136390506623,
      62.157030182307594,
      79.95914053696579,
      96.7638957246926,
      109.43441736171086,
      133.23987146649137,
      157.8579060615102,
      181.5737512932615,
      208.304637112143,
      237.86163860101692,
      274.93349089346947,
      314.08158122425,
      346.731402038772,
      376.78355756987617,
      423.3364855953685,
      462.38544897784277,
      500.87696854656895,
      532.3318081649379,
      567.014353280643,
      586.9957285203271,
      625.346192866417,
      642.0428387861858,
      639.850238132538,
      642.0137036861996,
      645.4517515358611,
      634.2389584058328,
      628.9571413806153,
      589.9104353414833,
      579.85437985489,
      536.2360733881059,
      490.57793565216065,
      462.9339179507138,
      410.03676959664034,
      385.2774075522058,
      332.2879219482414,
      295.0929482493522,
      256.0913405081735,
      219.15567324851202,
      187.79325914534445,
      150.12410314038337,
      129.2412263787041,
      99.62804435821629,
      85.8511228735437,
      65.42281672147014,
      50.11648592625515,
      40.74145577082369,
      31.279927328338662,
      21.682826177226573,
      16.62936248597223,
      13.160701476828285,
      8.718898045671613,
      6.809291208671962,
      4.544243489553354
    ]
  },
  "p_high": 0.13943028485757122,
  "p_high_mf": 0.0864567716141929,
  "p_low": 0.8610694652673663,
  "p_low_mf": 0.9140429785107447,
  "p_two_sided": 0.27886056971514245,
  "p_two_sided_mf": 0.1729135432283858,
  "provenance": {
    "dat_url": "GAUSSIAN_CONTROL_FROM: https://github.com/gradient-pulse/phi-mesh/releases/download/data-2026-02-15-planck-lensing-R3/planck_pr3_lensing_mv_dat_klm.fits",
    "mf_url": "GAUSSIAN_CONTROL_MF_ZERO_FROM: https://github.com/gradient-pulse/phi-mesh/releases/download/data-2026-02-15-planck-lensing-R3/planck_pr3_lensing_mv_mf_klm.fits"
  },
  "seed": 731,
  "surrogate": {
    "D0_mean": 0.004425506830932125,
    "D0_std": 0.002759819891509624,
    "D1_mean": 15.27098475470717,
    "D1_std": 4.945655484705813,
    "D_mf_mean": 15.270985482065523,
    "D_mf_std": 4.9456559887283325,
    "v0_mean_curve": [
      0.9986892986297604,
      0.9981768576304124,
      0.9974897333780919,
      0.9965775572458915,
      0.9953805357615134,
      0.9938265895843499,
      0.9918254146575937,
      0.9892808621724434,
      0.9860759404500331,
      0.9820802688598629,
      0.9771551850636804,
      0.9711401373545323,
      0.9638712011973055,
      0.9551744785308851,
      0.9448725070953353,
      0.9327942498524981,
      0.9187818177541085,
      0.9026801573435449,
      0.884368516921997,
      0.8637500642140697,
      0.8407618141174297,
      0.8153784891764313,
      0.7876366208394359,
      0.757602247238159,
      0.7254159653981521,
      0.6912567272186293,
      0.6553636894226069,
      0.6180146776835119,
      0.5795395259857182,
      0.5402719917297374,
      0.5005964469909665,
      0.4609025478363039,
      0.4215803743998206,
      0.3830069478352872,
      0.34554033152262353,
      0.30951646677652966,
      0.27520498847961383,
      0.24286037762959806,
      0.21267281532287596,
      0.18477044932047498,
      0.1592342745463052,
      0.13611125500996918,
      0.11536761029561361,
      0.0969546686808267,
      0.0807769730885824,
      0.06670688056945806,
      0.05459930547078453,
      0.04428696123758949,
      0.03559192657470707,
      0.02833886973063158,
      0.02235465812683109,
      0.017467686335245765,
      0.013522234598795573,
      0.010362518946329752,
      0.007866858164469406,
      0.005912919362386075,
      0.004400710423787439,
      0.0032409566243489585,
      0.0023631750742594384,
      0.0017053108215332015,
      0.0012175559997558586
    ],