{
  "diagnostics": {
    "excess_kurt_x_obs": 0.05697614985131816,
    "imag_frac_nonzero_eps1e-12": 0.9846153846153847,
    "imag_max_abs": 0.0333604127599608,
    "skew_x_obs": -0.18814474314160867,
    "v1_delta_bandwidth_dnu": 0.10000000000000009,
    "v1_symmetry_corr": 0.9745738456312394,
    "verify_l2_from_curves": {
      "D0_match": true,
      "D0_recomputed": 0.013288423608673565,
      "D0_reported": 0.013288423608673565,
      "D1_match": true,
      "D1_recomputed": 20.668472133652855,
      "D1_reported": 20.668472133652855,
      "tol_abs": 1e-12,
      "tol_rel": 1e-10,
      "verify_dnu": 0.10000000000000009
    }
  },
  "hint": "This script compares observed morphology against phase-randomized surrogates that preserve |a_lm|. V0(nu) is excursion-set area fraction; V1(nu) is a perimeter proxy estimated from |\u2207x| in a nu-band. Distances D0 and D1 are L2 distances (sqrt(sum((a-b)^2)*dnu)) to surrogate-mean curves. D_mf combines them as sqrt(D0^2 + D1^2). Z_mf is the scale-free combined z-distance.",
  "kind": "planck_pr3_lensing_phi_topology_mf_v0_v1",
  "lmax": 128,
  "metric": "Minkowski-style morphology: V0(area) + V1(perimeter proxy) vs phase-random surrogates",
  "n_sims": 2000,
  "nside": 256,
  "observed": {
    "D0_L2": 0.013288423608673565,
    "D0_sum_sq_legacy": 0.0017658220200355281,
    "D1_L2": 20.668472133652855,
    "D1_sum_sq_legacy": 4271.857403395842,
    "D_mf": 20.668476405429274,
    "Z0": 0.3826040051845942,
    "Z1": 0.6897082673029125,
    "Z_mf": 0.7887225866990742,
    "map_mean": 4.775528868530832e-08,
    "map_std": 0.03672853027565883,
    "v0_curve": [
      0.99810791015625,
      0.9974149068196615,
      0.996429443359375,
      0.9950447082519531,
      0.9931742350260416,
      0.9908612569173177,
      0.9880421956380209,
      0.9842948913574219,
      0.9802080790201823,
      0.974981943766276,
      0.969048817952474,
      0.962371826171875,
      0.9545389811197916,
      0.9456011454264323,
      0.935699462890625,
      0.9243850708007812,
      0.9117291768391927,
      0.8976109822591146,
      0.8814201354980469,
      0.863257090250651,
      0.8432083129882812,
      0.8208045959472656,
      0.7961641947428385,
      0.7691980997721354,
      0.7395451863606771,
      0.7081082661946615,
      0.6739374796549479,
      0.6368522644042969,
      0.5982220967610677,
      0.5581843058268229,
      0.5162823994954427,
      0.47425079345703125,
      0.4321327209472656,
      0.39083099365234375,
      0.3500633239746094,
      0.31112416585286456,
      0.27489980061848956,
      0.2409515380859375,
      0.20962015787760416,
      0.18070220947265625,
      0.15457026163736978,
      0.13091659545898438,
      0.11000823974609375,
      0.09117380777994792,
      0.07488632202148438,
      0.06084314982096354,
      0.048945109049479164,
      0.03912353515625,
      0.031031290690104168,
      0.024275461832682293,
      0.018601735432942707,
      0.014074961344401041,
      0.010580698649088541,
      0.007798512776692708,
      0.005708058675130208,
      0.004095713297526042,
      0.0029322306315104165,
      0.002033233642578125,
      0.0013516743977864583,
      0.0008633931477864584,
      0.0005366007486979166
    ],
    "v1_curve": [
      9.249997057218659,
      10.952929709019543,
      14.62394895925043,
      20.219975854829265,
      28.344878094602855,
      34.08262758731477,
      41.558619197905486,
      50.89062116970799,
      62.358891130803514,
      74.82564518571093,
      85.65871816670281,
      93.48619988170024,
      105.54974577788956,
      109.96867442093308,
      127.76980986191276,
      138.37727613184182,
      147.0121887569406,
      161.15209784660834,
      176.40915099939724,
      181.65978909343687,
      193.66344470604952,
      202.7286570902781,
      213.04657276560675,
      223.32108932355942,
      230.8874943407247,
      242.58090563259873,
      254.26150920941402,
      263.95137920404187,
      269.15848287941515,
      277.4806383961121,
      279.1238996681527,
      276.70397123423817,
      272.42368238376224,
      262.8434225659563,
      257.0266072779211,
      237.84654251947106,
      226.66413090022132,
      208.4835839935252,
      187.10275193859403,
      172.81292603246726,
      153.86243563138544,
      136.93255167010105,
      120.95219596195733,
      106.08202180522156,
      90.2506722461162,
      77.3917733031994,
      65.20072507468961,
      54.257723493009266,
      45.17040310295846,
      37.519635359450305,
      30.335043253579688,
      23.717251648198037,
      19.487913625985982,
      14.336154884229993,
      11.328610159608218,
      8.654040735360354,
      6.396841322497714,
      4.8537069612110955,
      3.297514177457657,
      2.2548535423654106,
      1.5651698227025495
    ]
  },
  "p_high": 0.3008495752123938,
  "p_high_mf": 0.22538730634682658,
  "p_low": 0.6996501749125438,
  "p_low_mf": 0.775112443778111,
  "p_two_sided": 0.6016991504247876,
  "p_two_sided_mf": 0.45077461269365315,
  "provenance": {
    "dat_url": "GAUSSIAN_CONTROL_FROM: https://github.com/gradient-pulse/phi-mesh/releases/download/data-2026-02-15-planck-lensing-R3/planck_pr3_lensing_mv_dat_klm.fits",
    "mf_url": "GAUSSIAN_CONTROL_MF_ZERO_FROM: https://github.com/gradient-pulse/phi-mesh/releases/download/data-2026-02-15-planck-lensing-R3/planck_pr3_lensing_mv_mf_klm.fits"
  },
  "seed": 731,
  "surrogate": {
    "D0_mean": 0.01106758878491247,
    "D0_std": 0.005804525811719126,
    "D1_mean": 15.976091366160835,
    "D1_std": 6.803428333317595,
    "D_mf_mean": 15.976095365473112,
    "D_mf_std": 6.80343042010488,
    "v0_mean_curve": [
      0.9987742735544825,
      0.9982192096710196,
      0.9974534873962388,
      0.9964119510650634,
      0.9950264059702557,
      0.9932064380645749,
      0.9908527933756496,
      0.9878580347696917,
      0.9841032994588221,
      0.9794675642649341,
      0.9738223082224511,
      0.96704463259379,
      0.9589970925649005,
      0.9495575853983566,
      0.9386136347452796,
      0.9260434487660726,
      0.9117554581960051,
      0.8956413516998283,
      0.8776376489003499,
      0.8576933581034344,
      0.835745609283446,
      0.8117697048187256,
      0.7857481129964182,
      0.7577007509867366,
      0.7276719074249256,
      0.6957620404561349,
      0.6620733769734698,
      0.6267784194946292,
      0.5900842825571705,
      0.5522455279032377,
      0.5135654144287108,
      0.47437564214070593,
      0.435041324615479,
      0.39596175003051803,
      0.35752473068237256,
      0.3201236292521156,
      0.2841355196634926,
      0.2499020385742188,
      0.21770421663920103,
      0.1877800788879396,
      0.1603248704274495,
      0.13543880081176793,
      0.1131567083994547,
      0.09347046915690098,
      0.07631012090047194,
      0.061550785064697223,
      0.04903219223022465,
      0.03855611737569174,
      0.029931787490844693,
      0.022920260747273775,
      0.017309696197509793,
      0.012889424006144212,
      0.009461531321207672,
      0.006848580678304044,
      0.004882188161214197,
      0.0034267756144205665,
      0.0023695182800292968,
      0.0016113491058349597,
      0.0010780652364095055,
      0.000710337320963542,
      0.00046097882588704345
    ],