{
  "diagnostics": {
    "excess_kurt_x_obs": -0.15228491370551334,
    "imag_frac_nonzero_eps1e-12": 0.9896907216494846,
    "imag_max_abs": 0.015206158127825761,
    "skew_x_obs": 0.015702125255186272,
    "v1_delta_bandwidth_dnu": 0.10000000000000009,
    "v1_symmetry_corr": 0.9954961773565674,
    "verify_l2_from_curves": {
      "D0_match": true,
      "D0_recomputed": 0.00501008298150339,
      "D0_reported": 0.00501008298150339,
      "D1_match": true,
      "D1_recomputed": 18.526525403672906,
      "D1_reported": 18.526525403672906,
      "tol_abs": 1e-12,
      "tol_rel": 1e-10,
      "verify_dnu": 0.10000000000000009
    }
  },
  "hint": "This script compares observed morphology against phase-randomized surrogates that preserve |a_lm|. V0(nu) is excursion-set area fraction; V1(nu) is a perimeter proxy estimated from |\u2207x| in a nu-band. Distances D0 and D1 are L2 distances (sqrt(sum((a-b)^2)*dnu)) to surrogate-mean curves. D_mf combines them as sqrt(D0^2 + D1^2). Z_mf is the scale-free combined z-distance.",
  "kind": "planck_pr3_lensing_phi_topology_mf_v0_v1",
  "lmax": 192,
  "metric": "Minkowski-style morphology: V0(area) + V1(perimeter proxy) vs phase-random surrogates",
  "n_sims": 2000,
  "nside": 256,
  "observed": {
    "D0_L2": 0.00501008298150339,
    "D0_sum_sq_legacy": 0.00025100931481549877,
    "D1_L2": 18.526525403672906,
    "D1_sum_sq_legacy": 3432.321435329372,
    "D_mf": 18.526526081105143,
    "Z0": -0.13529889202907314,
    "Z1": 0.09852897190066061,
    "Z_mf": 0.1673730817308923,
    "map_mean": -1.9960881816073286e-09,
    "map_std": 0.04039933718858628,
    "v0_curve": [
      0.9991594950358073,
      0.9987780253092448,
      0.9982643127441406,
      0.9975446065266927,
      0.9965387980143229,
      0.9951794942220052,
      0.993462880452474,
      0.9910697937011719,
      0.9880332946777344,
      0.9841461181640625,
      0.9792633056640625,
      0.973052978515625,
      0.9654719034830729,
      0.9561958312988281,
      0.9451408386230469,
      0.9325421651204427,
      0.9178187052408854,
      0.901055653889974,
      0.8820660909016927,
      0.8609288533528646,
      0.8374824523925781,
      0.811590830485026,
      0.7837473551432291,
      0.7533175150553385,
      0.7208722432454427,
      0.6866709391276041,
      0.6511637369791666,
      0.6141408284505209,
      0.5761222839355469,
      0.5377070109049479,
      0.4987983703613281,
      0.4600791931152344,
      0.421661376953125,
      0.38413365681966144,
      0.34759521484375,
      0.3123016357421875,
      0.27791595458984375,
      0.24593226114908853,
      0.21595001220703125,
      0.18799591064453125,
      0.16227849324544272,
      0.13910929361979166,
      0.11812591552734375,
      0.09925333658854167,
      0.0825665791829427,
      0.06811904907226562,
      0.055133819580078125,
      0.044414520263671875,
      0.035343170166015625,
      0.027929941813151043,
      0.021840413411458332,
      0.016965230305989582,
      0.013065338134765625,
      0.010064442952473959,
      0.007588704427083333,
      0.005701700846354167,
      0.004182179768880208,
      0.0029958089192708335,
      0.0021082560221354165,
      0.0014521280924479167,
      0.0009765625
    ],
    "v1_curve": [
      4.757434499674738,
      6.856102746145513,
      9.359001389371087,
      13.084137560516377,
      18.487992091617297,
      22.810503472577707,
      31.93816455580388,
      42.36595871562821,
      51.88498806586931,
      69.8461574210394,
      85.11681512930487,
      111.57199062807335,
      130.8629949118819,
      163.98097783815393,
      192.42558992023785,
      227.0254916382515,
      260.4048427514202,
      297.543327979843,
      340.51671924499976,
      361.26050944200824,
      401.05847463618545,
      445.9702576114606,
      474.1452321900063,
      516.2263055675078,
      529.5205123947503,
      562.5763819636026,
      577.7799593516136,
      597.2606303234377,
      599.574797330619,
      600.1874378072453,
      599.2496471367522,
      597.8171251946143,
      577.6633684326318,
      553.4594377181004,
      521.989151122807,
      506.9274466006079,
      477.1902219841815,
      437.09412718557576,
      405.7737596026152,
      372.09851644336493,
      341.1504761749158,
      302.32807166778116,
      274.8212638428648,
      234.35409985554824,
      210.07172625282266,
      180.71529099186318,
      152.33914769611164,
      125.72909121505627,
      106.62404631140505,
      85.94252121695793,
      69.58082132835467,
      56.13695364846055,
      43.84771531127357,
      36.323469239373516,
      28.300724389739738,
      20.509259724711633,
      17.282611541985037,
      12.292244631743577,
      9.31408734549343,
      6.416147907779134,
      4.4878377641891944
    ]
  },
  "p_high": 0.4732633683158421,
  "p_high_mf": 0.37881059470264866,
  "p_low": 0.5272363818090955,
  "p_low_mf": 0.6216891554222889,
  "p_two_sided": 0.9465267366316842,
  "p_two_sided_mf": 0.7576211894052973,
  "provenance": {
    "dat_url": "GAUSSIAN_CONTROL_FROM: https://github.com/gradient-pulse/phi-mesh/releases/download/data-2026-02-15-planck-lensing-R3/planck_pr3_lensing_mv_dat_klm.fits",
    "mf_url": "GAUSSIAN_CONTROL_MF_ZERO_FROM: https://github.com/gradient-pulse/phi-mesh/releases/download/data-2026-02-15-planck-lensing-R3/planck_pr3_lensing_mv_mf_klm.fits"
  },
  "seed": 731,
  "surrogate": {
    "D0_mean": 0.005431921779240319,
    "D0_std": 0.003117828915009033,
    "D1_mean": 17.8793794828825,
    "D1_std": 6.568077473120052,
    "D_mf_mean": 17.879380377075385,
    "D_mf_std": 6.568078025044664,
    "v0_mean_curve": [
      0.9987895418802886,
      0.9982910111745193,
      0.9976151485443117,
      0.9967083714803066,
      0.9955065542856862,
      0.9939361445109054,
      0.9919080047607446,
      0.9893191712697355,
      0.9860502312978104,
      0.9819715512593581,
      0.9769405549367259,
      0.9707988675435374,
      0.9633843727111813,
      0.9545341587066649,
      0.9440807978312177,
      0.9318591086069742,
      0.9177151877085377,
      0.9015189838409433,
      0.8831385510762543,
      0.8624957764943469,
      0.8395372950236011,
      0.8142482369740816,
      0.786652398427327,
      0.7568431663513169,
      0.7249402567545582,
      0.6910984897613521,
      0.6555529975891126,
      0.618570017496745,
      0.5804382686614984,
      0.5415047028859462,
      0.5021202246348054,
      0.46266650009155275,
      0.42352076403299976,
      0.3850291220347085,
      0.3475689067840572,
      0.31146095911661725,
      0.27699667167663566,
      0.24443745422363297,
      0.21398842620849623,
      0.18580085500081392,
      0.15996466255187983,
      0.13654695892334007,
      0.11553026898701992,
      0.09686715253194152,
      0.08047523117065425,
      0.06623020044962563,
      0.05399300702412915,
      0.04359135437011728,
      0.03484422365824381,
      0.02757995478312174,
      0.02160525830586751,
      0.016753953297932944,
      0.012853307088216167,
      0.009758299509684234,
      0.007327843983968107,
      0.005443356831868492,
      0.003999544779459641,
      0.0029058221181233793,
      0.002088363011678062,
      0.0014841601053873683,
      0.0010414479573567683
    ],