{
  "period": 1.25,
  "bpm": 48.0,
  "confidence": 0.0,
  "main_peak_freq": 0.8,
  "peaks": [
    [
      0.8,
      4.4971789917273414e-30
    ],
    [
      1.6,
      2.0277726275505684e-30
    ],
    [
      2.4000000000000004,
      7.792657459941835e-31
    ]
  ],
  "divergence_ratio": 3.112806650348908e-13,
  "reset_events": [],
  "source": "jhtdb",
  "details": {
    "dataset": "isotropic1024coarse",
    "var": "u",
    "xyz": [
      0.1,
      0.1,
      0.12
    ],
    "window": [
      0.0,
      1.2,
      0.0001
    ]
  }
}