{
  "period": 0.55,
  "bpm": 109.0909090909091,
  "confidence": 0.0,
  "main_peak_freq": 1.8181818181818181,
  "peaks": [
    [
      1.8181818181818181,
      7.920612543810367e-31
    ]
  ],
  "divergence_ratio": 3.510833398360033e-16,
  "reset_events": [],
  "source": "nasa",
  "details": {
    "dataset": "data/nasa/demo_timeseries.csv",
    "var": "u",
    "xyz": [
      0.1,
      0.1,
      0.1
    ],
    "window": [
      0.0,
      10.0,
      0.01
    ]
  }
}