{
  "period": 0.44999999999999996,
  "bpm": 133.33333333333334,
  "confidence": 0.0,
  "main_peak_freq": 2.2222222222222223,
  "peaks": [
    [
      2.2222222222222223,
      7.7339376142212455e-31
    ]
  ],
  "divergence_ratio": 1.5733185246218082e-13,
  "reset_events": [],
  "n": 3999,
  "mean_dt": 0.0001,
  "cv_dt": 1.5733342578070545e-13,
  "source": "jhtdb",
  "details": {
    "dataset": "isotropic1024coarse",
    "var": "u",
    "xyz": [
      0.1,
      0.1,
      0.1
    ],
    "window": [
      0.0,
      0.4,
      0.0001
    ]
  }
}