{
  "period": 10.05,
  "bpm": 5.970149253731343,
  "confidence": 0.0,
  "main_peak_freq": 0.09950248756218905,
  "peaks": [
    [
      0.09950248756218905,
      4.3953230481920543e-29
    ],
    [
      0.1990049751243781,
      5.6691960985054324e-30
    ],
    [
      0.3980099502487562,
      3.1251332608291896e-30
    ],
    [
      0.29850746268656714,
      1.1457079112961375e-30
    ],
    [
      0.5970149253731343,
      9.137459456369083e-31
    ]
  ],
  "divergence_ratio": 3.665782061376036e-14,
  "reset_events": [],
  "source": "jhtdb",
  "details": {
    "dataset": "isotropic1024coarse-jhtdb_batch2",
    "var": "u",
    "xyz": [
      0.1,
      0.1,
      0.1
    ],
    "window": [
      0.0,
      10.0,
      0.01
    ],
    "batch": "batch1"
  }
}