{
  "diagnostics": {
    "excess_kurt_x_obs": -0.15491856953180294,
    "imag_frac_nonzero_eps1e-12": 0.9846153846153847,
    "imag_max_abs": 0.046289544917920235,
    "skew_x_obs": -0.12325864216490223,
    "v1_delta_bandwidth_dnu": 0.10000000000000009,
    "v1_symmetry_corr": 0.9894330320919559,
    "verify_l2_from_curves": {
      "D0_match": true,
      "D0_recomputed": 0.002382261575252674,
      "D0_reported": 0.002382261575252674,
      "D1_match": true,
      "D1_recomputed": 7.282652826231321,
      "D1_reported": 7.282652826231321,
      "tol_abs": 1e-12,
      "tol_rel": 1e-10,
      "verify_dnu": 0.10000000000000009
    }
  },
  "hint": "This script compares observed morphology against phase-randomized surrogates that preserve |a_lm|. V0(nu) is excursion-set area fraction; V1(nu) is a perimeter proxy estimated from |\u2207x| in a nu-band. Distances D0 and D1 are L2 distances (sqrt(sum((a-b)^2)*dnu)) to surrogate-mean curves. D_mf combines them as sqrt(D0^2 + D1^2). Z_mf is the scale-free combined z-distance.",
  "kind": "planck_pr3_lensing_phi_topology_mf_v0_v1",
  "lmax": 128,
  "metric": "Minkowski-style morphology: V0(area) + V1(perimeter proxy) vs phase-random surrogates",
  "n_sims": 2000,
  "nside": 256,
  "observed": {
    "D0_L2": 0.002382261575252674,
    "D0_sum_sq_legacy": 5.675170212925347e-05,
    "D1_L2": 7.282652826231321,
    "D1_sum_sq_legacy": 530.37032187415,
    "D_mf": 7.2826532158675015,
    "Z0": -1.3493167069189973,
    "Z1": -1.2239576424808087,
    "Z_mf": 1.8217376007970814,
    "map_mean": 8.91804115681997e-09,
    "map_std": 0.033967357693767804,
    "v0_curve": [
      0.9986572265625,
      0.9982032775878906,
      0.997491200764974,
      0.9965782165527344,
      0.9953409830729166,
      0.9936485290527344,
      0.9914983113606771,
      0.9886118570963541,
      0.9848543802897135,
      0.9802691141764323,
      0.9747123718261719,
      0.9677289326985677,
      0.9595349629720052,
      0.9500223795572916,
      0.9387842814127604,
      0.9261919657389323,
      0.9121017456054688,
      0.8961461385091146,
      0.8778343200683594,
      0.8578503926595052,
      0.8356208801269531,
      0.8113174438476562,
      0.7851765950520834,
      0.7567571004231771,
      0.7261848449707031,
      0.6937408447265625,
      0.6602821350097656,
      0.6252606709798177,
      0.5890070597330729,
      0.5516128540039062,
      0.5130462646484375,
      0.47394688924153644,
      0.43469874064127606,
      0.39596303304036456,
      0.3577105204264323,
      0.32010777791341144,
      0.28429539998372394,
      0.25006993611653644,
      0.2177708943684896,
      0.18784205118815103,
      0.16051483154296875,
      0.13543192545572916,
      0.1130218505859375,
      0.09337997436523438,
      0.07590611775716145,
      0.06120936075846354,
      0.048892974853515625,
      0.03847503662109375,
      0.0300750732421875,
      0.023206075032552082,
      0.017728169759114582,
      0.013380686442057291,
      0.009952545166015625,
      0.007222493489583333,
      0.0052337646484375,
      0.00371551513671875,
      0.0027287801106770835,
      0.0018933614095052083,
      0.0013326009114583333,
      0.0009371439615885416,
      0.0006421407063802084
    ],
    "v1_curve": [
      3.1545304127561447,
      4.236234447804161,
      5.4945415131863395,
      7.276507573331015,
      9.789451564324567,
      12.581458623920303,
      16.56642560144995,
      21.397579417239484,
      27.409375494774974,
      32.45177773494385,
      40.5348007863207,
      48.495919832873604,
      58.00391507273606,
      67.3129021621139,
      79.66623155908952,
      89.01318569695792,
      103.4777582966253,
      118.14395749211135,
      135.2922167743666,
      152.25020059431327,
      170.21023378166745,
      182.87885031917756,
      202.81895240986933,
      219.86453097755506,
      239.08496172338212,
      256.2546159531678,
      270.3246647409698,
      288.7182292717047,
      297.62448182589026,
      312.7761971196275,
      326.79226778088815,
      329.298691977994,
      339.7265482790352,
      338.29432437136745,
      335.58358690875207,
      333.3224896166064,
      318.17981271450367,
      299.13086016421386,
      287.23044106754395,
      255.43493317146718,
      230.8822902459071,
      210.69549576103273,
      182.82656691412814,
      158.82898000293034,
      134.70152211354448,
      117.0615971261548,
      92.93935156988039,
      79.4263723200742,
      62.77121235588574,
      49.24478949027723,
      38.569832798376474,
      28.768664969220154,
      21.412692921523416,
      17.587195538046508,
      12.59363761337648,
      8.581683919078921,
      6.534825872440206,
      4.560847274522052,
      3.196389610901434,
      2.4387451902210624,
      1.856772299643873
    ]
  },
  "p_high": 0.9715142428785607,
  "p_high_mf": 0.9355322338830585,
  "p_low": 0.028985507246376812,
  "p_low_mf": 0.06496751624187906,
  "p_two_sided": 0.057971014492753624,
  "p_two_sided_mf": 0.12993503248375812,
  "provenance": {
    "dat_url": "GAUSSIAN_CONTROL_FROM: https://github.com/gradient-pulse/phi-mesh/releases/download/data-2026-02-15-planck-lensing-R3/planck_pr3_lensing_mv_dat_klm.fits",
    "mf_url": "GAUSSIAN_CONTROL_MF_ZERO_FROM: https://github.com/gradient-pulse/phi-mesh/releases/download/data-2026-02-15-planck-lensing-R3/planck_pr3_lensing_mv_mf_klm.fits"
  },
  "seed": 731,
  "surrogate": {
    "D0_mean": 0.01084946233479456,
    "D0_std": 0.0062751766995279585,
    "D1_mean": 15.882522714314629,
    "D1_std": 7.026280640441486,
    "D_mf_mean": 15.88252662273126,
    "D_mf_std": 7.02628298409974,
    "v0_mean_curve": [
      0.9986106630961092,
      0.9980241177876812,
      0.997229157765708,
      0.9961676464080792,
      0.9947695312499991,
      0.9929544976552341,
      0.9906275831858332,
      0.987685173670451,
      0.9840148754119865,
      0.9794945710500074,
      0.9739889017740891,
      0.9673687292734778,
      0.9594963429768879,
      0.9502353973388674,
      0.9394642073313402,
      0.9270468692779549,
      0.9128759218851724,
      0.8968509909311924,
      0.8788918698628736,
      0.8589279143015559,
      0.8369028720855718,
      0.8127979475657162,
      0.7866198552449537,
      0.7583655618031809,
      0.7281154289245592,
      0.6959626655578605,
      0.6620303249359137,
      0.6264754104614262,
      0.5895322469075513,
      0.5514403527577716,
      0.5125260429382331,
      0.47313217353820786,
      0.433634625116984,
      0.3944200986226401,
      0.35590762265523157,
      0.3184733416239415,
      0.28250661468505883,
      0.24833296203613298,
      0.21625185076395667,
      0.1864995670318604,
      0.15925322151184054,
      0.13461884498596177,
      0.11262069956461597,
      0.09321687507629396,
      0.07631995328267425,
      0.06180076090494796,
      0.04947877057393387,
      0.03916655413309738,
      0.03064303461710613,
      0.02369299379984535,
      0.01810235722859701,
      0.013661293665568027,
      0.010184277852376316,
      0.007496275583902985,
      0.005448546727498377,
      0.003909744262695312,
      0.0027666511535644543,
      0.0019320812225341786,
      0.0013301060994466132,
      0.0009027900695800773,
      0.0006030101776123046
    ],