{
  "diagnostics": {
    "excess_kurt_x_obs": 0.0207494340161829,
    "imag_frac_nonzero_eps1e-12": 0.9896907216494846,
    "imag_max_abs": 0.01878295039945998,
    "skew_x_obs": 0.05221257869895433,
    "v1_delta_bandwidth_dnu": 0.10000000000000009,
    "v1_symmetry_corr": 0.9946147459873756,
    "verify_l2_from_curves": {
      "D0_match": true,
      "D0_recomputed": 0.0026339102369828723,
      "D0_reported": 0.0026339102369828723,
      "D1_match": true,
      "D1_recomputed": 13.965002470864167,
      "D1_reported": 13.965002470864167,
      "tol_abs": 1e-12,
      "tol_rel": 1e-10,
      "verify_dnu": 0.10000000000000009
    }
  },
  "hint": "This script compares observed morphology against phase-randomized surrogates that preserve |a_lm|. V0(nu) is excursion-set area fraction; V1(nu) is a perimeter proxy estimated from |\u2207x| in a nu-band. Distances D0 and D1 are L2 distances (sqrt(sum((a-b)^2)*dnu)) to surrogate-mean curves. D_mf combines them as sqrt(D0^2 + D1^2). Z_mf is the scale-free combined z-distance.",
  "kind": "planck_pr3_lensing_phi_topology_mf_v0_v1",
  "lmax": 192,
  "metric": "Minkowski-style morphology: V0(area) + V1(perimeter proxy) vs phase-random surrogates",
  "n_sims": 2000,
  "nside": 256,
  "observed": {
    "D0_L2": 0.0026339102369828723,
    "D0_sum_sq_legacy": 6.937483136483165e-05,
    "D1_L2": 13.965002470864167,
    "D1_sum_sq_legacy": 1950.2129401124214,
    "D_mf": 13.965002719252347,
    "Z0": -0.3305880955156044,
    "Z1": -0.027298631821258114,
    "Z_mf": 0.3317132861311814,
    "map_mean": 3.110011334804078e-08,
    "map_std": 0.03717110069153319,
    "v0_curve": [
      0.9988555908203125,
      0.998358408610026,
      0.9977391560872396,
      0.9968833923339844,
      0.9958229064941406,
      0.9944305419921875,
      0.9925765991210938,
      0.9901657104492188,
      0.987097422281901,
      0.9832547505696615,
      0.978509267171224,
      0.9726791381835938,
      0.9656079610188802,
      0.9570999145507812,
      0.9469858805338541,
      0.9349098205566406,
      0.9208323160807291,
      0.9045003255208334,
      0.8860549926757812,
      0.8654200236002604,
      0.8418426513671875,
      0.8160921732584635,
      0.7879816691080729,
      0.7574170430501302,
      0.7241198221842448,
      0.6895357767740885,
      0.6528142293294271,
      0.6151504516601562,
      0.5763931274414062,
      0.5368906656901041,
      0.4969673156738281,
      0.45720799763997394,
      0.4174448649088542,
      0.37886683146158856,
      0.3412119547526042,
      0.30536142985026044,
      0.27136993408203125,
      0.23962783813476562,
      0.21008936564127603,
      0.18279393513997397,
      0.15781021118164062,
      0.13523356119791666,
      0.1152496337890625,
      0.0975341796875,
      0.08190536499023438,
      0.06827036539713542,
      0.05641047159830729,
      0.046352386474609375,
      0.03780237833658854,
      0.030378977457682293,
      0.024468739827473957,
      0.019591013590494793,
      0.015581766764322916,
      0.012271881103515625,
      0.009549458821614584,
      0.0073699951171875,
      0.005542755126953125,
      0.004130045572916667,
      0.0030008951822916665,
      0.0021756490071614585,
      0.0016034444173177083
    ],
    "v1_curve": [
      8.899403158605356,
      15.357674767311142,
      18.000459449322946,
      19.02869567859152,
      27.59240077165466,
      36.345400529582754,
      51.540977266299436,
      61.0571181375309,
      72.29883524649473,
      92.50917876565374,
      103.61517494533813,
      131.95787956029832,
      155.99564950114626,
      188.28438043365372,
      214.39843731867492,
      244.41922945924335,
      293.3522776482406,
      329.67692380294704,
      356.14345739641743,
      403.515733261973,
      442.0734359414807,
      478.79294461256217,
      509.03542416216425,
      538.7387587879374,
      572.6300649036592,
      598.2230493873959,
      625.903617267271,
      623.279755187223,
      663.2138568139216,
      647.7314700754799,
      630.7777024704226,
      640.8119095692427,
      614.3479308291379,
      590.7485804059712,
      576.577475746472,
      541.2635351099844,
      509.7120610056301,
      469.9623345361406,
      421.88289997729544,
      402.32385951773176,
      363.6918866368044,
      321.32382373702603,
      285.31415951965766,
      247.97504553800823,
      219.28121246425337,
      189.38920994205668,
      164.9179091917162,
      140.36697777508135,
      118.43031278614744,
      98.67133781216663,
      80.89257884986127,
      68.20998657167193,
      53.56061907171783,
      46.38335143800674,
      36.005806510065035,
      29.74469921330263,
      24.45555588191612,
      17.47601638731667,
      13.92568943488689,
      10.541337783710297,
      6.6439834363367964
    ]
  },
  "p_high": 0.5517241379310345,
  "p_high_mf": 0.4147926036981509,
  "p_low": 0.44877561219390305,
  "p_low_mf": 0.5857071464267866,
  "p_two_sided": 0.8975512243878061,
  "p_two_sided_mf": 0.8295852073963018,
  "provenance": {
    "dat_url": "GAUSSIAN_CONTROL_FROM: https://github.com/gradient-pulse/phi-mesh/releases/download/data-2026-02-15-planck-lensing-R3/planck_pr3_lensing_mv_dat_klm.fits",
    "mf_url": "GAUSSIAN_CONTROL_MF_ZERO_FROM: https://github.com/gradient-pulse/phi-mesh/releases/download/data-2026-02-15-planck-lensing-R3/planck_pr3_lensing_mv_mf_klm.fits"
  },
  "seed": 731,
  "surrogate": {
    "D0_mean": 0.0032435585845136785,
    "D0_std": 0.0018441327918356017,
    "D1_mean": 14.072418363580953,
    "D1_std": 3.9348452852914786,
    "D_mf_mean": 14.07241879261611,
    "D_mf_std": 3.9348455198109598,
    "v0_mean_curve": [
      0.9988305733998608,
      0.9983584804534941,
      0.9977185853322353,
      0.9968621870676659,
      0.9957302532196034,
      0.9942475980122873,
      0.9923268890380863,
      0.9898665173848463,
      0.9867483253479006,
      0.9828395824432375,
      0.9779934349060063,
      0.9720516255696616,
      0.9648394292195642,
      0.9561796372731546,
      0.9458965212504069,
      0.9337988789876318,
      0.919730643590292,
      0.9035325749715166,
      0.8850793132781978,
      0.8642768325805673,
      0.8410539569854724,
      0.8154161338806146,
      0.7873753852844243,
      0.7570324535369868,
      0.7245224558512369,
      0.6900438435872385,
      0.65385808690389,
      0.6162460028330492,
      0.5775459473927815,
      0.538113438924153,
      0.49833519109090174,
      0.45861895751953136,
      0.41933154678344725,
      0.38086491711934406,
      0.34356953175862615,
      0.30776379712422647,
      0.2737234821319579,
      0.24167463493347166,
      0.21179676246643103,
      0.18421383603413904,
      0.158995375951131,
      0.136160186767578,
      0.11568059031168633,
      0.09749731953938794,
      0.08150804773966457,
      0.06758396784464521,
      0.055575411478678435,
      0.04531653531392419,
      0.03664208602905283,
      0.029372554779052724,
      0.023341346104939775,
      0.018389432907104517,
      0.014360273361206068,
      0.011114730834960944,
      0.008525992075602203,
      0.006481256484985348,
      0.0048832511901855365,
      0.003644114176432287,
      0.0026948420206705684,
      0.0019750633239746106,
      0.0014338773091634076
    ],