{
  "diagnostics": {
    "excess_kurt_x_obs": 0.01143451535411577,
    "imag_frac_nonzero_eps1e-12": 0.9937888198757764,
    "imag_max_abs": 0.04164071809239134,
    "skew_x_obs": -0.06830199032928357,
    "v1_delta_bandwidth_dnu": 0.10000000000000009,
    "v1_symmetry_corr": 0.9986590999522411,
    "verify_l2_from_curves": {
      "D0_match": true,
      "D0_recomputed": 0.005334308396295195,
      "D0_reported": 0.005334308396295195,
      "D1_match": true,
      "D1_recomputed": 38.69358517806482,
      "D1_reported": 38.69358517806482,
      "tol_abs": 1e-12,
      "tol_rel": 1e-10,
      "verify_dnu": 0.10000000000000009
    }
  },
  "hint": "This script compares observed morphology against phase-randomized surrogates that preserve |a_lm|. V0(nu) is excursion-set area fraction; V1(nu) is a perimeter proxy estimated from |\u2207x| in a nu-band. Distances D0 and D1 are L2 distances (sqrt(sum((a-b)^2)*dnu)) to surrogate-mean curves. D_mf combines them as sqrt(D0^2 + D1^2). Z_mf is the scale-free combined z-distance.",
  "kind": "planck_pr3_lensing_phi_topology_mf_v0_v1",
  "lmax": 320,
  "metric": "Minkowski-style morphology: V0(area) + V1(perimeter proxy) vs phase-random surrogates",
  "n_sims": 2000,
  "nside": 256,
  "observed": {
    "D0_L2": 0.005334308396295195,
    "D0_sum_sq_legacy": 0.00028454846066785393,
    "D1_L2": 38.69358517806482,
    "D1_sum_sq_legacy": 14971.935339321564,
    "D_mf": 38.69358554575943,
    "Z0": 2.7529228397280487,
    "Z1": 3.8857395000462667,
    "Z_mf": 4.762095717613848,
    "map_mean": 4.4920317660013254e-08,
    "map_std": 0.06311784444181864,
    "v0_curve": [
      0.998223622639974,
      0.997613271077474,
      0.9968070983886719,
      0.9956830342610677,
      0.9942970275878906,
      0.99261474609375,
      0.9904759724934896,
      0.9878425598144531,
      0.9846483866373698,
      0.9805692036946615,
      0.975518544514974,
      0.9694112141927084,
      0.9621391296386719,
      0.9533856709798177,
      0.9431635538736979,
      0.9314219156901041,
      0.9177398681640625,
      0.9018567403157552,
      0.8837801615397135,
      0.8635686238606771,
      0.8414217631022135,
      0.8166402180989584,
      0.7894490559895834,
      0.7598482767740885,
      0.7282320658365885,
      0.6948827107747396,
      0.6592521667480469,
      0.6219685872395834,
      0.5836143493652344,
      0.5443204243977865,
      0.5043894449869791,
      0.464385986328125,
      0.42505518595377606,
      0.38609059651692706,
      0.34850819905598956,
      0.31193796793619794,
      0.27691650390625,
      0.24371719360351562,
      0.21288553873697916,
      0.18457794189453125,
      0.15844217936197916,
      0.13518651326497397,
      0.11411539713541667,
      0.09525426228841145,
      0.07890574137369792,
      0.064788818359375,
      0.05243682861328125,
      0.042170206705729164,
      0.033536275227864586,
      0.026509602864583332,
      0.020612080891927082,
      0.016039530436197918,
      0.012332916259765625,
      0.009332021077473959,
      0.006983439127604167,
      0.005265553792317708,
      0.0038515726725260415,
      0.0027834574381510415,
      0.002033233642578125,
      0.0014826456705729167,
      0.0010388692220052083
    ],
    "v1_curve": [
      19.781955117126543,
      26.60087191107771,
      35.508938365998986,
      46.36340236761915,
      55.15919198889511,
      72.49287542378973,
      85.6368227342408,
      107.5855926835422,
      129.65215290632457,
      157.5828347561879,
      193.5809883069103,
      237.07137126946205,
      276.5639375262732,
      324.67595474299577,
      369.3311944095342,
      439.575130217619,
      492.2386004702699,
      590.1743438657186,
      634.0941997044002,
      726.2093489088741,
      773.2795530583246,
      850.8667631401917,
      933.22940700925,
      993.8532876074067,
      1035.5714437007352,
      1096.2894677684412,
      1142.925148387381,
      1173.2003285787057,
      1219.456321773764,
      1240.5987011741647,
      1234.0018893958147,
      1218.6440421010927,
      1193.9483978618875,
      1158.3645198347222,
      1141.8822872762019,
      1071.5683769782406,
      1024.2558745528302,
      933.6266921959325,
      864.5957908119151,
      804.8789453083731,
      718.731509833595,
      640.8205708594511,
      574.7878219836072,
      506.097522218382,
      440.01334564868773,
      375.90990901709347,
      322.68507440601985,
      261.71093068872267,
      219.05566532912954,
      181.04957729102952,
      144.32754920015196,
      110.98554896884507,
      91.10918666114284,
      71.7277515955271,
      51.974317979606965,
      41.83834926181772,
      34.33771782801526,
      21.873666262097803,
      18.362683239057834,
      13.105622847043687,
      10.151578315824835
    ]
  },
  "p_high": 0.014492753623188406,
  "p_high_mf": 0.0024987506246876563,
  "p_low": 0.9860069965017492,
  "p_low_mf": 0.9980009995002499,
  "p_two_sided": 0.028985507246376812,
  "p_two_sided_mf": 0.004997501249375313,
  "provenance": {
    "dat_url": "GAUSSIAN_CONTROL_FROM: https://github.com/gradient-pulse/phi-mesh/releases/download/data-2026-02-15-planck-lensing-R3/planck_pr3_lensing_mv_dat_klm.fits",
    "mf_url": "GAUSSIAN_CONTROL_MF_ZERO_FROM: https://github.com/gradient-pulse/phi-mesh/releases/download/data-2026-02-15-planck-lensing-R3/planck_pr3_lensing_mv_mf_klm.fits"
  },
  "seed": 731,
  "surrogate": {
    "D0_mean": 0.0020120834002530963,
    "D0_std": 0.0012067991692677768,
    "D1_mean": 22.259268957921478,
    "D1_std": 4.229392171026304,
    "D_mf_mean": 22.259269069241345,
    "D_mf_std": 4.229392235881051,
    "v0_mean_curve": [
      0.9986915175120034,
      0.9981819718678778,
      0.997498937606811,
      0.9965943864186589,
      0.9954045626322414,
      0.993859800338744,
      0.9918732217152922,
      0.9893450361887615,
      0.9861590906778974,
      0.982188535054524,
      0.9772888113657642,
      0.9712998224894209,
      0.964058908462525,
      0.9553918558756522,
      0.9451203161875402,
      0.9330693117777508,
      0.9190761973063151,
      0.9029916229248044,
      0.8846840788523364,
      0.8640534540812186,
      0.8410370744069439,
      0.8156191323598239,
      0.7878187478383387,
      0.7577169647216796,
      0.7254498214721684,
      0.6912056331634523,
      0.6552149003346762,
      0.617764596303304,
      0.5791916052500399,
      0.5398347206115731,
      0.500084659576417,
      0.46034414418538433,
      0.4209881598154706,
      0.3823883635203054,
      0.34491820716857874,
      0.30891499455769833,
      0.27464536031087233,
      0.24235982386271157,
      0.21223388290405276,
      0.18441396840413424,
      0.15897026125589997,
      0.1359283262888588,
      0.11527578353881847,
      0.09694695727030447,
      0.08084881655375165,
      0.06684955851236984,
      0.05480008379618331,
      0.04452478535970056,
      0.03585616683959955,
      0.028619340896606397,
      0.02263667424519856,
      0.017740929285685197,
      0.01377650070190431,
      0.010598132451375308,
      0.008078386942545566,
      0.0060990727742513,
      0.004561077753702803,
      0.0033793481190999308,
      0.0024794025421142596,
      0.0018011035919189482,
      0.001296665827433268
    ],