{
  "diagnostics": {
    "excess_kurt_x_obs": -0.01679956378391756,
    "imag_frac_nonzero_eps1e-12": 0.9922480620155039,
    "imag_max_abs": 0.027638724705405515,
    "skew_x_obs": -0.029495420141197774,
    "v1_delta_bandwidth_dnu": 0.10000000000000009,
    "v1_symmetry_corr": 0.9973726109243712,
    "verify_l2_from_curves": {
      "D0_match": true,
      "D0_recomputed": 0.0014951174213895559,
      "D0_reported": 0.0014951174213895559,
      "D1_match": true,
      "D1_recomputed": 15.263839428439384,
      "D1_reported": 15.263839428439384,
      "tol_abs": 1e-12,
      "tol_rel": 1e-10,
      "verify_dnu": 0.10000000000000009
    }
  },
  "hint": "This script compares observed morphology against phase-randomized surrogates that preserve |a_lm|. V0(nu) is excursion-set area fraction; V1(nu) is a perimeter proxy estimated from |\u2207x| in a nu-band. Distances D0 and D1 are L2 distances (sqrt(sum((a-b)^2)*dnu)) to surrogate-mean curves. D_mf combines them as sqrt(D0^2 + D1^2). Z_mf is the scale-free combined z-distance.",
  "kind": "planck_pr3_lensing_phi_topology_mf_v0_v1",
  "lmax": 256,
  "metric": "Minkowski-style morphology: V0(area) + V1(perimeter proxy) vs phase-random surrogates",
  "n_sims": 2000,
  "nside": 256,
  "observed": {
    "D0_L2": 0.0014951174213895559,
    "D0_sum_sq_legacy": 2.2353761037425527e-05,
    "D1_L2": 15.263839428439384,
    "D1_sum_sq_legacy": 2329.847940971805,
    "D_mf": 15.263839501663952,
    "Z0": -0.8360939768566027,
    "Z1": -0.9752944813338962,
    "Z_mf": 1.2846215253747864,
    "map_mean": -2.746744803321678e-08,
    "map_std": 0.04978082348528542,
    "v0_curve": [
      0.9984906514485677,
      0.9979769388834635,
      0.9972368876139323,
      0.9962336222330729,
      0.9950205485026041,
      0.9934641520182291,
      0.9913724263509115,
      0.9887657165527344,
      0.985602060953776,
      0.9816869099934896,
      0.9768384297688802,
      0.9706993103027344,
      0.9634526570638021,
      0.9546241760253906,
      0.9444300333658854,
      0.932488759358724,
      0.9184519449869791,
      0.90252685546875,
      0.884070078531901,
      0.86376953125,
      0.8411407470703125,
      0.8159751892089844,
      0.7882232666015625,
      0.7583961486816406,
      0.726312001546224,
      0.6922683715820312,
      0.6562207539876302,
      0.618933359781901,
      0.580542246500651,
      0.5413004557291666,
      0.5014673868815104,
      0.46173731486002606,
      0.4221903483072917,
      0.38411712646484375,
      0.34673309326171875,
      0.31042734781901044,
      0.2759386698404948,
      0.24355443318684897,
      0.21302413940429688,
      0.18483098347981772,
      0.1592585245768229,
      0.13585281372070312,
      0.11506271362304688,
      0.09664281209309895,
      0.08040237426757812,
      0.0662396748860677,
      0.05419794718424479,
      0.04372278849283854,
      0.035068511962890625,
      0.02777099609375,
      0.021821339925130207,
      0.016924540201822918,
      0.01300811767578125,
      0.009939829508463541,
      0.007541656494140625,
      0.0056610107421875,
      0.004161834716796875,
      0.0030504862467447915,
      0.00220489501953125,
      0.0015513102213541667,
      0.001049041748046875
    ],
    "v1_curve": [
      9.247324856755986,
      13.9676081743571,
      18.84524772949968,
      25.164470405575564,
      30.114079535563132,
      36.85311221758159,
      49.29453320739392,
      62.79803660432081,
      72.99536528461572,
      92.45178533043214,
      113.32314113991421,
      142.0964173844407,
      170.06098175013767,
      199.97027335700966,
      234.86930633483627,
      278.4157509880208,
      320.46330121361336,
      367.53968397753806,
      420.1037993403487,
      467.85111866746496,
      521.2436389511065,
      579.7333415822455,
      632.9553490061389,
      678.929579941327,
      733.5799335000187,
      787.1553067501146,
      833.9386699598592,
      850.9689241862848,
      889.0654354164841,
      914.3609006289669,
      920.9514416317461,
      911.806988567793,
      897.9905889377292,
      897.1808670041364,
      884.1725699233516,
      842.311812067359,
      813.9867205740748,
      759.9630545723714,
      713.0683249784894,
      653.9957918692056,
      593.2550452496454,
      533.792131041644,
      478.3934726134769,
      428.45095725045275,
      377.2356987665602,
      323.22012284051596,
      282.81037045902457,
      236.4569556598172,
      200.84640485724972,
      165.37895781310039,
      143.22631552195364,
      108.90179819224859,
      87.82530170951624,
      64.14667119958716,
      54.01849213347721,
      43.193895226372646,
      31.037476780235366,
      27.17948840711249,
      19.293382988556658,
      14.935009666599962,
      12.398534358151252
    ]
  },
  "p_high": 0.7881059470264867,
  "p_high_mf": 0.8700649675162418,
  "p_low": 0.21239380309845077,
  "p_low_mf": 0.13043478260869565,
  "p_two_sided": 0.42478760619690153,
  "p_two_sided_mf": 0.2608695652173913,
  "provenance": {
    "dat_url": "GAUSSIAN_CONTROL_FROM: https://github.com/gradient-pulse/phi-mesh/releases/download/data-2026-02-15-planck-lensing-R3/planck_pr3_lensing_mv_dat_klm.fits",
    "mf_url": "GAUSSIAN_CONTROL_MF_ZERO_FROM: https://github.com/gradient-pulse/phi-mesh/releases/download/data-2026-02-15-planck-lensing-R3/planck_pr3_lensing_mv_mf_klm.fits"
  },
  "seed": 731,
  "surrogate": {
    "D0_mean": 0.0031934283336247193,
    "D0_std": 0.0020312440458190723,
    "D1_mean": 20.419912341237875,
    "D1_std": 5.286683162347647,
    "D_mf_mean": 20.419912640548066,
    "D_mf_std": 5.286683360879274,
    "v0_mean_curve": [
      0.9986838658650713,
      0.9981713225046808,
      0.9974849427541115,
      0.9965758558909089,
      0.9953807557423902,
      0.9938254674275715,
      0.9918268547058106,
      0.9892826340993244,
      0.9860827980041527,
      0.9820941041310635,
      0.9771747436523434,
      0.9711679642995191,
      0.9639042135874423,
      0.9552166500091539,
      0.9449258371988936,
      0.9328651466369632,
      0.91886547279358,
      0.9027799981435143,
      0.8844709974924726,
      0.8638490212758396,
      0.8408580544789649,
      0.8154720484415683,
      0.7877138684590659,
      0.7576725355784106,
      0.7254659563700354,
      0.6912848879496244,
      0.6553656857808433,
      0.6179935493469244,
      0.5794813073476153,
      0.5401886088053378,
      0.5004929409027093,
      0.4607793795267737,
      0.4214450524648029,
      0.3828565877278648,
      0.3453843720753986,
      0.3093493175506592,
      0.2750443350474037,
      0.24270339075724284,
      0.21251847902933774,
      0.18463147735595742,
      0.15912675221761077,
      0.13602215830485034,
      0.11530306498209653,
      0.09692224820454931,
      0.08076898574829106,
      0.06672214953104647,
      0.054635706583658745,
      0.04433594830830884,
      0.03565526707967121,
      0.02841184425354004,
      0.022433594385782855,
      0.01754834683736165,
      0.013594196319580061,
      0.010431324640909857,
      0.007927066167195644,
      0.005965659459431976,
      0.004447439193725584,
      0.0032800057729085318,
      0.0023972524007161472,
      0.0017343781789143915,
      0.001241823196411134
    ],