{
  "diagnostics": {
    "excess_kurt_x_obs": -0.003609815138780448,
    "imag_frac_nonzero_eps1e-12": 0.9937888198757764,
    "imag_max_abs": 0.013638623744203033,
    "skew_x_obs": -0.013004772005709672,
    "v1_delta_bandwidth_dnu": 0.10000000000000009,
    "v1_symmetry_corr": 0.9997089846804996,
    "verify_l2_from_curves": {
      "D0_match": true,
      "D0_recomputed": 0.0013333612273102027,
      "D0_reported": 0.0013333612273102027,
      "D1_match": true,
      "D1_recomputed": 16.39815143139806,
      "D1_reported": 16.39815143139806,
      "tol_abs": 1e-12,
      "tol_rel": 1e-10,
      "verify_dnu": 0.10000000000000009
    }
  },
  "hint": "This script compares observed morphology against phase-randomized surrogates that preserve |a_lm|. V0(nu) is excursion-set area fraction; V1(nu) is a perimeter proxy estimated from |\u2207x| in a nu-band. Distances D0 and D1 are L2 distances (sqrt(sum((a-b)^2)*dnu)) to surrogate-mean curves. D_mf combines them as sqrt(D0^2 + D1^2). Z_mf is the scale-free combined z-distance.",
  "kind": "planck_pr3_lensing_phi_topology_mf_v0_v1",
  "lmax": 320,
  "metric": "Minkowski-style morphology: V0(area) + V1(perimeter proxy) vs phase-random surrogates",
  "n_sims": 2000,
  "nside": 256,
  "observed": {
    "D0_L2": 0.0013333612273102027,
    "D0_sum_sq_legacy": 1.7778521624941684e-05,
    "D1_L2": 16.39815143139806,
    "D1_sum_sq_legacy": 2688.99370367062,
    "D_mf": 16.398151485606977,
    "Z0": 1.0420823028236448,
    "Z1": -1.3909176558849468,
    "Z_mf": 1.737983731601279,
    "map_mean": -3.2579217788530436e-08,
    "map_std": 0.05956102965898597,
    "v0_curve": [
      0.998559315999349,
      0.9980557759602865,
      0.997283935546875,
      0.9963480631510416,
      0.995154062906901,
      0.993567148844401,
      0.9915262858072916,
      0.9890098571777344,
      0.9858194986979166,
      0.9818445841471354,
      0.9770863850911459,
      0.9711087544759115,
      0.9637196858723959,
      0.9549992879231771,
      0.9448496500651041,
      0.9330457051595052,
      0.9190788269042969,
      0.9030342102050781,
      0.8846944173177084,
      0.8643353780110677,
      0.841400146484375,
      0.8158213297526041,
      0.788031260172526,
      0.7578620910644531,
      0.725866953531901,
      0.6915779113769531,
      0.655792236328125,
      0.6184972127278646,
      0.5799204508463541,
      0.5409266153971354,
      0.5009485880533854,
      0.4614423116048177,
      0.42226537068684894,
      0.3834228515625,
      0.3456268310546875,
      0.30935414632161456,
      0.27484766642252606,
      0.24238967895507812,
      0.21206537882486978,
      0.1841278076171875,
      0.15862147013346353,
      0.13547643025716147,
      0.11468760172526042,
      0.09652328491210938,
      0.08041636149088542,
      0.0665906270345052,
      0.054501851399739586,
      0.044092814127604164,
      0.035319010416666664,
      0.028199513753255207,
      0.022332509358723957,
      0.017504374186197918,
      0.013604482014973959,
      0.010471343994140625,
      0.00795745849609375,
      0.005992889404296875,
      0.004520416259765625,
      0.0033353169759114585,
      0.0024401346842447915,
      0.0017649332682291667,
      0.0012613932291666667
    ],
    "v1_curve": [
      13.865384716272832,
      19.88756684757963,
      26.7765457372979,
      32.64563512714065,
      43.198554385141044,
      58.62725795211195,
      72.8479935136251,
      96.07468028536445,
      112.3089351517294,
      142.1275407571806,
      168.3216219569095,
      218.74055356994037,
      263.03358770875064,
      305.5100798251384,
      353.7065231545448,
      427.662979433188,
      483.1480826181672,
      562.1331886227346,
      637.2496246944861,
      709.6377474627933,
      798.6316914640951,
      876.3991844549126,
      952.5711992463117,
      1015.7561896841697,
      1114.6919062281115,
      1155.208026658564,
      1209.7399234153313,
      1262.6238245591687,
      1295.3657149468577,
      1326.473469728408,
      1309.3011582147492,
      1311.8651677093128,
      1278.7229453789207,
      1263.3048118614554,
      1218.8500100609704,
      1157.8087236659774,
      1098.5698168103463,
      1041.6516759374865,
      955.569089247664,
      887.6725012636525,
      801.8924303948656,
      720.814294082293,
      658.1438910284375,
      555.4104626430789,
      497.466529598389,
      416.5341719092449,
      375.1079706353897,
      317.2172986814013,
      253.8864440423078,
      207.83671007343943,
      172.7217994448798,
      131.75887561500343,
      110.77094331098449,
      87.67976595905104,
      74.56431296353583,
      51.45388782271738,
      42.35359975213731,
      31.104344048417857,
      24.25743591645864,
      20.041067874507412,
      14.0667623937789
    ]
  },
  "p_high": 0.14942528735632185,
  "p_high_mf": 0.9330334832583708,
  "p_low": 0.8510744627686156,
  "p_low_mf": 0.06746626686656672,
  "p_two_sided": 0.2988505747126437,
  "p_two_sided_mf": 0.13493253373313344,
  "provenance": {
    "dat_url": "GAUSSIAN_CONTROL_FROM: https://github.com/gradient-pulse/phi-mesh/releases/download/data-2026-02-15-planck-lensing-R3/planck_pr3_lensing_mv_dat_klm.fits",
    "mf_url": "GAUSSIAN_CONTROL_MF_ZERO_FROM: https://github.com/gradient-pulse/phi-mesh/releases/download/data-2026-02-15-planck-lensing-R3/planck_pr3_lensing_mv_mf_klm.fits"
  },
  "seed": 731,
  "surrogate": {
    "D0_mean": 0.0009265133116613207,
    "D0_std": 0.00039041821797230374,
    "D1_mean": 20.082439123471165,
    "D1_std": 2.648817977458948,
    "D_mf_mean": 20.082439148594926,
    "D_mf_std": 2.648817977777031,
    "v0_mean_curve": [
      0.9986674130757663,
      0.998156071345013,
      0.9974712988535562,
      0.9965631682078057,
      0.9953737157185869,
      0.9938310877482099,
      0.9918494593302416,
      0.9893273359934497,
      0.9861531759897881,
      0.9821981023152664,
      0.9773160673777271,
      0.9713509101867656,
      0.9641350199381494,
      0.9554967212677005,
      0.945258006413779,
      0.9332423267364508,
      0.919278243382773,
      0.9032184848785412,
      0.8849288768768305,
      0.8643139400482174,
      0.8413082447052017,
      0.815886013666791,
      0.7880736077626542,
      0.7579454174041741,
      0.7256406160990401,
      0.6913391094207748,
      0.6552825482686353,
      0.617763717651367,
      0.5791109027862552,
      0.5396831442515054,
      0.499859679539998,
      0.4600453936258957,
      0.42062626202901154,
      0.3819906546274819,
      0.34450342941284184,
      0.30848401196797665,
      0.274220640182495,
      0.24194410133361777,
      0.21185637601216667,
      0.184078065872192,
      0.1586855843861896,
      0.13571522776285785,
      0.1151262213389082,
      0.09686396598815915,
      0.08082206535339355,
      0.06687531089782711,
      0.05486224746704088,
      0.04462395922342933,
      0.035987764358520476,
      0.02877074178059893,
      0.022800338745117193,
      0.017908586502075188,
      0.013943247477213542,
      0.01075650278727213,
      0.008225053787231432,
      0.006231586456298826,
      0.004677089691162114,
      0.0034788951873779314,
      0.002565083185831705,
      0.001873211542765303,
      0.001355567932128909
    ],