{
  "diagnostics": {
    "excess_kurt_x_obs": 0.03951080602081802,
    "imag_frac_nonzero_eps1e-12": 0.9846153846153847,
    "imag_max_abs": 0.024972329107680016,
    "skew_x_obs": 0.1525651015096333,
    "v1_delta_bandwidth_dnu": 0.10000000000000009,
    "v1_symmetry_corr": 0.9966073559341456,
    "verify_l2_from_curves": {
      "D0_match": true,
      "D0_recomputed": 0.01535481997138319,
      "D0_reported": 0.01535481997138319,
      "D1_match": true,
      "D1_recomputed": 22.501397105147397,
      "D1_reported": 22.501397105147397,
      "tol_abs": 1e-12,
      "tol_rel": 1e-10,
      "verify_dnu": 0.10000000000000009
    }
  },
  "hint": "This script compares observed morphology against phase-randomized surrogates that preserve |a_lm|. V0(nu) is excursion-set area fraction; V1(nu) is a perimeter proxy estimated from |\u2207x| in a nu-band. Distances D0 and D1 are L2 distances (sqrt(sum((a-b)^2)*dnu)) to surrogate-mean curves. D_mf combines them as sqrt(D0^2 + D1^2). Z_mf is the scale-free combined z-distance.",
  "kind": "planck_pr3_lensing_phi_topology_mf_v0_v1",
  "lmax": 128,
  "metric": "Minkowski-style morphology: V0(area) + V1(perimeter proxy) vs phase-random surrogates",
  "n_sims": 2000,
  "nside": 256,
  "observed": {
    "D0_L2": 0.01535481997138319,
    "D0_sum_sq_legacy": 0.0023577049635358782,
    "D1_L2": 22.501397105147397,
    "D1_sum_sq_legacy": 5063.128716835353,
    "D_mf": 22.501402344165843,
    "Z0": 1.431968092406682,
    "Z1": 1.3070213141117883,
    "Z_mf": 1.9387721199804113,
    "map_mean": -2.8726991386368583e-08,
    "map_std": 0.029120341779880987,
    "v0_curve": [
      0.9992446899414062,
      0.9989102681477865,
      0.9984169006347656,
      0.9978065490722656,
      0.996941884358724,
      0.9956893920898438,
      0.9941266377766927,
      0.992102305094401,
      0.9893913269042969,
      0.9858322143554688,
      0.9814275105794271,
      0.9759000142415365,
      0.9690361022949219,
      0.9606119791666666,
      0.950463612874349,
      0.9384854634602865,
      0.9244944254557291,
      0.9080619812011719,
      0.8894729614257812,
      0.8680305480957031,
      0.8439585367838541,
      0.8171119689941406,
      0.7873954772949219,
      0.7549591064453125,
      0.7203865051269531,
      0.6838086446126302,
      0.6459833780924479,
      0.6070556640625,
      0.5670865376790365,
      0.5273170471191406,
      0.4874560038248698,
      0.4478619893391927,
      0.40920130411783856,
      0.37137095133463544,
      0.334930419921875,
      0.3002662658691406,
      0.26789601643880206,
      0.23750432332356772,
      0.20927302042643228,
      0.1831207275390625,
      0.15926996866861978,
      0.13722864786783853,
      0.1177050272623698,
      0.10068003336588542,
      0.08546956380208333,
      0.07177098592122395,
      0.060016632080078125,
      0.049639383951822914,
      0.04090754191080729,
      0.033536275227864586,
      0.027238210042317707,
      0.021914164225260418,
      0.01743316650390625,
      0.01387786865234375,
      0.010996500651041666,
      0.008656819661458334,
      0.00681304931640625,
      0.0052642822265625,
      0.00397491455078125,
      0.0029754638671875,
      0.0021870930989583335
    ],
    "v1_curve": [
      2.098199361178386,
      3.506386605646692,
      4.670533505070005,
      6.179955947283115,
      8.623766624376216,
      11.26047306226113,
      14.8326440867262,
      19.82289071869782,
      25.82655568104287,
      32.47073920119695,
      39.712781302733255,
      49.7018481205396,
      62.32282485447823,
      73.4497636116776,
      91.66947956237769,
      106.06393051873519,
      128.02171647037736,
      142.03884925357283,
      167.92169170920494,
      188.36793368828566,
      210.4728568063002,
      234.37308832792093,
      263.1664014591604,
      279.1474841778102,
      300.51252807870753,
      316.2078944759729,
      332.8506051885261,
      346.2673649074823,
      352.7476587354583,
      358.8261327247985,
      361.64697506008326,
      361.63938145194277,
      357.04886516636225,
      351.82594021928213,
      341.4528692750344,
      325.8476643665025,
      314.6890671095098,
      296.7624312469919,
      281.28604976161125,
      261.0869780998087,
      243.09168324432093,
      223.64228800233673,
      199.51002713336288,
      174.30100684730678,
      159.55032656503104,
      136.682720373911,
      117.25892949084125,
      103.67704843375033,
      82.99591459223592,
      72.66132608441899,
      61.006163741263975,
      49.787735378594775,
      41.95748114705681,
      33.179406064386264,
      25.173250964722772,
      19.97248510460611,
      16.624901080086776,
      12.992076631638389,
      10.188660292861103,
      7.770415731733894,
      6.052858820586903
    ]
  },
  "p_high": 0.0944527736131934,
  "p_high_mf": 0.11544227886056972,
  "p_low": 0.9060469765117442,
  "p_low_mf": 0.8850574712643678,
  "p_two_sided": 0.1889055472263868,
  "p_two_sided_mf": 0.23088455772113944,
  "provenance": {
    "dat_url": "GAUSSIAN_CONTROL_FROM: https://github.com/gradient-pulse/phi-mesh/releases/download/data-2026-02-15-planck-lensing-R3/planck_pr3_lensing_mv_dat_klm.fits",
    "mf_url": "GAUSSIAN_CONTROL_MF_ZERO_FROM: https://github.com/gradient-pulse/phi-mesh/releases/download/data-2026-02-15-planck-lensing-R3/planck_pr3_lensing_mv_mf_klm.fits"
  },
  "seed": 731,
  "surrogate": {
    "D0_mean": 0.008271931090306342,
    "D0_std": 0.004946261665071579,
    "D1_mean": 14.394800969112518,
    "D1_std": 6.202344252927408,
    "D_mf_mean": 14.394803531496168,
    "D_mf_std": 6.202345794091485,
    "v0_mean_curve": [
      0.9987895005544036,
      0.9982966594696056,
      0.9976311136881508,
      0.996740392684936,
      0.9955623645782476,
      0.9940208772023518,
      0.9920285663604728,
      0.9894819240570073,
      0.9862634881337481,
      0.982245354970295,
      0.9772762228647875,
      0.9711959444681797,
      0.9638458824157711,
      0.955054098765055,
      0.9446474870045979,
      0.9324520085652671,
      0.918313369115193,
      0.9020824089050302,
      0.8836434968312574,
      0.8629078477223707,
      0.839825384775797,
      0.8143883069356278,
      0.7866264712015771,
      0.7566217619578044,
      0.7245138371785487,
      0.6904860204060865,
      0.6547778434753422,
      0.6176594810485835,
      0.5794273789723708,
      0.5404204839070634,
      0.5010018469492593,
      0.46155056126912464,
      0.4224438775380459,
      0.3840444660186771,
      0.34671316719055223,
      0.3107485472361246,
      0.2764564984639489,
      0.2440711981455484,
      0.21378825823465986,
      0.1857569885253907,
      0.1600674997965496,
      0.13676509094238276,
      0.11584455362955712,
      0.09725345230102539,
      0.08091107559204107,
      0.06669714800516757,
      0.054460962295532274,
      0.04404806772867841,
      0.03527346165974934,
      0.02796873346964522,
      0.02195915794372558,
      0.017068471908569333,
      0.013127276102701818,
      0.009991106033325195,
      0.007524089177449549,
      0.005604338328043609,
      0.004130638758341473,
      0.0030106678009033205,
      0.0021706676483154294,
      0.0015467783610026032,
      0.0010894578297932934
    ],