{
  "diagnostics": {
    "excess_kurt_x_obs": -1.1112542671143604,
    "imag_frac_nonzero_eps1e-12": 0.9896907216494846,
    "imag_max_abs": 0.007993837136721808,
    "skew_x_obs": 0.11388403814721791,
    "v1_delta_bandwidth_dnu": 0.10000000000000009,
    "v1_symmetry_corr": 0.849333488316976,
    "verify_l2_from_curves": {
      "D0_match": true,
      "D0_recomputed": 0.09852364355650924,
      "D0_reported": 0.09852364355650924,
      "D1_match": true,
      "D1_recomputed": 161.98405362008072,
      "D1_reported": 161.98405362008072,
      "tol_abs": 1e-12,
      "tol_rel": 1e-10,
      "verify_dnu": 0.10000000000000009
    }
  },
  "hint": "This script compares observed morphology against phase-randomized surrogates that preserve |a_lm|. V0(nu) is excursion-set area fraction; V1(nu) is a perimeter proxy estimated from |\u2207x| in a nu-band. Distances D0 and D1 are L2 distances (sqrt(sum((a-b)^2)*dnu)) to surrogate-mean curves. D_mf combines them as sqrt(D0^2 + D1^2). Z_mf is the scale-free combined z-distance.",
  "kind": "planck_pr3_lensing_phi_topology_mf_v0_v1",
  "lmax": 192,
  "metric": "Minkowski-style morphology: V0(area) + V1(perimeter proxy) vs phase-random surrogates",
  "n_sims": 2000,
  "nside": 256,
  "observed": {
    "D0_L2": 0.09852364355650924,
    "D0_sum_sq_legacy": 0.09706908339650074,
    "D1_L2": 161.98405362008072,
    "D1_sum_sq_legacy": 262388.33627193165,
    "D_mf": 161.98408358262094,
    "Z0": 58.59024569386105,
    "Z1": 46.37263630978545,
    "Z_mf": 74.72106991195078,
    "map_mean": 3.1251596951479645e-08,
    "map_std": 0.058629242314227746,
    "v0_curve": [
      0.999993642171224,
      0.9999872843424479,
      0.9999834696451823,
      0.9999732971191406,
      0.9999605814615885,
      0.9999440511067709,
      0.9999211629231771,
      0.9998753865559896,
      0.9998181660970052,
      0.9996757507324219,
      0.999420166015625,
      0.9989547729492188,
      0.9981918334960938,
      0.997039794921875,
      0.9949429829915365,
      0.9914054870605469,
      0.9803568522135416,
      0.9350395202636719,
      0.8406486511230469,
      0.7559598286946615,
      0.7052383422851562,
      0.6836624145507812,
      0.6724980672200521,
      0.662481943766276,
      0.6512540181477865,
      0.6381123860677084,
      0.6229642232259115,
      0.6050999959309896,
      0.5839742024739584,
      0.5602989196777344,
      0.5333366394042969,
      0.503302256266276,
      0.4706217447916667,
      0.43563206990559894,
      0.3987236022949219,
      0.36084620157877606,
      0.32227198282877606,
      0.28436279296875,
      0.2473729451497396,
      0.21257527669270834,
      0.1792577107747396,
      0.14918899536132812,
      0.12185414632161458,
      0.0979016621907552,
      0.07744598388671875,
      0.060450236002604164,
      0.04636255900065104,
      0.03494135538736979,
      0.025915781656901043,
      0.01877593994140625,
      0.013590494791666666,
      0.009510040283203125,
      0.006551106770833333,
      0.004453023274739583,
      0.00289154052734375,
      0.0019327799479166667,
      0.001247406005859375,
      0.000812530517578125,
      0.0005175272623697916,
      0.0003140767415364583,
      0.000186920166015625
    ],
    "v1_curve": [
      0.05942947403556981,
      0.11572234503763086,
      0.06316059076985008,
      0.21321726581015793,
      0.1524147924141446,
      0.2976356143177282,
      0.3596153618176921,
      0.7473690686503558,
      1.0518720672939021,
      1.7796161603504774,
      3.3168119576023436,
      5.521827772328429,
      8.56981167590513,
      13.84049606203294,
      22.25443699578945,
      33.878674572416365,
      72.16182141705431,
      157.5859409377868,
      209.53584471545483,
      179.9764031446225,
      137.94361406474994,
      118.63977607410796,
      128.0765736881434,
      153.13211003197674,
      182.47748586437473,
      213.3469199530757,
      255.38485815684305,
      301.4479446520008,
      344.23589184054293,
      389.53472574269244,
      448.71409197956854,
      486.46857783312356,
      519.9022001942709,
      563.3307300828459,
      576.7770779400862,
      600.3450915156656,
      588.6348914966686,
      579.5456402001445,
      565.9680963658409,
      538.175484355254,
      498.80019096743735,
      453.74781185402287,
      397.55150096887064,
      347.9338387530585,
      298.193035196426,
      245.76894204506968,
      198.30954957146463,
      165.50927284792283,
      128.56924977854555,
      99.16507810514582,
      73.00790664395971,
      56.218969165403415,
      40.99377294843753,
      31.142605179433904,
      20.893006037888522,
      14.231599655713593,
      10.402311746325694,
      7.010385526826072,
      4.87739214156498,
      2.9597144604985526,
      2.052154396048651
    ]
  },
  "p_high": 0.0004997501249375312,
  "p_high_mf": 0.0004997501249375312,
  "p_low": 1.0,
  "p_low_mf": 1.0,
  "p_two_sided": 0.0009995002498750624,
  "p_two_sided_mf": 0.0009995002498750624,
  "provenance": {
    "dat_url": "LCDM_RECON_SIM_TARBALL:https://github.com/gradient-pulse/phi-mesh/releases/download/data-2026-02-15-planck-lensing-R3/lcdm_recon_sims__layout_sims.tar.gz",
    "mf_url": "LCDM_RECON_SIM_TARBALL:https://github.com/gradient-pulse/phi-mesh/releases/download/data-2026-02-15-planck-lensing-R3/lcdm_recon_sims__layout_sims.tar.gz"
  },
  "seed": 2401,
  "surrogate": {
    "D0_mean": 0.0035298436277862713,
    "D0_std": 0.0016213244850529138,
    "D1_mean": 11.833815726838827,
    "D1_std": 3.23790601185979,
    "D_mf_mean": 11.833816312386455,
    "D_mf_std": 3.237906201683642,
    "v0_mean_curve": [
      0.9994165026346851,
      0.9990718790690089,
      0.9985550657908125,
      0.9977958710988367,
      0.9967054284413667,
      0.9951755402882887,
      0.9930785592397052,
      0.990264910380044,
      0.9865710264841682,
      0.98182271893819,
      0.9758473027547199,
      0.968481679916382,
      0.9595857226053864,
      0.9490300858815516,
      0.9367441380818671,
      0.9226867834726981,
      0.9068520234425876,
      0.8892800604502379,
      0.8700243784586592,
      0.8491575330098478,
      0.8267443326314288,
      0.802838658014934,
      0.7774656422932932,
      0.7506315600077311,
      0.7223074143727614,
      0.6924800891876217,
      0.6611011505126951,
      0.6281820373535172,
      0.5937556457519533,
      0.5579204546610501,
      0.5208525778452561,
      0.48277242851257335,
      0.4440305048624677,
      0.40499922370910696,
      0.3661229724884026,
      0.3278659318288166,
      0.29069562085469564,
      0.2550588601430255,
      0.2213942693074545,
      0.1900219790140791,
      0.16122487386067713,
      0.135165698369344,
      0.1119418080647787,
      0.09155934969584148,
      0.07394116910298663,
      0.05894409052530922,
      0.046375986099243205,
      0.03600412241617839,
      0.027577013651529956,
      0.0208354104359945,
      0.015525910695393873,
      0.011407777786254854,
      0.008264004389444987,
      0.005901684443155916,
      0.004155935923258466,
      0.002884516398111979,
      0.0019742113749186183,
      0.001331464767456054,
      0.0008855756123860675,
      0.0005810171763102226,
      0.0003748569488525397
    ],