{
  "diagnostics": {
    "excess_kurt_x_obs": 1.97027105671809,
    "imag_frac_nonzero_eps1e-12": 0.9896907216494846,
    "imag_max_abs": 0.0040857590037117015,
    "skew_x_obs": -0.10639073035503488,
    "v1_delta_bandwidth_dnu": 0.10000000000000009,
    "v1_symmetry_corr": 0.9805235292681854,
    "verify_l2_from_curves": {
      "D0_match": true,
      "D0_recomputed": 0.09589104631871229,
      "D0_reported": 0.09589104631871229,
      "D1_match": true,
      "D1_recomputed": 173.19370348987783,
      "D1_reported": 173.19370348987783,
      "tol_abs": 1e-12,
      "tol_rel": 1e-10,
      "verify_dnu": 0.10000000000000009
    }
  },
  "hint": "This script compares observed morphology against phase-randomized surrogates that preserve |a_lm|. V0(nu) is excursion-set area fraction; V1(nu) is a perimeter proxy estimated from |\u2207x| in a nu-band. Distances D0 and D1 are L2 distances (sqrt(sum((a-b)^2)*dnu)) to surrogate-mean curves. D_mf combines them as sqrt(D0^2 + D1^2). Z_mf is the scale-free combined z-distance.",
  "kind": "planck_pr3_lensing_phi_topology_mf_v0_v1",
  "lmax": 192,
  "metric": "Minkowski-style morphology: V0(area) + V1(perimeter proxy) vs phase-random surrogates",
  "n_sims": 2000,
  "nside": 256,
  "observed": {
    "D0_L2": 0.09589104631871229,
    "D0_sum_sq_legacy": 0.09195092764097418,
    "D1_L2": 173.19370348987783,
    "D1_sum_sq_legacy": 299960.5892853969,
    "D_mf": 173.19373003556592,
    "Z0": 226.5694704722664,
    "Z1": 82.05304009217305,
    "Z_mf": 240.96976229073007,
    "map_mean": 6.787224544139066e-08,
    "map_std": 0.07166274280045523,
    "v0_curve": [
      0.994042714436849,
      0.992760976155599,
      0.9912465413411459,
      0.9895680745442709,
      0.9874623616536459,
      0.9851226806640625,
      0.9824193318684896,
      0.9790802001953125,
      0.9753367106119791,
      0.9708569844563802,
      0.9658279418945312,
      0.9600423177083334,
      0.9534708658854166,
      0.9458465576171875,
      0.9373118082682291,
      0.9276084899902344,
      0.9167531331380209,
      0.9045321146647135,
      0.8907432556152344,
      0.8760579427083334,
      0.8595962524414062,
      0.8417371114095052,
      0.8222834269205729,
      0.8014933268229166,
      0.779242197672526,
      0.755669911702474,
      0.730566660563151,
      0.7039909362792969,
      0.6744066874186198,
      0.6370760599772135,
      0.5786221822102865,
      0.4855448404947917,
      0.37931187947591144,
      0.2993049621582031,
      0.25236256917317706,
      0.22131983439127603,
      0.19683074951171875,
      0.17546717325846353,
      0.15589396158854166,
      0.13840484619140625,
      0.12218602498372395,
      0.107574462890625,
      0.09432220458984375,
      0.0825513203938802,
      0.07196299235026042,
      0.06257883707682292,
      0.05430475870768229,
      0.04685084025065104,
      0.04034296671549479,
      0.034655253092447914,
      0.029687245686848957,
      0.025483449300130207,
      0.021719614664713543,
      0.018596649169921875,
      0.015833536783854168,
      0.0133819580078125,
      0.0113525390625,
      0.009627024332682291,
      0.00811767578125,
      0.006824493408203125,
      0.005777994791666667
    ],
    "v1_curve": [
      34.11271771220726,
      38.64005548214863,
      49.14354859529194,
      57.40714003893177,
      67.48812646696133,
      74.2034588702817,
      95.07854209077163,
      105.20537866654288,
      121.15524256271533,
      135.722355909532,
      156.62520751553305,
      185.74325262239265,
      204.56029016726205,
      244.39262431261912,
      258.7324321604343,
      287.79985049406827,
      327.2999997512324,
      353.4972455609575,
      389.0473261565267,
      432.9195379023285,
      451.6265927815072,
      501.2060549909299,
      527.0573591777141,
      576.9402735146217,
      587.4908883185046,
      608.1448055495509,
      650.8785692798403,
      660.3699867980886,
      683.0530036674835,
      726.6735187302359,
      815.0386122759102,
      879.2779745296534,
      853.4316763290389,
      744.3850177203813,
      660.302346258455,
      591.7352590658016,
      552.125838000197,
      518.4118626904211,
      493.7636164373755,
      445.3957921983975,
      414.92188695584446,
      376.728644020355,
      350.8974462943312,
      318.2632125862194,
      283.82894152431686,
      250.33870225471378,
      224.07509386392377,
      204.79772515716138,
      177.2003960239764,
      153.08826437661023,
      132.74958255529393,
      126.13561247693826,
      100.68963117225368,
      89.34593152349835,
      80.80403803368625,
      71.64741242329625,
      61.585078479073346,
      50.540367734506965,
      44.59855011030194,
      39.091951361863785,
      32.55742843091207
    ]
  },
  "p_high": 0.0004997501249375312,
  "p_high_mf": 0.0004997501249375312,
  "p_low": 1.0,
  "p_low_mf": 1.0,
  "p_two_sided": 0.0009995002498750624,
  "p_two_sided_mf": 0.0009995002498750624,
  "provenance": {
    "dat_url": "LCDM_RECON_SIM_TARBALL:https://github.com/gradient-pulse/phi-mesh/releases/download/data-2026-02-15-planck-lensing-R3/lcdm_recon_sims__layout_sims.tar.gz",
    "mf_url": "LCDM_RECON_SIM_TARBALL:https://github.com/gradient-pulse/phi-mesh/releases/download/data-2026-02-15-planck-lensing-R3/lcdm_recon_sims__layout_sims.tar.gz"
  },
  "seed": 2402,
  "surrogate": {
    "D0_mean": 0.001071477261581318,
    "D0_std": 0.00041850108427886145,
    "D1_mean": 13.984229360102269,
    "D1_std": 1.940323892337566,
    "D_mf_mean": 13.98422940763483,
    "D_mf_std": 1.9403238907150042,
    "v0_mean_curve": [
      0.9983794523874922,
      0.9978055941263838,
      0.9970505218505852,
      0.9960651302337648,
      0.994794940312704,
      0.9931710980733213,
      0.9911077276865657,
      0.9885091158548995,
      0.9852679735819483,
      0.9812615909576438,
      0.9763523438771563,
      0.9703871250152604,
      0.963213738759358,
      0.9546525828043616,
      0.9445332285563153,
      0.9326849676767976,
      0.9189352124532066,
      0.9031252053578687,
      0.8851210924784342,
      0.8648123022715253,
      0.8421208299001062,
      0.8170176105499265,
      0.7895165704091403,
      0.7596576474507637,
      0.7275891742706294,
      0.6934585539499938,
      0.65752045885722,
      0.6200371958414709,
      0.5813458334604905,
      0.5418030204772948,
      0.5017996037801115,
      0.4617326869964602,
      0.42202208773295113,
      0.38306012535095246,
      0.34522903378804476,
      0.30886607996622717,
      0.27426337750752766,
      0.24167911593119362,
      0.21133034896850583,
      0.18333013534545886,
      0.15776999537150074,
      0.13467970403035495,
      0.11403108851114913,
      0.09574417622884096,
      0.07972395960489899,
      0.06582978375752781,
      0.053901331583658785,
      0.04375894037882484,
      0.035219149907430004,
      0.028109549840291372,
      0.022244546890258735,
      0.017451713562011712,
      0.013576108296712233,
      0.010472694396972643,
      0.008009979248046884,
      0.0060749702453613275,
      0.004567051569620772,
      0.0034053134918212925,
      0.002517307281494143,
      0.0018448384602864525,
      0.0013411502838134757
    ],