{
  "diagnostics": {
    "excess_kurt_x_obs": -0.27812696282584026,
    "imag_frac_nonzero_eps1e-12": 0.9846153846153847,
    "imag_max_abs": 0.0050463026842661445,
    "skew_x_obs": -0.18739427867203892,
    "v1_delta_bandwidth_dnu": 0.10000000000000009,
    "v1_symmetry_corr": 0.9682528709896496,
    "verify_l2_from_curves": {
      "D0_match": true,
      "D0_recomputed": 0.004218095623942724,
      "D0_reported": 0.004218095623942724,
      "D1_match": true,
      "D1_recomputed": 5.426374495355203,
      "D1_reported": 5.426374495355203,
      "tol_abs": 1e-12,
      "tol_rel": 1e-10,
      "verify_dnu": 0.10000000000000009
    }
  },
  "hint": "This script compares observed morphology against phase-randomized surrogates that preserve |a_lm|. V0(nu) is excursion-set area fraction; V1(nu) is a perimeter proxy estimated from |\u2207x| in a nu-band. Distances D0 and D1 are L2 distances (sqrt(sum((a-b)^2)*dnu)) to surrogate-mean curves. D_mf combines them as sqrt(D0^2 + D1^2). Z_mf is the scale-free combined z-distance.",
  "kind": "planck_pr3_lensing_phi_topology_mf_v0_v1",
  "lmax": 128,
  "metric": "Minkowski-style morphology: V0(area) + V1(perimeter proxy) vs phase-random surrogates",
  "n_sims": 2000,
  "nside": 256,
  "observed": {
    "D0_L2": 0.004218095623942724,
    "D0_sum_sq_legacy": 0.0001779233069272474,
    "D1_L2": 5.426374495355203,
    "D1_sum_sq_legacy": 294.4554016384141,
    "D_mf": 5.42637613478573,
    "Z0": 0.20996899859818802,
    "Z1": -1.3517095785511837,
    "Z_mf": 1.3679202334636857,
    "map_mean": 2.2822474458316273e-08,
    "map_std": 0.033531807518679395,
    "v0_curve": [
      0.9990692138671875,
      0.9986673990885416,
      0.9980239868164062,
      0.9971237182617188,
      0.9959233601888021,
      0.9942448933919271,
      0.9921404520670573,
      0.9892285664876302,
      0.985541025797526,
      0.9807459513346354,
      0.9745445251464844,
      0.966864267985026,
      0.9576543172200521,
      0.9467023213704427,
      0.9341697692871094,
      0.9202550252278646,
      0.9049021402994791,
      0.8880589803059896,
      0.8693987528483073,
      0.8495559692382812,
      0.8280843098958334,
      0.8051478068033854,
      0.7807960510253906,
      0.7548828125,
      0.7271308898925781,
      0.6969350179036459,
      0.6652565002441406,
      0.6319160461425781,
      0.5970865885416666,
      0.5609601338704427,
      0.5234832763671875,
      0.4846916198730469,
      0.44548288981119794,
      0.406036376953125,
      0.3667348225911458,
      0.3284263610839844,
      0.29098256429036456,
      0.25521596272786456,
      0.22109858194986978,
      0.18906021118164062,
      0.16012064615885416,
      0.1335576375325521,
      0.1102612813313802,
      0.08978907267252605,
      0.07239659627278645,
      0.05744806925455729,
      0.04510625203450521,
      0.034954071044921875,
      0.026646931966145832,
      0.02007293701171875,
      0.014712015787760416,
      0.010690053304036459,
      0.007631937662760417,
      0.005330403645833333,
      0.0036837259928385415,
      0.0024744669596354165,
      0.0016810099283854167,
      0.001110076904296875,
      0.000705718994140625,
      0.0004475911458333333,
      0.0002962748209635417
    ],
    "v1_curve": [
      2.1003630361301777,
      3.0695266052272907,
      4.829929957046716,
      5.858039085047249,
      8.51414855787414,
      11.177200117574955,
      14.562086150148797,
      19.78751286099127,
      24.014014314355247,
      30.954581418058567,
      39.590776723738024,
      46.83718391101466,
      57.65454419860182,
      65.62526690597338,
      76.43670564809284,
      87.33001276075773,
      95.91221359888704,
      109.02713160476088,
      121.86822806360954,
      134.6069279729687,
      149.07945571942284,
      161.2268262310598,
      177.80272280567647,
      197.29788928593004,
      213.3971623475097,
      235.88133739023678,
      250.93392010120797,
      274.4279871746986,
      288.01426277520846,
      302.14820833031257,
      318.65873272957907,
      333.0813599674696,
      338.39854050066094,
      344.33356094461243,
      343.76555731424367,
      340.3632583480707,
      332.3855542309824,
      321.13140641878664,
      308.64428481702305,
      289.2658050787505,
      266.50781020679335,
      236.52008714755698,
      214.5384014152736,
      188.0890260301067,
      161.65214894548254,
      141.1284105064876,
      117.78561600610503,
      94.2955293769604,
      82.65725121938893,
      66.06398900459642,
      50.35704332393363,
      37.453094672821216,
      30.640038368939674,
      21.468461429169274,
      15.655329782935299,
      11.138832130306989,
      7.406160556437691,
      5.060954872354255,
      4.081804068730559,
      2.4633327987371,
      1.6802416558769135
    ]
  },
  "p_high": 0.35732133933033483,
  "p_high_mf": 0.9570214892553723,
  "p_low": 0.6431784107946027,
  "p_low_mf": 0.043478260869565216,
  "p_two_sided": 0.7146426786606697,
  "p_two_sided_mf": 0.08695652173913043,
  "provenance": {
    "dat_url": "https://github.com/gradient-pulse/phi-mesh/releases/download/data-2026-02-15-planck-lensing-R3/planck_pr3_lensing_mv_dat_klm.fits",
    "mf_url": "https://github.com/gradient-pulse/phi-mesh/releases/download/data-2026-02-15-planck-lensing-R3/planck_pr3_lensing_mv_mf_klm.fits",
    "selftest_observed_surrogate_seed": 123
  },
  "seed": 731,
  "surrogate": {
    "D0_mean": 0.0038547047574569813,
    "D0_std": 0.0017306881916465853,
    "D1_mean": 8.601011739912297,
    "D1_std": 2.3486089726165855,
    "D_mf_mean": 8.60101271138004,
    "D_mf_std": 2.3486092157161784,
    "v0_mean_curve": [
      0.9994317499796531,
      0.9990934123992928,
      0.9985849641164143,
      0.9978347282409662,
      0.9967534402211509,
      0.9952327823638913,
      0.9931399784088145,
      0.9903213596343984,
      0.986611001332601,
      0.9818399378458648,
      0.9758261483510333,
      0.968408574422201,
      0.9594429632822671,
      0.9488136781056721,
      0.9364469184875485,
      0.9223039639790857,
      0.9064034856160476,
      0.8887755266825362,
      0.869488059997558,
      0.8486151479085288,
      0.8262224623362217,
      0.8023624248504639,
      0.777070754369101,
      0.7503602104187013,
      0.7221967188517268,
      0.6925541826883946,
      0.6613900712331136,
      0.6286675949096694,
      0.5944171492258697,
      0.5587173627217608,
      0.5217307039896644,
      0.48369648361206036,
      0.44493881988525336,
      0.40584438260396355,
      0.3668678220113127,
      0.32847806803385343,
      0.29115736325581915,
      0.2553742758433023,
      0.2215496018727618,
      0.1900395743052162,
      0.16112244987487803,
      0.13496978632609044,
      0.11167268816630042,
      0.09123043568929035,
      0.07358744621276854,
      0.058589610417683936,
      0.04603766568501785,
      0.035694118499755914,
      0.027304660161336286,
      0.020599216461181614,
      0.01532355753580729,
      0.011241209665934218,
      0.008132164001464832,
      0.005796848932902021,
      0.004074526468912761,
      0.0028244539896647163,
      0.00192958831787109,
      0.0013003431955973294,
      0.0008641471862792956,
      0.0005667864481608075,
      0.0003665218353271483
    ],