{
  "diagnostics": {
    "excess_kurt_x_obs": -0.031647021480295745,
    "imag_frac_nonzero_eps1e-12": 0.9937888198757764,
    "imag_max_abs": 0.03835128655607258,
    "skew_x_obs": 0.014377746538504885,
    "v1_delta_bandwidth_dnu": 0.10000000000000009,
    "v1_symmetry_corr": 0.9995989536018008,
    "verify_l2_from_curves": {
      "D0_match": true,
      "D0_recomputed": 0.0016320490735757607,
      "D0_reported": 0.0016320490735757607,
      "D1_match": true,
      "D1_recomputed": 22.434567421018233,
      "D1_reported": 22.434567421018233,
      "tol_abs": 1e-12,
      "tol_rel": 1e-10,
      "verify_dnu": 0.10000000000000009
    }
  },
  "hint": "This script compares observed morphology against phase-randomized surrogates that preserve |a_lm|. V0(nu) is excursion-set area fraction; V1(nu) is a perimeter proxy estimated from |\u2207x| in a nu-band. Distances D0 and D1 are L2 distances (sqrt(sum((a-b)^2)*dnu)) to surrogate-mean curves. D_mf combines them as sqrt(D0^2 + D1^2). Z_mf is the scale-free combined z-distance.",
  "kind": "planck_pr3_lensing_phi_topology_mf_v0_v1",
  "lmax": 320,
  "metric": "Minkowski-style morphology: V0(area) + V1(perimeter proxy) vs phase-random surrogates",
  "n_sims": 2000,
  "nside": 256,
  "observed": {
    "D0_L2": 0.0016320490735757607,
    "D0_sum_sq_legacy": 2.663584178559496e-05,
    "D1_L2": 22.434567421018233,
    "D1_sum_sq_legacy": 5033.098153682122,
    "D_mf": 22.434567480381627,
    "Z0": 0.042516145847973606,
    "Z1": 0.4358688988635901,
    "Z_mf": 0.4379375750655848,
    "map_mean": 3.495986872764414e-08,
    "map_std": 0.06148640873612504,
    "v0_curve": [
      0.9988683064778646,
      0.998388926188151,
      0.9976882934570312,
      0.9968427022298177,
      0.9956893920898438,
      0.9942359924316406,
      0.9922599792480469,
      0.9898185729980469,
      0.9867299397786459,
      0.9827613830566406,
      0.9777882893880209,
      0.9717203776041666,
      0.9643821716308594,
      0.9556630452473959,
      0.945440928141276,
      0.93328857421875,
      0.9191970825195312,
      0.9030532836914062,
      0.884497324625651,
      0.8636309305826823,
      0.8407503763834635,
      0.815155029296875,
      0.7872238159179688,
      0.7573102315266927,
      0.7245216369628906,
      0.6900164286295573,
      0.6541760762532552,
      0.6166801452636719,
      0.5782267252604166,
      0.5390421549479166,
      0.4993909200032552,
      0.4597829182942708,
      0.4202562967936198,
      0.3815498352050781,
      0.3440895080566406,
      0.3082466125488281,
      0.2745043436686198,
      0.24247614542643228,
      0.21259435017903647,
      0.18478902180989584,
      0.15923182169596353,
      0.13600031534830728,
      0.11566670735677083,
      0.09740829467773438,
      0.0813916524251302,
      0.06732813517252605,
      0.055118560791015625,
      0.044902801513671875,
      0.03624852498372396,
      0.029073079427083332,
      0.02301788330078125,
      0.018053690592447918,
      0.014021555582682291,
      0.010799407958984375,
      0.00821685791015625,
      0.006310780843098958,
      0.004762013753255208,
      0.0035692850748697915,
      0.0026041666666666665,
      0.00186920166015625,
      0.001354217529296875
    ],
    "v1_curve": [
      12.514098838612952,
      18.040131419273933,
      22.731701128406023,
      29.484676456780377,
      39.46837606316528,
      50.70366525575551,
      71.30468122232477,
      85.16116746229886,
      105.11192641020845,
      139.99267751118327,
      173.24465399209106,
      206.78142815620325,
      246.60700191462828,
      291.8869261801075,
      349.74588839088034,
      417.94590199190964,
      487.2174007163134,
      541.1231363163446,
      624.000147686444,
      705.1166218707361,
      774.7989274031634,
      849.5559288528457,
      929.0552803275534,
      1027.3051215545734,
      1084.638347168619,
      1119.8222088484804,
      1187.6005150834003,
      1227.7666001609298,
      1257.995326849095,
      1277.6236178143306,
      1282.0787828830535,
      1292.222938747837,
      1282.1911650752445,
      1214.7678623657043,
      1171.0585342359625,
      1130.187998415368,
      1059.9379390746794,
      1002.9284901627167,
      919.0400171185104,
      864.0239907215254,
      811.4968932952902,
      701.7676814612196,
      641.4256124528602,
      548.4161984972867,
      481.15606612374955,
      420.8342579607581,
      353.7019689986725,
      297.85593588128944,
      247.64671058848347,
      198.6991204061466,
      174.03183766307455,
      141.9729315054494,
      107.53019820796156,
      91.753528437744,
      69.8888975048832,
      57.314257156889724,
      45.96068324486011,
      33.956125664312644,
      26.186366505287733,
      20.40765520457566,
      12.750109240352892
    ]
  },
  "p_high": 0.39980009995002497,
  "p_high_mf": 0.3098450774612694,
  "p_low": 0.6006996501749126,
  "p_low_mf": 0.6906546726636682,
  "p_two_sided": 0.7996001999000499,
  "p_two_sided_mf": 0.6196901549225388,
  "provenance": {
    "dat_url": "GAUSSIAN_CONTROL_FROM: https://github.com/gradient-pulse/phi-mesh/releases/download/data-2026-02-15-planck-lensing-R3/planck_pr3_lensing_mv_dat_klm.fits",
    "mf_url": "GAUSSIAN_CONTROL_MF_ZERO_FROM: https://github.com/gradient-pulse/phi-mesh/releases/download/data-2026-02-15-planck-lensing-R3/planck_pr3_lensing_mv_mf_klm.fits"
  },
  "seed": 731,
  "surrogate": {
    "D0_mean": 0.0015934144857763192,
    "D0_std": 0.0009087039059840593,
    "D1_mean": 21.049625149614176,
    "D1_std": 3.177428522693219,
    "D_mf_mean": 21.049625224872056,
    "D_mf_std": 3.1774285535510876,
    "v0_mean_curve": [
      0.9986421756744375,
      0.998122145970663,
      0.9974258734385162,
      0.9965069599151627,
      0.9953035055796288,
      0.9937430960337309,
      0.9917429002126051,
      0.9892019195556639,
      0.9860043640136724,
      0.9820262921651203,
      0.9771203352610262,
      0.971134355545044,
      0.9638989016215014,
      0.9552469406127928,
      0.9449993623097748,
      0.9329829095204674,
      0.9190347620646152,
      0.9029966754913329,
      0.8847375748952221,
      0.8641622180938722,
      0.8411978359222416,
      0.8158281790415444,
      0.7880760383605966,
      0.7580237375895176,
      0.7257947743733748,
      0.6915739974975569,
      0.6556016343434644,
      0.6181502882639568,
      0.5795631713867186,
      0.5401844736735006,
      0.5004081490834543,
      0.46060626284281414,
      0.4211812121073403,
      0.3825379829406738,
      0.34502138710021935,
      0.30894723892211984,
      0.2746228103637695,
      0.24229054196675578,
      0.21212417157491054,
      0.1842579949696857,
      0.15878648122151706,
      0.13573476600646972,
      0.11508138465881355,
      0.09676299858093267,
      0.08067215983072935,
      0.06668625450134286,
      0.05464686457316085,
      0.04439327557881672,
      0.03574476242065428,
      0.028522506078084306,
      0.022554972330729166,
      0.017675776163736934,
      0.013725283940633161,
      0.010558963139851878,
      0.008047256469726573,
      0.006077112833658857,
      0.0045456714630127005,
      0.00336727778116862,
      0.002472881317138671,
      0.0017986221313476547,
      0.001295443216959639
    ],