{
  "diagnostics": {
    "excess_kurt_x_obs": -0.036405879386042894,
    "imag_frac_nonzero_eps1e-12": 0.9937888198757764,
    "imag_max_abs": 0.03228178157669805,
    "skew_x_obs": 0.002208291672504007,
    "v1_delta_bandwidth_dnu": 0.10000000000000009,
    "v1_symmetry_corr": 0.9990437160267122,
    "verify_l2_from_curves": {
      "D0_match": true,
      "D0_recomputed": 0.0017369593284644405,
      "D0_reported": 0.0017369593284644405,
      "D1_match": true,
      "D1_recomputed": 22.79424683341265,
      "D1_reported": 22.79424683341265,
      "tol_abs": 1e-12,
      "tol_rel": 1e-10,
      "verify_dnu": 0.10000000000000009
    }
  },
  "hint": "This script compares observed morphology against phase-randomized surrogates that preserve |a_lm|. V0(nu) is excursion-set area fraction; V1(nu) is a perimeter proxy estimated from |\u2207x| in a nu-band. Distances D0 and D1 are L2 distances (sqrt(sum((a-b)^2)*dnu)) to surrogate-mean curves. D_mf combines them as sqrt(D0^2 + D1^2). Z_mf is the scale-free combined z-distance.",
  "kind": "planck_pr3_lensing_phi_topology_mf_v0_v1",
  "lmax": 320,
  "metric": "Minkowski-style morphology: V0(area) + V1(perimeter proxy) vs phase-random surrogates",
  "n_sims": 2000,
  "nside": 256,
  "observed": {
    "D0_L2": 0.0017369593284644405,
    "D0_sum_sq_legacy": 3.0170277087396374e-05,
    "D1_L2": 22.79424683341265,
    "D1_sum_sq_legacy": 5195.776887025422,
    "D_mf": 22.79424689959224,
    "Z0": -0.5012217803806716,
    "Z1": -0.41003655041695014,
    "Z_mf": 0.6475748959045604,
    "map_mean": -4.44815435518206e-08,
    "map_std": 0.06295113965856032,
    "v0_curve": [
      0.9987449645996094,
      0.9982617696126302,
      0.9975916544596354,
      0.9966862996419271,
      0.9955177307128906,
      0.9939587910970052,
      0.9920743306477865,
      0.9896049499511719,
      0.9863802591959635,
      0.9824167887369791,
      0.9774869283040365,
      0.971581776936849,
      0.964361826578776,
      0.9556325276692709,
      0.9453570048014323,
      0.9333572387695312,
      0.9193751017252604,
      0.9032681783040365,
      0.8846028645833334,
      0.8640925089518229,
      0.8407389322916666,
      0.8152516682942709,
      0.7871246337890625,
      0.7566998799641927,
      0.7244618733723959,
      0.689764658610026,
      0.6541353861490885,
      0.6168263753255209,
      0.578277587890625,
      0.539154052734375,
      0.49953969319661456,
      0.46042505900065106,
      0.4211883544921875,
      0.3825124104817708,
      0.34528477986653644,
      0.30946095784505206,
      0.27529652913411456,
      0.242919921875,
      0.2128931681315104,
      0.18512852986653647,
      0.15962600708007812,
      0.13649368286132812,
      0.1157671610514323,
      0.09733072916666667,
      0.0811017354329427,
      0.06704966227213542,
      0.0548858642578125,
      0.04461797078450521,
      0.035980224609375,
      0.028620402018229168,
      0.022622426350911457,
      0.017742156982421875,
      0.013693491617838541,
      0.010541280110677084,
      0.008023579915364584,
      0.005962371826171875,
      0.004427591959635417,
      0.003253936767578125,
      0.0023447672526041665,
      0.001728057861328125,
      0.001255035400390625
    ],
    "v1_curve": [
      12.219673064164308,
      19.305405245160436,
      25.00188886291115,
      31.90681876323565,
      43.03814266648999,
      54.063170048127745,
      71.2542776827357,
      92.62901032351577,
      117.0597065198863,
      140.01724825447636,
      182.1932791717051,
      211.94414660558175,
      250.7543999462508,
      303.10537653043133,
      366.9068676644327,
      418.74624101722077,
      489.80138959201355,
      568.6411473234174,
      642.9553025041207,
      715.4572953273582,
      795.320610879511,
      866.0137171518658,
      971.4527729199997,
      1018.3277299152475,
      1075.3713045034285,
      1128.6868124796163,
      1170.244439892127,
      1233.0683290399643,
      1241.0995170453475,
      1266.503103100941,
      1246.3454659485037,
      1238.3115308095064,
      1212.4238883614953,
      1180.398806717294,
      1117.6557340808781,
      1067.9961564067612,
      1021.3085129175577,
      957.780481593371,
      881.2464398055467,
      782.0038062443963,
      718.4415840981129,
      670.4461646097782,
      571.5596308196261,
      498.9435971572709,
      440.2848795271343,
      385.09882017705024,
      316.9492629158717,
      270.6270662207604,
      238.78103970282612,
      184.0209611609414,
      144.59566443362294,
      122.36436854716045,
      100.95901440361891,
      80.84974127988623,
      63.24613268470938,
      48.61851206775817,
      34.9485808688416,
      27.642516266046655,
      19.64069371907545,
      14.081738309517167,
      11.686961623441668
    ]
  },
  "p_high": 0.6046976511744128,
  "p_high_mf": 0.5912043978010995,
  "p_low": 0.39580209895052476,
  "p_low_mf": 0.40929535232383807,
  "p_two_sided": 0.7916041979010495,
  "p_two_sided_mf": 0.8185907046476761,
  "provenance": {
    "dat_url": "GAUSSIAN_CONTROL_FROM: https://github.com/gradient-pulse/phi-mesh/releases/download/data-2026-02-15-planck-lensing-R3/planck_pr3_lensing_mv_dat_klm.fits",
    "mf_url": "GAUSSIAN_CONTROL_MF_ZERO_FROM: https://github.com/gradient-pulse/phi-mesh/releases/download/data-2026-02-15-planck-lensing-R3/planck_pr3_lensing_mv_mf_klm.fits"
  },
  "seed": 731,
  "surrogate": {
    "D0_mean": 0.0025401173861326746,
    "D0_std": 0.0016024005522231014,
    "D1_mean": 25.29270565952736,
    "D1_std": 6.093258816986254,
    "D_mf_mean": 25.29270581084282,
    "D_mf_std": 6.093258928989352,
    "v0_mean_curve": [
      0.9986193911234547,
      0.9980929724375399,
      0.997390510559083,
      0.9964617169698095,
      0.995248434066772,
      0.9936802495320647,
      0.9916676266988123,
      0.9891136347452811,
      0.9859030596415203,
      0.9819086240132637,
      0.9769897003173823,
      0.9709965209960943,
      0.9637593193054185,
      0.9551044572194427,
      0.9448591715494782,
      0.9328550268809012,
      0.9189160664876301,
      0.9028920040130625,
      0.8846632690429687,
      0.864111605962116,
      0.8411849403381347,
      0.8158538220723478,
      0.7881542205810541,
      0.7581510887145991,
      0.7259720204671225,
      0.691796348571778,
      0.6558528086344397,
      0.6184333718617736,
      0.5798623282114663,
      0.5404857845306398,
      0.5007026055653885,
      0.46089712333679134,
      0.42146980476379414,
      0.3827946770985916,
      0.34524714406331375,
      0.30915181477864606,
      0.2747891896565759,
      0.24241376177469887,
      0.2121994387308755,
      0.18430346488952634,
      0.15879340298970546,
      0.13570034599304232,
      0.11501233100891105,
      0.09666601498921729,
      0.08055620702107766,
      0.06655496533711745,
      0.05450877507527669,
      0.044256794611613,
      0.03560631688435875,
      0.0283882471720378,
      0.022431354522705064,
      0.017562939961751296,
      0.013624118169148748,
      0.010470324198404974,
      0.007971789677937838,
      0.00601304944356282,
      0.004490939458211269,
      0.003322130839029947,
      0.0024343795776367236,
      0.0017655601501464847,
      0.0012685387929280624
    ],