{
  "diagnostics": {
    "excess_kurt_x_obs": -0.011780674382357859,
    "imag_frac_nonzero_eps1e-12": 0.9896907216494846,
    "imag_max_abs": 0.04177886505868044,
    "skew_x_obs": 0.10220057527314368,
    "v1_delta_bandwidth_dnu": 0.10000000000000009,
    "v1_symmetry_corr": 0.9987290328801264,
    "verify_l2_from_curves": {
      "D0_match": true,
      "D0_recomputed": 0.008577182772120877,
      "D0_reported": 0.008577182772120877,
      "D1_match": true,
      "D1_recomputed": 18.170177730471995,
      "D1_reported": 18.170177730471995,
      "tol_abs": 1e-12,
      "tol_rel": 1e-10,
      "verify_dnu": 0.10000000000000009
    }
  },
  "hint": "This script compares observed morphology against phase-randomized surrogates that preserve |a_lm|. V0(nu) is excursion-set area fraction; V1(nu) is a perimeter proxy estimated from |\u2207x| in a nu-band. Distances D0 and D1 are L2 distances (sqrt(sum((a-b)^2)*dnu)) to surrogate-mean curves. D_mf combines them as sqrt(D0^2 + D1^2). Z_mf is the scale-free combined z-distance.",
  "kind": "planck_pr3_lensing_phi_topology_mf_v0_v1",
  "lmax": 192,
  "metric": "Minkowski-style morphology: V0(area) + V1(perimeter proxy) vs phase-random surrogates",
  "n_sims": 2000,
  "nside": 256,
  "observed": {
    "D0_L2": 0.008577182772120877,
    "D0_sum_sq_legacy": 0.0007356806430636708,
    "D1_L2": 18.170177730471995,
    "D1_sum_sq_legacy": 3301.5535875694013,
    "D_mf": 18.170179754889734,
    "Z0": 0.03539841894415298,
    "Z1": -0.49565390379177926,
    "Z_mf": 0.49691633139571506,
    "map_mean": -1.524515538779923e-08,
    "map_std": 0.040558545535925035,
    "v0_curve": [
      0.9991849263509115,
      0.9988276163736979,
      0.9983113606770834,
      0.9976221720377604,
      0.9967041015625,
      0.9954376220703125,
      0.9937121073404948,
      0.9915186564127604,
      0.9886627197265625,
      0.9849103291829427,
      0.980340321858724,
      0.9746386210123698,
      0.9675318400065104,
      0.9588940938313802,
      0.9486885070800781,
      0.9362742106119791,
      0.9220161437988281,
      0.9053548177083334,
      0.8864275614420573,
      0.8650029500325521,
      0.8411865234375,
      0.8148752848307291,
      0.7864532470703125,
      0.7552617390950521,
      0.7217814127604166,
      0.6865221659342448,
      0.6492741902669271,
      0.6112238566080729,
      0.5722579956054688,
      0.5327135721842448,
      0.49283599853515625,
      0.4528083801269531,
      0.41361363728841144,
      0.3752708435058594,
      0.3385721842447917,
      0.30325571695963544,
      0.2702687581380208,
      0.23923746744791666,
      0.21043777465820312,
      0.18358230590820312,
      0.15909194946289062,
      0.13706461588541666,
      0.11731847127278645,
      0.09975687662760417,
      0.08411280314127605,
      0.07051340738932292,
      0.058568318684895836,
      0.04823939005533854,
      0.03940455118815104,
      0.03182347615559896,
      0.025624593098958332,
      0.020435333251953125,
      0.016153971354166668,
      0.012630462646484375,
      0.009802500406901041,
      0.007593790690104167,
      0.005811055501302083,
      0.004437764485677083,
      0.003353118896484375,
      0.0024998982747395835,
      0.0018463134765625
    ],
    "v1_curve": [
      4.558992045686265,
      5.376047588307847,
      7.769726169409766,
      10.891158207983453,
      13.773261454454339,
      20.5992819924291,
      25.660441492781448,
      34.060265813480385,
      44.95683495670727,
      59.880874594046375,
      70.20300123866677,
      87.74194951437444,
      110.33227406115049,
      132.48252386519806,
      163.28817749816108,
      190.0407972589356,
      221.2938460975918,
      255.19334149404614,
      297.5254373039791,
      340.39584596084416,
      369.35053539433284,
      414.60020218022265,
      452.5656363505006,
      490.59320069451826,
      522.3380018354462,
      552.6314713264265,
      585.8247138249967,
      596.9177066416096,
      614.7479027455028,
      620.4658029751017,
      623.1360199203912,
      623.7759753098181,
      604.7093597187587,
      586.7454072389588,
      565.3810436327735,
      537.8531758043246,
      498.4804932744453,
      457.66493078871224,
      422.3212219827392,
      381.0858217649342,
      348.8137138114545,
      302.94780586673386,
      268.6928229583393,
      234.147864408677,
      205.82947927569904,
      176.4215624439373,
      150.4333569902825,
      127.53197305850546,
      107.79401498933966,
      91.930769513342,
      72.4059997321317,
      62.032090844762706,
      49.38340894244434,
      40.182847837176546,
      31.932197274466194,
      24.389334754902578,
      19.138531845153672,
      15.72349264844995,
      12.014704681757566,
      9.348526240578513,
      6.572010715945587
    ]
  },
  "p_high": 0.4382808595702149,
  "p_high_mf": 0.6511744127936032,
  "p_low": 0.5622188905547226,
  "p_low_mf": 0.3493253373313343,
  "p_two_sided": 0.8765617191404298,
  "p_two_sided_mf": 0.6986506746626686,
  "provenance": {
    "dat_url": "GAUSSIAN_CONTROL_FROM: https://github.com/gradient-pulse/phi-mesh/releases/download/data-2026-02-15-planck-lensing-R3/planck_pr3_lensing_mv_dat_klm.fits",
    "mf_url": "GAUSSIAN_CONTROL_MF_ZERO_FROM: https://github.com/gradient-pulse/phi-mesh/releases/download/data-2026-02-15-planck-lensing-R3/planck_pr3_lensing_mv_mf_klm.fits"
  },
  "seed": 731,
  "surrogate": {
    "D0_mean": 0.008410208696310815,
    "D0_std": 0.004716992475666544,
    "D1_mean": 22.326165446509417,
    "D1_std": 8.3848582332226,
    "D_mf_mean": 22.326167153050868,
    "D_mf_std": 8.384859233706713,
    "v0_mean_curve": [
      0.9987432397206626,
      0.9982434520721433,
      0.9975700721740722,
      0.996674393971759,
      0.9954903602600099,
      0.9939495932261139,
      0.9919654318491605,
      0.9894370962778724,
      0.986248367309569,
      0.9822729721069327,
      0.977360162099202,
      0.9713631420135493,
      0.9641110604604088,
      0.9554297269185381,
      0.9451396153767883,
      0.9330704441070556,
      0.9190511639912902,
      0.902941631317136,
      0.8846067657470722,
      0.863951796213786,
      0.8409087015787773,
      0.8154587345123283,
      0.7876400814056397,
      0.757518763860066,
      0.7252334302266434,
      0.690960887273154,
      0.6549675114949535,
      0.6175124944051097,
      0.5789325408935541,
      0.5395894578297934,
      0.49986186599731447,
      0.4601350777943931,
      0.42080592727661,
      0.38225006039937354,
      0.3448307164510094,
      0.3088784853617355,
      0.2746635843912761,
      0.2424245319366459,
      0.21235537338256838,
      0.18458125940958636,
      0.15917162577311184,
      0.13615886878967276,
      0.11552084032694503,
      0.09719647852579757,
      0.0810845826466878,
      0.06706723658243802,
      0.05498404121398927,
      0.04468210538228353,
      0.03598255093892412,
      0.02871402613321936,
      0.0227024275461833,
      0.01777669270833332,
      0.013788434346516928,
      0.010590134302775072,
      0.008055103302001956,
      0.006066815058390294,
      0.004522851943969736,
      0.0033368981679280695,
      0.002436798095703127,
      0.0017608388264973972,
      0.0012597554524739585
    ],