{
  "diagnostics": {
    "excess_kurt_x_obs": -0.2983887430332737,
    "imag_frac_nonzero_eps1e-12": 0.9846153846153847,
    "imag_max_abs": 0.037893937602457316,
    "skew_x_obs": 0.053075477003488324,
    "v1_delta_bandwidth_dnu": 0.10000000000000009,
    "v1_symmetry_corr": 0.9993931320513117,
    "verify_l2_from_curves": {
      "D0_match": true,
      "D0_recomputed": 0.01537549484507665,
      "D0_reported": 0.01537549484507665,
      "D1_match": true,
      "D1_recomputed": 19.39828509663774,
      "D1_reported": 19.39828509663774,
      "tol_abs": 1e-12,
      "tol_rel": 1e-10,
      "verify_dnu": 0.10000000000000009
    }
  },
  "hint": "This script compares observed morphology against phase-randomized surrogates that preserve |a_lm|. V0(nu) is excursion-set area fraction; V1(nu) is a perimeter proxy estimated from |\u2207x| in a nu-band. Distances D0 and D1 are L2 distances (sqrt(sum((a-b)^2)*dnu)) to surrogate-mean curves. D_mf combines them as sqrt(D0^2 + D1^2). Z_mf is the scale-free combined z-distance.",
  "kind": "planck_pr3_lensing_phi_topology_mf_v0_v1",
  "lmax": 128,
  "metric": "Minkowski-style morphology: V0(area) + V1(perimeter proxy) vs phase-random surrogates",
  "n_sims": 2000,
  "nside": 256,
  "observed": {
    "D0_L2": 0.01537549484507665,
    "D0_sum_sq_legacy": 0.002364058417309784,
    "D1_L2": 19.39828509663774,
    "D1_sum_sq_legacy": 3762.934646904375,
    "D_mf": 19.398291190109493,
    "Z0": -0.02879397899339128,
    "Z1": -0.2904940819016986,
    "Z_mf": 0.29191763366775675,
    "map_mean": -8.417887383387982e-09,
    "map_std": 0.034589560971571086,
    "v0_curve": [
      0.9995091756184896,
      0.9992815653483073,
      0.998938242594401,
      0.9983596801757812,
      0.997552235921224,
      0.9963709513346354,
      0.9948717753092448,
      0.9928092956542969,
      0.9901949564615885,
      0.9867528279622396,
      0.9822031656901041,
      0.9764862060546875,
      0.9693031311035156,
      0.9604021708170573,
      0.9491895039876302,
      0.9358749389648438,
      0.9202728271484375,
      0.9021390279134115,
      0.8812611897786459,
      0.8580042521158854,
      0.8323389689127604,
      0.804864247639974,
      0.7752367655436198,
      0.7443974812825521,
      0.7120068868001302,
      0.6773834228515625,
      0.642083485921224,
      0.6058375040690104,
      0.569067637125651,
      0.5317509969075521,
      0.49472300211588544,
      0.45792897542317706,
      0.4217211405436198,
      0.38611602783203125,
      0.35150782267252606,
      0.3177502950032552,
      0.2849896748860677,
      0.25378672281901044,
      0.22339630126953125,
      0.19452285766601562,
      0.16802088419596353,
      0.14355850219726562,
      0.12124379475911458,
      0.10123825073242188,
      0.08339309692382812,
      0.06790415445963542,
      0.054962158203125,
      0.04405339558919271,
      0.035024007161458336,
      0.0274658203125,
      0.021268208821614582,
      0.016293843587239582,
      0.012401580810546875,
      0.00934600830078125,
      0.006852467854817708,
      0.005002339680989583,
      0.0036684672037760415,
      0.0026563008626302085,
      0.00193023681640625,
      0.0013415018717447917,
      0.0008544921875
    ],
    "v1_curve": [
      1.1118188606433776,
      1.7962557044220329,
      2.7696515452588346,
      4.332029091359548,
      5.959366849341994,
      9.10494743345601,
      11.681470632054399,
      16.080457944850366,
      20.31381656608156,
      28.090902355693217,
      35.461591703505036,
      44.65989702939363,
      57.46159296985464,
      70.07338732341375,
      87.51320586227109,
      103.63490928992042,
      120.96309313276863,
      141.30035830483254,
      159.28804798097127,
      178.8075825725695,
      193.33594546786998,
      211.41353909961518,
      228.48795889835017,
      239.6263716296688,
      257.85310218358774,
      270.4055227203601,
      279.5272795313201,
      293.8729585785797,
      302.6325957477941,
      304.04588454141617,
      303.8260750589919,
      302.3090444088068,
      300.21432167127466,
      294.8684947840794,
      289.681582595954,
      280.3835639463585,
      262.3395273143065,
      254.2349668265752,
      242.01065074618143,
      222.91590044641973,
      201.88454524741314,
      182.72832068564335,
      165.56614854582975,
      145.27790685128875,
      125.57145716835561,
      108.62831691740995,
      92.07156883246866,
      75.95251745330194,
      63.597106808087226,
      52.33639986303005,
      42.23084879674286,
      33.64987631492312,
      27.957490918488993,
      20.362209070018448,
      16.14576189309806,
      12.284087027181096,
      9.174686501468269,
      7.107704940724593,
      5.139149116174437,
      4.103235198104261,
      2.68643838901919
    ]
  },
  "p_high": 0.4052973513243378,
  "p_high_mf": 0.5362318840579711,
  "p_low": 0.5952023988005997,
  "p_low_mf": 0.4642678660669665,
  "p_two_sided": 0.8105947026486756,
  "p_two_sided_mf": 0.928535732133933,
  "provenance": {
    "dat_url": "GAUSSIAN_CONTROL_FROM: https://github.com/gradient-pulse/phi-mesh/releases/download/data-2026-02-15-planck-lensing-R3/planck_pr3_lensing_mv_dat_klm.fits",
    "mf_url": "GAUSSIAN_CONTROL_MF_ZERO_FROM: https://github.com/gradient-pulse/phi-mesh/releases/download/data-2026-02-15-planck-lensing-R3/planck_pr3_lensing_mv_mf_klm.fits"
  },
  "seed": 731,
  "surrogate": {
    "D0_mean": 0.015646083643577453,
    "D0_std": 0.009397409040372952,
    "D1_mean": 22.664154006143587,
    "D1_std": 11.242462800364372,
    "D_mf_mean": 22.664159728517067,
    "D_mf_std": 11.24246607893348,
    "v0_mean_curve": [
      0.9987394987742101,
      0.9982197895050045,
      0.997516514460246,
      0.9965764986673986,
      0.9953345858256025,
      0.993714703241984,
      0.9916287727355947,
      0.988971939722698,
      0.9856269753773994,
      0.9814661006927504,
      0.9763450692494708,
      0.9701091798146566,
      0.9626031901041674,
      0.9536618131001776,
      0.9431234575907389,
      0.9308287652333579,
      0.9166321004231771,
      0.9004078381856272,
      0.8820525932312016,
      0.8614698918660477,
      0.8386248556772865,
      0.8135052782694506,
      0.7861426563262925,
      0.7566047611236579,
      0.7250067202250163,
      0.6915213718414307,
      0.656344850540161,
      0.6197329972585034,
      0.5819708868662519,
      0.5433634096781412,
      0.5042623240152996,
      0.4650217901865637,
      0.42601045862833614,
      0.3875792859395351,
      0.35007723490397175,
      0.31385333697001105,
      0.27918253517150887,
      0.24634731292724638,
      0.21556775474548368,
      0.1869993756612143,
      0.16077930831909204,
      0.13696489651997878,
      0.11556709543863943,
      0.09656347592671705,
      0.07988089688618973,
      0.06540583038330064,
      0.05299382527669269,
      0.042479530334472625,
      0.03367738469441728,
      0.02640076382954917,
      0.020458161671956406,
      0.015671287536621118,
      0.01185768191019694,
      0.008861700057983398,
      0.0065390968322753895,
      0.004766523996988942,
      0.0034268805185953734,
      0.0024312025705973297,
      0.0017037429809570344,
      0.0011772136688232393,
      0.0008035640716552738
    ],