{
  "diagnostics": {
    "excess_kurt_x_obs": -0.048421203968711524,
    "imag_frac_nonzero_eps1e-12": 0.9922480620155039,
    "imag_max_abs": 0.019111115642528688,
    "skew_x_obs": 0.009350092177336686,
    "v1_delta_bandwidth_dnu": 0.10000000000000009,
    "v1_symmetry_corr": 0.9990030517823901,
    "verify_l2_from_curves": {
      "D0_match": true,
      "D0_recomputed": 0.001810724407397633,
      "D0_reported": 0.001810724407397633,
      "D1_match": true,
      "D1_recomputed": 16.029965449488685,
      "D1_reported": 16.029965449488685,
      "tol_abs": 1e-12,
      "tol_rel": 1e-10,
      "verify_dnu": 0.10000000000000009
    }
  },
  "hint": "This script compares observed morphology against phase-randomized surrogates that preserve |a_lm|. V0(nu) is excursion-set area fraction; V1(nu) is a perimeter proxy estimated from |\u2207x| in a nu-band. Distances D0 and D1 are L2 distances (sqrt(sum((a-b)^2)*dnu)) to surrogate-mean curves. D_mf combines them as sqrt(D0^2 + D1^2). Z_mf is the scale-free combined z-distance.",
  "kind": "planck_pr3_lensing_phi_topology_mf_v0_v1",
  "lmax": 256,
  "metric": "Minkowski-style morphology: V0(area) + V1(perimeter proxy) vs phase-random surrogates",
  "n_sims": 2000,
  "nside": 256,
  "observed": {
    "D0_L2": 0.001810724407397633,
    "D0_sum_sq_legacy": 3.2787228795455065e-05,
    "D1_L2": 16.029965449488685,
    "D1_sum_sq_legacy": 2569.5979231180077,
    "D_mf": 16.029965551757243,
    "Z0": -0.26603588475480117,
    "Z1": -0.392680598845995,
    "Z_mf": 0.47431334019540194,
    "map_mean": 1.9777865195985216e-08,
    "map_std": 0.047670854065332044,
    "v0_curve": [
      0.9989064534505209,
      0.9983965555826823,
      0.9977493286132812,
      0.9969367980957031,
      0.9957224527994791,
      0.9942957560221354,
      0.9923082987467448,
      0.9896647135416666,
      0.9864552815755209,
      0.9825541178385416,
      0.9776725769042969,
      0.9717369079589844,
      0.9645436604817709,
      0.9557978312174479,
      0.9455083211263021,
      0.9333813985188802,
      0.919122060139974,
      0.9027735392252604,
      0.8841298421223959,
      0.8631820678710938,
      0.8401845296223959,
      0.8145751953125,
      0.7864023844401041,
      0.7562204996744791,
      0.7239214579264323,
      0.6898155212402344,
      0.6539599100748698,
      0.6167043050130209,
      0.5782089233398438,
      0.539099375406901,
      0.4997901916503906,
      0.4602343241373698,
      0.4210611979166667,
      0.382415771484375,
      0.34533055623372394,
      0.30936559041341144,
      0.2753257751464844,
      0.24307632446289062,
      0.21292495727539062,
      0.18500773111979166,
      0.15951919555664062,
      0.13636906941731772,
      0.11586634318033855,
      0.09751256306966145,
      0.08118438720703125,
      0.06723531087239583,
      0.055234273274739586,
      0.04486846923828125,
      0.036029815673828125,
      0.028582255045572918,
      0.022663116455078125,
      0.01776885986328125,
      0.013765970865885416,
      0.0106048583984375,
      0.008047739664713541,
      0.006075541178385417,
      0.004536946614583333,
      0.00333404541015625,
      0.0023867289225260415,
      0.0017102559407552083,
      0.001232147216796875
    ],
    "v1_curve": [
      9.187717587832323,
      14.990583151071977,
      17.68336239123254,
      24.021634591865237,
      32.68501833207027,
      43.694709945519215,
      61.009586559796965,
      74.00725403606006,
      86.91070867815294,
      107.98739817241065,
      133.93472376903503,
      161.9788577877633,
      201.9223619636588,
      241.6148341724642,
      283.5688034600418,
      327.8590079169815,
      381.43152528764364,
      441.71592885428703,
      500.64824464741497,
      541.4221416475337,
      607.1528364866117,
      670.2490713040378,
      729.6991252179897,
      776.8900705891423,
      823.9825987527082,
      862.59140341816,
      900.5688023723676,
      937.1628201825724,
      965.5242012781036,
      954.0246652834206,
      991.9634092453502,
      963.1479505149794,
      955.6683044782067,
      903.0415065780767,
      875.7181963209129,
      844.1177944693706,
      770.2391307943292,
      735.979868614937,
      683.3716438008516,
      631.5030762605692,
      572.6118702365297,
      508.7880811851014,
      444.76911247685354,
      399.5162948997653,
      349.9016030609273,
      291.0462401317985,
      256.7427758801951,
      213.77347290689926,
      183.2305865313692,
      148.0106924483063,
      122.69339250405957,
      96.83309406272113,
      75.87852398507871,
      62.08879666044879,
      49.573657882926305,
      37.10234425875982,
      27.573094930021142,
      21.263950657073583,
      15.714376254511022,
      12.29534446242022,
      8.794720604445164
    ]
  },
  "p_high": 0.49825087456271866,
  "p_high_mf": 0.6131934032983508,
  "p_low": 0.5022488755622189,
  "p_low_mf": 0.3873063468265867,
  "p_two_sided": 0.9965017491254373,
  "p_two_sided_mf": 0.7746126936531734,
  "provenance": {
    "dat_url": "GAUSSIAN_CONTROL_FROM: https://github.com/gradient-pulse/phi-mesh/releases/download/data-2026-02-15-planck-lensing-R3/planck_pr3_lensing_mv_dat_klm.fits",
    "mf_url": "GAUSSIAN_CONTROL_MF_ZERO_FROM: https://github.com/gradient-pulse/phi-mesh/releases/download/data-2026-02-15-planck-lensing-R3/planck_pr3_lensing_mv_mf_klm.fits"
  },
  "seed": 731,
  "surrogate": {
    "D0_mean": 0.0021586112256598284,
    "D0_std": 0.001307668770259449,
    "D1_mean": 17.258618210284382,
    "D1_std": 3.1288858283461085,
    "D_mf_mean": 17.258618375728066,
    "D_mf_std": 3.1288859335617136,
    "v0_mean_curve": [
      0.9986424268086763,
      0.9981229139963799,
      0.9974285634358714,
      0.9965103321075427,
      0.995309131622315,
      0.9937529983520508,
      0.9917546424865735,
      0.9892164497375482,
      0.9860219357808419,
      0.982044164657591,
      0.9771401093800887,
      0.9711498616536457,
      0.9639172140757232,
      0.9552589200337731,
      0.9450058987935397,
      0.9329819831848152,
      0.9190263786315912,
      0.9029819278717041,
      0.884718854904177,
      0.8641347115834536,
      0.8411634031931559,
      0.8157886409759524,
      0.7880342699686689,
      0.7579820467631008,
      0.7257523752848298,
      0.691531545003256,
      0.6555615475972495,
      0.6181248779296873,
      0.5795414899190271,
      0.5401655623118073,
      0.5003913224538165,
      0.4605947780609124,
      0.42118902079264386,
      0.3825422312418621,
      0.3450291576385502,
      0.3089704360961912,
      0.274653282165527,
      0.24231958834330217,
      0.2121582679748535,
      0.18430466461181633,
      0.15884089279174796,
      0.13579189109802223,
      0.1151285845438638,
      0.09679734929402689,
      0.08069763310750315,
      0.06670680936177582,
      0.05466251182556149,
      0.044400819778442374,
      0.03574536069234216,
      0.028521011988321916,
      0.022550713221232085,
      0.017666058222452763,
      0.01371422004699704,
      0.010548188527425128,
      0.008038039525349943,
      0.006066227595011389,
      0.0045344371795654325,
      0.0033570849100748737,
      0.0024621950785318927,
      0.0017881711324055991,
      0.0012857513427734378
    ],