{
  "diagnostics": {
    "excess_kurt_x_obs": -0.05227622271382204,
    "imag_frac_nonzero_eps1e-12": 0.9846153846153847,
    "imag_max_abs": 0.027991697444563396,
    "skew_x_obs": -0.09243136499817256,
    "v1_delta_bandwidth_dnu": 0.10000000000000009,
    "v1_symmetry_corr": 0.9996684692063182,
    "verify_l2_from_curves": {
      "D0_match": true,
      "D0_recomputed": 0.0019438599101511372,
      "D0_reported": 0.0019438599101511372,
      "D1_match": true,
      "D1_recomputed": 14.997049001157471,
      "D1_reported": 14.997049001157471,
      "tol_abs": 1e-12,
      "tol_rel": 1e-10,
      "verify_dnu": 0.10000000000000009
    }
  },
  "hint": "This script compares observed morphology against phase-randomized surrogates that preserve |a_lm|. V0(nu) is excursion-set area fraction; V1(nu) is a perimeter proxy estimated from |\u2207x| in a nu-band. Distances D0 and D1 are L2 distances (sqrt(sum((a-b)^2)*dnu)) to surrogate-mean curves. D_mf combines them as sqrt(D0^2 + D1^2). Z_mf is the scale-free combined z-distance.",
  "kind": "planck_pr3_lensing_phi_topology_mf_v0_v1",
  "lmax": 128,
  "metric": "Minkowski-style morphology: V0(area) + V1(perimeter proxy) vs phase-random surrogates",
  "n_sims": 2000,
  "nside": 256,
  "observed": {
    "D0_L2": 0.0019438599101511372,
    "D0_sum_sq_legacy": 3.778591350292784e-05,
    "D1_L2": 14.997049001157471,
    "D1_sum_sq_legacy": 2249.114787431181,
    "D_mf": 14.9970491271353,
    "Z0": -1.5056236331884203,
    "Z1": -0.6449181264127467,
    "Z_mf": 1.6379322069582813,
    "map_mean": 8.095607802761454e-09,
    "map_std": 0.03395769013785774,
    "v0_curve": [
      0.9984207153320312,
      0.9977264404296875,
      0.9968795776367188,
      0.9957733154296875,
      0.9943656921386719,
      0.9924850463867188,
      0.9900919596354166,
      0.9871406555175781,
      0.9836997985839844,
      0.9793688456217448,
      0.974175771077474,
      0.968133290608724,
      0.9608332316080729,
      0.9522323608398438,
      0.9424107869466146,
      0.9305699666341146,
      0.916662851969401,
      0.900885264078776,
      0.883093516031901,
      0.862951914469401,
      0.8406639099121094,
      0.8159230550130209,
      0.78912353515625,
      0.7599957784016927,
      0.728265126546224,
      0.6947924296061198,
      0.6594619750976562,
      0.6226882934570312,
      0.5846366882324219,
      0.5457674662272135,
      0.5058822631835938,
      0.46636072794596356,
      0.4271697998046875,
      0.3883171081542969,
      0.35068003336588544,
      0.3141988118489583,
      0.27936426798502606,
      0.24609502156575522,
      0.2152862548828125,
      0.1861852010091146,
      0.15958277384440103,
      0.1355870564778646,
      0.11408360799153645,
      0.09497833251953125,
      0.07840474446614583,
      0.0638872782389323,
      0.05167516072591146,
      0.041347503662109375,
      0.03274663289388021,
      0.025824228922526043,
      0.020137786865234375,
      0.015337626139322916,
      0.011506398518880209,
      0.008397420247395834,
      0.006160736083984375,
      0.004450480143229167,
      0.0031293233235677085,
      0.0022214253743489585,
      0.0015652974446614583,
      0.001041412353515625,
      0.0007158915201822916
    ],
    "v1_curve": [
      5.5927485219048805,
      6.9380940420210155,
      8.998939903209186,
      12.00108728041037,
      15.55742847353571,
      18.73072850324782,
      22.90441134668353,
      29.838332975561897,
      35.76857211544903,
      42.20316273877055,
      49.74568230489215,
      59.404363401502636,
      72.41443253935509,
      79.62388947159207,
      95.61097662541265,
      109.58965295830129,
      125.35577719747977,
      143.08632185812777,
      161.93915497705487,
      175.06747590274927,
      197.76622181866483,
      212.22073035149026,
      228.97356545208373,
      242.49657534357183,
      264.49847062270317,
      278.84903142708333,
      290.8384595732712,
      308.36144219263844,
      306.32215381174706,
      311.909114296476,
      309.1054904123189,
      307.8005417222156,
      301.3895700504135,
      292.83150826111563,
      284.726274756088,
      268.99241015264516,
      256.86618569787737,
      236.99879047388333,
      222.4595527956772,
      207.08112384981533,
      190.48744576858198,
      166.90246858677259,
      152.22938484300803,
      132.91222595092478,
      116.83816657275007,
      99.91626085357159,
      84.87023319953077,
      72.87777310991116,
      59.775945649248875,
      50.16441704869777,
      41.307844777357474,
      32.675280890908546,
      26.921419605196625,
      20.838982515360915,
      15.095179430072777,
      12.843949957944336,
      9.359032462490612,
      6.585167717464034,
      5.363007909789719,
      3.4028832463637313,
      2.674316016019543
    ]
  },
  "p_high": 0.9950024987506247,
  "p_high_mf": 0.6946526736631684,
  "p_low": 0.005497251374312844,
  "p_low_mf": 0.3058470764617691,
  "p_two_sided": 0.010994502748625687,
  "p_two_sided_mf": 0.6116941529235382,
  "provenance": {
    "dat_url": "GAUSSIAN_CONTROL_FROM: https://github.com/gradient-pulse/phi-mesh/releases/download/data-2026-02-15-planck-lensing-R3/planck_pr3_lensing_mv_dat_klm.fits",
    "mf_url": "GAUSSIAN_CONTROL_MF_ZERO_FROM: https://github.com/gradient-pulse/phi-mesh/releases/download/data-2026-02-15-planck-lensing-R3/planck_pr3_lensing_mv_mf_klm.fits"
  },
  "seed": 731,
  "surrogate": {
    "D0_mean": 0.012733935924605809,
    "D0_std": 0.007166516104429635,
    "D1_mean": 20.69623468994341,
    "D1_std": 8.837068544633318,
    "D_mf_mean": 20.69623896454242,
    "D_mf_std": 8.83707061367072,
    "v0_mean_curve": [
      0.9986398156483978,
      0.9980816567738855,
      0.9973291549682612,
      0.9963280366261816,
      0.9950113976796474,
      0.9933059641520193,
      0.9911220016479501,
      0.9883618151346834,
      0.9849114182790136,
      0.9806412289937337,
      0.9754242725372303,
      0.9691173044840482,
      0.9615704733530686,
      0.9526292006174721,
      0.9421424344380701,
      0.9299532470703117,
      0.9159153022766102,
      0.8999192015330002,
      0.8818337179819732,
      0.8615747286478673,
      0.8390817985534684,
      0.8143204479217523,
      0.7873103764851891,
      0.7580953922271745,
      0.7267684663136802,
      0.6934925530751541,
      0.6584411430358889,
      0.6218716150919598,
      0.5840629253387458,
      0.545344259262085,
      0.5060561326344811,
      0.46655867067972834,
      0.42724278132120724,
      0.38847948328654014,
      0.35064820098876964,
      0.31409825897216787,
      0.27913298098246264,
      0.24604515647888153,
      0.21504913457234712,
      0.18632616869608568,
      0.15998029073079437,
      0.13609396107991528,
      0.11468360201517744,
      0.09570568211873372,
      0.07906471824645989,
      0.06464551798502594,
      0.05230728912353523,
      0.04186648941040048,
      0.03313889249165856,
      0.025936717351277682,
      0.020065415064493823,
      0.015335691452026361,
      0.011581142425537141,
      0.008637550354003898,
      0.006358658472696946,
      0.0046217969258626245,
      0.003316314061482751,
      0.00234711901346843,
      0.00164039357503255,
      0.0011298421223958316,
      0.0007672888437906908
    ],