{
  "diagnostics": {
    "excess_kurt_x_obs": -0.022038892040885383,
    "imag_frac_nonzero_eps1e-12": 0.9937888198757764,
    "imag_max_abs": 0.026345300624456804,
    "skew_x_obs": -0.015243059568576764,
    "v1_delta_bandwidth_dnu": 0.10000000000000009,
    "v1_symmetry_corr": 0.9997332690744006,
    "verify_l2_from_curves": {
      "D0_match": true,
      "D0_recomputed": 0.001547611912631031,
      "D0_reported": 0.001547611912631031,
      "D1_match": true,
      "D1_recomputed": 17.586969690712998,
      "D1_reported": 17.586969690712998,
      "tol_abs": 1e-12,
      "tol_rel": 1e-10,
      "verify_dnu": 0.10000000000000009
    }
  },
  "hint": "This script compares observed morphology against phase-randomized surrogates that preserve |a_lm|. V0(nu) is excursion-set area fraction; V1(nu) is a perimeter proxy estimated from |\u2207x| in a nu-band. Distances D0 and D1 are L2 distances (sqrt(sum((a-b)^2)*dnu)) to surrogate-mean curves. D_mf combines them as sqrt(D0^2 + D1^2). Z_mf is the scale-free combined z-distance.",
  "kind": "planck_pr3_lensing_phi_topology_mf_v0_v1",
  "lmax": 320,
  "metric": "Minkowski-style morphology: V0(area) + V1(perimeter proxy) vs phase-random surrogates",
  "n_sims": 2000,
  "nside": 256,
  "observed": {
    "D0_L2": 0.001547611912631031,
    "D0_sum_sq_legacy": 2.3951026321174764e-05,
    "D1_L2": 17.586969690712998,
    "D1_sum_sq_legacy": 3093.015029020574,
    "D_mf": 17.5869697588061,
    "Z0": -0.27007250213634804,
    "Z1": -1.111006846137362,
    "Z_mf": 1.1433614339194214,
    "map_mean": -1.2341695014233002e-08,
    "map_std": 0.06191428771202784,
    "v0_curve": [
      0.9986114501953125,
      0.9980646769205729,
      0.9974009195963541,
      0.9964879353841146,
      0.9952278137207031,
      0.9936650594075521,
      0.9916737874348959,
      0.9890670776367188,
      0.9858194986979166,
      0.9819234212239584,
      0.9770011901855469,
      0.9710261027018229,
      0.9636726379394531,
      0.9551200866699219,
      0.9446016947428385,
      0.9325917561848959,
      0.9185918172200521,
      0.9025484720865885,
      0.8842315673828125,
      0.8636118570963541,
      0.8409945170084635,
      0.8157056172688802,
      0.7881266276041666,
      0.7581164042154948,
      0.7257232666015625,
      0.6915562947591146,
      0.6555697123209635,
      0.6179453531901041,
      0.5795987447102865,
      0.5404624938964844,
      0.5006612141927084,
      0.4612617492675781,
      0.4219703674316406,
      0.38379160563151044,
      0.3462409973144531,
      0.31012725830078125,
      0.2757720947265625,
      0.24308141072591147,
      0.21289189656575522,
      0.18491744995117188,
      0.15895843505859375,
      0.13602701822916666,
      0.11538187662760417,
      0.09688822428385417,
      0.08044179280598958,
      0.06634140014648438,
      0.05429840087890625,
      0.044062296549479164,
      0.035283406575520836,
      0.028002421061197918,
      0.022045135498046875,
      0.01715850830078125,
      0.013254801432291666,
      0.010176340738932291,
      0.007775624593098958,
      0.005864461263020833,
      0.004388173421223958,
      0.0031750996907552085,
      0.0023142496744791665,
      0.001659393310546875,
      0.0012143452962239583
    ],
    "v1_curve": [
      14.365885028476942,
      17.346168417852763,
      23.338418446014224,
      32.691386014042365,
      43.718072130227114,
      53.90356493060108,
      74.6528354688916,
      85.67597786511932,
      109.07216140678821,
      132.22154899752596,
      167.15277596082277,
      200.94489807796225,
      249.01332381119025,
      293.25996892748947,
      350.02489388905934,
      407.9300422338827,
      471.4803706870074,
      531.363976935248,
      618.7292944175298,
      689.6989002750366,
      745.8982413715042,
      854.8095366397071,
      917.204514004773,
      979.6209198184238,
      1063.416409397425,
      1122.580537846447,
      1173.1048217469622,
      1232.042969223456,
      1233.3451915294954,
      1255.3557849758386,
      1268.5709746079426,
      1253.2164150920146,
      1255.709211534898,
      1216.1791733764464,
      1182.9799146662808,
      1127.4469133649852,
      1065.4932317842315,
      1014.1293760154452,
      924.0550765428026,
      853.1278336300537,
      773.0673155553256,
      676.2306926492539,
      617.1579715372168,
      545.202119962643,
      477.3039326050914,
      399.58694351913067,
      342.30829032833117,
      286.13211588656054,
      245.9191863655419,
      195.9896390680574,
      168.77038269651487,
      136.4002339465581,
      107.50277357485946,
      83.5714997000996,
      66.32479418639491,
      49.17260756563796,
      39.61072239386411,
      30.09400677756426,
      24.50168092763441,
      17.437894499483402,
      13.24415920377854
    ]
  },
  "p_high": 0.5022488755622189,
  "p_high_mf": 0.8830584707646177,
  "p_low": 0.49825087456271866,
  "p_low_mf": 0.11744127936031984,
  "p_two_sided": 0.9965017491254373,
  "p_two_sided_mf": 0.23488255872063968,
  "provenance": {
    "dat_url": "GAUSSIAN_CONTROL_FROM: https://github.com/gradient-pulse/phi-mesh/releases/download/data-2026-02-15-planck-lensing-R3/planck_pr3_lensing_mv_dat_klm.fits",
    "mf_url": "GAUSSIAN_CONTROL_MF_ZERO_FROM: https://github.com/gradient-pulse/phi-mesh/releases/download/data-2026-02-15-planck-lensing-R3/planck_pr3_lensing_mv_mf_klm.fits"
  },
  "seed": 731,
  "surrogate": {
    "D0_mean": 0.0018591530753206778,
    "D0_std": 0.001153546400412001,
    "D1_mean": 21.44867828013164,
    "D1_std": 3.475863900249263,
    "D_mf_mean": 21.448678381566975,
    "D_mf_std": 3.475863962876005,
    "v0_mean_curve": [
      0.9986686731974281,
      0.9981562773386627,
      0.9974702555338535,
      0.9965623321533208,
      0.9953702468872064,
      0.9938230616251611,
      0.9918381735483813,
      0.9893120276133225,
      0.9861324532826735,
      0.9821711737314829,
      0.9772815608978267,
      0.9713114128112786,
      0.9640937544504798,
      0.9554483070373521,
      0.945205894470214,
      0.9331833686828611,
      0.919215846379599,
      0.9031566028594956,
      0.8848735949198404,
      0.8642587083180743,
      0.841254103342692,
      0.8158401298522946,
      0.7880375467936201,
      0.7579241358439114,
      0.7256388079325357,
      0.6913550465901701,
      0.6553212394714361,
      0.6178202730814607,
      0.5791875635782882,
      0.5397744547526045,
      0.4999696763356526,
      0.46016187795003305,
      0.42074586232503297,
      0.3821197433471677,
      0.34462052853902164,
      0.30858443641662625,
      0.2743141047159834,
      0.24203856849670446,
      0.21193592580159493,
      0.18414401690165202,
      0.15873760032653816,
      0.13574679056803382,
      0.11514251581827788,
      0.09686143048604336,
      0.08080718104044605,
      0.06684595743815105,
      0.05482667732238766,
      0.044585722605387276,
      0.035944798151652003,
      0.028722625732421864,
      0.022749793370564788,
      0.0178566557566325,
      0.013892545700073275,
      0.010708189010620145,
      0.008179462432861342,
      0.006191778182983394,
      0.004646657307942703,
      0.0034527174631754655,
      0.0025422890981038407,
      0.0018536459604899082,
      0.0013391647338867158
    ],