{
  "diagnostics": {
    "excess_kurt_x_obs": -0.017148932341095158,
    "imag_frac_nonzero_eps1e-12": 0.9896907216494846,
    "imag_max_abs": 0.015174506983967547,
    "skew_x_obs": 0.0018100304929177247,
    "v1_delta_bandwidth_dnu": 0.10000000000000009,
    "v1_symmetry_corr": 0.9879318900653756,
    "verify_l2_from_curves": {
      "D0_match": true,
      "D0_recomputed": 0.004310554376597229,
      "D0_reported": 0.004310554376597229,
      "D1_match": true,
      "D1_recomputed": 14.862497831361487,
      "D1_reported": 14.862497831361487,
      "tol_abs": 1e-12,
      "tol_rel": 1e-10,
      "verify_dnu": 0.10000000000000009
    }
  },
  "hint": "This script compares observed morphology against phase-randomized surrogates that preserve |a_lm|. V0(nu) is excursion-set area fraction; V1(nu) is a perimeter proxy estimated from |\u2207x| in a nu-band. Distances D0 and D1 are L2 distances (sqrt(sum((a-b)^2)*dnu)) to surrogate-mean curves. D_mf combines them as sqrt(D0^2 + D1^2). Z_mf is the scale-free combined z-distance.",
  "kind": "planck_pr3_lensing_phi_topology_mf_v0_v1",
  "lmax": 192,
  "metric": "Minkowski-style morphology: V0(area) + V1(perimeter proxy) vs phase-random surrogates",
  "n_sims": 2000,
  "nside": 256,
  "observed": {
    "D0_L2": 0.004310554376597229,
    "D0_sum_sq_legacy": 0.00018580879033601517,
    "D1_L2": 14.862497831361487,
    "D1_sum_sq_legacy": 2208.9384178722476,
    "D_mf": 14.862498456454215,
    "Z0": -0.32647446777387157,
    "Z1": -0.2587298130785824,
    "Z_mf": 0.41656535415695684,
    "map_mean": 2.5045408911725242e-08,
    "map_std": 0.04080130681082616,
    "v0_curve": [
      0.9986139933268229,
      0.9981155395507812,
      0.9974708557128906,
      0.9966252644856771,
      0.9954922993977865,
      0.9938990275065104,
      0.9919319152832031,
      0.989404042561849,
      0.9863001505533854,
      0.9824091593424479,
      0.9776178995768229,
      0.9717280069986979,
      0.9645589192708334,
      0.9561068216959635,
      0.9457918802897135,
      0.9334691365559896,
      0.919457753499349,
      0.9033063252766927,
      0.8847694396972656,
      0.8641637166341146,
      0.8413162231445312,
      0.8158798217773438,
      0.7879664103190104,
      0.75848388671875,
      0.7256380716959635,
      0.6911773681640625,
      0.654974619547526,
      0.6170908610026041,
      0.5782585144042969,
      0.5387649536132812,
      0.4990132649739583,
      0.45966211954752606,
      0.41991424560546875,
      0.3813184102376302,
      0.3434346516927083,
      0.3074353535970052,
      0.2733306884765625,
      0.24123001098632812,
      0.21143722534179688,
      0.1841100056966146,
      0.15906524658203125,
      0.13631312052408853,
      0.11587270100911458,
      0.0981127421061198,
      0.08205159505208333,
      0.06807835896809895,
      0.055999755859375,
      0.045544942220052086,
      0.03665288289388021,
      0.029347737630208332,
      0.02313232421875,
      0.018047332763671875,
      0.013963063557942709,
      0.010852813720703125,
      0.008205413818359375,
      0.006165822347005208,
      0.004510243733723958,
      0.00328826904296875,
      0.0023091634114583335,
      0.001617431640625,
      0.001079559326171875
    ],
    "v1_curve": [
      9.520226638013504,
      10.33899823164407,
      14.021519666114134,
      20.75816093629257,
      26.020080318087143,
      33.65304024000064,
      43.84905389635525,
      55.187696577699924,
      66.82196751285478,
      81.4767430875616,
      102.09083592950846,
      123.4392303884031,
      146.42732295754277,
      170.47544308906794,
      206.0568962285253,
      238.5806011928257,
      271.5083396439458,
      311.11817733186433,
      343.81029649442524,
      377.3105652610931,
      407.6398109566689,
      449.5610192110736,
      482.1068524324869,
      502.6614167718933,
      551.2365455871876,
      562.8094008403872,
      569.4776300019716,
      585.4092518269837,
      580.0316530513159,
      574.9496670444993,
      569.2477380067128,
      567.1603382791798,
      551.7998043647917,
      526.960559821897,
      506.87769405588114,
      468.51309142398213,
      439.06849056060463,
      401.35556211785297,
      372.7637893925077,
      338.39995978263914,
      305.188278284148,
      278.99002653058903,
      239.1179153544271,
      211.20631283465548,
      185.2862730986783,
      164.48203859566956,
      135.63401155068053,
      120.96084794625276,
      97.21609236764849,
      82.81644646416937,
      66.64695044967876,
      53.77808605894019,
      41.27361204101487,
      35.2804722971748,
      27.606246207609527,
      21.91557957394134,
      16.42170918745754,
      12.605959030536237,
      9.538196241303,
      6.44892856176763,
      4.852100196441733
    ]
  },
  "p_high": 0.5697151424287856,
  "p_high_mf": 0.5337331334332833,
  "p_low": 0.4307846076961519,
  "p_low_mf": 0.46676661669165415,
  "p_two_sided": 0.8615692153923038,
  "p_two_sided_mf": 0.9335332333833083,
  "provenance": {
    "dat_url": "GAUSSIAN_CONTROL_FROM: https://github.com/gradient-pulse/phi-mesh/releases/download/data-2026-02-15-planck-lensing-R3/planck_pr3_lensing_mv_dat_klm.fits",
    "mf_url": "GAUSSIAN_CONTROL_MF_ZERO_FROM: https://github.com/gradient-pulse/phi-mesh/releases/download/data-2026-02-15-planck-lensing-R3/planck_pr3_lensing_mv_mf_klm.fits"
  },
  "seed": 731,
  "surrogate": {
    "D0_mean": 0.005189535989258568,
    "D0_std": 0.0026923441169989255,
    "D1_mean": 16.25122941027018,
    "D1_std": 5.367497322339512,
    "D_mf_mean": 16.251230308805724,
    "D_mf_std": 5.3674977857070365,
    "v0_mean_curve": [
      0.9990411186218264,
      0.998626770655314,
      0.9980564270019519,
      0.9972825069427479,
      0.9962411053975418,
      0.9948582553863529,
      0.9930444507598871,
      0.990699396133424,
      0.9876950543721518,
      0.9838960361480716,
      0.9791459395090738,
      0.9732725969950342,
      0.9660957838694261,
      0.9574231611887618,
      0.9470688279469799,
      0.9348458035786955,
      0.9205818367004404,
      0.9041266822814948,
      0.8853443603515614,
      0.8641601079305017,
      0.8405198345184334,
      0.8144152107238769,
      0.7859174976348884,
      0.7551284707387289,
      0.722209575017293,
      0.6873888664245601,
      0.6509407749176035,
      0.6131801300048817,
      0.5744363282521563,
      0.5350870920817058,
      0.49551946512858097,
      0.4561164455413817,
      0.4172399819691973,
      0.37924634615580216,
      0.3424599666595449,
      0.30719088427225755,
      0.27367469787597676,
      0.24210305150349953,
      0.21264387321472167,
      0.1854030418395993,
      0.16044416173299123,
      0.1377775929768879,
      0.11738909657796219,
      0.09921731630961092,
      0.08316367022196464,
      0.06911420122782401,
      0.05694600613911957,
      0.04650251770019531,
      0.03763185628255213,
      0.03017116355895995,
      0.023960863113403317,
      0.018843327840169264,
      0.014673525492350247,
      0.011309898376464851,
      0.008630605061848975,
      0.006515292485555019,
      0.0048672313690185645,
      0.003596476872762041,
      0.002627983093261715,
      0.001900001525878905,
      0.0013575592041015628
    ],