{
  "diagnostics": {
    "excess_kurt_x_obs": -0.09449466735882561,
    "imag_frac_nonzero_eps1e-12": 0.9846153846153847,
    "imag_max_abs": 0.020134009088911227,
    "skew_x_obs": -0.09347552955415923,
    "v1_delta_bandwidth_dnu": 0.10000000000000009,
    "v1_symmetry_corr": 0.9897870921075694,
    "verify_l2_from_curves": {
      "D0_match": true,
      "D0_recomputed": 0.00730749540512469,
      "D0_reported": 0.00730749540512469,
      "D1_match": true,
      "D1_recomputed": 10.904751922411604,
      "D1_reported": 10.904751922411604,
      "tol_abs": 1e-12,
      "tol_rel": 1e-10,
      "verify_dnu": 0.10000000000000009
    }
  },
  "hint": "This script compares observed morphology against phase-randomized surrogates that preserve |a_lm|. V0(nu) is excursion-set area fraction; V1(nu) is a perimeter proxy estimated from |\u2207x| in a nu-band. Distances D0 and D1 are L2 distances (sqrt(sum((a-b)^2)*dnu)) to surrogate-mean curves. D_mf combines them as sqrt(D0^2 + D1^2). Z_mf is the scale-free combined z-distance.",
  "kind": "planck_pr3_lensing_phi_topology_mf_v0_v1",
  "lmax": 128,
  "metric": "Minkowski-style morphology: V0(area) + V1(perimeter proxy) vs phase-random surrogates",
  "n_sims": 2000,
  "nside": 256,
  "observed": {
    "D0_L2": 0.00730749540512469,
    "D0_sum_sq_legacy": 0.0005339948909591841,
    "D1_L2": 10.904751922411604,
    "D1_sum_sq_legacy": 1189.1361448933949,
    "D_mf": 10.904754370861761,
    "Z0": 0.12345349221662424,
    "Z1": -0.3687365363159566,
    "Z_mf": 0.3888539545314782,
    "map_mean": -4.6491039571274276e-08,
    "map_std": 0.029657131206773144,
    "v0_curve": [
      0.998602549235026,
      0.9981180826822916,
      0.997320810953776,
      0.9963289896647135,
      0.9949696858723959,
      0.9931894938151041,
      0.9909388224283854,
      0.9880650838216146,
      0.9844487508138021,
      0.979974110921224,
      0.9746144612630209,
      0.9682757059733073,
      0.9606755574544271,
      0.9518992106119791,
      0.9414189656575521,
      0.9293187459309896,
      0.9152501424153646,
      0.8990058898925781,
      0.8807957967122396,
      0.8605613708496094,
      0.8387362162272135,
      0.8147188822428385,
      0.7883961995442709,
      0.7599016825358073,
      0.7286504109700521,
      0.6950912475585938,
      0.6596819559733073,
      0.6225662231445312,
      0.584771474202474,
      0.5456593831380209,
      0.5060437520345052,
      0.4666099548339844,
      0.4274915059407552,
      0.3892313639322917,
      0.35193506876627606,
      0.315521240234375,
      0.2805773417154948,
      0.24744033813476562,
      0.21627171834309897,
      0.1877924601236979,
      0.1614659627278646,
      0.13716506958007812,
      0.11510340372721355,
      0.0955187479654948,
      0.07824961344401042,
      0.0632769266764323,
      0.050710042317708336,
      0.040339152018229164,
      0.031850179036458336,
      0.025063832600911457,
      0.01947021484375,
      0.014802296956380209,
      0.011160532633463541,
      0.008317311604817709,
      0.00617218017578125,
      0.004381815592447917,
      0.0031267801920572915,
      0.0021883646647135415,
      0.0015042622884114583,
      0.001026153564453125,
      0.0006688435872395834
    ],
    "v1_curve": [
      3.397640863251387,
      4.600206689380633,
      7.079844532306403,
      9.278009399717272,
      11.756888394992531,
      15.323306315121878,
      20.06129235013326,
      25.35824486878672,
      31.925792388137577,
      40.15097436962839,
      47.53001465536536,
      58.64145729119097,
      68.72670031419707,
      79.1802259600064,
      93.1634431528087,
      108.27448944894697,
      126.14554863707498,
      142.43957207024303,
      164.14235509020122,
      177.04464668592627,
      194.90735087838127,
      217.28703718645082,
      234.5740375916958,
      251.84042114482864,
      277.83315840401775,
      293.1795593204202,
      312.1427512187137,
      322.20262061040796,
      337.0380533377056,
      347.81660964645573,
      349.47026314966575,
      355.2364679148563,
      354.5982108137127,
      350.97062411463594,
      339.6009715288939,
      334.8143035814186,
      323.40949062952325,
      309.2744419139427,
      295.965084755759,
      273.9784488445196,
      254.99226638523476,
      234.3465383313628,
      218.21301191256555,
      192.8746935656423,
      171.88344323656077,
      150.9059742274116,
      142.62043487431268,
      110.6966023952246,
      101.45531188534203,
      77.31894190137882,
      65.23051590705776,
      58.741631705287105,
      40.88365128971803,
      30.018658041003704,
      26.582643045281813,
      19.97961158941188,
      14.286523321241122,
      10.303549851853358,
      7.387622831569133,
      4.482549153384295,
      3.529550043443589
    ]
  },
  "p_high": 0.3748125937031484,
  "p_high_mf": 0.5582208895552224,
  "p_low": 0.6256871564217891,
  "p_low_mf": 0.44227886056971516,
  "p_two_sided": 0.7496251874062968,
  "p_two_sided_mf": 0.8845577211394303,
  "provenance": {
    "dat_url": "GAUSSIAN_CONTROL_FROM: https://github.com/gradient-pulse/phi-mesh/releases/download/data-2026-02-15-planck-lensing-R3/planck_pr3_lensing_mv_dat_klm.fits",
    "mf_url": "GAUSSIAN_CONTROL_MF_ZERO_FROM: https://github.com/gradient-pulse/phi-mesh/releases/download/data-2026-02-15-planck-lensing-R3/planck_pr3_lensing_mv_mf_klm.fits"
  },
  "seed": 731,
  "surrogate": {
    "D0_mean": 0.006811808061570963,
    "D0_std": 0.00401517474033009,
    "D1_mean": 12.7147075843443,
    "D1_std": 4.908533556278275,
    "D_mf_mean": 12.71470960409437,
    "D_mf_std": 4.908534692952524,
    "v0_mean_curve": [
      0.9986869614919032,
      0.9981709664662696,
      0.9974786211649579,
      0.9965583635965998,
      0.9953501230875662,
      0.9937815430959064,
      0.9917616602579763,
      0.9891969146728516,
      0.9859675451914472,
      0.9819447065989183,
      0.9769827868143708,
      0.9709326464335132,
      0.9636239140828454,
      0.9548873672485371,
      0.9445520629882794,
      0.9324504508972176,
      0.9184244276682547,
      0.9023182487487802,
      0.8840057112375909,
      0.8634028867085777,
      0.8404463297526037,
      0.8151259835561121,
      0.7874551989237458,
      0.7575177872975671,
      0.7254357268015538,
      0.6913831437428788,
      0.6555932693481438,
      0.618353298823039,
      0.579974047978719,
      0.540794226964315,
      0.5011943442026774,
      0.46154785474141385,
      0.4222561569213861,
      0.38370856285095245,
      0.3462358277638755,
      0.3101840318044026,
      0.2758243109385174,
      0.24341860644022628,
      0.21315457471211777,
      0.18516423352559408,
      0.15953670438130654,
      0.13630994160970056,
      0.11547788556416808,
      0.09698122278849272,
      0.08071308962504078,
      0.06656712659200022,
      0.05439955520629879,
      0.04402854220072427,
      0.03529758898417152,
      0.028025416056315127,
      0.022034756342569982,
      0.0171518834431966,
      0.0132164637247721,
      0.01007971572875976,
      0.007607124964396149,
      0.005680560429890957,
      0.004195844014485683,
      0.003066633224487306,
      0.002217529296874995,
      0.001585498809814454,
      0.0011199334462483734
    ],