{
  "diagnostics": {
    "excess_kurt_x_obs": -0.013122703550051629,
    "imag_frac_nonzero_eps1e-12": 0.9937888198757764,
    "imag_max_abs": 0.019462318559424954,
    "skew_x_obs": -0.010112099172589048,
    "v1_delta_bandwidth_dnu": 0.10000000000000009,
    "v1_symmetry_corr": 0.9977314893992375,
    "verify_l2_from_curves": {
      "D0_match": true,
      "D0_recomputed": 0.0013624915825165345,
      "D0_reported": 0.0013624915825165345,
      "D1_match": true,
      "D1_recomputed": 20.226118689352013,
      "D1_reported": 20.226118689352013,
      "tol_abs": 1e-12,
      "tol_rel": 1e-10,
      "verify_dnu": 0.10000000000000009
    }
  },
  "hint": "This script compares observed morphology against phase-randomized surrogates that preserve |a_lm|. V0(nu) is excursion-set area fraction; V1(nu) is a perimeter proxy estimated from |\u2207x| in a nu-band. Distances D0 and D1 are L2 distances (sqrt(sum((a-b)^2)*dnu)) to surrogate-mean curves. D_mf combines them as sqrt(D0^2 + D1^2). Z_mf is the scale-free combined z-distance.",
  "kind": "planck_pr3_lensing_phi_topology_mf_v0_v1",
  "lmax": 320,
  "metric": "Minkowski-style morphology: V0(area) + V1(perimeter proxy) vs phase-random surrogates",
  "n_sims": 2000,
  "nside": 256,
  "observed": {
    "D0_L2": 0.0013624915825165345,
    "D0_sum_sq_legacy": 1.8563833124284088e-05,
    "D1_L2": 20.226118689352013,
    "D1_sum_sq_legacy": 4090.958772357544,
    "D_mf": 20.22611873524276,
    "Z0": 0.717197216812441,
    "Z1": -0.005283659897184051,
    "Z_mf": 0.7172166791600851,
    "map_mean": 7.684578329283468e-09,
    "map_std": 0.06044559524834793,
    "v0_curve": [
      0.9986623128255209,
      0.9981562296549479,
      0.9974047342936198,
      0.9965159098307291,
      0.9952316284179688,
      0.9936714172363281,
      0.9917310078938802,
      0.9891751607259115,
      0.9858779907226562,
      0.9819196065266927,
      0.9769210815429688,
      0.9708824157714844,
      0.9637222290039062,
      0.9550552368164062,
      0.9447517395019531,
      0.9326362609863281,
      0.9185841878255209,
      0.9026463826497396,
      0.884375254313151,
      0.8638521830240885,
      0.8409550984700521,
      0.8157221476236979,
      0.7880096435546875,
      0.7578824361165365,
      0.7259419759114584,
      0.6918258666992188,
      0.6560274759928385,
      0.6185557047526041,
      0.5800094604492188,
      0.5409622192382812,
      0.5012931823730469,
      0.46130625406901044,
      0.4215685526529948,
      0.3830401102701823,
      0.3454144795735677,
      0.3092041015625,
      0.2750740051269531,
      0.2426630655924479,
      0.21247990926106772,
      0.18449783325195312,
      0.15891138712565103,
      0.1357701619466146,
      0.11499404907226562,
      0.09654490152994792,
      0.08039474487304688,
      0.06647618611653645,
      0.054378509521484375,
      0.0441436767578125,
      0.035418192545572914,
      0.0282440185546875,
      0.02227783203125,
      0.01744842529296875,
      0.013500213623046875,
      0.010331471761067709,
      0.007909138997395834,
      0.006011962890625,
      0.004399617513020833,
      0.0033137003580729165,
      0.002437591552734375,
      0.0017827351888020833,
      0.0012982686360677083
    ],
    "v1_curve": [
      16.17472999549414,
      21.907442060957546,
      31.776653920627815,
      41.93671488602879,
      55.811999048727024,
      73.04968962619138,
      85.93759808240729,
      104.03418058480189,
      129.2117174106105,
      168.48706405910067,
      201.54937375369425,
      234.07256248402498,
      295.759896160948,
      336.4670212851574,
      403.22361453263164,
      461.14761825176845,
      525.8579582307073,
      608.0707412809973,
      683.3339903228111,
      757.272876948835,
      838.4630514161142,
      916.9348234264849,
      975.4456165660808,
      1051.1179310668103,
      1139.7975006815714,
      1173.178328328613,
      1229.5276678617856,
      1238.2362096650957,
      1273.7158216177077,
      1289.1586654528503,
      1285.0046501695867,
      1287.6104309855648,
      1278.7867789295635,
      1203.409163801627,
      1161.3678970877183,
      1118.3215692972842,
      1030.3384252451444,
      975.897442047143,
      899.4686475696499,
      835.4334860253795,
      745.7680305282416,
      668.4384164008081,
      593.9329266391067,
      517.1474015124528,
      455.04492918667853,
      391.3261973144467,
      323.0840771245549,
      277.62977334331555,
      241.75093734665373,
      187.9127375560985,
      156.35939829980268,
      122.76537923242977,
      105.075324107269,
      82.50954795730287,
      60.51498385861919,
      51.916087418015024,
      39.50447905496993,
      28.012123803884332,
      21.0150432663437,
      17.115488765480155,
      12.199964533442738
    ]
  },
  "p_high": 0.2158920539730135,
  "p_high_mf": 0.46526736631684157,
  "p_low": 0.784607696151924,
  "p_low_mf": 0.5352323838080959,
  "p_two_sided": 0.431784107946027,
  "p_two_sided_mf": 0.9305347326336831,
  "provenance": {
    "dat_url": "GAUSSIAN_CONTROL_FROM: https://github.com/gradient-pulse/phi-mesh/releases/download/data-2026-02-15-planck-lensing-R3/planck_pr3_lensing_mv_dat_klm.fits",
    "mf_url": "GAUSSIAN_CONTROL_MF_ZERO_FROM: https://github.com/gradient-pulse/phi-mesh/releases/download/data-2026-02-15-planck-lensing-R3/planck_pr3_lensing_mv_mf_klm.fits"
  },
  "seed": 731,
  "surrogate": {
    "D0_mean": 0.0010247180502124032,
    "D0_std": 0.0004709632502554241,
    "D1_mean": 20.24066162755805,
    "D1_std": 2.7524364718835375,
    "D_mf_mean": 20.240661658790717,
    "D_mf_std": 2.7524364732290256,
    "v0_mean_curve": [
      0.9986711546580002,
      0.9981593945821121,
      0.997474782943726,
      0.9965672295888256,
      0.9953778235117599,
      0.9938337052663174,
      0.991853674570719,
      0.9893334852854412,
      0.9861626790364585,
      0.9822054335276291,
      0.9773234691619879,
      0.9713582089742029,
      0.9641429227193183,
      0.9555019842783602,
      0.9452582581837978,
      0.9332353229522694,
      0.919270144144693,
      0.9032150154113777,
      0.884921866099039,
      0.8643011283874502,
      0.8412891693115232,
      0.8158606274922687,
      0.7880380109151202,
      0.7579136149088538,
      0.7256082884470633,
      0.6913086535135909,
      0.6552574297587065,
      0.6177437464396156,
      0.5790911223093658,
      0.5396660143534342,
      0.49985422706604005,
      0.46003526751200247,
      0.42063067245483476,
      0.3820009848276778,
      0.3445141023000078,
      0.3085047067006427,
      0.2742488066355379,
      0.24197513198852577,
      0.21188469696044937,
      0.18410847854614248,
      0.1587209841410322,
      0.13573953247070292,
      0.11514715512593592,
      0.09687583414713527,
      0.08083128356933575,
      0.06688429196675619,
      0.05487377993265787,
      0.04463827069600425,
      0.03599532508850097,
      0.028772202809651707,
      0.02279890124003094,
      0.01790729141235351,
      0.01393751398722332,
      0.0107505029042562,
      0.008215955098470052,
      0.006222618103027344,
      0.004669029871622728,
      0.0034719505310058583,
      0.002558339436848961,
      0.0018671379089355443,
      0.0013500614166259777
    ],