{
  "diagnostics": {
    "excess_kurt_x_obs": -0.03324232364885793,
    "imag_frac_nonzero_eps1e-12": 0.9937888198757764,
    "imag_max_abs": 0.01361550389319166,
    "skew_x_obs": 0.017482433803987826,
    "v1_delta_bandwidth_dnu": 0.10000000000000009,
    "v1_symmetry_corr": 0.9995109504352033,
    "verify_l2_from_curves": {
      "D0_match": true,
      "D0_recomputed": 0.00187565596070438,
      "D0_reported": 0.00187565596070438,
      "D1_match": true,
      "D1_recomputed": 17.50545549834429,
      "D1_reported": 17.50545549834429,
      "tol_abs": 1e-12,
      "tol_rel": 1e-10,
      "verify_dnu": 0.10000000000000009
    }
  },
  "hint": "This script compares observed morphology against phase-randomized surrogates that preserve |a_lm|. V0(nu) is excursion-set area fraction; V1(nu) is a perimeter proxy estimated from |\u2207x| in a nu-band. Distances D0 and D1 are L2 distances (sqrt(sum((a-b)^2)*dnu)) to surrogate-mean curves. D_mf combines them as sqrt(D0^2 + D1^2). Z_mf is the scale-free combined z-distance.",
  "kind": "planck_pr3_lensing_phi_topology_mf_v0_v1",
  "lmax": 320,
  "metric": "Minkowski-style morphology: V0(area) + V1(perimeter proxy) vs phase-random surrogates",
  "n_sims": 2000,
  "nside": 256,
  "observed": {
    "D0_L2": 0.00187565596070438,
    "D0_sum_sq_legacy": 3.5180852829258675e-05,
    "D1_L2": 17.50545549834429,
    "D1_sum_sq_legacy": 3064.4097220451204,
    "D_mf": 17.505455598829688,
    "Z0": -0.1988644046536538,
    "Z1": -1.115991438362119,
    "Z_mf": 1.1335713219448538,
    "map_mean": -2.0934236857966918e-08,
    "map_std": 0.0631885834253705,
    "v0_curve": [
      0.998870849609375,
      0.9983596801757812,
      0.9977455139160156,
      0.9968973795572916,
      0.9957313537597656,
      0.9942881266276041,
      0.9924189249674479,
      0.9898401896158854,
      0.9867134094238281,
      0.9827664693196615,
      0.9778594970703125,
      0.9718538920084635,
      0.9645779927571615,
      0.9559720357259115,
      0.9456787109375,
      0.9336446126302084,
      0.9195480346679688,
      0.9035008748372396,
      0.884850819905599,
      0.8639907836914062,
      0.8406995137532552,
      0.8148880004882812,
      0.7871208190917969,
      0.7566998799641927,
      0.7240447998046875,
      0.6894569396972656,
      0.6532681783040365,
      0.6161092122395834,
      0.5778287251790365,
      0.5385882059733073,
      0.4987169901529948,
      0.4590263366699219,
      0.41986338297526044,
      0.38135655721028644,
      0.3444404602050781,
      0.3086560567220052,
      0.27493031819661456,
      0.24254480997721353,
      0.21253840128580728,
      0.18473180135091147,
      0.15959676106770834,
      0.13654963175455728,
      0.11582565307617188,
      0.09778594970703125,
      0.08153406778971355,
      0.06767908732096355,
      0.05541229248046875,
      0.044871012369791664,
      0.036305745442708336,
      0.028947194417317707,
      0.02288055419921875,
      0.017893473307291668,
      0.013876597086588541,
      0.010752360026041666,
      0.008218129475911459,
      0.006287892659505208,
      0.004725138346354167,
      0.0035641988118489585,
      0.00257110595703125,
      0.001880645751953125,
      0.0013783772786458333
    ],
    "v1_curve": [
      13.314368923148118,
      15.595694952646216,
      20.403365113887105,
      29.1965388055547,
      45.73398585752342,
      47.48616653065232,
      72.04709511884103,
      84.12108252048779,
      110.94669653562892,
      138.73161447275206,
      167.5837296714188,
      213.8582858703416,
      242.5537199596418,
      295.9192581508283,
      353.9262447432692,
      406.06497607478127,
      464.57945236761753,
      557.5212724529148,
      627.2543289321156,
      702.850573004805,
      776.0490896398355,
      856.5618986446966,
      923.5172928376071,
      981.3031229814378,
      1074.6583393982437,
      1107.33825494975,
      1160.5922136776448,
      1194.4599378451276,
      1221.82259910649,
      1235.5064754765108,
      1234.0345382609848,
      1238.9739343713409,
      1212.370865639687,
      1184.116635538786,
      1141.3474991040262,
      1090.351271449957,
      1015.8366443393273,
      961.3981219342004,
      882.99431790056,
      818.6723329801152,
      740.1085527370212,
      659.842096875748,
      593.5408788793408,
      529.5093464255095,
      442.9755075906376,
      387.02103157469054,
      335.81166143787533,
      282.89526493280243,
      239.44077450321214,
      196.04076749183508,
      157.67884413516416,
      129.02739301263827,
      105.46168293544245,
      78.98361932610055,
      63.43121422909851,
      49.69125302715728,
      40.98601864862744,
      30.22375728986395,
      24.819690758260556,
      16.423244167660346,
      12.350261383591882
    ]
  },
  "p_high": 0.46776611694152925,
  "p_high_mf": 0.8895552223888056,
  "p_low": 0.5327336331834083,
  "p_low_mf": 0.11094452773613193,
  "p_two_sided": 0.9355322338830585,
  "p_two_sided_mf": 0.22188905547226387,
  "provenance": {
    "dat_url": "GAUSSIAN_CONTROL_FROM: https://github.com/gradient-pulse/phi-mesh/releases/download/data-2026-02-15-planck-lensing-R3/planck_pr3_lensing_mv_dat_klm.fits",
    "mf_url": "GAUSSIAN_CONTROL_MF_ZERO_FROM: https://github.com/gradient-pulse/phi-mesh/releases/download/data-2026-02-15-planck-lensing-R3/planck_pr3_lensing_mv_mf_klm.fits"
  },
  "seed": 731,
  "surrogate": {
    "D0_mean": 0.0021379510718369165,
    "D0_std": 0.0013189646060055595,
    "D1_mean": 21.73104452631492,
    "D1_std": 3.786399144936365,
    "D_mf_mean": 21.73104465652236,
    "D_mf_std": 3.786399230884848,
    "v0_mean_curve": [
      0.9987007656097407,
      0.9981929181416833,
      0.997511410395304,
      0.9966067307790123,
      0.995415891011557,
      0.9938689778645841,
      0.9918795668284086,
      0.9893492972056072,
      0.9861575266520174,
      0.982173792521159,
      0.9772598864237456,
      0.9712595405578633,
      0.9640063845316571,
      0.9553185132344565,
      0.9450315558115651,
      0.9329679164886447,
      0.9189609667460128,
      0.9028605155944821,
      0.8845420970916739,
      0.8639113330841076,
      0.8409010810852044,
      0.8154910182952892,
      0.7877080440521248,
      0.7576319300333668,
      0.7253906650543219,
      0.6911782900492349,
      0.6552288602193193,
      0.6178136132558175,
      0.5792839317321768,
      0.539975009918214,
      0.5002585328420002,
      0.46053337415059464,
      0.42118678601582876,
      0.38260023244221875,
      0.34515353647867775,
      0.3091434281667072,
      0.27486021105448427,
      0.24255436960856117,
      0.21240409215291342,
      0.1845445340474446,
      0.1590668938954674,
      0.13599275588989243,
      0.11530766359965001,
      0.09695174916585274,
      0.08083010228474943,
      0.06680866368611654,
      0.0547415936787923,
      0.04445356750488281,
      0.03577770105997714,
      0.0285319328308105,
      0.022547817866007448,
      0.017651957194010415,
      0.013693677266438789,
      0.010522115071614581,
      0.008008716583251954,
      0.006038581848144535,
      0.004508701960245752,
      0.0033337465922037807,
      0.0024411741892496758,
      0.0017702782948811882,
      0.0012709833780924465
    ],