{
  "diagnostics": {
    "excess_kurt_x_obs": -0.033957879992803086,
    "imag_frac_nonzero_eps1e-12": 0.9937888198757764,
    "imag_max_abs": 0.014416342423804952,
    "skew_x_obs": -0.010628577250440169,
    "v1_delta_bandwidth_dnu": 0.10000000000000009,
    "v1_symmetry_corr": 0.9952624148969367,
    "verify_l2_from_curves": {
      "D0_match": true,
      "D0_recomputed": 0.001230698842935021,
      "D0_reported": 0.001230698842935021,
      "D1_match": true,
      "D1_recomputed": 19.022157684544542,
      "D1_reported": 19.022157684544542,
      "tol_abs": 1e-12,
      "tol_rel": 1e-10,
      "verify_dnu": 0.10000000000000009
    }
  },
  "hint": "This script compares observed morphology against phase-randomized surrogates that preserve |a_lm|. V0(nu) is excursion-set area fraction; V1(nu) is a perimeter proxy estimated from |\u2207x| in a nu-band. Distances D0 and D1 are L2 distances (sqrt(sum((a-b)^2)*dnu)) to surrogate-mean curves. D_mf combines them as sqrt(D0^2 + D1^2). Z_mf is the scale-free combined z-distance.",
  "kind": "planck_pr3_lensing_phi_topology_mf_v0_v1",
  "lmax": 320,
  "metric": "Minkowski-style morphology: V0(area) + V1(perimeter proxy) vs phase-random surrogates",
  "n_sims": 2000,
  "nside": 256,
  "observed": {
    "D0_L2": 0.001230698842935021,
    "D0_sum_sq_legacy": 1.5146196420015981e-05,
    "D1_L2": 19.022157684544542,
    "D1_sum_sq_legacy": 3618.4248297567665,
    "D_mf": 19.022157724356525,
    "Z0": -0.49926347180565483,
    "Z1": -0.6056598524153212,
    "Z_mf": 0.7849126518964925,
    "map_mean": -6.247564699723059e-08,
    "map_std": 0.06268328119395912,
    "v0_curve": [
      0.998748779296875,
      0.9982566833496094,
      0.9975395202636719,
      0.9966049194335938,
      0.9953282674153646,
      0.9937171936035156,
      0.9916229248046875,
      0.9891039530436198,
      0.9859657287597656,
      0.9819780985514323,
      0.977074940999349,
      0.9711825052897135,
      0.9638328552246094,
      0.9550971984863281,
      0.9446220397949219,
      0.9324798583984375,
      0.9184951782226562,
      0.9025319417317709,
      0.8842582702636719,
      0.8636817932128906,
      0.8405647277832031,
      0.815362294514974,
      0.7876879374186198,
      0.7577374776204427,
      0.7252031962076823,
      0.6908798217773438,
      0.6551793416341146,
      0.6180330912272135,
      0.5799446105957031,
      0.5404841105143229,
      0.5010426839192709,
      0.4616406758626302,
      0.42235565185546875,
      0.3834877014160156,
      0.3457756042480469,
      0.3098856608072917,
      0.2749036153157552,
      0.24259440104166666,
      0.21247100830078125,
      0.18465423583984375,
      0.15913772583007812,
      0.13614654541015625,
      0.1154632568359375,
      0.09717305501302083,
      0.08082071940104167,
      0.06679662068684895,
      0.05478795369466146,
      0.044202168782552086,
      0.035451253255208336,
      0.028171539306640625,
      0.022274017333984375,
      0.017353057861328125,
      0.013427734375,
      0.010168711344401041,
      0.007724761962890625,
      0.005807240804036458,
      0.004313151041666667,
      0.003200531005859375,
      0.0023167928059895835,
      0.001697540283203125,
      0.0012257893880208333
    ],
    "v1_curve": [
      11.604955596718884,
      14.598313368841147,
      22.09152972848107,
      28.604481904878792,
      37.91829206305209,
      49.72711372410913,
      57.81767416488252,
      72.55332648962666,
      96.10962088363345,
      118.77367747739844,
      144.96701926935225,
      174.8650854748224,
      220.72501601563752,
      256.37711152704657,
      319.5328688134203,
      353.6464552832319,
      418.2424893792225,
      480.75515827488374,
      547.3719824133361,
      619.6796370647343,
      684.1987803116501,
      754.9411073983473,
      834.334288342329,
      925.9821259701823,
      982.9268308730645,
      1040.2640352712694,
      1093.2770669666556,
      1136.5671588368093,
      1178.8022063285846,
      1248.5810941872858,
      1220.5595851037015,
      1242.929243330216,
      1221.435231095328,
      1225.3008361901834,
      1170.2314121381694,
      1129.5872960871543,
      1098.1853269352919,
      1033.0164306321058,
      960.8003123309464,
      895.3085006911443,
      837.0378468298716,
      748.255506489492,
      688.0934080184354,
      602.2474424525149,
      538.6714435993142,
      463.3772203582104,
      406.36901565659434,
      337.0340114537397,
      293.7320738581159,
      248.94502844175452,
      198.9803148400654,
      163.48248412221483,
      128.86300972777445,
      103.78743202560808,
      74.33264600517812,
      67.9553513546264,
      48.43276906454104,
      42.54218041149248,
      35.062760374261835,
      26.344826718407298,
      15.112761364592092
    ]
  },
  "p_high": 0.6226886556721639,
  "p_high_mf": 0.711144427786107,
  "p_low": 0.3778110944527736,
  "p_low_mf": 0.2893553223388306,
  "p_two_sided": 0.7556221889055472,
  "p_two_sided_mf": 0.5787106446776612,
  "provenance": {
    "dat_url": "GAUSSIAN_CONTROL_FROM: https://github.com/gradient-pulse/phi-mesh/releases/download/data-2026-02-15-planck-lensing-R3/planck_pr3_lensing_mv_dat_klm.fits",
    "mf_url": "GAUSSIAN_CONTROL_MF_ZERO_FROM: https://github.com/gradient-pulse/phi-mesh/releases/download/data-2026-02-15-planck-lensing-R3/planck_pr3_lensing_mv_mf_klm.fits"
  },
  "seed": 731,
  "surrogate": {
    "D0_mean": 0.001748613492238845,
    "D0_std": 0.0010373573845302855,
    "D1_mean": 21.128549346937326,
    "D1_std": 3.477845946025099,
    "D_mf_mean": 21.12854943682777,
    "D_mf_std": 3.4778459941697637,
    "v0_mean_curve": [
      0.9986766312917057,
      0.9981645024617509,
      0.9974797757466631,
      0.9965722738901774,
      0.9953814430236805,
      0.9938348789215081,
      0.9918480065663676,
      0.9893171984354661,
      0.986134270985921,
      0.9821640669504804,
      0.9772644844055172,
      0.9712852662404367,
      0.9640520744323733,
      0.9553964856465648,
      0.9451378300984702,
      0.9331095568339027,
      0.9191304537455247,
      0.9030613447825107,
      0.8847687994639076,
      0.8641460876464856,
      0.8411417395273857,
      0.8157309157053626,
      0.7879332466125498,
      0.7578343569437684,
      0.7255624313354481,
      0.6913068288167304,
      0.6553018366495768,
      0.6178366527557366,
      0.5792282657623281,
      0.5398393923441569,
      0.5000590076446536,
      0.46027886263529516,
      0.42089805730183893,
      0.3822842241923019,
      0.34479937171935987,
      0.30878211466471384,
      0.2745074501037598,
      0.24221642812093094,
      0.2121013838450114,
      0.1842921835581462,
      0.15886145846049005,
      0.13584341875712094,
      0.11521529706319178,
      0.09690996297200508,
      0.08083116086324062,
      0.06684631538391111,
      0.054804760615030965,
      0.04454508654276529,
      0.03588626352945968,
      0.028652607599894263,
      0.022671532313028975,
      0.01777898661295573,
      0.013814442316691085,
      0.010637107213338184,
      0.008113695144653325,
      0.006132261276245112,
      0.0045908546447754,
      0.0034045187632242824,
      0.0025005728403727175,
      0.001818806330362954,
      0.0013105506896972658
    ],