{
  "diagnostics": {
    "excess_kurt_x_obs": 0.004133093386144093,
    "imag_frac_nonzero_eps1e-12": 0.9922480620155039,
    "imag_max_abs": 0.013673554342965554,
    "skew_x_obs": -0.04622667606011124,
    "v1_delta_bandwidth_dnu": 0.10000000000000009,
    "v1_symmetry_corr": 0.9943827247372751,
    "verify_l2_from_curves": {
      "D0_match": true,
      "D0_recomputed": 0.0036766573638926424,
      "D0_reported": 0.0036766573638926424,
      "D1_match": true,
      "D1_recomputed": 15.733857190939332,
      "D1_reported": 15.733857190939332,
      "tol_abs": 1e-12,
      "tol_rel": 1e-10,
      "verify_dnu": 0.10000000000000009
    }
  },
  "hint": "This script compares observed morphology against phase-randomized surrogates that preserve |a_lm|. V0(nu) is excursion-set area fraction; V1(nu) is a perimeter proxy estimated from |\u2207x| in a nu-band. Distances D0 and D1 are L2 distances (sqrt(sum((a-b)^2)*dnu)) to surrogate-mean curves. D_mf combines them as sqrt(D0^2 + D1^2). Z_mf is the scale-free combined z-distance.",
  "kind": "planck_pr3_lensing_phi_topology_mf_v0_v1",
  "lmax": 256,
  "metric": "Minkowski-style morphology: V0(area) + V1(perimeter proxy) vs phase-random surrogates",
  "n_sims": 2000,
  "nside": 256,
  "observed": {
    "D0_L2": 0.0036766573638926424,
    "D0_sum_sq_legacy": 0.00013517809371465982,
    "D1_L2": 15.733857190939332,
    "D1_sum_sq_legacy": 2475.5426210487312,
    "D_mf": 15.733857620516423,
    "Z0": 0.4877480979441333,
    "Z1": -0.5396371061866507,
    "Z_mf": 0.7273970122440856,
    "map_mean": -2.3288914515034085e-09,
    "map_std": 0.04958179387142494,
    "v0_curve": [
      0.998419443766276,
      0.9978663126627604,
      0.9971872965494791,
      0.9962031046549479,
      0.9948883056640625,
      0.9932645161946615,
      0.9911511739095052,
      0.9884821573893229,
      0.9850819905598959,
      0.9809087117513021,
      0.9760080973307291,
      0.9697837829589844,
      0.9626604715983073,
      0.9539540608723959,
      0.9435869852701823,
      0.9316902160644531,
      0.9177881876627604,
      0.9018058776855469,
      0.8837610880533854,
      0.863549550374349,
      0.8411852518717448,
      0.816436767578125,
      0.7890472412109375,
      0.7596969604492188,
      0.7275543212890625,
      0.6937764485677084,
      0.6581586201985677,
      0.6207695007324219,
      0.5824165344238281,
      0.5432281494140625,
      0.5032958984375,
      0.4634348551432292,
      0.4239501953125,
      0.3851636250813802,
      0.3469797770182292,
      0.31059900919596356,
      0.27592722574869794,
      0.2434412638346354,
      0.21271896362304688,
      0.18450800577799478,
      0.15839767456054688,
      0.1351191202799479,
      0.11429723103841145,
      0.09560521443684895,
      0.07935714721679688,
      0.0652147928873698,
      0.053194681803385414,
      0.04281743367513021,
      0.034403483072916664,
      0.027128855387369793,
      0.0214691162109375,
      0.0167388916015625,
      0.012957255045572916,
      0.009899139404296875,
      0.007439931233723958,
      0.005574544270833333,
      0.004151662190755208,
      0.0030186971028645835,
      0.0021794637044270835,
      0.0015869140625,
      0.0011202494303385417
    ],
    "v1_curve": [
      9.287482425659839,
      11.840372341583148,
      15.813668524901285,
      22.61073164844075,
      27.144461270640537,
      36.970139446424525,
      46.2385956224689,
      58.20429383466845,
      73.93276980729023,
      89.32562596973453,
      109.84944366071316,
      131.92261057288698,
      157.30322558519904,
      189.58023082468208,
      222.55344042470358,
      262.70995388316817,
      307.5830615075823,
      342.9032716679621,
      399.00427839723227,
      449.93735626448046,
      503.07149827985484,
      551.8033110810808,
      600.8705129199498,
      665.4996127871641,
      707.6288718548197,
      765.9538415822891,
      793.1199377075518,
      839.7998428009323,
      871.959398176476,
      892.1672922391427,
      924.5139893024441,
      931.2250147181481,
      918.1217039586986,
      916.9949003949174,
      885.2071021100677,
      859.0786526948515,
      833.2834756032818,
      778.7834192956442,
      736.4294890536223,
      675.6634413479755,
      644.6381989846227,
      562.0688434008865,
      522.9925663907037,
      453.0511267453402,
      391.2832139577611,
      356.67917914674564,
      308.3066961462184,
      255.42004321719745,
      225.44077650614085,
      185.94782734793318,
      145.93747516386063,
      122.98621845823527,
      95.70852080823397,
      77.46308147817396,
      62.17568185701806,
      46.03009973228856,
      35.82808477695126,
      29.633785743919773,
      21.04171648838879,
      15.252366354299102,
      12.29766208634408
    ]
  },
  "p_high": 0.2888555722138931,
  "p_high_mf": 0.6781609195402298,
  "p_low": 0.7116441779110445,
  "p_low_mf": 0.32233883058470764,
  "p_two_sided": 0.5777111444277861,
  "p_two_sided_mf": 0.6446776611694153,
  "provenance": {
    "dat_url": "GAUSSIAN_CONTROL_FROM: https://github.com/gradient-pulse/phi-mesh/releases/download/data-2026-02-15-planck-lensing-R3/planck_pr3_lensing_mv_dat_klm.fits",
    "mf_url": "GAUSSIAN_CONTROL_MF_ZERO_FROM: https://github.com/gradient-pulse/phi-mesh/releases/download/data-2026-02-15-planck-lensing-R3/planck_pr3_lensing_mv_mf_klm.fits"
  },
  "seed": 731,
  "surrogate": {
    "D0_mean": 0.0028485569984930976,
    "D0_std": 0.001697803372047994,
    "D1_mean": 18.065318656696288,
    "D1_std": 4.320424668778328,
    "D_mf_mean": 18.065318919970238,
    "D_mf_std": 4.320424840504302,
    "v0_mean_curve": [
      0.9987408135732025,
      0.9982403977712001,
      0.9975679963429792,
      0.9966700503031413,
      0.9954866422017434,
      0.9939458853403738,
      0.9919580529530843,
      0.9894252319335923,
      0.9862299702962248,
      0.9822380046844478,
      0.9773101113637291,
      0.9712825094858809,
      0.96399593226115,
      0.9552741514841723,
      0.9449376201629637,
      0.9328191254933692,
      0.9187601960500081,
      0.9026080392201743,
      0.8842461115519188,
      0.8635678278605154,
      0.8405293604532884,
      0.8151058610280353,
      0.787321088790894,
      0.7572557799021403,
      0.7250474472045907,
      0.6908865038553863,
      0.6550127684275313,
      0.6176871191660558,
      0.5792404708862319,
      0.5400220718383785,
      0.50039686648051,
      0.4607709999084475,
      0.42151664606730227,
      0.38300713857015,
      0.3455901069641114,
      0.30960718154907213,
      0.27533868535359757,
      0.24302405293782503,
      0.21284876823425297,
      0.18495362536112417,
      0.1594256744384765,
      0.1362907028198242,
      0.11553034845987964,
      0.09710329437255859,
      0.0809088719685874,
      0.06682409286499032,
      0.054698425928751564,
      0.044368959426879864,
      0.03566059557596841,
      0.028393606185913068,
      0.02239491526285803,
      0.017494294484456347,
      0.01353447914123535,
      0.010369215647379562,
      0.007866206487019864,
      0.005907495498657225,
      0.004391651789347331,
      0.00323277028401693,
      0.0023552837371826198,
      0.0016984926859537773,
      0.001211989720662434
    ],