{
  "diagnostics": {
    "excess_kurt_x_obs": -0.07721403648287373,
    "imag_frac_nonzero_eps1e-12": 0.9896907216494846,
    "imag_max_abs": 0.01927485491686653,
    "skew_x_obs": 0.06638565969789822,
    "v1_delta_bandwidth_dnu": 0.10000000000000009,
    "v1_symmetry_corr": 0.9916832246061336,
    "verify_l2_from_curves": {
      "D0_match": true,
      "D0_recomputed": 0.00964866727066768,
      "D0_reported": 0.00964866727066768,
      "D1_match": true,
      "D1_recomputed": 27.455562722796046,
      "D1_reported": 27.455562722796046,
      "tol_abs": 1e-12,
      "tol_rel": 1e-10,
      "verify_dnu": 0.10000000000000009
    }
  },
  "hint": "This script compares observed morphology against phase-randomized surrogates that preserve |a_lm|. V0(nu) is excursion-set area fraction; V1(nu) is a perimeter proxy estimated from |\u2207x| in a nu-band. Distances D0 and D1 are L2 distances (sqrt(sum((a-b)^2)*dnu)) to surrogate-mean curves. D_mf combines them as sqrt(D0^2 + D1^2). Z_mf is the scale-free combined z-distance.",
  "kind": "planck_pr3_lensing_phi_topology_mf_v0_v1",
  "lmax": 192,
  "metric": "Minkowski-style morphology: V0(area) + V1(perimeter proxy) vs phase-random surrogates",
  "n_sims": 2000,
  "nside": 256,
  "observed": {
    "D0_L2": 0.00964866727066768,
    "D0_sum_sq_legacy": 0.0009309678010005364,
    "D1_L2": 27.455562722796046,
    "D1_sum_sq_legacy": 7538.079244253872,
    "D_mf": 27.455564418204336,
    "Z0": 0.7591840242579977,
    "Z1": 0.5246715748929469,
    "Z_mf": 0.9228437810318783,
    "map_mean": 3.0091140588821286e-08,
    "map_std": 0.038533998931284744,
    "v0_curve": [
      0.9991772969563802,
      0.9988110860188802,
      0.9982795715332031,
      0.9975013732910156,
      0.996466318766276,
      0.9950675964355469,
      0.993316650390625,
      0.9910151163736979,
      0.9880091349283854,
      0.9842567443847656,
      0.9795824686686198,
      0.9738108317057291,
      0.9666010538736979,
      0.9579849243164062,
      0.947821299235026,
      0.935522715250651,
      0.9213968912760416,
      0.9047342936197916,
      0.8856341044108073,
      0.8643646240234375,
      0.8402506510416666,
      0.8137537638346354,
      0.7849210103352865,
      0.7540944417317709,
      0.7213401794433594,
      0.6866366068522135,
      0.6499849955240885,
      0.6121241251627604,
      0.5734443664550781,
      0.5337994893391927,
      0.49413172403971356,
      0.4544639587402344,
      0.4154853820800781,
      0.37774658203125,
      0.34147898356119794,
      0.3065032958984375,
      0.27332433064778644,
      0.24213155110677084,
      0.21297454833984375,
      0.18582661946614584,
      0.1609980265299479,
      0.13852945963541666,
      0.1182263692220052,
      0.0998242696126302,
      0.0837694803873698,
      0.06989415486653645,
      0.05764897664388021,
      0.047153472900390625,
      0.03815587361653646,
      0.030695597330729168,
      0.024440765380859375,
      0.019316355387369793,
      0.015050252278645834,
      0.011507670084635416,
      0.0088043212890625,
      0.006641387939453125,
      0.004969278971354167,
      0.0037129720052083335,
      0.0026601155598958335,
      0.0019238789876302083,
      0.0013262430826822917
    ],
    "v1_curve": [
      5.663169306180021,
      8.442944966840255,
      12.509272875927866,
      16.54602151550956,
      23.134234846750157,
      30.07575194796738,
      37.625989990974794,
      50.4955769442037,
      64.5599362225939,
      81.37035031026608,
      96.26375180116027,
      119.86062558003017,
      141.90210386747208,
      173.58031580861015,
      205.33167026806535,
      238.73061781413605,
      269.65792679220147,
      324.98948140646894,
      359.222499117045,
      401.77044070327224,
      446.19394024616196,
      477.8205737925011,
      518.5617963601142,
      548.0855403765167,
      564.5874736888629,
      585.545258182072,
      620.4240404883549,
      624.4391191039674,
      629.7077714207784,
      621.7670884575153,
      615.0094131572566,
      604.7744946351975,
      586.5924809279038,
      554.5394691712751,
      543.3167659455303,
      505.28203739851807,
      472.06292328799856,
      436.94030837856945,
      404.6023858741048,
      372.98412417718106,
      330.7375956736186,
      300.18913592050524,
      268.7837006162657,
      234.5130127900131,
      203.37029265893932,
      174.80525640648202,
      152.6551790659668,
      126.11966817308905,
      107.79469830181668,
      91.40126843699628,
      74.27988904506194,
      62.29033843314317,
      49.75861654727288,
      38.62576748089453,
      30.84769260619003,
      23.822488811632645,
      18.810751031269945,
      14.80007581230996,
      11.169889260759819,
      8.817150944881032,
      5.828564388383675
    ]
  },
  "p_high": 0.23288355822088955,
  "p_high_mf": 0.2958520739630185,
  "p_low": 0.767616191904048,
  "p_low_mf": 0.704647676161919,
  "p_two_sided": 0.4657671164417791,
  "p_two_sided_mf": 0.591704147926037,
  "provenance": {
    "dat_url": "GAUSSIAN_CONTROL_FROM: https://github.com/gradient-pulse/phi-mesh/releases/download/data-2026-02-15-planck-lensing-R3/planck_pr3_lensing_mv_dat_klm.fits",
    "mf_url": "GAUSSIAN_CONTROL_MF_ZERO_FROM: https://github.com/gradient-pulse/phi-mesh/releases/download/data-2026-02-15-planck-lensing-R3/planck_pr3_lensing_mv_mf_klm.fits"
  },
  "seed": 731,
  "surrogate": {
    "D0_mean": 0.0067764721462375095,
    "D0_std": 0.003783266023329934,
    "D1_mean": 22.520379580589847,
    "D1_std": 9.406233114902719,
    "D_mf_mean": 22.52038066524693,
    "D_mf_std": 9.406233719737248,
    "v0_mean_curve": [
      0.9985249983469661,
      0.9979696305592862,
      0.9972314624786373,
      0.9962609373728436,
      0.9949972025553382,
      0.9933674570719372,
      0.9912889486948641,
      0.9886641839345307,
      0.9853800703684491,
      0.9813128344217941,
      0.9763216482798261,
      0.9702611738840731,
      0.9629690386454266,
      0.9542759386698401,
      0.9440062783559163,
      0.9320059204101576,
      0.9181037044525141,
      0.9021566549936924,
      0.8840316537221252,
      0.8636336650848373,
      0.8408915640513099,
      0.8157828915913911,
      0.7883256607055659,
      0.758576061884563,
      0.7266675739288324,
      0.6927593917846682,
      0.6570717582702641,
      0.6198837095896403,
      0.5814998938242597,
      0.5422650534311935,
      0.5025716857910159,
      0.46279803021748783,
      0.42333544603983536,
      0.38457068125406824,
      0.34686781438191716,
      0.3105631548563635,
      0.27596955490112357,
      0.24333329963684044,
      0.212859562555949,
      0.18469052251180004,
      0.15892877133687328,
      0.13560397783915218,
      0.11471397527058937,
      0.09618406550089512,
      0.07992964299519856,
      0.06581778971354177,
      0.053703299204508476,
      0.043412060419718464,
      0.03476036580403651,
      0.027565856933593744,
      0.02165260187784833,
      0.016841971715291327,
      0.012970539093017572,
      0.009891101837158228,
      0.007465831120808918,
      0.005579799016316734,
      0.004126581827799481,
      0.0030204658508300748,
      0.0021866868336995427,
      0.0015664234161376941,
      0.0011097043355306007
    ],