{
  "diagnostics": {
    "excess_kurt_x_obs": 0.13814515060927546,
    "imag_frac_nonzero_eps1e-12": 0.9896907216494846,
    "imag_max_abs": 0.040416476735501444,
    "skew_x_obs": -0.1492768073996463,
    "v1_delta_bandwidth_dnu": 0.10000000000000009,
    "v1_symmetry_corr": 0.9994714101639101,
    "verify_l2_from_curves": {
      "D0_match": true,
      "D0_recomputed": 0.01784558563399835,
      "D0_reported": 0.01784558563399835,
      "D1_match": true,
      "D1_recomputed": 32.695685829984996,
      "D1_reported": 32.695685829984996,
      "tol_abs": 1e-12,
      "tol_rel": 1e-10,
      "verify_dnu": 0.10000000000000009
    }
  },
  "hint": "This script compares observed morphology against phase-randomized surrogates that preserve |a_lm|. V0(nu) is excursion-set area fraction; V1(nu) is a perimeter proxy estimated from |\u2207x| in a nu-band. Distances D0 and D1 are L2 distances (sqrt(sum((a-b)^2)*dnu)) to surrogate-mean curves. D_mf combines them as sqrt(D0^2 + D1^2). Z_mf is the scale-free combined z-distance.",
  "kind": "planck_pr3_lensing_phi_topology_mf_v0_v1",
  "lmax": 192,
  "metric": "Minkowski-style morphology: V0(area) + V1(perimeter proxy) vs phase-random surrogates",
  "n_sims": 2000,
  "nside": 256,
  "observed": {
    "D0_L2": 0.01784558563399835,
    "D0_sum_sq_legacy": 0.00318464926620368,
    "D1_L2": 32.695685829984996,
    "D1_sum_sq_legacy": 10690.078718930807,
    "D_mf": 32.695690700121446,
    "Z0": 1.3927840899254893,
    "Z1": 0.7735608340628181,
    "Z_mf": 1.5931867075598942,
    "map_mean": -9.599217885991837e-09,
    "map_std": 0.042648968411024744,
    "v0_curve": [
      0.9976539611816406,
      0.9967842102050781,
      0.9957224527994791,
      0.9943974812825521,
      0.9928181966145834,
      0.9908358256022135,
      0.9882214864095052,
      0.9851404825846354,
      0.981451670328776,
      0.9769884745279948,
      0.9716161092122396,
      0.9654223124186198,
      0.9581947326660156,
      0.9497884114583334,
      0.9399795532226562,
      0.9288355509440104,
      0.9159278869628906,
      0.901238759358724,
      0.8845303853352865,
      0.8657112121582031,
      0.8447697957356771,
      0.8213755289713541,
      0.7953923543294271,
      0.7667134602864584,
      0.7358105977376302,
      0.7023328145345052,
      0.6672083536783854,
      0.6300074259440104,
      0.5912831624348959,
      0.55157470703125,
      0.5108502705891927,
      0.46970367431640625,
      0.4289093017578125,
      0.38851292928059894,
      0.3495445251464844,
      0.3115196228027344,
      0.27488072713216144,
      0.24114990234375,
      0.21001688639322916,
      0.18135706583658853,
      0.15506871541341147,
      0.13147735595703125,
      0.11050669352213542,
      0.0918439229329427,
      0.07577133178710938,
      0.061801910400390625,
      0.050160725911458336,
      0.040103912353515625,
      0.03182220458984375,
      0.025043487548828125,
      0.019624074300130207,
      0.015173594156901041,
      0.011615753173828125,
      0.008778889973958334,
      0.006604512532552083,
      0.004838307698567708,
      0.0034942626953125,
      0.002574920654296875,
      0.0018374125162760417,
      0.0013186136881510417,
      0.0009396870930989584
    ],
    "v1_curve": [
      7.922153173072379,
      11.164797595663293,
      13.997671568961968,
      17.499006573951636,
      22.060420800192876,
      27.668796356901645,
      35.87373135825833,
      43.06890104584504,
      53.22015057146743,
      64.43044040465068,
      77.48527073970905,
      89.13484582458588,
      108.08191421820315,
      126.82734719768669,
      145.9273347585458,
      171.56890091794543,
      195.82664306094458,
      222.47971283500226,
      259.75746747886365,
      292.85601020074654,
      334.3891086773198,
      367.2619934927437,
      408.8830126862731,
      449.3787086168464,
      479.82207441174575,
      516.6709035982179,
      552.2804659927515,
      561.1249583777471,
      589.5194456402841,
      596.4642588476345,
      603.9766994721809,
      606.4078625406859,
      591.4574520528228,
      579.7502427732919,
      536.6591423742841,
      518.7357369212931,
      492.4586267693742,
      442.26915049198385,
      403.8948108004665,
      373.82093879249237,
      331.7737756934943,
      293.3918928365831,
      259.04580862996954,
      225.2774047896802,
      193.87999161435718,
      162.17672444496117,
      138.02062532558838,
      112.08936784975326,
      94.14057875128887,
      73.85199538842691,
      60.491624163642086,
      47.96804315656683,
      38.34972514346895,
      29.23722190917569,
      22.91208373722344,
      17.52289973905162,
      12.713191569616644,
      9.053915444039577,
      6.988670202452178,
      5.258274586621239,
      3.819910420355129
    ]
  },
  "p_high": 0.09995002498750624,
  "p_high_mf": 0.20189905047476261,
  "p_low": 0.9005497251374313,
  "p_low_mf": 0.7986006996501749,
  "p_two_sided": 0.19990004997501248,
  "p_two_sided_mf": 0.40379810094952523,
  "provenance": {
    "dat_url": "GAUSSIAN_CONTROL_FROM: https://github.com/gradient-pulse/phi-mesh/releases/download/data-2026-02-15-planck-lensing-R3/planck_pr3_lensing_mv_dat_klm.fits",
    "mf_url": "GAUSSIAN_CONTROL_MF_ZERO_FROM: https://github.com/gradient-pulse/phi-mesh/releases/download/data-2026-02-15-planck-lensing-R3/planck_pr3_lensing_mv_mf_klm.fits"
  },
  "seed": 731,
  "surrogate": {
    "D0_mean": 0.009773607858386785,
    "D0_std": 0.005795570062868393,
    "D1_mean": 24.316945577044724,
    "D1_std": 10.831391513107377,
    "D_mf_mean": 24.31694768935681,
    "D_mf_std": 10.831392730793759,
    "v0_mean_curve": [
      0.9989687347412115,
      0.9985353870391841,
      0.9979410419464106,
      0.9971376756032293,
      0.9960636374155674,
      0.9946490230560296,
      0.9928022454579661,
      0.9904209995269768,
      0.987384732564291,
      0.9835541915893562,
      0.9787798137664799,
      0.9728953374226887,
      0.9657282905578621,
      0.9570923538207993,
      0.9467985852559414,
      0.9346664549509672,
      0.9205201613108317,
      0.9042059542338045,
      0.8855907287597647,
      0.8645841134389239,
      0.8411274801890063,
      0.8152014954884853,
      0.7868690503438325,
      0.7562159550984691,
      0.7234063161214191,
      0.6886386019388833,
      0.6521804835001613,
      0.6143513501485178,
      0.575480383555095,
      0.5359599761962895,
      0.4961646022796632,
      0.4564818693796794,
      0.41731783294677705,
      0.37903436978658034,
      0.3419800078074146,
      0.306469508488973,
      0.2727531598409015,
      0.24105889129638688,
      0.21152939732869444,
      0.18427512550353978,
      0.15934580421447744,
      0.13677030245463054,
      0.11650070699055982,
      0.09846479352315275,
      0.08256880569458001,
      0.06868805821736651,
      0.05667562421162918,
      0.04637648963928219,
      0.03763480695088704,
      0.030278314590454145,
      0.024145017623901373,
      0.019081464767456036,
      0.014942321141560872,
      0.011590766906738258,
      0.008904277165730803,
      0.006772433598836264,
      0.005101689020792641,
      0.003802673975626635,
      0.00280541038513183,
      0.002048636118570963,
      0.0014792919158935533
    ],