{
  "diagnostics": {
    "excess_kurt_x_obs": -0.03592839342285359,
    "imag_frac_nonzero_eps1e-12": 0.9922480620155039,
    "imag_max_abs": 0.019026801726817925,
    "skew_x_obs": -0.00697616139176474,
    "v1_delta_bandwidth_dnu": 0.10000000000000009,
    "v1_symmetry_corr": 0.9972729601736314,
    "verify_l2_from_curves": {
      "D0_match": true,
      "D0_recomputed": 0.0009481039571977379,
      "D0_reported": 0.0009481039571977379,
      "D1_match": true,
      "D1_recomputed": 12.960033060013085,
      "D1_reported": 12.960033060013085,
      "tol_abs": 1e-12,
      "tol_rel": 1e-10,
      "verify_dnu": 0.10000000000000009
    }
  },
  "hint": "This script compares observed morphology against phase-randomized surrogates that preserve |a_lm|. V0(nu) is excursion-set area fraction; V1(nu) is a perimeter proxy estimated from |\u2207x| in a nu-band. Distances D0 and D1 are L2 distances (sqrt(sum((a-b)^2)*dnu)) to surrogate-mean curves. D_mf combines them as sqrt(D0^2 + D1^2). Z_mf is the scale-free combined z-distance.",
  "kind": "planck_pr3_lensing_phi_topology_mf_v0_v1",
  "lmax": 256,
  "metric": "Minkowski-style morphology: V0(area) + V1(perimeter proxy) vs phase-random surrogates",
  "n_sims": 2000,
  "nside": 256,
  "observed": {
    "D0_L2": 0.0009481039571977379,
    "D0_sum_sq_legacy": 8.989011136540093e-06,
    "D1_L2": 12.960033060013085,
    "D1_sum_sq_legacy": 1679.6245691663198,
    "D_mf": 12.960033094692823,
    "Z0": -0.9792367834419906,
    "Z1": -1.265415919271244,
    "Z_mf": 1.60005691360992,
    "map_mean": -8.943625219805876e-08,
    "map_std": 0.04857502154099907,
    "v0_curve": [
      0.9987335205078125,
      0.9982630411783854,
      0.9976107279459635,
      0.9967333475748698,
      0.9954808553059896,
      0.9939804077148438,
      0.9920171101888021,
      0.9895540873209635,
      0.9863497416178385,
      0.9823875427246094,
      0.9774208068847656,
      0.9712982177734375,
      0.9637959798177084,
      0.9549891153971354,
      0.9447174072265625,
      0.932610829671224,
      0.9185994466145834,
      0.9023717244466146,
      0.8839747111002604,
      0.8635241190592448,
      0.8404350280761719,
      0.8148841857910156,
      0.7873713175455729,
      0.75732421875,
      0.7252693176269531,
      0.6909879048665365,
      0.6553904215494791,
      0.6183560689290365,
      0.579260508219401,
      0.5400072733561198,
      0.5006268819173177,
      0.46101125081380206,
      0.4214617411295573,
      0.3832206726074219,
      0.34558868408203125,
      0.309814453125,
      0.2754631042480469,
      0.24313990275065103,
      0.21278508504231772,
      0.18509928385416666,
      0.15949376424153647,
      0.13609441121419272,
      0.11559677124023438,
      0.09726333618164062,
      0.0809313456217448,
      0.06667582194010417,
      0.054463704427083336,
      0.044199625651041664,
      0.03555933634440104,
      0.028254191080729168,
      0.02222442626953125,
      0.01729583740234375,
      0.013476053873697916,
      0.010370890299479166,
      0.0078582763671875,
      0.005875905354817708,
      0.004328409830729167,
      0.0031878153483072915,
      0.00235748291015625,
      0.00168609619140625,
      0.0012143452962239583
    ],
    "v1_curve": [
      7.926442389273118,
      10.671221494088815,
      15.174388028417532,
      22.04869980301369,
      27.211873632364256,
      33.86288822360796,
      44.38753197868158,
      57.29428475115261,
      71.77268598143267,
      89.79287393323473,
      113.74835528756324,
      143.51386631510834,
      175.55114401276316,
      202.34390982890974,
      235.75099698471774,
      283.20669972225454,
      329.11749875537237,
      377.83409237392806,
      426.21168985592766,
      482.0562010377035,
      543.4831743013542,
      592.9119340237971,
      650.550807905225,
      714.2834034114024,
      750.0009292211228,
      808.2638154093621,
      844.2346408946845,
      885.8819069062314,
      911.9002005628138,
      932.931437440098,
      953.5377080256834,
      950.0106616680745,
      924.4924231527119,
      916.0453546603535,
      885.9328094257286,
      865.9916300156341,
      824.99919727674,
      791.8058765164027,
      731.8963526581502,
      672.7710309668187,
      624.5228934208039,
      561.1406188767085,
      500.5795305362353,
      453.01270747726016,
      399.00448720666,
      337.79228053112195,
      299.81876699665895,
      246.34094774969296,
      222.54546913696404,
      193.86747561943397,
      142.22521447366105,
      126.89341636663643,
      94.83615004460303,
      79.26315862686805,
      61.768343742572014,
      53.34224956802641,
      42.50326121086383,
      27.050516724547954,
      18.87081085690933,
      15.345984901821428,
      9.835977725411247
    ]
  },
  "p_high": 0.8725637181409296,
  "p_high_mf": 0.9475262368815592,
  "p_low": 0.127936031984008,
  "p_low_mf": 0.05297351324337831,
  "p_two_sided": 0.255872063968016,
  "p_two_sided_mf": 0.10594702648675662,
  "provenance": {
    "dat_url": "GAUSSIAN_CONTROL_FROM: https://github.com/gradient-pulse/phi-mesh/releases/download/data-2026-02-15-planck-lensing-R3/planck_pr3_lensing_mv_dat_klm.fits",
    "mf_url": "GAUSSIAN_CONTROL_MF_ZERO_FROM: https://github.com/gradient-pulse/phi-mesh/releases/download/data-2026-02-15-planck-lensing-R3/planck_pr3_lensing_mv_mf_klm.fits"
  },
  "seed": 731,
  "surrogate": {
    "D0_mean": 0.0024368445985724955,
    "D0_std": 0.0015203071070736078,
    "D1_mean": 17.40426799437565,
    "D1_std": 3.512074462380726,
    "D_mf_mean": 17.40426820076371,
    "D_mf_std": 3.512074613979998,
    "v0_mean_curve": [
      0.9986394564310709,
      0.998119183222453,
      0.9974237136840806,
      0.9965028724670402,
      0.9952973988850898,
      0.9937368501027426,
      0.9917318738301599,
      0.9891875260670971,
      0.9859844595591247,
      0.9819983336130756,
      0.9770851631164562,
      0.971092278798421,
      0.9638453617095953,
      0.95518664042155,
      0.9449237728118892,
      0.9328957366943365,
      0.9189330997467035,
      0.9028852863311781,
      0.8846335773468028,
      0.8640556322733561,
      0.8410946623484276,
      0.8157386182149239,
      0.7880068213144948,
      0.7579778270721451,
      0.7257795168558757,
      0.691586119333903,
      0.65564293162028,
      0.6182339051564527,
      0.5796768779754649,
      0.540324099858603,
      0.5005624605814607,
      0.4607890834808338,
      0.4213840173085526,
      0.38274565188090015,
      0.3452145010630292,
      0.30914407793680776,
      0.27480666732788084,
      0.24245274988810248,
      0.21226814969380722,
      0.18438831265767403,
      0.15889111137390138,
      0.13580552673339846,
      0.11511920992533384,
      0.09676739565531417,
      0.08065214920043944,
      0.06663954989115384,
      0.054580104192098085,
      0.04430925051371261,
      0.035653895060221374,
      0.028430856068929047,
      0.022466490427652988,
      0.017589589436848973,
      0.013645244598388697,
      0.010485659281412768,
      0.007981896718343089,
      0.006018706003824856,
      0.0044946962992350285,
      0.0033231124877929723,
      0.0024330952962239626,
      0.0017646236419677733,
      0.0012664267222086585
    ],