{
  "diagnostics": {
    "excess_kurt_x_obs": -0.020943530938251964,
    "imag_frac_nonzero_eps1e-12": 0.9937888198757764,
    "imag_max_abs": 0.036673065601582594,
    "skew_x_obs": 0.007514745390573063,
    "v1_delta_bandwidth_dnu": 0.10000000000000009,
    "v1_symmetry_corr": 0.9958215777066244,
    "verify_l2_from_curves": {
      "D0_match": true,
      "D0_recomputed": 0.0005653892865337119,
      "D0_reported": 0.0005653892865337119,
      "D1_match": true,
      "D1_recomputed": 24.408354412750494,
      "D1_reported": 24.408354412750494,
      "tol_abs": 1e-12,
      "tol_rel": 1e-10,
      "verify_dnu": 0.10000000000000009
    }
  },
  "hint": "This script compares observed morphology against phase-randomized surrogates that preserve |a_lm|. V0(nu) is excursion-set area fraction; V1(nu) is a perimeter proxy estimated from |\u2207x| in a nu-band. Distances D0 and D1 are L2 distances (sqrt(sum((a-b)^2)*dnu)) to surrogate-mean curves. D_mf combines them as sqrt(D0^2 + D1^2). Z_mf is the scale-free combined z-distance.",
  "kind": "planck_pr3_lensing_phi_topology_mf_v0_v1",
  "lmax": 320,
  "metric": "Minkowski-style morphology: V0(area) + V1(perimeter proxy) vs phase-random surrogates",
  "n_sims": 2000,
  "nside": 256,
  "observed": {
    "D0_L2": 0.0005653892865337119,
    "D0_sum_sq_legacy": 3.196650453270996e-06,
    "D1_L2": 24.408354412750494,
    "D1_sum_sq_legacy": 5957.67765138436,
    "D_mf": 24.408354419298764,
    "Z0": -1.0177226673261806,
    "Z1": 1.6533497623201887,
    "Z_mf": 1.9414749197848886,
    "map_mean": -5.99866902432795e-08,
    "map_std": 0.060908091266058687,
    "v0_curve": [
      0.9987602233886719,
      0.9982630411783854,
      0.9976361592610677,
      0.9967536926269531,
      0.9956334431966146,
      0.9941558837890625,
      0.9921887715657552,
      0.9896329243977865,
      0.98651123046875,
      0.9824206034342448,
      0.9775212605794271,
      0.9716453552246094,
      0.964361826578776,
      0.9554735819498698,
      0.9452730814615885,
      0.9331817626953125,
      0.9190966288248698,
      0.9028269449869791,
      0.8844591776529948,
      0.8641764322916666,
      0.8409538269042969,
      0.8151944478352865,
      0.7874031066894531,
      0.7575569152832031,
      0.7253583272298177,
      0.6909255981445312,
      0.6549975077311198,
      0.6172002156575521,
      0.5783767700195312,
      0.5389862060546875,
      0.4994303385416667,
      0.4598401387532552,
      0.4203961690266927,
      0.3821423848470052,
      0.34447352091471356,
      0.3085975646972656,
      0.27454503377278644,
      0.24227778116861978,
      0.2122650146484375,
      0.18458048502604166,
      0.15888086954752603,
      0.1356480916341146,
      0.1151415506998698,
      0.09705352783203125,
      0.08109537760416667,
      0.067169189453125,
      0.055202484130859375,
      0.04472986857096354,
      0.036176045735677086,
      0.029093424479166668,
      0.023030598958333332,
      0.0181427001953125,
      0.014073689778645834,
      0.010870615641276041,
      0.00824737548828125,
      0.006162007649739583,
      0.004596710205078125,
      0.0033505757649739585,
      0.0024477640787760415,
      0.0018285115559895833,
      0.001316070556640625
    ],
    "v1_curve": [
      11.880684577502397,
      14.886352365336545,
      20.548322573547978,
      26.714595320021,
      34.97820724916774,
      46.47318013933924,
      62.373144724842085,
      77.81621884616347,
      98.77669139418741,
      125.17274306665614,
      146.8266581120791,
      184.2954316126458,
      226.69683427142542,
      277.05555600721715,
      322.02548907249263,
      377.96996930968515,
      449.18659653373595,
      509.75903200770045,
      574.3180109311272,
      645.6820163584752,
      734.1568701613209,
      808.3972011747439,
      864.0934891324699,
      942.6014011231051,
      1012.6725387072808,
      1093.433375429363,
      1163.0819198892436,
      1186.3907942329251,
      1228.644417020049,
      1256.4732727567693,
      1271.212138646709,
      1257.406007628582,
      1270.108070336737,
      1255.8267081507222,
      1208.233921265451,
      1162.260399742863,
      1119.2380634870156,
      1062.0170247458414,
      1027.901443407197,
      928.7290639354536,
      855.2796022909952,
      799.1026845350087,
      691.7626754928835,
      618.3285301537193,
      533.3347887688925,
      491.7297338481886,
      410.13466021007685,
      365.4297710622816,
      297.66952115783823,
      249.96756975534197,
      209.24901435412707,
      203.7630800567348,
      143.32488772977467,
      115.41042201517246,
      101.91994749873852,
      84.33935911511016,
      60.17960889930289,
      41.51407169943106,
      33.678680436704184,
      20.128074382263666,
      20.005465052560155
    ]
  },
  "p_high": 0.8750624687656172,
  "p_high_mf": 0.054972513743128434,
  "p_low": 0.12543728135932034,
  "p_low_mf": 0.9455272363818091,
  "p_two_sided": 0.25087456271864067,
  "p_two_sided_mf": 0.10994502748625687,
  "provenance": {
    "dat_url": "GAUSSIAN_CONTROL_FROM: https://github.com/gradient-pulse/phi-mesh/releases/download/data-2026-02-15-planck-lensing-R3/planck_pr3_lensing_mv_dat_klm.fits",
    "mf_url": "GAUSSIAN_CONTROL_MF_ZERO_FROM: https://github.com/gradient-pulse/phi-mesh/releases/download/data-2026-02-15-planck-lensing-R3/planck_pr3_lensing_mv_mf_klm.fits"
  },
  "seed": 731,
  "surrogate": {
    "D0_mean": 0.0010439774698202755,
    "D0_std": 0.0004702540275966713,
    "D1_mean": 20.094260335123238,
    "D1_std": 2.6093051669679235,
    "D_mf_mean": 20.094260367307303,
    "D_mf_std": 2.609305170320569,
    "v0_mean_curve": [
      0.9987205530802422,
      0.9982215449015305,
      0.9975520865122491,
      0.99666155942281,
      0.9954907302856446,
      0.9939679807027184,
      0.9920042648315446,
      0.9895046284993478,
      0.9863473033905027,
      0.9824047368367514,
      0.977536418914794,
      0.9715769913991289,
      0.9643624776204431,
      0.9557163200378411,
      0.9454571177164695,
      0.9334131031036382,
      0.9194195982615154,
      0.9033209978739409,
      0.8849839471181224,
      0.864302254358926,
      0.8412250906626378,
      0.8157232767740892,
      0.7878365453084312,
      0.7576360670725487,
      0.7252662595113117,
      0.6909084765116383,
      0.6548117485046377,
      0.617267595291136,
      0.578595541000367,
      0.5391536248524993,
      0.49934578704834026,
      0.45956570879618347,
      0.4201934973398847,
      0.38161846987406434,
      0.3442002512613935,
      0.30825746472676613,
      0.27407314427693713,
      0.24187818400065086,
      0.21185691452026334,
      0.18414898427327459,
      0.1588185704549154,
      0.13588913091023788,
      0.11533677164713527,
      0.09709977467854809,
      0.08107222684224429,
      0.06712812105814626,
      0.05511461385091149,
      0.04486661656697593,
      0.036207366943359375,
      0.028968647638956773,
      0.02297408994038899,
      0.018054947535196937,
      0.014063742955525703,
      0.01085626602172851,
      0.008307356516520177,
      0.006297729492187503,
      0.004732555389404297,
      0.0035221010843912797,
      0.0025974922180175782,
      0.0018980261484781893,
      0.0013740056355794265
    ],