{
  "diagnostics": {
    "excess_kurt_x_obs": 0.00048043716238233003,
    "imag_frac_nonzero_eps1e-12": 0.9922480620155039,
    "imag_max_abs": 0.020552072638995403,
    "skew_x_obs": -0.1543758737853379,
    "v1_delta_bandwidth_dnu": 0.10000000000000009,
    "v1_symmetry_corr": 0.9897878486733529,
    "verify_l2_from_curves": {
      "D0_match": true,
      "D0_recomputed": 0.010966856511372783,
      "D0_reported": 0.010966856511372783,
      "D1_match": true,
      "D1_recomputed": 47.97521500995292,
      "D1_reported": 47.97521500995292,
      "tol_abs": 1e-12,
      "tol_rel": 1e-10,
      "verify_dnu": 0.10000000000000009
    }
  },
  "hint": "This script compares observed morphology against phase-randomized surrogates that preserve |a_lm|. V0(nu) is excursion-set area fraction; V1(nu) is a perimeter proxy estimated from |\u2207x| in a nu-band. Distances D0 and D1 are L2 distances (sqrt(sum((a-b)^2)*dnu)) to surrogate-mean curves. D_mf combines them as sqrt(D0^2 + D1^2). Z_mf is the scale-free combined z-distance.",
  "kind": "planck_pr3_lensing_phi_topology_mf_v0_v1",
  "lmax": 256,
  "metric": "Minkowski-style morphology: V0(area) + V1(perimeter proxy) vs phase-random surrogates",
  "n_sims": 2000,
  "nside": 256,
  "observed": {
    "D0_L2": 0.010966856511372783,
    "D0_sum_sq_legacy": 0.001202719417410395,
    "D1_L2": 47.97521500995292,
    "D1_sum_sq_legacy": 23016.212552512094,
    "D_mf": 47.97521626343287,
    "Z0": 2.7840240436723094,
    "Z1": 3.7957319308249917,
    "Z_mf": 4.707267866441205,
    "map_mean": -4.921532911501131e-08,
    "map_std": 0.05212797974181985,
    "v0_curve": [
      0.9980723063151041,
      0.997314453125,
      0.9963239034016927,
      0.9949836730957031,
      0.9934120178222656,
      0.9913813273111979,
      0.9889233907063802,
      0.985876719156901,
      0.9821573893229166,
      0.9776903788248698,
      0.9723243713378906,
      0.9661115010579427,
      0.9585342407226562,
      0.9496714274088541,
      0.9396692911783854,
      0.9281145731608073,
      0.9146919250488281,
      0.8994458516438802,
      0.881860097249349,
      0.8625666300455729,
      0.8409868876139323,
      0.8172721862792969,
      0.79132080078125,
      0.7628669738769531,
      0.7320696512858073,
      0.6995162963867188,
      0.6650428771972656,
      0.6283365885416666,
      0.5904655456542969,
      0.5518353780110677,
      0.5118230183919271,
      0.4719645182291667,
      0.431640625,
      0.3921496073404948,
      0.3533007303873698,
      0.3157501220703125,
      0.27948252360026044,
      0.24526850382486978,
      0.2136662801106771,
      0.18430074055989584,
      0.15772501627604166,
      0.13353602091471353,
      0.11188125610351562,
      0.0927747090657552,
      0.07622400919596355,
      0.061859130859375,
      0.049846649169921875,
      0.039621988932291664,
      0.0310516357421875,
      0.024088541666666668,
      0.0183868408203125,
      0.013807932535807291,
      0.010374704996744791,
      0.007596333821614583,
      0.00542449951171875,
      0.0038668314615885415,
      0.00279998779296875,
      0.0019391377766927083,
      0.0013211568196614583,
      0.000904083251953125,
      0.0006192525227864584
    ],
    "v1_curve": [
      11.485758286229062,
      16.49413819955294,
      21.42738565638209,
      28.139221915660634,
      33.397426616629254,
      41.39832927516544,
      53.926919492531816,
      62.63055071586212,
      79.73101561110317,
      94.74227283156442,
      112.09224780908069,
      135.77059263492845,
      164.07307378337057,
      182.85100275457202,
      213.88818923300443,
      249.4049787011449,
      284.10383393038154,
      329.27018401639566,
      369.6188070715097,
      413.8796051239752,
      465.1403335457457,
      507.01028379893415,
      560.5803941910398,
      607.2146022759468,
      659.9339632724747,
      712.0896100473433,
      763.8501852905483,
      799.5485825264961,
      824.7391831245136,
      853.9925642896949,
      870.513983982004,
      906.2109337570113,
      897.3038602142531,
      886.2546274485838,
      865.6537708223746,
      842.9892046791828,
      835.3093525420027,
      774.2087722765465,
      728.1861468041316,
      694.864949077204,
      616.7106358579088,
      556.6522229828051,
      523.9815371657311,
      457.4480462191038,
      393.33087583883895,
      337.81521019486974,
      294.8786371634324,
      250.9143421717963,
      210.30106565768594,
      181.2035600961088,
      142.5457883787032,
      103.9492624747125,
      83.26403037287967,
      71.18836616371253,
      50.40241830953076,
      35.96469990259844,
      26.547136612359743,
      22.063450330653914,
      15.578455843072478,
      11.749355665540032,
      5.809671228937334
    ]
  },
  "p_high": 0.013993003498250875,
  "p_high_mf": 0.005997001499250375,
  "p_low": 0.9865067466266867,
  "p_low_mf": 0.9945027486256871,
  "p_two_sided": 0.02798600699650175,
  "p_two_sided_mf": 0.01199400299850075,
  "provenance": {
    "dat_url": "GAUSSIAN_CONTROL_FROM: https://github.com/gradient-pulse/phi-mesh/releases/download/data-2026-02-15-planck-lensing-R3/planck_pr3_lensing_mv_dat_klm.fits",
    "mf_url": "GAUSSIAN_CONTROL_MF_ZERO_FROM: https://github.com/gradient-pulse/phi-mesh/releases/download/data-2026-02-15-planck-lensing-R3/planck_pr3_lensing_mv_mf_klm.fits"
  },
  "seed": 731,
  "surrogate": {
    "D0_mean": 0.0039903921382037555,
    "D0_std": 0.002505892285314683,
    "D1_mean": 21.6240041320325,
    "D1_std": 6.942326633744406,
    "D_mf_mean": 21.62400455595843,
    "D_mf_std": 6.9423269122942015,
    "v0_mean_curve": [
      0.9986357142130527,
      0.9981030775705979,
      0.9973895187377944,
      0.9964443600972492,
      0.9952080834706629,
      0.9936043809254979,
      0.991546577453613,
      0.9889358253479001,
      0.9856582590738924,
      0.9815883038838711,
      0.9765811869303392,
      0.9704847666422499,
      0.9631419633229581,
      0.9543816471099837,
      0.9440418135325122,
      0.9319402783711753,
      0.9179333546956402,
      0.9018718134562161,
      0.8836391830444333,
      0.8631335964202881,
      0.8402955570220958,
      0.8151035798390714,
      0.787583700815836,
      0.7578083197275772,
      0.7258989111582427,
      0.6920087928771997,
      0.6563840999603257,
      0.6192804635365803,
      0.5810172144571937,
      0.5419332180023191,
      0.5023836847941089,
      0.46275145212809354,
      0.4234433860778801,
      0.3848130016326906,
      0.34723001988728863,
      0.31102846527099637,
      0.27650649706522645,
      0.24390671857198107,
      0.2134384663899738,
      0.1852527249654129,
      0.1594486757914225,
      0.1360630677541097,
      0.11510017458597821,
      0.09649864514668777,
      0.08017399152119979,
      0.06599574979146315,
      0.05381800587972009,
      0.04346753946940104,
      0.034770208994547525,
      0.027541309992472347,
      0.021598358790079736,
      0.01676621309916178,
      0.012883406956990568,
      0.009797398885091168,
      0.0073725242614746155,
      0.005490899403889969,
      0.004045689900716149,
      0.002950270334879563,
      0.002127832412719727,
      0.0015173110961914078,
      0.0010695711771647114
    ],