{
  "diagnostics": {
    "excess_kurt_x_obs": -0.03757347505269104,
    "imag_frac_nonzero_eps1e-12": 0.9922480620155039,
    "imag_max_abs": 0.014900721027808235,
    "skew_x_obs": 0.025184007856299772,
    "v1_delta_bandwidth_dnu": 0.10000000000000009,
    "v1_symmetry_corr": 0.9977869544254847,
    "verify_l2_from_curves": {
      "D0_match": true,
      "D0_recomputed": 0.002311509056446254,
      "D0_reported": 0.002311509056446254,
      "D1_match": true,
      "D1_recomputed": 20.254620933203054,
      "D1_reported": 20.254620933203054,
      "tol_abs": 1e-12,
      "tol_rel": 1e-10,
      "verify_dnu": 0.10000000000000009
    }
  },
  "hint": "This script compares observed morphology against phase-randomized surrogates that preserve |a_lm|. V0(nu) is excursion-set area fraction; V1(nu) is a perimeter proxy estimated from |\u2207x| in a nu-band. Distances D0 and D1 are L2 distances (sqrt(sum((a-b)^2)*dnu)) to surrogate-mean curves. D_mf combines them as sqrt(D0^2 + D1^2). Z_mf is the scale-free combined z-distance.",
  "kind": "planck_pr3_lensing_phi_topology_mf_v0_v1",
  "lmax": 256,
  "metric": "Minkowski-style morphology: V0(area) + V1(perimeter proxy) vs phase-random surrogates",
  "n_sims": 2000,
  "nside": 256,
  "observed": {
    "D0_L2": 0.002311509056446254,
    "D0_sum_sq_legacy": 5.3430741180330464e-05,
    "D1_L2": 20.254620933203054,
    "D1_sum_sq_legacy": 4102.4966914774695,
    "D_mf": 20.25462106510071,
    "Z0": 0.46358735885743746,
    "Z1": 1.4759783228822578,
    "Z_mf": 1.547069891411095,
    "map_mean": -1.0668259525492088e-08,
    "map_std": 0.04817606399911198,
    "v0_curve": [
      0.9989051818847656,
      0.99847412109375,
      0.9978154500325521,
      0.996985117594401,
      0.9957987467447916,
      0.9943046569824219,
      0.9923973083496094,
      0.9899444580078125,
      0.9867604573567709,
      0.9828618367513021,
      0.9782015482584635,
      0.9722201029459635,
      0.9649581909179688,
      0.956390380859375,
      0.9462598164876302,
      0.9342727661132812,
      0.919989267985026,
      0.9036140441894531,
      0.8849309285481771,
      0.8642527262369791,
      0.8409245808919271,
      0.8152325948079427,
      0.7869758605957031,
      0.7565116882324219,
      0.7239240010579427,
      0.6889750162760416,
      0.6528981526692709,
      0.6151262919108073,
      0.5765724182128906,
      0.5372111002604166,
      0.4979387919108073,
      0.4586995442708333,
      0.41947174072265625,
      0.38114674886067706,
      0.34381357828776044,
      0.3081830342610677,
      0.27364476521809894,
      0.24206924438476562,
      0.21221160888671875,
      0.1846949259440104,
      0.1595179239908854,
      0.136932373046875,
      0.11625925699869792,
      0.09804662068684895,
      0.08200454711914062,
      0.06796900431315105,
      0.05592473347981771,
      0.0455322265625,
      0.03678258260091146,
      0.029580434163411457,
      0.023418426513671875,
      0.018385569254557293,
      0.014307657877604166,
      0.011013031005859375,
      0.008448282877604166,
      0.006402333577473958,
      0.00469970703125,
      0.003448486328125,
      0.0025342305501302085,
      0.0018475850423177083,
      0.0013326009114583333
    ],
    "v1_curve": [
      8.866188267095488,
      14.05786379791221,
      18.83358316946379,
      33.4763612491251,
      37.98484725395563,
      45.39150048846005,
      55.45924536608018,
      76.32562751589892,
      104.6439837752505,
      114.15345312867571,
      139.0767344400512,
      172.9510710967103,
      217.18920810327523,
      247.113893590429,
      288.1432879792046,
      342.54210133001817,
      400.21588608085045,
      449.2756554787398,
      499.6139710106073,
      552.2040593263732,
      659.280361891092,
      681.8868454269381,
      744.105702783608,
      791.2811065149143,
      837.2719087584381,
      894.861454723274,
      920.2716284352985,
      934.7767298211444,
      941.6660334015896,
      978.7018029663044,
      943.9952158970661,
      934.5250291438493,
      935.363597429767,
      890.8602209906431,
      861.8443551148226,
      826.354325657013,
      769.000438685133,
      718.2637219317511,
      661.2059089898003,
      613.2657376312563,
      549.823807532302,
      488.7587366089663,
      433.78695174477815,
      381.57407983874845,
      334.4777237841077,
      280.6794287992458,
      257.76797236759666,
      217.48144461508463,
      179.06232145230595,
      142.99031396845467,
      120.30419572656429,
      94.17502319442923,
      77.58014494441292,
      59.043890907302064,
      49.92479115466625,
      38.5985641203363,
      30.098461614472487,
      22.5991034320477,
      15.755734974130794,
      12.688704163589017,
      9.644506207635315
    ]
  },
  "p_high": 0.2703648175912044,
  "p_high_mf": 0.08195902048975512,
  "p_low": 0.7301349325337332,
  "p_low_mf": 0.9185407296351824,
  "p_two_sided": 0.5407296351824088,
  "p_two_sided_mf": 0.16391804097951024,
  "provenance": {
    "dat_url": "GAUSSIAN_CONTROL_FROM: https://github.com/gradient-pulse/phi-mesh/releases/download/data-2026-02-15-planck-lensing-R3/planck_pr3_lensing_mv_dat_klm.fits",
    "mf_url": "GAUSSIAN_CONTROL_MF_ZERO_FROM: https://github.com/gradient-pulse/phi-mesh/releases/download/data-2026-02-15-planck-lensing-R3/planck_pr3_lensing_mv_mf_klm.fits"
  },
  "seed": 731,
  "surrogate": {
    "D0_mean": 0.0018266202351643053,
    "D0_std": 0.0010459491873915873,
    "D1_mean": 16.415055875766534,
    "D1_std": 2.6013695444650584,
    "D_mf_mean": 16.41505600132962,
    "D_mf_std": 2.601369603646969,
    "v0_mean_curve": [
      0.9987090562184653,
      0.9982060184478756,
      0.9975307903289795,
      0.9966337572733552,
      0.995456115086873,
      0.9939234161376962,
      0.9919519081115723,
      0.989438645680745,
      0.9862681992848725,
      0.9823111241658526,
      0.97742164993286,
      0.9714451007843009,
      0.9642105242411287,
      0.9555478293101004,
      0.9452840398152681,
      0.933233776728312,
      0.9192279726664204,
      0.9031227951049821,
      0.8847881844838464,
      0.8641248099009186,
      0.8410731061299656,
      0.8156076590220134,
      0.7877664235432924,
      0.7576148376464846,
      0.7253026440938316,
      0.6910088704427089,
      0.6549760201772051,
      0.6174896481831869,
      0.5788823661804197,
      0.5395088920593261,
      0.4997441736857089,
      0.45999145825703935,
      0.42064015324910425,
      0.3820724576314286,
      0.34463407643636057,
      0.3086590900421142,
      0.2744274997711184,
      0.2421786371866863,
      0.21210752487182588,
      0.18433412424723336,
      0.15894100125630686,
      0.13594632466634102,
      0.11533617719014484,
      0.0970460103352864,
      0.08097329203287755,
      0.06699193382263174,
      0.054949457804362015,
      0.04468465868632009,
      0.03602419153849274,
      0.028780087153116907,
      0.02278499603271484,
      0.017876216252644885,
      0.013899948120117184,
      0.010710201899210622,
      0.008174877166748043,
      0.006181077957153335,
      0.004628901163736979,
      0.0034346154530843116,
      0.002524216334025067,
      0.0018363437652587887,
      0.0013234284718831352
    ],