{
  "diagnostics": {
    "excess_kurt_x_obs": -0.024498214321498235,
    "imag_frac_nonzero_eps1e-12": 0.9896907216494846,
    "imag_max_abs": 0.020827372255365923,
    "skew_x_obs": -0.06486284650819522,
    "v1_delta_bandwidth_dnu": 0.10000000000000009,
    "v1_symmetry_corr": 0.9981822376227716,
    "verify_l2_from_curves": {
      "D0_match": true,
      "D0_recomputed": 0.006581895349385257,
      "D0_reported": 0.006581895349385257,
      "D1_match": true,
      "D1_recomputed": 18.546631441240432,
      "D1_reported": 18.546631441240432,
      "tol_abs": 1e-12,
      "tol_rel": 1e-10,
      "verify_dnu": 0.10000000000000009
    }
  },
  "hint": "This script compares observed morphology against phase-randomized surrogates that preserve |a_lm|. V0(nu) is excursion-set area fraction; V1(nu) is a perimeter proxy estimated from |\u2207x| in a nu-band. Distances D0 and D1 are L2 distances (sqrt(sum((a-b)^2)*dnu)) to surrogate-mean curves. D_mf combines them as sqrt(D0^2 + D1^2). Z_mf is the scale-free combined z-distance.",
  "kind": "planck_pr3_lensing_phi_topology_mf_v0_v1",
  "lmax": 192,
  "metric": "Minkowski-style morphology: V0(area) + V1(perimeter proxy) vs phase-random surrogates",
  "n_sims": 2000,
  "nside": 256,
  "observed": {
    "D0_L2": 0.006581895349385257,
    "D0_sum_sq_legacy": 0.00043321346390259234,
    "D1_L2": 18.546631441240432,
    "D1_sum_sq_legacy": 3439.775378172079,
    "D_mf": 18.546632609143757,
    "Z0": 0.3871899365662546,
    "Z1": 0.08445659770550733,
    "Z_mf": 0.39629403714183004,
    "map_mean": -2.3330034477937512e-08,
    "map_std": 0.039193951394914515,
    "v0_curve": [
      0.9983990987141927,
      0.9978485107421875,
      0.9970932006835938,
      0.9961102803548177,
      0.9948107401529948,
      0.9930915832519531,
      0.9909947713216146,
      0.9883766174316406,
      0.9850730895996094,
      0.9810612996419271,
      0.9759991963704427,
      0.9698613484700521,
      0.9623018900553385,
      0.953643798828125,
      0.9431889851888021,
      0.9307530721028646,
      0.9165751139322916,
      0.900421142578125,
      0.8821322123209635,
      0.8619346618652344,
      0.8395067850748698,
      0.8148752848307291,
      0.787329355875651,
      0.7584749857584635,
      0.7271563212076823,
      0.6940409342447916,
      0.6588846842447916,
      0.6223767598470052,
      0.5843327840169271,
      0.5454559326171875,
      0.5064099629720052,
      0.46637725830078125,
      0.4266001383463542,
      0.3878644307454427,
      0.34960047403971356,
      0.3127454121907552,
      0.27761077880859375,
      0.24454116821289062,
      0.2132085164388021,
      0.18434015909830728,
      0.15822601318359375,
      0.1344629923502604,
      0.113311767578125,
      0.0950164794921875,
      0.07880783081054688,
      0.0645612080891927,
      0.052525838216145836,
      0.042126973470052086,
      0.03380711873372396,
      0.026646931966145832,
      0.020768483479817707,
      0.01610565185546875,
      0.012371063232421875,
      0.009373982747395834,
      0.007001241048177083,
      0.00518798828125,
      0.0037562052408854165,
      0.0026791890462239585,
      0.001895904541015625,
      0.001316070556640625,
      0.0009091695149739584
    ],
    "v1_curve": [
      6.391816988176319,
      8.8555412659132,
      11.693607413785996,
      15.817334856032296,
      20.558928632732787,
      26.66093046212917,
      32.893015606592634,
      40.512851856151826,
      52.48068303011678,
      63.80590599386524,
      75.80850731486994,
      94.57622773058279,
      114.8005419633732,
      132.95100460308814,
      162.99918877972033,
      188.62941147529676,
      211.29987444625942,
      246.99564708558526,
      283.3169969646238,
      316.1735871131953,
      343.06578228812714,
      389.7700137168082,
      415.8658292665656,
      464.8061649160795,
      490.7499670003902,
      524.2798369790503,
      559.0499957126399,
      580.7406913858206,
      596.9073022936371,
      614.2050844374678,
      622.6273863966428,
      624.4680642615633,
      611.5623541262677,
      604.3966239089607,
      590.6982784426847,
      567.9886168609814,
      529.9152753731047,
      500.8700507240011,
      471.26410831706204,
      435.4512609734402,
      394.84474962584176,
      352.6410356820153,
      312.1632673203952,
      275.75007857215235,
      253.97066772787898,
      211.1549063156049,
      179.15235909249387,
      152.19970884475083,
      120.75438368769997,
      106.10180936423157,
      81.23104696389547,
      66.46766354192603,
      52.465124168405474,
      42.460229544241166,
      31.754541134995595,
      24.82811623314798,
      19.78819805769318,
      13.823154406183097,
      9.813068147936553,
      7.19359178170388,
      4.775694971929632
    ]
  },
  "p_high": 0.28585707146426786,
  "p_high_mf": 0.392303848075962,
  "p_low": 0.7146426786606697,
  "p_low_mf": 0.6081959020489756,
  "p_two_sided": 0.5717141429285357,
  "p_two_sided_mf": 0.784607696151924,
  "provenance": {
    "dat_url": "GAUSSIAN_CONTROL_FROM: https://github.com/gradient-pulse/phi-mesh/releases/download/data-2026-02-15-planck-lensing-R3/planck_pr3_lensing_mv_dat_klm.fits",
    "mf_url": "GAUSSIAN_CONTROL_MF_ZERO_FROM: https://github.com/gradient-pulse/phi-mesh/releases/download/data-2026-02-15-planck-lensing-R3/planck_pr3_lensing_mv_mf_klm.fits"
  },
  "seed": 731,
  "surrogate": {
    "D0_mean": 0.005306566327430492,
    "D0_std": 0.00329380725456054,
    "D1_mean": 17.972670606933637,
    "D1_std": 6.7959265457051234,
    "D_mf_mean": 17.972671481278425,
    "D_mf_std": 6.795927103285758,
    "v0_mean_curve": [
      0.9987592519124348,
      0.9982651818593362,
      0.9975986366271975,
      0.9967090085347498,
      0.9955371195475253,
      0.9940093460083012,
      0.9920404014587401,
      0.9895266812642411,
      0.9863481019337986,
      0.9823790925343849,
      0.9774759241739922,
      0.9714757766723625,
      0.9642139205932614,
      0.9555186462402355,
      0.9452074247996,
      0.933107923507691,
      0.919055209477742,
      0.9029010225931801,
      0.8845181973775226,
      0.8638194561004626,
      0.8407268962860105,
      0.8152376918792741,
      0.787387779871623,
      0.7572487443288163,
      0.7249512519836421,
      0.6906886927286772,
      0.6547092761993407,
      0.6172902990976964,
      0.5787513974507646,
      0.5394610252380367,
      0.49978545633951815,
      0.46013074556986483,
      0.42086942354838114,
      0.38237257830301913,
      0.34499719047546373,
      0.3090747954050702,
      0.2748722896575931,
      0.24263166936238598,
      0.21255233955383282,
      0.1847491016387945,
      0.15931046740214022,
      0.13626489130655897,
      0.11559728495279953,
      0.09724155171712248,
      0.08110449028015121,
      0.06706241289774566,
      0.054961360931396516,
      0.04464633305867506,
      0.03594080162048343,
      0.02866784540812176,
      0.02265552965799964,
      0.017735629399617467,
      0.013756657282511405,
      0.010567974726359048,
      0.008039976755777988,
      0.006056855519612628,
      0.004519852956136068,
      0.0033381284077962296,
      0.0024419727325439445,
      0.0017683270772298164,
      0.0012672780354817685
    ],