{
  "diagnostics": {
    "excess_kurt_x_obs": -0.0274785631402934,
    "imag_frac_nonzero_eps1e-12": 0.9896907216494846,
    "imag_max_abs": 0.01682641125211146,
    "skew_x_obs": 0.013013556228285142,
    "v1_delta_bandwidth_dnu": 0.10000000000000009,
    "v1_symmetry_corr": 0.9951160331037502,
    "verify_l2_from_curves": {
      "D0_match": true,
      "D0_recomputed": 0.001059923373685282,
      "D0_reported": 0.001059923373685282,
      "D1_match": true,
      "D1_recomputed": 8.829306064211151,
      "D1_reported": 8.829306064211151,
      "tol_abs": 1e-12,
      "tol_rel": 1e-10,
      "verify_dnu": 0.10000000000000009
    }
  },
  "hint": "This script compares observed morphology against phase-randomized surrogates that preserve |a_lm|. V0(nu) is excursion-set area fraction; V1(nu) is a perimeter proxy estimated from |\u2207x| in a nu-band. Distances D0 and D1 are L2 distances (sqrt(sum((a-b)^2)*dnu)) to surrogate-mean curves. D_mf combines them as sqrt(D0^2 + D1^2). Z_mf is the scale-free combined z-distance.",
  "kind": "planck_pr3_lensing_phi_topology_mf_v0_v1",
  "lmax": 192,
  "metric": "Minkowski-style morphology: V0(area) + V1(perimeter proxy) vs phase-random surrogates",
  "n_sims": 2000,
  "nside": 256,
  "observed": {
    "D0_L2": 0.001059923373685282,
    "D0_sum_sq_legacy": 1.1234375580843892e-05,
    "D1_L2": 8.829306064211151,
    "D1_sum_sq_legacy": 779.5664557551572,
    "D_mf": 8.82930612783096,
    "Z0": -1.0409280733890736,
    "Z1": -1.3767964137698567,
    "Z_mf": 1.7260068420892853,
    "map_mean": -5.802070038249859e-10,
    "map_std": 0.03634453737429157,
    "v0_curve": [
      0.998785654703776,
      0.998321533203125,
      0.9976730346679688,
      0.9967943827311198,
      0.9956499735514323,
      0.9941431681315104,
      0.9921849568684896,
      0.989752451578776,
      0.9866892496744791,
      0.982733408610026,
      0.977942148844401,
      0.972052256266276,
      0.9646555582682291,
      0.9560139973958334,
      0.9454676310221354,
      0.9333407084147135,
      0.9192822774251302,
      0.9029757181803385,
      0.8843638102213541,
      0.8633550008138021,
      0.8400840759277344,
      0.8147430419921875,
      0.7867253621419271,
      0.7564951578776041,
      0.7245076497395834,
      0.6902580261230469,
      0.6541493733723959,
      0.6168772379557291,
      0.578399658203125,
      0.5392443339029948,
      0.4995320638020833,
      0.45998509724934894,
      0.4208488464355469,
      0.38217926025390625,
      0.34468714396158856,
      0.30919138590494794,
      0.2750714619954427,
      0.24261983235677084,
      0.2127558390299479,
      0.18478012084960938,
      0.15915679931640625,
      0.13589350382486978,
      0.1153551737467448,
      0.09696070353190105,
      0.08058675130208333,
      0.06678009033203125,
      0.05481847127278646,
      0.044611612955729164,
      0.036181131998697914,
      0.028901418050130207,
      0.022790273030598957,
      0.017932891845703125,
      0.014026641845703125,
      0.010857899983723959,
      0.00830841064453125,
      0.006305694580078125,
      0.004756927490234375,
      0.0035680135091145835,
      0.0026766459147135415,
      0.00199127197265625,
      0.0014355977376302083
    ],
    "v1_curve": [
      6.791015422448629,
      6.963428105429707,
      11.386753266704572,
      14.325619775014706,
      18.36173324939622,
      25.73975312608729,
      31.856388655175422,
      39.68686168310302,
      50.43033821363678,
      64.54915373109692,
      76.53404505125306,
      96.00683518996428,
      117.38218915252219,
      140.29527882600243,
      165.0948022630283,
      194.953199683994,
      219.41156098112432,
      262.5591622361112,
      294.58551849059086,
      333.2746644345576,
      368.2319635375642,
      409.8978370380357,
      440.1512425933614,
      479.15378387345265,
      522.3860463033573,
      550.7805181939325,
      585.1835123882202,
      607.436507181896,
      617.3259125584004,
      638.0571459864492,
      646.1877525018785,
      648.1654045097226,
      652.7115232005872,
      638.6946829196601,
      620.0253537281101,
      596.4479312068646,
      587.0686267231974,
      552.2060020812924,
      523.0434376547913,
      485.45686245803336,
      448.6617375252938,
      407.74929448180137,
      372.2290237810813,
      335.7160136359918,
      294.084763025469,
      250.98822785569553,
      222.30937269899917,
      192.44477227008247,
      164.91269956153985,
      143.98092176819168,
      116.44315334859421,
      95.69018897482898,
      80.42919393606667,
      62.48751279617402,
      54.743702284095534,
      42.58650083081321,
      35.34152812473554,
      23.853604096082883,
      22.35196765450897,
      17.27010178726717,
      13.897675287119592
    ]
  },
  "p_high": 0.9025487256371814,
  "p_high_mf": 0.975512243878061,
  "p_low": 0.09795102448775612,
  "p_low_mf": 0.02498750624687656,
  "p_two_sided": 0.19590204897551225,
  "p_two_sided_mf": 0.04997501249375312,
  "provenance": {
    "dat_url": "GAUSSIAN_CONTROL_FROM: https://github.com/gradient-pulse/phi-mesh/releases/download/data-2026-02-15-planck-lensing-R3/planck_pr3_lensing_mv_dat_klm.fits",
    "mf_url": "GAUSSIAN_CONTROL_MF_ZERO_FROM: https://github.com/gradient-pulse/phi-mesh/releases/download/data-2026-02-15-planck-lensing-R3/planck_pr3_lensing_mv_mf_klm.fits"
  },
  "seed": 731,
  "surrogate": {
    "D0_mean": 0.002729488428403462,
    "D0_std": 0.0016039197110731946,
    "D1_mean": 13.486600520753939,
    "D1_std": 3.3827037969909286,
    "D_mf_mean": 13.486600844936486,
    "D_mf_std": 3.382703985860118,
    "v0_mean_curve": [
      0.9987542495727543,
      0.9982627798716247,
      0.9976006151835134,
      0.9967189693450919,
      0.995557725270586,
      0.9940437469482445,
      0.9920899702707927,
      0.9895955460866297,
      0.9864461116790758,
      0.982510222117108,
      0.9776438229878731,
      0.9716833140055341,
      0.9644607206980386,
      0.9558031686147055,
      0.9455328731536873,
      0.9334667968749999,
      0.9194424330393491,
      0.9033051586151128,
      0.884926741917928,
      0.8642086410522469,
      0.8410879173278805,
      0.8155555775960284,
      0.7876405658721921,
      0.7574062728881829,
      0.7250138797760038,
      0.6906435597737639,
      0.6545463841756173,
      0.6170020262400299,
      0.5783535213470459,
      0.5389449583689365,
      0.4991805286407471,
      0.4594334106445298,
      0.4201058114369712,
      0.38158097648620615,
      0.34420568911234567,
      0.3082923800150556,
      0.2741346168518068,
      0.24196857515970865,
      0.21197485796610518,
      0.18427997207641605,
      0.158953113555908,
      0.13601909383138017,
      0.11546145057678225,
      0.097208698272705,
      0.08116886711120605,
      0.06720943196614593,
      0.055185573577880905,
      0.04492771275838217,
      0.036258259455362915,
      0.029010548909505243,
      0.023010119756062822,
      0.018088991800943983,
      0.014090778986612946,
      0.01087973976135255,
      0.008322360356648763,
      0.00630761909484863,
      0.0047374191284179695,
      0.0035250371297200532,
      0.0025974216461181645,
      0.0018957691192626972,
      0.0013699792226155585
    ],