{
  "diagnostics": {
    "excess_kurt_x_obs": -0.006285646824093494,
    "imag_frac_nonzero_eps1e-12": 0.9937888198757764,
    "imag_max_abs": 0.025567943646046337,
    "skew_x_obs": -0.03404340112860599,
    "v1_delta_bandwidth_dnu": 0.10000000000000009,
    "v1_symmetry_corr": 0.9994263775589356,
    "verify_l2_from_curves": {
      "D0_match": true,
      "D0_recomputed": 0.0015270695967593486,
      "D0_reported": 0.0015270695967593486,
      "D1_match": true,
      "D1_recomputed": 24.66827567033632,
      "D1_reported": 24.66827567033632,
      "tol_abs": 1e-12,
      "tol_rel": 1e-10,
      "verify_dnu": 0.10000000000000009
    }
  },
  "hint": "This script compares observed morphology against phase-randomized surrogates that preserve |a_lm|. V0(nu) is excursion-set area fraction; V1(nu) is a perimeter proxy estimated from |\u2207x| in a nu-band. Distances D0 and D1 are L2 distances (sqrt(sum((a-b)^2)*dnu)) to surrogate-mean curves. D_mf combines them as sqrt(D0^2 + D1^2). Z_mf is the scale-free combined z-distance.",
  "kind": "planck_pr3_lensing_phi_topology_mf_v0_v1",
  "lmax": 320,
  "metric": "Minkowski-style morphology: V0(area) + V1(perimeter proxy) vs phase-random surrogates",
  "n_sims": 2000,
  "nside": 256,
  "observed": {
    "D0_L2": 0.0015270695967593486,
    "D0_sum_sq_legacy": 2.3319415533467574e-05,
    "D1_L2": 24.66827567033632,
    "D1_sum_sq_legacy": 6085.238245477062,
    "D_mf": 24.668275717602324,
    "Z0": -0.2922915420902433,
    "Z1": 0.8794844849534891,
    "Z_mf": 0.9267833106241158,
    "map_mean": 4.0305379488964295e-08,
    "map_std": 0.06152775937206155,
    "v0_curve": [
      0.9984664916992188,
      0.9979057312011719,
      0.9971783955891927,
      0.9962387084960938,
      0.9949264526367188,
      0.9932734171549479,
      0.9912618001302084,
      0.9885266621907552,
      0.9852142333984375,
      0.9810905456542969,
      0.9762496948242188,
      0.9702669779459635,
      0.9629364013671875,
      0.9542503356933594,
      0.94403076171875,
      0.9321200052897135,
      0.9182472229003906,
      0.902441660563151,
      0.8844426472981771,
      0.8640937805175781,
      0.8416417439778646,
      0.8165562947591146,
      0.7891693115234375,
      0.7593943277994791,
      0.7270317077636719,
      0.6927579243977865,
      0.6571133931477865,
      0.6199328104654948,
      0.5810597737630209,
      0.5419947306315104,
      0.5020192464192709,
      0.4623006184895833,
      0.42293039957682294,
      0.3839708964029948,
      0.3462689717610677,
      0.3100382486979167,
      0.2753944396972656,
      0.2432378133138021,
      0.21292750040690103,
      0.18474960327148438,
      0.15882746378580728,
      0.13525390625,
      0.11461385091145833,
      0.09625625610351562,
      0.07975387573242188,
      0.0657946268717448,
      0.05371856689453125,
      0.043561299641927086,
      0.0348663330078125,
      0.027591705322265625,
      0.021701812744140625,
      0.016871134440104168,
      0.013131459554036459,
      0.010040283203125,
      0.007617950439453125,
      0.005695343017578125,
      0.004198710123697917,
      0.0031115214029947915,
      0.00229644775390625,
      0.0016187032063802083,
      0.0011876424153645833
    ],
    "v1_curve": [
      16.220822258985283,
      19.367006064507468,
      24.94522337940308,
      36.06555757955389,
      42.855839011439215,
      56.2452318599208,
      77.3975252716198,
      93.5743505221784,
      118.12552393725261,
      147.96659717925624,
      171.78263359288727,
      202.87726171928043,
      250.06642230904072,
      297.58565354707326,
      349.22160681597916,
      405.9725080675205,
      471.0696402718246,
      542.628623989517,
      621.0027971859885,
      721.7477175404694,
      745.9337829041192,
      828.9083395463837,
      891.3608873882594,
      997.559844372914,
      1078.2284110968512,
      1109.1821939275253,
      1154.5793075040453,
      1207.018995768878,
      1237.065831589067,
      1265.4411631894704,
      1260.6610182966376,
      1275.191818738537,
      1250.6930126640455,
      1238.226047317521,
      1182.5024695949578,
      1139.9113230640237,
      1073.455301201681,
      1004.9270021504459,
      942.3095904796857,
      877.0495706213941,
      780.2260761592075,
      691.8703072376447,
      620.6228780389368,
      554.6356959560472,
      466.9070825834303,
      420.62936507088494,
      340.152269947669,
      290.925319500854,
      246.6037183469578,
      203.58798101918,
      168.25023456180355,
      127.0230451091036,
      111.27398097419432,
      82.45249021413365,
      63.68285253872555,
      52.021381399194574,
      40.138751937333836,
      28.515834413712486,
      22.121762324363445,
      16.23318965053833,
      11.910196927181925
    ]
  },
  "p_high": 0.5077461269365318,
  "p_high_mf": 0.16441779110444776,
  "p_low": 0.4927536231884058,
  "p_low_mf": 0.8360819590204898,
  "p_two_sided": 0.9855072463768116,
  "p_two_sided_mf": 0.3288355822088955,
  "provenance": {
    "dat_url": "GAUSSIAN_CONTROL_FROM: https://github.com/gradient-pulse/phi-mesh/releases/download/data-2026-02-15-planck-lensing-R3/planck_pr3_lensing_mv_dat_klm.fits",
    "mf_url": "GAUSSIAN_CONTROL_MF_ZERO_FROM: https://github.com/gradient-pulse/phi-mesh/releases/download/data-2026-02-15-planck-lensing-R3/planck_pr3_lensing_mv_mf_klm.fits"
  },
  "seed": 731,
  "surrogate": {
    "D0_mean": 0.0018635674000571623,
    "D0_std": 0.00115124030237564,
    "D1_mean": 21.45539424714699,
    "D1_std": 3.653141673510296,
    "D_mf_mean": 21.455394347794403,
    "D_mf_std": 3.6531417390641097,
    "v0_mean_curve": [
      0.9985710697174055,
      0.998034610112509,
      0.9973203900655127,
      0.9963799883524572,
      0.995153112411497,
      0.9935662008921327,
      0.9915392284393314,
      0.988975459416707,
      0.9857574380238849,
      0.9817558981577554,
      0.9768373355865496,
      0.9708429012298597,
      0.9636097036997464,
      0.9549677098592095,
      0.9447396488189699,
      0.9327541071573885,
      0.9188441289265942,
      0.9028610979715983,
      0.8846731166839598,
      0.8641791388193789,
      0.841312883377074,
      0.8160427926381433,
      0.7883877855936691,
      0.7584215049743653,
      0.7262745081583664,
      0.6921206881205246,
      0.6562093938191742,
      0.6188074639638266,
      0.5802331288655609,
      0.5408405011494949,
      0.501028357187907,
      0.46119550196329756,
      0.4217156925201422,
      0.38300120989481645,
      0.34540049680074053,
      0.3092347126007078,
      0.274819657007853,
      0.24238741811116551,
      0.21212746175130215,
      0.18418856747945175,
      0.15865072631835947,
      0.13554257583618143,
      0.11484750493367495,
      0.09648940976460772,
      0.08038067309061687,
      0.06638634872436525,
      0.05435218811035149,
      0.04410672378540042,
      0.035472991307576564,
      0.02827530988057455,
      0.022335324605306003,
      0.017483516057332366,
      0.013558320999145529,
      0.010413959503173819,
      0.007927111943562827,
      0.005977294286092122,
      0.004465002059936526,
      0.003302816390991209,
      0.002420160929361975,
      0.0017560971577962247,
      0.0012626527150471994
    ],