{
  "diagnostics": {
    "excess_kurt_x_obs": -0.06873172943220185,
    "imag_frac_nonzero_eps1e-12": 0.9922480620155039,
    "imag_max_abs": 0.030288452324599133,
    "skew_x_obs": -0.01614692619248742,
    "v1_delta_bandwidth_dnu": 0.10000000000000009,
    "v1_symmetry_corr": 0.9979855812454799,
    "verify_l2_from_curves": {
      "D0_match": true,
      "D0_recomputed": 0.003346362259137366,
      "D0_reported": 0.003346362259137366,
      "D1_match": true,
      "D1_recomputed": 20.111154396058424,
      "D1_reported": 20.111154396058424,
      "tol_abs": 1e-12,
      "tol_rel": 1e-10,
      "verify_dnu": 0.10000000000000009
    }
  },
  "hint": "This script compares observed morphology against phase-randomized surrogates that preserve |a_lm|. V0(nu) is excursion-set area fraction; V1(nu) is a perimeter proxy estimated from |\u2207x| in a nu-band. Distances D0 and D1 are L2 distances (sqrt(sum((a-b)^2)*dnu)) to surrogate-mean curves. D_mf combines them as sqrt(D0^2 + D1^2). Z_mf is the scale-free combined z-distance.",
  "kind": "planck_pr3_lensing_phi_topology_mf_v0_v1",
  "lmax": 256,
  "metric": "Minkowski-style morphology: V0(area) + V1(perimeter proxy) vs phase-random surrogates",
  "n_sims": 2000,
  "nside": 256,
  "observed": {
    "D0_L2": 0.003346362259137366,
    "D0_sum_sq_legacy": 0.00011198140369378925,
    "D1_L2": 20.111154396058424,
    "D1_sum_sq_legacy": 4044.5853114209976,
    "D_mf": 20.11115467446463,
    "Z0": -0.6602000417846847,
    "Z1": -0.452400924409971,
    "Z_mf": 0.8003316135074858,
    "map_mean": 6.624916933905174e-09,
    "map_std": 0.05259861700653122,
    "v0_curve": [
      0.9988594055175781,
      0.9983240763346354,
      0.9976679484049479,
      0.9967854817708334,
      0.9955584208170573,
      0.9939257303873698,
      0.9918861389160156,
      0.9894688924153646,
      0.9863154093424479,
      0.9823595682779948,
      0.97747802734375,
      0.9712130228678385,
      0.9637235005696615,
      0.9548670450846354,
      0.9444554646809896,
      0.9320411682128906,
      0.9181073506673177,
      0.9016062418619791,
      0.8829536437988281,
      0.8619028727213541,
      0.8388646443684896,
      0.8136304219563802,
      0.7859903971354166,
      0.7560780843098959,
      0.7243398030598959,
      0.6909192403157552,
      0.6554171244303385,
      0.6184743245442709,
      0.5802268981933594,
      0.5413029988606771,
      0.5020650227864584,
      0.46307627360026044,
      0.4238700866699219,
      0.38510767618815106,
      0.3475812276204427,
      0.31139500935872394,
      0.27655919392903644,
      0.24378331502278647,
      0.2133509318033854,
      0.18545150756835938,
      0.1597569783528646,
      0.13647842407226562,
      0.1154327392578125,
      0.09690602620442708,
      0.08056386311848958,
      0.0662994384765625,
      0.054141998291015625,
      0.043689727783203125,
      0.0350494384765625,
      0.027623494466145832,
      0.021742502848307293,
      0.016908009847005207,
      0.013086954752604166,
      0.009908040364583334,
      0.007442474365234375,
      0.005523681640625,
      0.004150390625,
      0.0030568440755208335,
      0.002239227294921875,
      0.0015996297200520833,
      0.0011355082194010417
    ],
    "v1_curve": [
      7.882040597779328,
      10.50322805453888,
      14.513253531533463,
      19.730869478443555,
      27.09826997983908,
      34.54959619267749,
      42.37755739623859,
      54.37441682404732,
      69.25031881289955,
      85.44196415169304,
      106.15111048138627,
      132.3092170536966,
      157.91219621786968,
      184.37340960868679,
      229.6819150987039,
      259.4260979808153,
      304.98523727390807,
      349.4183702123638,
      402.66833554390956,
      443.5411460048309,
      498.54650698908773,
      549.1070656682157,
      591.6349972182544,
      646.123248106249,
      704.0460785171555,
      734.3692344075397,
      785.6773710262978,
      819.6356304811214,
      840.5562875710027,
      859.7796162537777,
      873.0789093514364,
      869.4693676028744,
      887.3822098382177,
      873.2780448840258,
      831.7986946074392,
      811.3362121308077,
      772.5383593796499,
      728.1416832509221,
      677.5481637911591,
      611.3420057091952,
      563.5548639711516,
      520.5310696207611,
      466.48632373664884,
      414.7979826586601,
      354.2533107157076,
      305.5184684340632,
      271.11861484313454,
      223.23705706020118,
      183.71002210107986,
      152.94719055011493,
      122.47997354825893,
      98.52537467334625,
      77.79849129875174,
      64.3351290987017,
      49.47618268400142,
      38.493843592144394,
      27.102689286498983,
      22.23117981067205,
      15.539450236669614,
      14.280134210159986,
      9.011117515976979
    ]
  },
  "p_high": 0.6951524237881059,
  "p_high_mf": 0.6066966516741629,
  "p_low": 0.3053473263368316,
  "p_low_mf": 0.3938030984507746,
  "p_two_sided": 0.6106946526736632,
  "p_two_sided_mf": 0.7876061969015492,
  "provenance": {
    "dat_url": "GAUSSIAN_CONTROL_FROM: https://github.com/gradient-pulse/phi-mesh/releases/download/data-2026-02-15-planck-lensing-R3/planck_pr3_lensing_mv_dat_klm.fits",
    "mf_url": "GAUSSIAN_CONTROL_MF_ZERO_FROM: https://github.com/gradient-pulse/phi-mesh/releases/download/data-2026-02-15-planck-lensing-R3/planck_pr3_lensing_mv_mf_klm.fits"
  },
  "seed": 731,
  "surrogate": {
    "D0_mean": 0.00536489960843754,
    "D0_std": 0.0030574632256059335,
    "D1_mean": 23.72044951734999,
    "D1_std": 7.9780896248142525,
    "D_mf_mean": 23.720450175913296,
    "D_mf_std": 7.9780900563813635,
    "v0_mean_curve": [
      0.9988855374654132,
      0.9984236838022867,
      0.9977937208811433,
      0.9969488900502509,
      0.995823111216228,
      0.9943439464569072,
      0.9924202346801765,
      0.989949261347453,
      0.9868116130828845,
      0.9828757425944005,
      0.9779866021474191,
      0.9719843597412092,
      0.9646970195770264,
      0.9559426161448161,
      0.9455507488250741,
      0.9333444061279308,
      0.9191517581939677,
      0.9028362642923999,
      0.8842794946034752,
      0.8633814500172947,
      0.8400997778574626,
      0.8144224313100176,
      0.786403064091999,
      0.7561168829599999,
      0.7237179298400862,
      0.6894043324788416,
      0.6534195016225194,
      0.6160558096567801,
      0.577620443979901,
      0.538475938796997,
      0.4989793090820308,
      0.45952974955240905,
      0.42047814814249695,
      0.3822134799957279,
      0.3450621204376217,
      0.3093320604960119,
      0.2753109010060629,
      0.24321697171529125,
      0.21322805086771707,
      0.18549534034729015,
      0.1600793526967367,
      0.13702546755472822,
      0.11632059033711767,
      0.09790117263793943,
      0.08168852806091288,
      0.06755576896667484,
      0.05536445299784353,
      0.044960915883382115,
      0.036171111424763924,
      0.02882380040486647,
      0.02274865849812826,
      0.017779176076253227,
      0.013755496978759784,
      0.010535672505696614,
      0.007988993326822904,
      0.005993082046508794,
      0.004451351801554359,
      0.003270172754923508,
      0.002378576278686526,
      0.0017110055287678993,
      0.0012169431050618493
    ],