{
  "diagnostics": {
    "excess_kurt_x_obs": 0.48644948341219907,
    "imag_frac_nonzero_eps1e-12": 0.9846153846153847,
    "imag_max_abs": 0.030287600242505416,
    "skew_x_obs": 0.4209848403782641,
    "v1_delta_bandwidth_dnu": 0.10000000000000009,
    "v1_symmetry_corr": 0.9664802543263231,
    "verify_l2_from_curves": {
      "D0_match": true,
      "D0_recomputed": 0.03529477379319525,
      "D0_reported": 0.03529477379319525,
      "D1_match": true,
      "D1_recomputed": 46.939939402497565,
      "D1_reported": 46.939939402497565,
      "tol_abs": 1e-12,
      "tol_rel": 1e-10,
      "verify_dnu": 0.10000000000000009
    }
  },
  "hint": "This script compares observed morphology against phase-randomized surrogates that preserve |a_lm|. V0(nu) is excursion-set area fraction; V1(nu) is a perimeter proxy estimated from |\u2207x| in a nu-band. Distances D0 and D1 are L2 distances (sqrt(sum((a-b)^2)*dnu)) to surrogate-mean curves. D_mf combines them as sqrt(D0^2 + D1^2). Z_mf is the scale-free combined z-distance.",
  "kind": "planck_pr3_lensing_phi_topology_mf_v0_v1",
  "lmax": 128,
  "metric": "Minkowski-style morphology: V0(area) + V1(perimeter proxy) vs phase-random surrogates",
  "n_sims": 2000,
  "nside": 256,
  "observed": {
    "D0_L2": 0.03529477379319525,
    "D0_sum_sq_legacy": 0.012457210571128209,
    "D1_L2": 46.939939402497565,
    "D1_sum_sq_legacy": 22033.579111101415,
    "D_mf": 46.939952671804015,
    "Z0": 2.3435034600331766,
    "Z1": 2.327528546677957,
    "Z_mf": 3.302937723116843,
    "map_mean": 5.710886275799484e-08,
    "map_std": 0.03610723316005919,
    "v0_curve": [
      0.9997584025065104,
      0.9996019999186198,
      0.9993731180826823,
      0.9990323384602865,
      0.9985059102376302,
      0.9978040059407552,
      0.9967727661132812,
      0.9952519734700521,
      0.9932301839192709,
      0.9903144836425781,
      0.9865061442057291,
      0.9815788269042969,
      0.975518544514974,
      0.9674148559570312,
      0.957635243733724,
      0.9457880655924479,
      0.9316215515136719,
      0.9148000081380209,
      0.8953374226888021,
      0.8730214436848959,
      0.848242441813151,
      0.8205782572428385,
      0.7900098164876302,
      0.7571296691894531,
      0.7213605244954427,
      0.6836967468261719,
      0.6438700358072916,
      0.6026560465494791,
      0.5601793924967448,
      0.5173975626627604,
      0.47484588623046875,
      0.43320337931315106,
      0.3924051920572917,
      0.3537915547688802,
      0.31767908732096356,
      0.28379567464192706,
      0.25226084391276044,
      0.22286097208658853,
      0.19596989949544272,
      0.17129643758138022,
      0.1491216023763021,
      0.12929789225260416,
      0.11185836791992188,
      0.09654490152994792,
      0.08342488606770833,
      0.07213465372721355,
      0.06198755900065104,
      0.053423563639322914,
      0.0460205078125,
      0.03973261515299479,
      0.034511566162109375,
      0.029880523681640625,
      0.025561014811197918,
      0.021859486897786457,
      0.018666585286458332,
      0.015918731689453125,
      0.013439178466796875,
      0.011300404866536459,
      0.0093994140625,
      0.007825215657552084,
      0.006369272867838542
    ],
    "v1_curve": [
      1.6829369479022243,
      1.8112390094023068,
      3.607900198483769,
      4.680059280345661,
      7.214151698476425,
      9.444934042375642,
      14.806030068954428,
      20.825799477861406,
      29.68999362286732,
      41.3379323339057,
      54.40500857120299,
      61.075393697608256,
      74.95065330018649,
      92.63780363902725,
      109.28721943262664,
      130.10431474513885,
      148.33532282224235,
      171.18145556515154,
      189.74713733584932,
      209.93307584192908,
      224.2569385821634,
      250.29312185980382,
      262.423260657269,
      277.97711484999513,
      291.59305497749256,
      300.1058484208684,
      305.60114716406326,
      308.42739798582693,
      312.78079090846325,
      304.4615398909879,
      295.42170113701115,
      288.07132022023285,
      273.92981620009044,
      256.3340633149494,
      240.53892410223244,
      226.00475232862343,
      204.508829479892,
      190.25776835164046,
      172.6096315971182,
      153.63325955488833,
      137.46114816472772,
      121.15097561193465,
      105.17578413301487,
      90.88329389571717,
      79.30420728817454,
      67.69406731506066,
      56.98875675353673,
      49.51124207042967,
      42.627786524319234,
      35.82195924808897,
      31.005634419377863,
      27.742903043124898,
      23.768213787553655,
      20.257162019871558,
      18.42189817436441,
      16.1268596175296,
      13.991676878777556,
      12.983217304992024,
      11.078826237537069,
      9.656790194909783,
      9.15203906240708
    ]
  },
  "p_high": 0.029985007496251874,
  "p_high_mf": 0.03298350824587706,
  "p_low": 0.9705147426286856,
  "p_low_mf": 0.9675162418790605,
  "p_two_sided": 0.05997001499250375,
  "p_two_sided_mf": 0.06596701649175413,
  "provenance": {
    "dat_url": "GAUSSIAN_CONTROL_FROM: https://github.com/gradient-pulse/phi-mesh/releases/download/data-2026-02-15-planck-lensing-R3/planck_pr3_lensing_mv_dat_klm.fits",
    "mf_url": "GAUSSIAN_CONTROL_MF_ZERO_FROM: https://github.com/gradient-pulse/phi-mesh/releases/download/data-2026-02-15-planck-lensing-R3/planck_pr3_lensing_mv_mf_klm.fits"
  },
  "seed": 731,
  "surrogate": {
    "D0_mean": 0.015512627814370638,
    "D0_std": 0.008441270224770463,
    "D1_mean": 22.603092358937626,
    "D1_std": 10.456089605558443,
    "D_mf_mean": 22.603098012220133,
    "D_mf_std": 10.456092299004546,
    "v0_mean_curve": [
      0.998874732335409,
      0.9983840490976974,
      0.9977110799153648,
      0.9968036861419692,
      0.9955963598887113,
      0.9940112876892084,
      0.9919561754862476,
      0.9893312950134259,
      0.9860144170125318,
      0.9818733139038075,
      0.9767675946553531,
      0.9705453109741197,
      0.9630537751515721,
      0.9541312287648509,
      0.9436058813730884,
      0.9313320592244467,
      0.9171494057973213,
      0.9009287668863929,
      0.8825606892903654,
      0.8619766114552826,
      0.8391076494852701,
      0.8139359327952076,
      0.7864758377075204,
      0.7568045953114831,
      0.7250342896779391,
      0.6913307781219487,
      0.6558950595855717,
      0.6190039895375563,
      0.580949668884276,
      0.5420510476430266,
      0.5026794713338221,
      0.4632108624776204,
      0.4240174299875894,
      0.3855030333201084,
      0.3480007591247565,
      0.31185982704162585,
      0.2773669223785394,
      0.24478234799702978,
      0.21429044405619296,
      0.18606513341267938,
      0.16020983568827332,
      0.13676022275288893,
      0.11572609456380213,
      0.0970338967641195,
      0.08060588582356763,
      0.06631694412231444,
      0.05402574475606275,
      0.043568414688110436,
      0.034766875584920226,
      0.027441090901692725,
      0.02142046991984049,
      0.01653331120808919,
      0.012613441467285168,
      0.00951024754842122,
      0.00708488845825197,
      0.0052136866251627605,
      0.00378816032409667,
      0.0027151393890380887,
      0.0019208418528238965,
      0.0013400433858235645,
      0.0009212563832600913
    ],