{
  "diagnostics": {
    "excess_kurt_x_obs": -0.04143645077829605,
    "imag_frac_nonzero_eps1e-12": 0.9922480620155039,
    "imag_max_abs": 0.009020035869847332,
    "skew_x_obs": 0.004545171954178103,
    "v1_delta_bandwidth_dnu": 0.10000000000000009,
    "v1_symmetry_corr": 0.9958601211738727,
    "verify_l2_from_curves": {
      "D0_match": true,
      "D0_recomputed": 0.001571092231718563,
      "D0_reported": 0.001571092231718563,
      "D1_match": true,
      "D1_recomputed": 14.645354926028812,
      "D1_reported": 14.645354926028812,
      "tol_abs": 1e-12,
      "tol_rel": 1e-10,
      "verify_dnu": 0.10000000000000009
    }
  },
  "hint": "This script compares observed morphology against phase-randomized surrogates that preserve |a_lm|. V0(nu) is excursion-set area fraction; V1(nu) is a perimeter proxy estimated from |\u2207x| in a nu-band. Distances D0 and D1 are L2 distances (sqrt(sum((a-b)^2)*dnu)) to surrogate-mean curves. D_mf combines them as sqrt(D0^2 + D1^2). Z_mf is the scale-free combined z-distance.",
  "kind": "planck_pr3_lensing_phi_topology_mf_v0_v1",
  "lmax": 256,
  "metric": "Minkowski-style morphology: V0(area) + V1(perimeter proxy) vs phase-random surrogates",
  "n_sims": 2000,
  "nside": 256,
  "observed": {
    "D0_L2": 0.001571092231718563,
    "D0_sum_sq_legacy": 2.468330800566413e-05,
    "D1_L2": 14.645354926028812,
    "D1_sum_sq_legacy": 2144.8642090935623,
    "D_mf": 14.645355010298903,
    "Z0": -0.40939420272921884,
    "Z1": -0.6828669350608462,
    "Z_mf": 0.7961851946800359,
    "map_mean": -2.4324697247476528e-08,
    "map_std": 0.04806451627037378,
    "v0_curve": [
      0.9987564086914062,
      0.998260498046875,
      0.9976018269856771,
      0.9967066446940104,
      0.9956181844075521,
      0.9941024780273438,
      0.9922040303548177,
      0.9895909627278646,
      0.9864527384440104,
      0.9825490315755209,
      0.9775619506835938,
      0.9717623392740885,
      0.9644444783528646,
      0.9559275309244791,
      0.9455680847167969,
      0.9334602355957031,
      0.919152577718099,
      0.9029757181803385,
      0.884497324625651,
      0.8637110392252604,
      0.8407465616861979,
      0.8151880900065104,
      0.7871386210123698,
      0.756811777750651,
      0.7245737711588541,
      0.6904182434082031,
      0.65380859375,
      0.6163889567057291,
      0.5778210957845052,
      0.5385297139485677,
      0.49884033203125,
      0.4592552185058594,
      0.42026011149088544,
      0.3821512858072917,
      0.3452440897623698,
      0.30953725179036456,
      0.2753461201985677,
      0.2430597941080729,
      0.21319452921549478,
      0.18550237019856772,
      0.1602020263671875,
      0.13711420694986978,
      0.11631011962890625,
      0.09769185384114583,
      0.08133951822916667,
      0.06725565592447917,
      0.054967244466145836,
      0.04466883341471354,
      0.03607304890950521,
      0.028789520263671875,
      0.022635142008463543,
      0.017615000406901043,
      0.013629913330078125,
      0.010409037272135416,
      0.007832845052083334,
      0.005901336669921875,
      0.00439453125,
      0.0032068888346354165,
      0.0023193359375,
      0.0016682942708333333,
      0.001201629638671875
    ],
    "v1_curve": [
      9.063682375605916,
      12.511052393747624,
      16.485968858384993,
      21.15868800628393,
      26.707182784710646,
      37.07002897214519,
      47.079804091238664,
      61.890571019343575,
      72.20307004309304,
      96.59249198695014,
      116.16170437403704,
      138.33421996310764,
      168.34271935542168,
      200.9590783123596,
      243.86583410648126,
      283.18094568605807,
      330.8094466656423,
      372.33115015334886,
      424.71384891469665,
      476.3391562191709,
      535.3114783651462,
      589.2229891509722,
      648.3113594614383,
      701.7810673202661,
      747.9081895272825,
      799.8971897833648,
      845.3344037080254,
      881.8397109372225,
      911.7649571930004,
      924.2833210934689,
      929.236587727425,
      931.1658786763757,
      936.4880357171722,
      910.6964049674269,
      893.949142622455,
      855.8709076685251,
      838.4980523931782,
      770.2295702648108,
      744.7363019801642,
      684.7633984145177,
      633.4019831020569,
      571.5732006652993,
      509.9538358877544,
      469.820976229421,
      402.20101231220866,
      363.8000354005664,
      309.4855933486136,
      252.41178118394544,
      216.0479104689551,
      188.10136137577246,
      157.3442707757443,
      127.18348491726412,
      127.4574723553231,
      86.99417674175318,
      58.5380070141844,
      49.666943389309246,
      36.6182354216352,
      32.576865359096416,
      26.984485835879454,
      14.648985729324174,
      10.525381967066487
    ]
  },
  "p_high": 0.5762118940529735,
  "p_high_mf": 0.751624187906047,
  "p_low": 0.424287856071964,
  "p_low_mf": 0.24887556221889057,
  "p_two_sided": 0.848575712143928,
  "p_two_sided_mf": 0.49775112443778113,
  "provenance": {
    "dat_url": "GAUSSIAN_CONTROL_FROM: https://github.com/gradient-pulse/phi-mesh/releases/download/data-2026-02-15-planck-lensing-R3/planck_pr3_lensing_mv_dat_klm.fits",
    "mf_url": "GAUSSIAN_CONTROL_MF_ZERO_FROM: https://github.com/gradient-pulse/phi-mesh/releases/download/data-2026-02-15-planck-lensing-R3/planck_pr3_lensing_mv_mf_klm.fits"
  },
  "seed": 731,
  "surrogate": {
    "D0_mean": 0.002075971151511906,
    "D0_std": 0.00123323416997011,
    "D1_mean": 16.782891164340295,
    "D1_std": 3.1302383064147343,
    "D_mf_mean": 16.782891319564946,
    "D_mf_std": 3.1302384054224235,
    "v0_mean_curve": [
      0.998685547510785,
      0.9981756579081202,
      0.9974919211069738,
      0.9965848337809227,
      0.9953939317067453,
      0.9938449764251696,
      0.991857655207316,
      0.9893275337219235,
      0.9861414120992001,
      0.9821691481272381,
      0.9772670637766512,
      0.9712817770640054,
      0.9640410442352323,
      0.9553707504272461,
      0.9451020215352365,
      0.9330476646423341,
      0.9190549310048406,
      0.9029709351857501,
      0.8846629428863525,
      0.8640305239359538,
      0.841019009272258,
      0.8155991700490326,
      0.7878027413686115,
      0.7577168852488215,
      0.7254630775451657,
      0.6912246061960859,
      0.6552407016754144,
      0.6178026110331218,
      0.5792282727559401,
      0.5398811054229725,
      0.5001412913004553,
      0.4603969516754154,
      0.4210380369822178,
      0.38244796180725105,
      0.34498519070943223,
      0.3089762999216716,
      0.2747035846710205,
      0.24241274388631157,
      0.21228447532653802,
      0.18445239448547404,
      0.15900044695536306,
      0.13595662180582696,
      0.11529247856140132,
      0.09695907847086584,
      0.08084981727600095,
      0.06683986282348635,
      0.05477721786499023,
      0.04449904505411784,
      0.03582950973510735,
      0.0285913257598877,
      0.022609058380126952,
      0.017714832305908194,
      0.013751381556193034,
      0.010573558171590187,
      0.008053034464518223,
      0.00607563908894858,
      0.004537758509318036,
      0.003357378641764325,
      0.00245938618977865,
      0.0017840951283772755,
      0.0012809594472249363
    ],