{
  "diagnostics": {
    "excess_kurt_x_obs": 0.023300642782232206,
    "imag_frac_nonzero_eps1e-12": 0.9937888198757764,
    "imag_max_abs": 0.012085421569035961,
    "skew_x_obs": 0.008042383386368453,
    "v1_delta_bandwidth_dnu": 0.10000000000000009,
    "v1_symmetry_corr": 0.9983950197112397,
    "verify_l2_from_curves": {
      "D0_match": true,
      "D0_recomputed": 0.0008250591524988108,
      "D0_reported": 0.0008250591524988108,
      "D1_match": true,
      "D1_recomputed": 19.065547505226615,
      "D1_reported": 19.065547505226615,
      "tol_abs": 1e-12,
      "tol_rel": 1e-10,
      "verify_dnu": 0.10000000000000009
    }
  },
  "hint": "This script compares observed morphology against phase-randomized surrogates that preserve |a_lm|. V0(nu) is excursion-set area fraction; V1(nu) is a perimeter proxy estimated from |\u2207x| in a nu-band. Distances D0 and D1 are L2 distances (sqrt(sum((a-b)^2)*dnu)) to surrogate-mean curves. D_mf combines them as sqrt(D0^2 + D1^2). Z_mf is the scale-free combined z-distance.",
  "kind": "planck_pr3_lensing_phi_topology_mf_v0_v1",
  "lmax": 320,
  "metric": "Minkowski-style morphology: V0(area) + V1(perimeter proxy) vs phase-random surrogates",
  "n_sims": 2000,
  "nside": 256,
  "observed": {
    "D0_L2": 0.0008250591524988108,
    "D0_sum_sq_legacy": 6.8072260512205525e-06,
    "D1_L2": 19.065547505226615,
    "D1_sum_sq_legacy": 3634.951016740525,
    "D_mf": 19.06554752307878,
    "Z0": -0.29784067935752173,
    "Z1": -0.4669218846265966,
    "Z_mf": 0.553827695789406,
    "map_mean": 2.1396673558010785e-08,
    "map_std": 0.05949358746982889,
    "v0_curve": [
      0.9986368815104166,
      0.998083750406901,
      0.9974161783854166,
      0.9965616861979166,
      0.9954096476236979,
      0.9938443501790365,
      0.991919199625651,
      0.9893277486165365,
      0.9861704508463541,
      0.9822642008463541,
      0.9775416056315104,
      0.9715487162272135,
      0.9644762674967448,
      0.9560343424479166,
      0.9456888834635416,
      0.9335199991861979,
      0.9195111592610677,
      0.903497060139974,
      0.8850326538085938,
      0.8644917805989584,
      0.8415056864420573,
      0.8161150614420573,
      0.7879829406738281,
      0.7580337524414062,
      0.7257563273111979,
      0.6910807291666666,
      0.655188242594401,
      0.6176567077636719,
      0.578857421875,
      0.5391502380371094,
      0.4998156229654948,
      0.46000035603841144,
      0.4202219645182292,
      0.3816184997558594,
      0.34433873494466144,
      0.30819956461588544,
      0.27397918701171875,
      0.24149195353190103,
      0.21135838826497397,
      0.18373489379882812,
      0.15838495890299478,
      0.13527552286783853,
      0.11480331420898438,
      0.09681193033854167,
      0.08079274495442708,
      0.06677500406901042,
      0.05493291219075521,
      0.044720967610677086,
      0.03600438435872396,
      0.028733571370442707,
      0.022759755452473957,
      0.017899831136067707,
      0.014012654622395834,
      0.010896046956380209,
      0.008375803629557291,
      0.006368001302083333,
      0.004762013753255208,
      0.0035654703776041665,
      0.0026537577311197915,
      0.0019734700520833335,
      0.0014699300130208333
    ],
    "v1_curve": [
      16.61154818082144,
      23.19269489130548,
      30.756993145986296,
      35.81601753692258,
      49.49098724513382,
      70.03000298023294,
      77.56162159586542,
      107.62310390311862,
      128.27247256584548,
      156.95030588605806,
      201.633032417473,
      234.42289405849064,
      279.2061533180226,
      342.52912833933436,
      397.9616311638987,
      479.9565322767199,
      537.3288624464899,
      602.4696682719923,
      675.4855829400589,
      753.6341464010369,
      829.3268755465419,
      918.9750002645007,
      983.1919656191799,
      1055.8065551043755,
      1142.1200440655937,
      1182.9430310335179,
      1248.697876451197,
      1273.911412611836,
      1301.6779352158817,
      1299.7486659669073,
      1297.417404375815,
      1316.1414930002006,
      1302.8434148175038,
      1248.1794779930656,
      1192.0416931298214,
      1128.0833355549917,
      1072.5879490480947,
      1009.7981299840709,
      908.9113761746157,
      851.195986786715,
      766.5600496563613,
      692.5746109946639,
      599.1715315588062,
      536.1042957461328,
      461.19979530581446,
      405.4433299528503,
      344.48880471829835,
      297.7685145934861,
      248.85344191509256,
      208.49023850462308,
      167.2478691732326,
      132.04045255608256,
      105.74564567797783,
      87.38559650969148,
      65.37154953864103,
      57.281409668376625,
      38.73842084351646,
      32.883537519603,
      24.46598379526634,
      18.59486692942991,
      12.873565081856556
    ]
  },
  "p_high": 0.5352323838080959,
  "p_high_mf": 0.6751624187906047,
  "p_low": 0.46526736631684157,
  "p_low_mf": 0.32533733133433285,
  "p_two_sided": 0.9305347326336831,
  "p_two_sided_mf": 0.6506746626686657,
  "provenance": {
    "dat_url": "GAUSSIAN_CONTROL_FROM: https://github.com/gradient-pulse/phi-mesh/releases/download/data-2026-02-15-planck-lensing-R3/planck_pr3_lensing_mv_dat_klm.fits",
    "mf_url": "GAUSSIAN_CONTROL_MF_ZERO_FROM: https://github.com/gradient-pulse/phi-mesh/releases/download/data-2026-02-15-planck-lensing-R3/planck_pr3_lensing_mv_mf_klm.fits"
  },
  "seed": 731,
  "surrogate": {
    "D0_mean": 0.0009506700122196108,
    "D0_std": 0.00042173842737586317,
    "D1_mean": 20.231541394274196,
    "D1_std": 2.4971926299407468,
    "D_mf_mean": 20.2315414209508,
    "D_mf_std": 2.4971926303674565,
    "v0_mean_curve": [
      0.998636838912962,
      0.9981172930399588,
      0.9974234606424972,
      0.9965071926116922,
      0.9953064416249593,
      0.9937519753774022,
      0.9917569999694826,
      0.9892224540710458,
      0.986036884943646,
      0.9820686518351227,
      0.9771753253936757,
      0.971202015558879,
      0.9639843285878498,
      0.9553486703236904,
      0.9451125564575203,
      0.9331076863606785,
      0.9191586138407413,
      0.9031272246042882,
      0.8848741645812973,
      0.8642995936075851,
      0.8413297271728519,
      0.8159507102966297,
      0.7881884028116863,
      0.7581110127766933,
      0.7258531449635818,
      0.691585331598918,
      0.6555701147715264,
      0.6180751253763825,
      0.5794426670074471,
      0.5400206298828121,
      0.5001833070119218,
      0.4603517125447584,
      0.420919251759847,
      0.38225536410013883,
      0.3447208461761478,
      0.30865970865885456,
      0.27436064211527544,
      0.24204646809895802,
      0.21191329956054647,
      0.18409447161356576,
      0.15866115061442052,
      0.1356471188863115,
      0.11503759129842098,
      0.09675491142272966,
      0.08069875144958508,
      0.06673879623413076,
      0.054720441818237216,
      0.04447882715861006,
      0.035844753901163734,
      0.028634543736775712,
      0.022672622680664032,
      0.01778935050964356,
      0.013835238138834662,
      0.010663995107014972,
      0.008144165039062496,
      0.0061653366088867175,
      0.004622584660847981,
      0.003434944152832036,
      0.002529328028360998,
      0.0018443495432535818,
      0.0013325309753417936
    ],